week,slot_number,recipe_nk,recipe_title,total_kcal,total_grammage,kcal_net_pantry,grammage_net_pantry
2026-W19,1,8d0a7446-dc40-4af5-a355-c762b47cb625,Quick Butter Chicken Masala,741.395793499044,581,634.885793499044,566.78
2026-W19,2,61c06433-dd35-4a7b-b4c1-41dea0d8e5b6,"Hoisin Beef, Pork and Mixed Veg Stir-Fry",708.4130019120458,352.5,708.4130019120458,352.5
2026-W19,3,de4f4055-d0c3-4fd7-9e92-71978b456af3,Banging Bangers and Garlic Mash,553.7762906309752,694,553.7762906309752,694
2026-W19,4,00a9cfe9-6082-46fc-9383-29ff7a3855eb,Teriyaki Sesame Glazed Chicken Thighs,674.9521988527724,607.5,674.9521988527724,607.5
2026-W19,5,d5870697-9a5d-452c-b3ad-18f722264773,Spiced Pork Pilaf and Mango Chutney,888.3843212237093,673.5,812.8143212237094,662.5
2026-W19,6,e14d5a48-c1fa-4940-ae49-572733794aa0,Sticky Sweet Chilli Halloumi Burger,1132.17017208413,701.5,1062.5501720841298,693.06
2026-W19,7,1ebae16d-67f3-4401-a377-3483dd60864b,Toss in the Teriyaki Chicken Tacos,759.321223709369,585.9,689.701223709369,577.4599999999999
2026-W19,8,52aa25b7-be76-4870-ab99-7ab7ecbfab01,Family Favourite Peanut Butternut Coconut Curry,857.0745697896749,812.5,857.0745697896749,812.5
2026-W19,9,c317bcda-b993-43f9-a968-ef86c13366a9,Indonesian Inspired Pork Skewers in Sambal Sauce,820.9847036328872,551.5,677.8747036328872,532.79
2026-W19,10,7c739cb6-93f9-400a-abb4-8e06e4d92db2,Ayam Goreng Style Fried Chicken,853.2504780114723,585.6,769.0704780114722,573.16
2026-W19,11,018cb833-e662-4cea-a376-984bf4dc53ea,Cơm Tấm Inspired Sweet Spiced Pork and Jasmine Rice,550.6692160611855,630,542.9292160611855,628
2026-W19,12,f311f158-18ae-4760-95d9-6c583987dc68,Lemongrass and Sambal Beef Larb Style Salad,592.4952198852773,483,526.7452198852773,475.56
2026-W19,13,71be17d3-c253-402a-813a-0382b5a2a8b0,"Warming Ginger, Cauliflower and Coconut Bowl",616.8738049713193,554.5,609.1338049713193,552.5
2026-W19,14,e6715e33-ab00-4e32-a90b-62b63bb939ed,Vietnamese Cà Ri Chay Inspired Butternut Noodles,637.4282982791586,709.8,637.4282982791586,709.8
2026-W19,15,48bad7c7-7af5-4b9f-abd3-076029a2bf0f,Sausage and Purple Sprouting Broccoli Tart,1332.4569789674952,581.4,1255.0969789674953,570.9599999999999
2026-W19,16,a4b6f947-67dc-48ef-b866-fcdef6a4e0dc,Persian Khoresh Rivas Style Lamb and Rhubarb Stew,695.5066921606118,464.7,590.0366921606118,451.26
2026-W19,17,7069d2af-f434-476b-ac58-69b966ac0fad,Thai Red Coconut Beef Meatball Curry,779.6367112810707,766.8,775.7667112810707,764.9699999999999
2026-W19,18,2dd0a3aa-eed3-40bc-aefa-fa6f135768c5,Peri Peri Chicken and Aioli Ciabatta Sandwich,1072.8967495219886,663.3,1003.2767495219886,654.8599999999999
2026-W19,19,1c21088c-ffd0-4997-9f17-03a498c99f3f,Purple Sprouting Broccoli & Spiced Butter Bean Bowl,682.8393881453154,602.8,613.2193881453154,594.3599999999999
2026-W19,20,204658b0-e707-4f5a-a273-eadbe6c59a18,"Spring Veg, Chickpea and Pickled Rhubarb Salad",819.0726577437858,687,679.8326577437858,670.12
2026-W19,21,50ab2b13-588f-45e8-881d-d80a24ea6bb2,Chả Cá Thăng Long Inspired Salmon,775.5736137667303,464.2,589.9336137667303,444.88
2026-W19,22,e3647e06-f193-4fc3-afdd-cb95bafa5436,Lemon and Herb Barramundi in Garlic Butter,547.3231357552581,633.3,443.75313575525814,618.8599999999999
2026-W19,23,aefa659d-484c-43c7-9c74-05a0171099e8,Fragrant Teriyaki Prawn Stir-Fry,442.6386233269598,390,380.7586233269598,383.56
2026-W19,24,1deb5100-3d5b-4d89-b199-dd36faef0353,Smoky Spiced King Prawn Spaghetti,593.6902485659656,473.8,550.1002485659656,466.8
2026-W19,25,be9c0092-0f4a-47f8-b8b9-6ec8cb8ecc58,Handmade Spiced Fish Cakes,766.9694072657743,640,674.1494072657742,629.6700000000001
2026-W19,26,7c33d8e3-0b78-4c5e-a65b-976412b64ee2,Scrub a Dub Beef Cottage Pie and Cheesy Mash,659.1778202676863,791.3,651.4378202676863,789.3
2026-W19,27,9515d61f-9bb7-4347-b507-f2e12f41c1a0,Super Quick Lemongrass Chicken Noodles,505.019120458891,387.5,505.019120458891,387.5
2026-W19,28,ecad0061-d709-4c17-b497-e1ffb0b66789,15 Minute Coronation Chicken,708.6520076481835,401.3,636.9520076481834,391.3
2026-W19,29,6b0b2b9e-67f1-43f3-85ee-48b586c6eb17,Super Quick Chermoula Spiced Beef and Couscous,722.9923518164436,518,651.2923518164436,508
2026-W19,30,79ed636e-a23b-42af-af20-d667bfb02f01,"Mommy's One Pot Sausage, Bean & Mushroom Cassoulet",598.7093690248565,517.4,590.9693690248565,515.4
2026-W19,31,c94b2c31-7505-4de3-beea-47ef339bb518,Cheesy Beef Mince Ragu,711.9980879541108,453.9,632.5580879541108,441.9
2026-W19,32,af2d8964-7a9a-4ecf-8ffc-1ad480fa39b4,Easy Spanish Style Chicken Traybake,753.3460803059273,615.4,753.3460803059273,615.4
2026-W19,33,5356a87c-ceb3-430c-a3c1-0c0ea61058db,Jerk Spiced Pork and Black Bean Bowl,832.9349904397706,690,797.0849904397705,685
2026-W19,34,931fb110-35f8-41e2-a054-46dcade287a6,21 Day Aged Rump Steak and Peri Peri Potatoes,617.1128107074569,651.8,617.1128107074569,651.8
2026-W19,35,3513016b-5db1-4129-89e2-cffb98c7d36d,Speedy Spicy Cajun Chicken Macaroni,791.586998087954,469.3,791.586998087954,469.3
2026-W19,36,3d0a9915-050f-4801-a9bf-f1c359053f3f,Moroccan Style Lamb and Couscous,660.3728489483748,588.5,660.3728489483748,588.5
2026-W19,37,ec2ea09d-631b-4c31-ab27-71e2201776cb,Speedy Lamb and Mushroom Spag Bol,691.2045889101338,605,691.2045889101338,605
2026-W19,38,238b2fc5-5274-4b4c-853d-7ea017d44991,Chermoula Chicken Loaded Naan,1088.432122370937,551.8,1022.6821223709369,544.3599999999999
2026-W19,39,685fe933-2144-4b2b-810f-5b16f8437f57,Weeknight Fragrant Hoisin Pork Noodles,791.1089866156788,480,791.1089866156788,480
2026-W19,40,cf3b67d5-1b54-4482-9791-36cae2415412,Pronto Bacon and Mushroom Linguine,707.6959847036328,432.9,707.6959847036328,432.9
2026-W19,41,46413378-8a9d-42f3-8fbe-fcb8e558f6c7,Quick Peri Peri Chicken Couscous Bowl,695.0286806883365,586.8,615.5886806883366,574.8
2026-W19,42,52531078-b500-478d-ac68-d6f6c9154a03,Italian Inspired Butter Bean Cassoulet,590.8221797323135,578.9,511.38217973231355,566.9
2026-W19,43,4a492aed-6bd6-4634-8010-66b64df6084c,Spiced Roasted Cauliflower on Zhoug Couscous,538.9579349904398,487.5,538.9579349904398,487.5
2026-W19,44,a43c2f4e-e4c5-431b-8a5e-7ab09e9e4b47,Speedy Creamy Brazilian Style Chickpeas,763.3843212237093,743.8,763.3843212237093,743.8
2026-W19,45,56a98f0a-3980-4a82-9fce-b73585b0fef3,Arrabbiata Style Pumpkin and Sage Girasoli,602.055449330784,415.4,522.615449330784,403.4
2026-W19,46,4b6d571f-0c3f-4476-87b9-d3ddd2fbfc45,Quick Creamy Truffle and Mushroom Rigatoni,674.9521988527724,383.5,674.9521988527724,383.5
2026-W19,47,a8a36847-e2b4-49c0-9e61-4d4ed8faaca9,Sweet Potato Pasanda Spiced Curry,1000.2390057361376,728.8,928.5390057361376,718.8
2026-W19,48,c7caa499-987c-4867-873a-c20dbfa37746,Hot and Spicy Halloumi and Chilli-Tomato Relish,873.3269598470363,641,795.9669598470363,630.56
2026-W19,49,c169b318-a74a-444f-9092-4018a69d78c9,Charred Cabbage and Thai Style Nam Jim Dressing,685.9464627151051,605.8,554.4464627151051,590.92
2026-W19,50,76f22fb7-b409-4775-896b-fd9ccf2faf2b,Singapore Style Crispy Tofu & Black Pepper Noodles,633.8432122370937,488.8,581.5532122370937,477.55
2026-W19,51,c88359ee-3b68-475e-842a-48053f31dd89,Spanakopita Inspired Sigara Böreği,1026.7686424474186,568.3,957.1486424474186,559.8599999999999
2026-W19,52,ae15b3dd-31fe-4aef-b76a-0a0b4b178885,Quick Roasted Broccoli Blue Cheese Salad,458.65200764818354,501,396.77200764818355,494.56
2026-W19,53,4dade5f6-84d7-4c91-9214-90dad32034af,Hearty Double Mushroom Bourguignon,490.2007648183556,657.3,400.0707648183556,642.3
2026-W19,54,4ed589f7-2775-4076-91e8-dcb5533589bc,Crispy Serrano Caprese Bruschetta,483.0305927342256,416,412.5505927342256,407.34
2026-W19,55,54196650-07c1-483c-bb30-5c29563a8a55,Middle Eastern Style Lamb Meatballs in Cherry Sauce,569.3116634799235,574.3,569.3116634799235,573.63
2026-W19,56,c5eff96f-059b-4c13-9c7c-ed573adb2c7c,One Pot Ginger and Lime Chicken Noodle Soup,523.6615678776291,653.2,523.6615678776291,653.2
2026-W19,57,62c386bf-4229-4f8f-9b7f-98c5a18d1f57,Clean Plate Chicken Schnitzel & Miso Butter Sauce,660.3728489483748,659.9,588.6728489483747,648.9399999999999
2026-W19,58,618100f7-1ca3-46a3-b709-d8cc92e8ecdc,Chermoula Spiced Chicken in Smoky Sauce,648.1835564053537,658,596.4035564053537,650.78
2026-W19,59,c80741ee-c386-4a86-af23-a12fb69b9e14,Fragrant Ginger Beef Noodle Stir-Fry,595.3632887189292,395.3,595.3632887189292,395.3
2026-W19,60,f6e77ffd-a159-4deb-9796-46dea7a94d90,Thai Green Style Chicken Curry,609.4646271510516,434.2,605.5946271510516,433.2
2026-W19,61,39c8095d-0028-4ea0-9aae-691a8c3bed16,Peri Peri Spiced Tuna Fish Cakes,610.1816443594646,682.5,581.0616443594646,673.67
2026-W19,62,207c7b72-7c9e-495c-a4d8-6752991ddae2,Lemon & Herb Crusted Basa and Chive Butter Sauce,609.7036328871893,617,437.3836328871893,595.4024
2026-W19,63,9a09df2f-e503-4aff-971c-e031fb79972a,Teriyaki Duck Rice Bowl,826.7208413001912,673,818.9808413001912,671
2026-W19,64,2b24ef0c-73a3-4dd4-8f35-68a8033c85a9,Bavarian Style Pork Belly and Homemade Apple Sauce,588.6711281070745,828.4,580.9311281070745,826.4
2026-W19,65,1044aec8-19ad-4cc1-b6a5-2189098d901f,Peri Peri Chicken Burger and Wedges,1147.4665391969406,721.3,1147.4665391969406,721.3
2026-W19,66,bf2f7ac6-24d9-4f41-89bc-5021932cc641,Herby Creamy Tomato Chicken Penne,697.8967495219885,495.4,694.0267495219884,494.4
2026-W19,67,bad455f9-5ce4-4f82-b9a3-d68b8de4d58b,Sticky Honey Indonesian Style Beef Rice Bowl,610.6596558317399,409.3,610.6596558317399,409.3
2026-W19,68,c5858312-79ad-44a1-919b-12f182abb6f2,Tex-Mex Style Pork Mince Tacos,942.6386233269598,542.8,876.8886233269598,535.3599999999999
2026-W19,69,d9466463-b6c3-4580-b87c-41c8d5d94d58,Chermoula Lamb Koftas and Balsamic Fig Sauce,563.0975143403441,526.3,501.2175143403441,519.0299999999999
2026-W19,70,dd2d0e57-968c-4e83-8189-3cbc44bd71b4,Speedy Chipotle Bean Chilli,750,667.5,678.3,657.5
2026-W19,71,dc07c551-ac07-46ef-8056-e023726f4065,Presto Pesto Pea Rigatoni,766.491395793499,418.5,762.621395793499,417.5
2026-W19,72,c2f50297-d889-4211-a570-58fd9a662b8a,Easy Pulled Beef Ragu and Fresh Tagliatelle,1080.0669216061185,683.5,1000.6269216061185,671.5
2026-W19,73,80546957-5597-49e4-a50b-769e70274243,21 Day Aged Sirloin Steak and Cheesy Rosemary Chips,698.6137667304015,530.5,626.9137667304014,520.5
2026-W19,74,2fe8c54e-6019-4503-a143-c5b51c2539ec,Seared Sea Bream on Orkney Crab and Tomato Risotto,1089.3881453154875,831.5,955.8081453154874,815.06
2026-W19,75,bdebbc19-9497-4d35-9244-0fd7ddf2d8f6,Sweet Chilli Beef and Pickled Cucumber Bao,748.8049713193117,634.3,744.5049713193117,633.1899999999999
2026-W19,76,a11386c6-4dab-41a5-a7f9-5be4d4414e00,Chinese BBQ Style Ribs & Hoisin King Prawn Fried Rice,979.4455066921606,694,967.8355066921606,691
2026-W19,77,bd45bc8f-5a77-436e-9765-cf7460caa05c,Lamb Steak in Garlic Butter Sauce,861.8546845124283,729,758.2846845124284,714.56
2026-W19,78,24e4b38c-3b88-4038-9ecf-d3fa99a4ca6e,Vietnamese Style Tamarind Glazed Duck Bánh Mì,1110.6596558317399,755,1102.9196558317399,753
2026-W19,79,4ab303d9-8b9f-4bee-adb1-525de4b80f31,Parmigiano Reggiano Crumbed Chicken Schnitzel,725.8604206500955,682.5,725.8604206500955,682.5
2026-W19,80,40e4ffc1-2774-4dad-b755-4b12880f28bb,Ultimate Matar Saag Paneer and Garlic Naan,1615.2007648183555,790.5,1451.5307648183555,769.7324
2026-W20,1,fa1b0276-479a-4501-92d5-4b4c86799224,Chicken in Creamy Peppercorn Sauce,563.5755258126195,723.3,561.4855258126195,722.4699999999999
2026-W20,2,f7af7d22-465c-45ff-84ca-5bc7b7db89cc,Korean Style Gochujang Beef and Pork Bibimbap,711.2810707456979,587,707.4110707456979,586
2026-W20,3,fa4946f2-f36e-4c4e-90d1-9f990e579c07,Presto Bacon and Mushroom Linguine,698.1357552581262,352.5,698.1357552581262,352.5
2026-W20,4,2a53c4f5-d606-4601-b189-561bd12242d7,Comforting Coronation Chicken Curry,678.7762906309752,626.5,678.7762906309752,626.5
2026-W20,5,4c3d7a56-1381-432b-a25b-dfbc6a5eec28,Honey Mustard Sausages and Creamy Potato Gratin,867.8298279158699,889,867.8298279158699,889
2026-W20,6,f8f3f1ea-948e-423b-9503-c77ca28bee56,Pronto Pesto Pasta Verde,888.3843212237093,410.3,888.3843212237093,410.3
2026-W20,7,5ecbf6cf-ae0e-493d-9242-78286a82c86f,Smoky BBQ Pulled Chicken Buns,968.6902485659656,687.9,968.6902485659656,687.9
2026-W20,8,8a0531d8-07e3-4c78-8dd5-05c06c901299,Family Favourite Honey-Soy Crispy Chicken,623.3269598470363,588,537.0669598470363,574
2026-W20,9,d64c6397-c001-4663-833b-8ddc01d1f54e,Fast Fragrant Vietnamese Style Chicken Salad,630.0191204588909,435,498.51912045889094,420.12
2026-W20,10,03bda50a-cf7b-4e28-9c7a-10793a3f59cb,Thai Style Spiced Chicken and Satay Sauce,920.889101338432,601,907.559101338432,597.56
2026-W20,11,1d76fe78-52c4-43ba-994d-906f4148b3a5,Quick Indonesian Inspired Pork Noodles,714.8661567877629,406.8,714.8661567877629,406.8
2026-W20,12,d0519423-8772-4ff5-8a7a-f098f1cf48be,Fragrant Sach Ko Ang Inspired Beef Kofta Baguette,865.9177820267686,445.5,858.1777820267686,443.5
2026-W20,13,8aae4144-1b23-4e3b-b62a-2b7a184cacad,Indonesian Gado Gado Inspired Salad,626.6730401529636,619.5,557.0530401529636,610.2299999999999
2026-W20,14,429be7d7-44f6-480e-a1a4-9cdfd48b4a94,South East Asian Inspired Chickpea Curry,957.6959847036328,790.2,949.9559847036328,788.2
2026-W20,15,801a4a0b-8ac8-4eae-bfe7-e1937f02dc1c,Pork Steak and Sweet & Sour Ginger Rhubarb Sauce,592.2562141491395,548.5,512.8162141491396,536.5
2026-W20,16,7d60dd25-96dd-4bd9-b660-e95b1f99ba92,Purple Sprouting Broccoli and Chorizo Jam Rigatoni,765.2963671128107,562.5,693.5963671128106,552.5
2026-W20,17,b2063102-c966-4d52-b473-0acfa9ba2cea,Sticky Thai Style Pork Rice Bowl,709.1300191204589,524.5,709.1300191204589,524.5
2026-W20,18,6dabbd8a-8d36-4672-b228-5eeb16814f96,Peri Peri Spiced Chorizo and Chickpea Traybake,665.8699808795411,747.3,665.8699808795411,747.3
2026-W20,19,2ce2a05a-0f67-4de4-a3a8-36e9032d87d7,"Sour Rhubarb, Cinnamon and Lentil Curry",811.9024856596558,902.5,732.4624856596558,890.5
2026-W20,20,49735729-bfb0-4d20-8c33-cf5c8b689670,Purple Sprouting Broccoli and Courgette Risotto,662.7629063097514,727.8,591.0629063097514,717.8
2026-W20,21,aeec16ce-ea2f-4305-8141-6b6ec5bf0d77,Caribbean Style Spiced Salmon,631.453154875717,499.8,499.953154875717,484.92
2026-W20,22,0fb560f4-708f-4592-9db6-7c586c859da8,German Inspired Haddock in Mustard Cream Sauce,556.4053537284894,509.5,521.5953537284895,505.28
2026-W20,23,67e98b3c-f8e0-4270-9a67-1c5612b508a3,Traybake Prawn and Pepper Fajitas,666.8260038240918,565.5,666.8260038240918,565.5
2026-W20,24,228d6ff2-b9b0-4765-bb30-0fab0ea7c18e,Peanut and Prawn Noodle Stir-Fry,492.82982791586994,451,492.82982791586994,451
2026-W20,25,18096bff-f90b-4d69-8d81-5919fddd6b84,"Lemon, Parsley and White Wine Moules Frites",643.4034416826004,659.3,573.7834416826004,650.8599999999999
2026-W20,26,ba76ef6a-32d1-4db8-870e-291a1e35b76d,Cheesy Piggy Pie and Peas,826.0038240917781,833.5,818.2638240917781,831.5
2026-W20,27,57ed0a82-ab8a-4b3b-88f4-c37be5e81334,One Pan Gochujang Beef Udon,497.6099426386233,460,497.6099426386233,460
2026-W20,28,2c3dfa21-c7d7-4766-9836-99ae727bda1a,15 Minute Fragrant Peanut Chicken Curry,706.9789674952199,476.1,703.1089674952199,475.1
2026-W20,29,d5aa03b4-7fdd-4294-8986-5caf9c093069,Super Quick Chorizo and Bean Stew,536.8068833652007,510.9,536.8068833652007,510.9
2026-W20,30,d6df09a6-728b-4a3e-9fa4-1d01721f9ab1,'Nduja and Red Pepper Ravioli Arrabbiata,650.8126195028681,388.8,575.2426195028681,377.8
2026-W20,31,4c264efc-3da1-4150-85a1-12fb6321fe42,"Sausage, Sage and Butternut Rigatoni",981.8355640535373,511.3,981.8355640535373,511.3
2026-W20,32,babdf5cb-f2a1-4f1d-a9a8-2b57d4fd567c,Fuss-Free Tandoori Inspired Chicken Traybake,776.0516252390057,691,736.5216252390057,686.8876
2026-W20,33,d9ffbdb4-295f-43a0-a83c-0e4ab3cae42a,Pesto Chicken Traybake and Garlic Rice,665.3919694072657,560.4,593.6919694072657,550.4
2026-W20,34,c6675739-c77a-431e-b7ca-b131091a8ff1,21 Day Aged Rump Steak and Oregano Roast Potatoes,600.3824091778203,570.8,530.7624091778202,562.3599999999999
2026-W20,35,6b32be29-486c-4a2a-82f1-ea9ae3c8bd4d,"Super Quick Spaghetti, Beef and Mushroom Ragu",704.1108986615678,419.9,696.3708986615678,417.9
2026-W20,36,a07be9ce-ef41-4875-963c-f6e4b9f92e1f,Squeaky Clean Up Lamb Tagine,741.395793499044,578.5,681.755793499044,569.72
2026-W20,37,eb80356a-2bc1-4aa9-afda-686b2842048f,Peri Peri Chicken Fajita Style Tacos,761.2332695984703,460.3,761.2332695984703,460.3
2026-W20,38,0dc9b418-224b-4922-a82b-ea8d375ef710,Easy Peasy Teriyaki Sambal Chicken,548.2791586998088,436.8,548.2791586998088,436.8
2026-W20,39,dbbfa7dc-7d8c-4333-b870-3027aa906f4d,Spring Clean Up Cajun Spiced Chorizo and Leek Orzo,775.3346080305927,419.3,775.3346080305927,419.3
2026-W20,40,82dba068-9448-467d-b573-c9ca3e8c16c9,Speedy Beef and Red Wine Open Pie,559.2734225621415,589.5,551.5334225621415,587.5
2026-W20,41,646fb001-368c-4dfe-80fb-92e4b37ee439,Roasted Chicken Thighs and Cheesy Leek Sauce,775.095602294455,627.9,775.095602294455,627.9
2026-W20,42,2297302b-8e2c-4513-bde0-fde8b573865b,Cheesy Harissa Fritter Burger and Chips,951.4818355640535,819.8,804.8418355640536,789.3
2026-W20,43,3ab575c4-a15b-4713-aa95-e424d1ae9219,Rich and Creamy Veggie 'Nduja Tortelloni,636.472275334608,432.5,636.472275334608,432.5
2026-W20,44,0a721d64-ed16-480f-8b17-371c72bdb054,Yi Mein Inspired Longevity Noodles,502.151051625239,355.5,403.931051625239,345.2788
2026-W20,45,80bfe8f3-8c0d-42d1-9e76-6127680415b4,Veggie Peanut Noodle Stir-Fry,547.5621414913958,364.5,539.8221414913958,362.5
2026-W20,46,a8ebd4e9-a2ee-4301-9527-5bd4214caf1e,Hearty Lentil and Mushroom Cottage Pie,714.3881453154876,731.4,599.0981453154876,714.4
2026-W20,47,c2ff355d-1f64-4bbe-b713-c399f8bf1267,Butternut Squash Masala,742.1128107074569,877.5,742.1128107074569,877.5
2026-W20,48,61a5e74e-1cc5-4af6-ae4a-ba2aa1d62c07,Glazed Halloumi and Gochujang Coconut Curry,881.453154875717,474.5,872.853154875717,472.28
2026-W20,49,8525d369-0931-4775-be7d-3fff6beaaf7f,Cheesy Veggie Mince Quesadillas,910.3728489483748,610.4,840.7528489483748,601.9599999999999
2026-W20,50,b9a9a943-4fb4-43a9-be15-78b62d08242e,"Coconut, Ginger and Lemongrass Tofu Bowl",752.151051625239,567,672.711051625239,555
2026-W20,51,2d78b8ce-6033-4f5e-ba48-cab9cd9411cc,Chermoula Spiced Butter Bean Salad,560.7074569789675,481.5,429.20745697896746,466.62
2026-W20,52,cc814112-9f35-4738-9c34-74750b86e119,Honey Mustard Roasted Radish Gyros Style Flatbreads,579.8279158699809,530,579.8279158699809,530
2026-W20,53,b86d2026-165d-41c1-9633-7aa4c7031e22,Smoky Ratatouille Stuffed Courgette,490.91778202676863,745.3,447.32778202676866,738.3
2026-W20,54,93071fa9-8cf2-461f-9087-548f0622d67b,"Wham, Bam, One Pan Hoisin Pork Udon",588.6711281070745,410.5,588.6711281070745,410.5
2026-W20,55,75d38fd7-8fa4-42ff-bbee-049e9d996237,Homemade Lamb Keema Pau,644.359464627151,526,636.619464627151,524
2026-W20,56,a65b37b6-be50-44e3-8c28-1049172436a7,Chicken Gyros Inspired Bulgur Bowl,652.246653919694,537,518.666653919694,520.56
2026-W20,57,a57912dd-35f6-46d7-8776-22e1caeee3a8,Peri Peri Honey and Lime Chicken Skewers,544.9330783938815,557.8,479.1830783938815,550.3599999999999
2026-W20,58,16c74f0f-a24e-4f22-a11a-7b4bd94f4930,Thyme Roasted Chicken Breast and Gravy,711.7590822179732,968.3,575.0890822179732,945.3
2026-W20,59,26546a13-018f-44fc-92a8-5e4136bc9cc8,Classic Lamb Shepherd's Pie,533.4608030592734,633,529.5908030592734,632
2026-W20,60,871a72aa-5046-4ac9-8dee-f883588cfbd5,Scrub Club Coconut Chicken Curry,635.755258126195,593,628.015258126195,591
2026-W20,61,56edda3d-ea97-4514-a016-9d182dd1cdc4,North Indian Inspired Lamb Koftas and Mint Yoghurt,599.4263862332696,544.8,529.8063862332696,535.5299999999999
2026-W20,62,9c865caf-f4a4-4be5-b90f-255bc0faa7f3,Soy Barramundi and Garlic Rice,610.8986615678776,676.3,531.4586615678777,664.3
2026-W20,63,31167c6a-c3cb-4480-afbb-74049ad0b154,Honey Gochujang Pulled Chicken Rice Bowl,704.3499043977055,513.5,704.3499043977055,513.5
2026-W20,64,9aabf817-4629-40cd-9f93-79a019694037,Chipotle Ribs and Loaded Cheese Smashed Potatoes,934.0344168260037,720,903.0944168260037,716.78
2026-W20,65,b40ba53e-50cf-4be2-9f51-bec57ab89819,Peri Peri Chicken Burger and Wedges,1056.4053537284894,656.3,1056.4053537284894,656.3
2026-W20,66,73617b18-1061-4cc0-87d6-5a1ac0075631,Herby Creamy Tomato Chicken Penne,697.8967495219885,495.4,694.0267495219884,494.4
2026-W20,67,5c730de6-de67-483f-850c-90b5cb334825,Sticky Honey Indonesian Style Beef Rice Bowl,619.2638623326959,371.8,619.2638623326959,371.8
2026-W20,68,f87b11f2-7d6b-4b5e-aff2-ac8622069a91,Tex-Mex Style Pork Mince Tacos,942.6386233269598,542.8,876.8886233269598,535.3599999999999
2026-W20,69,c9f55a1a-4f6a-4e54-8708-8de2e20c58d0,Chermoula Lamb Koftas and Balsamic Fig Sauce,563.0975143403441,526.3,501.2175143403441,519.0299999999999
2026-W20,70,b6eb17e4-7c97-4bdd-8f76-9eb9b4de293f,Speedy Chipotle Bean Chilli,750,667.5,678.3,657.5
2026-W20,71,46e5f63e-bd1e-404c-addd-268daed9aa30,Presto Pesto Pea Rigatoni,766.491395793499,418.5,762.621395793499,417.5
2026-W20,72,7eb4ef55-a5bf-4a03-81ff-f03deada5276,Teriyaki Glazed Salmon on Fragrant Coriander Rice,1324.569789674952,799,1164.4697896749522,779.8
2026-W20,73,50f542ab-e06e-4b89-a2aa-5b4ba41c31ff,Smoky Creamy Chipotle Pulled Pork Tagliatelle,1583.6520076481836,785,1575.9120076481836,783
2026-W20,74,777eac62-2003-4a9d-8515-ae3843f6944b,Rosemary Roast Lamb and Red Wine Jus,1090.3441682600383,1216.3,919.1341682600382,1187.59
2026-W20,75,0e3abab2-1884-49b4-b83a-c183de510b2e,21 Day Aged Sirloin Steak and Creamy Tarragon Sauce,809.5124282982791,601.6,809.5124282982791,601.6
2026-W20,76,caa3a34a-f523-4d63-b1ef-fd165766b7ff,Herby Lamb Steak and Garlic Butter,586.2810707456979,525.5,482.7110707456979,511.06
2026-W20,77,e47d660a-f733-4d88-a5b4-a048db36f872,Mussel & King Prawn Tagliatelle and Garlic Baguette,1125,761.8,1125,761.8
2026-W20,78,5d1c621c-4b8e-4832-89ee-6a3bfc6c9692,Crispy Cajun Spiced Chicken and Bacon Burger,1392.4474187380497,818.5,1392.4474187380497,817.67
2026-W20,79,1b7641c6-9c98-427f-9f51-86d0cadba22d,Ultimate Butter Chicken and Garlic-Coriander Naan,1282.982791586998,805.3,1141.662791586998,786.8599999999999
2026-W20,80,7b3406a2-4777-4401-bf3f-72c46a19782f,Glazed Halloumi and Jewelled Pearl Couscous Salad,1381.6921606118547,819.5,1254.0621606118548,805.62
2026-W21,1,39aabc65-24f1-4297-93e4-0a52f3dc37cb,Speedy Chipotle Chicken Penne,733.7476099426386,523.5,654.3076099426387,511.5
2026-W21,2,5081bde3-4298-4a8a-a766-91a540c1a0e1,Hachis Parmentier,684.0344168260038,635.5,676.2944168260038,633.5
2026-W21,3,af1a6243-be39-489d-801c-30799d7f0823,Family Favourite Pork and Apple Burger,899.1395793499044,507.1,899.1395793499044,506.27000000000004
2026-W21,4,05a5e320-41be-4a20-a88c-57bd433ed85d,Easy Chicken à la Normande,988.2887189292543,720.5,843.8787189292543,695.5
2026-W21,5,4edb6ace-9bf9-45c2-928c-e495adab22c4,Honey Mustard Sausage Traybake,739.244741873805,727.5,667.5447418738049,717.5
2026-W21,6,e0b00d47-7b95-4abe-b6f8-c3a61b7be462,Roasted Vegetable Lasagne,703.6328871892925,602.3,695.8928871892925,600.3
2026-W21,7,6d0e9cac-a37c-42ff-9138-e910985d5cdd,Chorizo Crusted Baked Penne,966.5391969407266,454.9,883.6291969407266,442.68
2026-W21,8,c65a29f5-95a0-43ba-96ce-e29a6de57114,Family Favourite Hoisin Beef Noodle Stir-Fry,655.1147227533461,458.8,655.1147227533461,458.8
2026-W21,9,1b279616-ba4d-4c6f-aa71-2b8d2caadbfa,Indonesian Inspired Pork Skewers in Sambal Sauce,820.9847036328872,551.5,677.8747036328872,532.79
2026-W21,10,09701bbe-d69d-4bdb-8335-09318b8088a5,Ayam Goreng Style Fried Chicken,853.2504780114723,585.6,769.0704780114722,573.16
2026-W21,11,d2e02770-81a2-412c-b36a-90ba56fdc5ef,Cơm Tấm Inspired Sweet Spiced Pork and Jasmine Rice,550.6692160611855,629.8,542.9292160611855,627.8
2026-W21,12,8f2491ce-e6ec-4d54-80ec-af4fa23ffa77,Lemongrass and Sambal Beef Larb Style Salad,592.4952198852773,483,526.7452198852773,475.56
2026-W21,13,dd4d3654-2856-48d3-9a5d-151e2b39423c,Fajita Flavours Spinach & Ricotta Tortelloni,843.9292543021032,458.5,712.4292543021032,443.62
2026-W21,14,e4d2162d-f8c2-42a2-8eb7-1a67612bfc37,Vietnamese Cà Ri Chay Inspired Butternut Noodles,637.4282982791586,709.8,637.4282982791586,709.8
2026-W21,15,5087eeb0-16ac-464c-9e62-f9b295a86a58,Chorizo and Purple Sprouting Broccoli Lentil Bowl,669.4550669216061,680.5,661.7150669216061,678.5
2026-W21,16,218d2a4d-e718-4674-96fd-9a9b0f87d515,Crispy Chicken and Herby Jersey Royal Potato Salad,668.738049713193,588,599.118049713193,579.56
2026-W21,17,6c9d7d15-c0e6-4e78-8090-82e6f03fadc8,Thai Red Coconut Beef Meatball Curry,780.831739961759,766.8,776.961739961759,764.9699999999999
2026-W21,18,d05f2420-40ac-40d5-a8a1-3be36168a3a9,Pan-Fried Gammon and Charred Pineapple Rings,629.7801147227533,652.5,558.0801147227533,642.5
2026-W21,19,ba8522c4-ca3b-4eb1-83fb-f5fe161a2dce,Purple Sprouting Broccoli & Spiced Bean Bowl,673.0401529636711,597.8,603.4201529636711,589.3599999999999
2026-W21,20,5bd29602-eacf-4965-899e-77869ea2b182,"Spring Veg, Chickpea and Pickled Rhubarb Salad",819.0726577437858,687,679.8326577437858,670.12
2026-W21,21,11ef0c55-aa5a-4ed7-acb5-131566676264,Chả Cá Thăng Long Inspired Salmon,763.623326959847,464.2,577.983326959847,444.88
2026-W21,22,b668243c-bc50-46a7-9de2-3bd430d5cd83,Belgian Style Haddock in Caper Meunière Sauce,625.7170172084129,523,408.82701720841294,493.56
2026-W21,23,ff44e9a6-b0d4-40d4-8120-596b41bdc94b,Chipotle-Mango Prawn Bulgur Bowl,503.585086042065,588.8,503.585086042065,588.8
2026-W21,24,ced3b400-1f44-48ee-b751-9d5f1deebc84,Thai Style Coconut Prawn Noodle Soup,561.6634799235181,522,553.9234799235181,520
2026-W21,25,6fa5de58-dd1d-4db7-b458-c7196f6c9ed7,Homemade Cheesy Fishcakes,761.7112810707457,549.8,620.3912810707457,530.5299999999999
2026-W21,26,aefd0edf-90f6-405c-a1c4-cc7fbd073c48,"Sausage & Apple Meatballs, Mash and Gravy",700.7648183556405,689,686.2048183556406,685
2026-W21,27,28bb751a-2e62-4cd0-9968-e9386fa14305,Easy Peasy Greek Style Chicken Bowl,1111.6156787762907,579.5,1111.6156787762907,579.5
2026-W21,28,324c6859-20eb-4ef4-9e65-80fbaf6baccd,15 Minute Thai Green Style Chicken Curry,634.0822179732313,433.2,634.0822179732313,433.2
2026-W21,29,8a3b98c4-3f11-4238-a2c4-e4816ac27a0c,Super Quick Chorizo and Tomato Spaghetti,705.3059273422562,316.3,701.0059273422562,315.19
2026-W21,30,ab03d2e1-c0ae-4da2-849b-e11e3c15cfc4,Speedy Sausage Linguine,863.2887189292543,537.5,863.2887189292543,537.5
2026-W21,31,c40aabb6-0640-448f-9a60-7c8b5f2f9dd7,Honey Glazed Sausage Bake and Bravas Inspired Sauce,706.0229445506692,663.9,706.0229445506692,663.9
2026-W21,32,eeed2d56-fff6-4ecd-8ae6-74d7f439043d,Fuss-Free Cheesy Marinara Chicken Bake,539.1969407265774,561.4,539.1969407265774,561.4
2026-W21,33,babcf065-6162-442d-bfd2-f6af3065ae2f,Fuss-Free Teriyaki Chicken Traybake,597.753346080306,515.2,597.753346080306,515.2
2026-W21,34,57b78c52-8db8-4b3d-9e5c-54b05c118783,21 Day Aged Rump Steak and Caesar Style Salad,525.5736137667304,485.8,525.5736137667304,485.8
2026-W21,35,c761327c-7ec7-43d0-a53a-f2bd9b776296,"Quick Chicken, Pea and Spinach Korma",820.2676864244742,468.5,726.2176864244742,456.1724
2026-W21,36,e5cd6a7f-6d0a-4e4f-adb0-21ceae00ec8a,Chermoula Chicken and Sour Cherry Cabbage Bulgur,872.131931166348,557.5,872.131931166348,557.5
2026-W21,37,b1e4e436-636f-4166-a488-6cdff0973894,Dry Laksa Goreng Style Chicken Noodles,975.3824091778203,577,967.6424091778202,575
2026-W21,38,1df448a7-7357-47f9-a84a-0589d83ebc62,Quick Hot Honey Peri Peri Chicken and Pepper Tacos,939.7705544933078,619.7,759.1605544933078,596.4324
2026-W21,39,626c12c6-9f3d-444d-b690-2ceab8c4ab98,Speedy Porky Penne,871.1759082217973,578.9,863.4359082217973,576.9
2026-W21,40,efb5af87-0966-4649-8ca7-f507dd84683e,"Lamb, Sweet Potato and Lentil Rogan Josh",858.9866156787763,610.8,779.5466156787763,598.8
2026-W21,41,dba884ae-6a66-4a3d-abd0-da6a5fb8b38a,Quick Brazilian Style Roast Chicken and Chickpeas,785.8508604206501,788.3,706.4108604206501,776.3
2026-W21,42,2df0254c-cb56-4543-92f3-4e8a6b82a2d6,"Mozzarella, Charred Courgette and Tomato Pizza",1131.453154875717,807.4,1131.453154875717,807.4
2026-W21,43,fd588a1c-5666-41a8-bf74-c95685c25ffe,Mumbai Chilli Cheese Inspired Toastie,816.9216061185468,476,745.2216061185468,466
2026-W21,44,7165e919-fd7a-467e-bf1a-3c46ea27bdf3,One Pot Creamy Leek and Bean Pesto Soup,753.1070745697897,579.3,683.4870745697897,570.8599999999999
2026-W21,45,acac3693-3f59-4749-b838-952552ff50b8,Spicy Cajun Tomato & Super Greens Rigatoni,705.5449330783939,390.7,626.104933078394,378.7
2026-W21,46,6da88353-98fe-4d81-adbf-9c58cf0b09aa,Creamy Chickpea Korma,892.208413001912,532.5,892.208413001912,532.5
2026-W21,47,44afedff-2200-4fc2-a90a-4ca350fae020,Chipotle Lentil and Mushroom Enchiladas,750.2390057361376,502,666.9290057361377,489
2026-W21,48,3e644899-e6d1-4cca-8489-00ee4719e95e,Pan-Fried Halloumi and Pesto Drizzle,707.6959847036328,599,707.6959847036328,599
2026-W21,49,031b140c-bad8-4049-bda2-7c3be3c7f07f,Charred Cabbage and Thai Style Nam Jim Dressing,685.9464627151051,605.8,554.4464627151051,590.92
2026-W21,50,f5bd9f97-45d4-4ec7-bff8-02517e412216,"Spiced Tofu, Sweet Potato and Avocado Salad",803.0592734225621,660.8,718.8792734225622,648.3599999999999
2026-W21,51,4aa4596d-f044-47ea-bc13-149798fcb2ad,Pumpkin and Sage Girasoli in Veggie 'Nduja Sauce,520.3154875717017,427,512.5754875717017,425
2026-W21,52,7b642d5c-3c06-41b9-a919-0cc5586d7304,Mozzarella and Roasted Butternut Squash Panzanella,601.3384321223709,598.4,473.27843212237093,584.41
2026-W21,53,4ef411bf-e76b-4fad-94d1-727e9bf08a88,Hearty Ratatouille Inspired Orzo,608.0305927342256,704.2,600.2905927342256,702.2
2026-W21,54,bb3b7592-fc41-47ca-bab1-5db1bccfd25e,Speedy Spiced Chicken Udon,503.34608030592733,464.3,431.64608030592734,454.3
2026-W21,55,6dd32462-f5ff-4bf2-9fdc-67ebb454d8f7,Creamy Spiced Lentil and Chicken Curry,571.7017208413001,525,571.7017208413001,525
2026-W21,56,2d9f81f1-c445-4dd3-af22-f6b6c0e08509,Speedy Italian Style Pesto Chicken,546.6061185468451,594.5,467.1661185468451,582.5
2026-W21,57,5a67a7b0-1e14-44d8-aa34-866e716aae08,Crispy Chicken Thai Green Style Caesar Salad,590.3441682600383,465,528.4641682600383,457.73
2026-W21,58,cd921d67-d63f-4752-bba3-4bbb99eaebde,Family Favourite Thyme Roasted Chicken,560.4684512428298,709.8,560.4684512428298,709.8
2026-W21,59,dec8fd3c-950a-4a16-9c6c-6666907260cd,Beef and Beany Quesadillas,573.8527724665391,414,569.9827724665391,413
2026-W21,60,41ae9d08-abee-4308-b16f-48652cba0380,"Bacon, Bean and Red Wine Cassoulet",568.5946462715104,661,489.15464627151044,649
2026-W21,61,c635a56e-3919-43d7-b59d-a21bb6c6dd4b,Tandoori Chicken Traybake,550.4302103250478,546.3,550.4302103250478,546.3
2026-W21,62,85fffe39-ce97-409a-b745-25aa816c641c,Basa and Sweet Onion Green Tikka Masala,650.8126195028681,692.3,646.9426195028681,691.3
2026-W21,63,c8e3f67b-91ca-4370-9cef-87e75c124ea3,Confit Duck Leg and Caramelised Leek Jus,834.8470363288718,945.5,830.9770363288718,944.5
2026-W21,64,ef4c5445-2386-4e25-8baa-c4fdedeb0e8d,Sticky Mustard Pork Belly and Red Wine Jus,804.2543021032504,675,804.2543021032504,675
2026-W21,65,f966e6b5-1684-4233-b1c0-bd36d67c4a31,Peri Peri Chicken Burger and Chips,1056.4053537284894,656.3,1056.4053537284894,656.3
2026-W21,66,04177120-9947-4ce5-abcb-b021934b6806,Herby Creamy Tomato Chicken Penne,697.8967495219885,495.4,694.0267495219884,494.4
2026-W21,67,ca51afc3-ebf1-46dc-a18c-af9d5dbb82e1,Sticky Honey Indonesian Style Beef Rice Bowl,610.6596558317399,409.3,610.6596558317399,409.3
2026-W21,68,9d778c69-12fc-47a2-b883-7b1f6e7873d4,Tex-Mex Style Pork Mince Tacos,942.6386233269598,542.8,876.8886233269598,535.3599999999999
2026-W21,69,a11a1b58-070b-4288-a6bf-9bb89b504e51,Chermoula Lamb Koftas and Balsamic Fig Sauce,563.0975143403441,526.3,501.2175143403441,519.0299999999999
2026-W21,70,83f10c21-0735-4161-93e3-375d3686502c,Speedy Chipotle Bean Chilli,750,667.5,678.3,657.5
2026-W21,71,43312023-b335-49dc-bfd2-a9dc8ff95d89,Presto Pesto Pea Rigatoni,766.491395793499,418.5,762.621395793499,417.5
2026-W21,72,bf7f0f35-2a82-4888-9b9c-63c6ee63b6c3,Sirloin Steak in Café de Paris Style Tarragon Sauce,809.5124282982791,661.5,736.0224282982791,652.06
2026-W21,73,ccf5826d-2f85-4afc-962c-89d8d326e534,"Creamy Lemon, King Prawn and Bacon Linguine",747.3709369024856,539.5,747.3709369024856,539.5
2026-W21,74,7586291c-9f08-4254-a16a-8496286a42f6,Pulled Beef Chipotle Chilli Hoagie,1033.4608030592733,882,1025.7208030592733,880
2026-W21,75,74001c65-f838-4c38-a898-7fdb20fb244e,Walnut Crusted Lamb Steak and Red Wine Jus,899.6175908221797,719.4,810.2375908221798,710.0988
2026-W21,76,277cc63d-7255-4e63-a02a-4da9d0e76cb7,Sea Bream and Lemon-Caper Butter Sauce,515.5353728489483,503.5,408.09537284894833,488.06
2026-W21,77,060f5020-9824-407b-a565-20de3c4b1d1e,Thai Style Pulled Chicken Bao,747.6099426386234,720,739.8699426386233,718
2026-W21,78,c9af1548-28d6-4377-b66c-6635e4c64ed2,Chicken and Halloumi Shawarma,1218.2122370936902,744.3,1156.33223709369,737.8599999999999
2026-W21,79,6e4a7b61-5179-44b9-8f2d-784b55924180,BBQ Jerk Style Chicken and Mango Glazed Sausages,953.3938814531548,771,891.5138814531548,764.56
2026-W21,80,83503ab5-b7e3-4282-a92c-5061b753613b,Loaded Chermoula Spiced Whole Roasted Cauliflower,1038.718929254302,891.3,965.2289292543021,881.8599999999999
2026-W22,1,07d4cc55-3a46-4577-aa4a-92f151b65ff4,Indonesian Style Spiced Chicken Noodles,529.1586998087954,423.8,503.2186998087954,416.8
2026-W22,2,6eb6a67d-51e8-458f-9230-362fbeb3099d,BBQ Beef and Pork Cheeseburger,921.3671128107075,560.8,858.6271128107074,552.2475999999999
2026-W22,3,8d92fbe9-4aa7-4144-a279-977166c5fc1e,"Oven-Baked Bacon, White Wine & Mushroom Risotto",669.6940726577437,668.4,600.0740726577437,659.9599999999999
2026-W22,4,c14b9e08-7fa9-4949-90de-d021177b726d,Rosemary Chicken on Oven-Baked Pea Risotto,787.0458891013384,680.4,715.3458891013383,670.4
2026-W22,5,a6003f51-cc72-4ee4-892c-53e478aab076,Sweet Chilli Hoisin Beef Noodles,709.8470363288718,434.5,709.8470363288718,434.5
2026-W22,6,a52e063c-44f7-40a8-a76a-4403827caa31,Mixed Bean Loaded Fries,748.0879541108986,873.5,672.5179541108987,862.5
2026-W22,7,cfcc72fd-a5d7-42fe-93c0-a94ef77d1b94,"Build Your Own: Fried Chicken Bao, Wedges and Salad",931.4053537284894,806.8,854.0453537284894,795.6899999999999
2026-W22,8,10630790-2e7b-4f8a-968e-68a9dfc21f86,Family Favourite Pork Polpette Topped Naanizza,1054.0152963671128,482.6,945.7152963671128,468.6412
2026-W22,9,54ad15cb-fca0-41c4-a263-dc74853d7b01,Fast Fragrant Vietnamese Style Chicken Salad,630.0191204588909,435,498.51912045889094,420.12
2026-W22,10,dc75534d-e69c-41ba-a666-c7227ed48924,Thai Style Spiced Chicken and Satay Sauce,920.889101338432,601,907.559101338432,597.56
2026-W22,11,b88e7daa-bc9f-4ca2-b510-e02242534ad1,Quick Indonesian Inspired Pork Noodles,714.8661567877629,406.8,714.8661567877629,406.8
2026-W22,12,abb17f43-45ac-4fd0-99ea-56d64e79ac5d,Fragrant Sach Ko Ang Inspired Beef Kofta Baguette,867.1128107074569,445.5,859.3728107074569,443.5
2026-W22,13,5246e100-a5c9-4b94-9daa-a2b2ff7ad0ad,Indonesian Gado Gado Inspired Salad,626.6730401529636,619.5,557.0530401529636,610.2299999999999
2026-W22,14,361d6e33-0fdb-4bbc-90ba-2a952cd1ef4f,South East Asian Inspired Chickpea Curry,960.5640535372848,790.2,952.8240535372848,788.2
2026-W22,15,5e9c6f1d-3e87-4d8d-8aa4-3c53cffe1de0,Pork Steak and Sweet & Sour Ginger Rhubarb Sauce,592.2562141491395,548.5,512.8162141491396,536.5
2026-W22,16,28bd49f6-a8c2-4702-8706-9ec8e9aa0446,Purple Sprouting Broccoli and Chorizo Jam Rigatoni,765.2963671128107,562.5,693.5963671128106,552.5
2026-W22,17,2cbf884b-f703-4942-b5c5-b1cb594ccab3,Sticky Thai Style Pork Rice Bowl,709.1300191204589,524.5,709.1300191204589,524.5
2026-W22,18,1d37c4e6-20b0-4c78-835b-8a95468139ee,Harissa Butter Jersey Royal Potato and Bacon Salad,692.1606118546845,455,620.4606118546844,445
2026-W22,19,06b5d740-efff-4a8c-b5e8-c67579c9773d,Crispy Falafel and Harissa Spiced Rice Bowl,861.1376673040153,649.5,769.1676673040153,638.7324
2026-W22,20,904f2606-18d2-4efa-a607-37e4d0d68707,Creamy Green Pesto Butter Bean Shakshuka,887.906309751434,828,852.056309751434,823
2026-W22,21,99651658-b154-4496-b997-4ae6f37a37cf,Peri Peri Spiced Salmon and Cheesy Chips,628.585086042065,515.8,628.585086042065,515.8
2026-W22,22,9b7d06ca-ccca-4727-83ff-7671a67b6634,Cheesy Crusted Haddock,710.0860420650096,728.4,675.7060420650096,724.8212
2026-W22,23,29f6f5be-2eeb-4fea-b430-fe3f6583690d,Peanut and Prawn Noodle Stir-Fry,492.82982791586994,451,492.82982791586994,451
2026-W22,24,e9ef608b-f16d-4a66-80de-d17aa68c747d,Quick Chermoula Prawns and Stir-Fried Veg,452.9158699808795,461.3,452.9158699808795,461.3
2026-W22,25,f2140542-6c62-4b4d-9ce0-c6af384ecd9e,Crispy Jerk Basa Burger and Chips,902.4856596558317,652.3,836.7356596558317,644.1899999999999
2026-W22,26,56e9b992-4c2f-4b5e-9141-f9601697a4d1,Creamy Bacon Linguine Pesto Alfredo,762.6673040152963,471.3,762.6673040152963,471.3
2026-W22,27,a4fdd427-1ece-4c4d-8b7f-ae26b651c980,Super Quick Spicy Middle Eastern Style Chicken,965.3441682600383,581.8,893.6441682600382,571.8
2026-W22,28,dc8e5b92-4e3b-423d-9a18-50fcf26481f8,15 Minute Chicken Tikka Masala,799.7131931166348,475,728.0131931166347,465
2026-W22,29,77400435-6873-44d4-a2cb-ae254d2fd9bf,Super Quick Pork Cheeseburger Inspired Sloppy Joe,931.6443594646271,409.3,865.8943594646271,401.86
2026-W22,30,da6b1168-2150-47fb-8175-ec6a2d56a7d0,15 Minute Cheesy Bacon Orzo,733.2695984703632,351.3,733.2695984703632,351.3
2026-W22,31,10925a18-5099-4cb3-91a4-3562ed8d5a23,Chinese BBQ Style Pork Steak,566.6826003824092,542.5,494.9826003824092,532.5
2026-W22,32,a61100a9-9b71-40bf-bece-cb3ca3c59598,Chipotle Chicken Fajita Traybake,497.37093690248565,521.3,497.37093690248565,521.3
2026-W22,33,57bbbda5-e5cd-44eb-a37f-ee2007b4382f,Caribbean Jerk Inspired Chicken Traybake,538.0019120458891,577.3,538.0019120458891,577.3
2026-W22,34,10fb0b27-d9d6-4842-824a-57fec1c024ff,21 Day Aged Rump Steak and Creamy Cajun Rigatoni,808.3173996175908,432.3,728.8773996175908,420.3
2026-W22,35,4edd0efc-9f94-4477-bf43-7b25e4b56b87,Quick Chicken and Pesto Cream Sauce,759.0822179732313,722.5,707.3022179732313,715.28
2026-W22,36,15720516-5f9b-4e61-bd28-367d511b2fed,Creamy Pesto Ham Tortelloni,714.6271510516252,440.7,714.6271510516252,440.7
2026-W22,37,33d7fef8-9974-4346-98ef-695da935c549,Gyros Inspired Sweet Chilli Chicken Flatbread,984.4646271510516,526.5,807.2946271510516,503.06
2026-W22,38,b59a897f-85f5-47c0-82d0-94261401b512,Sweet and Sticky Korean Style Chicken Stir-Fry,649.1395793499044,576,630.9395793499043,571
2026-W22,39,dcfe553a-05a4-4ada-ad0c-fbd5cb1504fe,Super Quick Teriyaki Pork,744.7418738049713,407.5,744.7418738049713,407.5
2026-W22,40,1ba2c6b0-ab75-43f3-a94f-9290b78572a9,Sausages and Smoky Bean Casserole,717.4952198852773,625.7,612.0252198852772,612.26
2026-W22,41,26815d47-a341-4c3f-bdfd-9ca1e234b0bf,Quick Warming Chettinad Style Chicken Curry,817.1606118546845,572,809.4206118546845,570
2026-W22,42,8d537391-c52b-46db-b73a-700f839dfefd,Cheesy Loaded Veggie Nachos,972.5143403441682,648.3,893.0743403441681,636.3
2026-W22,43,4f65a7c0-ad54-49d0-8a6e-b582d6dc3d4f,Peanut-Sesame Charred Hispi Cabbage Bowl,932.8393881453154,856.8,843.4593881453154,847.4988
2026-W22,44,69fe7995-73a9-49d0-8ac9-a853d11392e3,Warming Indian Style Spiced Charred Corn Dal,881.453154875717,659.5,766.163154875717,642.5
2026-W22,45,972dbd68-ad8a-40e3-a493-2e78db6f84f1,"Simple Lemon, Leek and Pea Linguine",839.6271510516252,479,760.1871510516253,467
2026-W22,46,ceb57323-a50c-4e7c-96d9-f5526b0e952e,Spinach and Ricotta Tortelloni in Spicy Cajun Sauce,712.2370936902486,467.3,632.7970936902486,455.3
2026-W22,47,034bf3c7-d5c8-429e-acee-c828462985f2,Mexican Style Roasted Veg Salad,634.0822179732313,500,448.4422179732313,480.68
2026-W22,48,6aca9123-5e57-4a9f-b390-0fdcf9a8927c,Halloumi Thai Red Style Curry,848.4703632887189,408.2,848.4703632887189,408.2
2026-W22,49,e9eeac82-d86a-4b82-a279-0b1a7dd4fb6f,Classic Meat-Free Mince Lasagne,886.7112810707457,576.5,715.0012810707457,549.8399999999999
2026-W22,50,7f7c2bce-ee7d-4c3a-8227-b4855c4e7691,Palak Tofu Curry and Basmati Rice,883.8432122370937,637.3,797.5832122370937,622.4699999999999
2026-W22,51,19281768-629a-4dbc-8e2b-8c7fb218a5ae,Rosé Style Linguine and TABASCO® Sauce Drizzle,712.9541108986615,539.3,712.9541108986615,539.3
2026-W22,52,cfebc2b1-bde1-466b-8649-5b0b5a06cbd1,Baked Goat's Cheese & Caramelised Onion Naanizza,586.0420650095602,288.5,586.0420650095602,288.5
2026-W22,53,d27ca8b0-27a6-4628-bc16-ab81deab531f,Sweet Potato and Refried Bean Burrito Bowl,611.8546845124283,491.3,611.8546845124283,491.3
2026-W22,54,30aad82b-58f7-4ff9-a748-0ff899242976,Sambal Teriyaki Chicken Stir-Fry,521.5105162523901,422.5,521.5105162523901,422.5
2026-W22,55,62b2d0f1-80dd-4782-b2f2-062e86776605,Speedy Tomato Cajun Chicken,558.3173996175908,565.3,554.4473996175908,564.3
2026-W22,56,34f159e1-859c-4946-9e85-d1c169d2ee5e,Easy Hoisin Chicken Noodles,519.5984703632887,401,519.5984703632887,401
2026-W22,57,2dda092d-8ec0-4ed0-9898-78ce18e419a8,Butterflied Chicken and Passion Fruit Hot Sauce,564.7705544933078,591,564.7705544933078,591
2026-W22,58,214ba53d-b01e-4dc9-b1c2-b37a00984b51,Turkish Inspired Chicken and Toasted Tomato Bulgur,525.3346080305927,585.9,525.3346080305927,585.9
2026-W22,59,627b3bc3-2ecc-4c96-b27d-f3c5a34c3678,Italian Style Sausage and Ditali Pasta Soup,578.3938814531549,634.9,570.6538814531549,632.9
2026-W22,60,3598424b-6d89-4b8b-ae81-3934bebdc312,Naked Beef Burger in Creamy Truffle Sauce,586.7590822179732,505.3,586.7590822179732,504.47
2026-W22,61,fe2560f6-bc2a-4e50-a01d-915fd75a8728,Crispy Chicken and Black Garlic Rice,684.5124282982791,641.3,680.6424282982791,640.3
2026-W22,62,d1b84463-4f94-4db3-9453-c4049ab19fda,Quick Basa and Mediterranean Style Pearl Couscous,606.8355640535373,514.8,527.3955640535373,502.79999999999995
2026-W22,63,4fa211c7-64fe-48c7-be46-9d397e555492,Lamb Steak in Lemon-Garlic Butter,544.4550669216061,541.9,472.7550669216061,531.9
2026-W22,64,9f59cfc2-e23a-4cc4-80ce-76b7f03c8d8c,BBQ Pulled Duck Burger,1254.302103250478,708,1188.552103250478,700.56
2026-W22,65,cf631f86-8575-4d6f-a424-f701dda0ae2b,Peri Peri Chicken Burger and Wedges,1056.4053537284894,656.3,1056.4053537284894,656.3
2026-W22,66,19d97104-6f3d-49e4-a1e6-4096da294aea,Herby Creamy Tomato Chicken Penne,697.8967495219885,495.4,694.0267495219884,494.4
2026-W22,67,3ea7a90a-cf4f-4ee5-a06e-841449a6b943,Sticky Honey Indonesian Style Beef Rice Bowl,610.6596558317399,409.3,610.6596558317399,409.3
2026-W22,68,70871987-66a3-471b-9216-3932168a35a2,Tex-Mex Style Pork Mince Tacos,942.6386233269598,542.8,876.8886233269598,535.3599999999999
2026-W22,69,9bbd0d8a-4b90-44aa-b05a-cf42e5f24e81,Chermoula Lamb Koftas and Balsamic Fig Sauce,563.0975143403441,526.3,501.2175143403441,519.0299999999999
2026-W22,70,8045207d-e3bb-4b3f-95eb-981b47672817,Speedy Chipotle Bean Chilli,752.6290630975143,667.5,680.9290630975142,657.5
2026-W22,71,10eb03f9-5c27-4cbf-a9dd-9881cb697d39,Presto Pesto Pea Rigatoni,769.1204588910133,418.5,765.2504588910133,417.5
2026-W22,72,3f60d603-37fb-4df9-b47d-cb4eb4ef6fc1,Pan-Seared Lamb Steak and Homemade Salsa Verde,611.6156787762906,778.4,535.1756787762906,767.9599999999999
2026-W22,73,6bc69587-2c5a-4d02-bbc6-a9168a4a0f70,"Creamy Orkney Crab, Samphire and King Prawn Linguine",748.5659655831739,489.5,748.5659655831739,489.5
2026-W22,74,abf504a1-fa0c-4816-b410-77bed0ee9ab8,21 Day Aged Sirloin and Cheesy Bacon Hasselbacks,853.2504780114723,561,783.6304780114723,552.56
2026-W22,75,1f6f407e-00f8-4ba3-86bf-157bf457ae9f,Chipotle Pulled Chicken and Chorizo Quesadillas,1529.1586998087953,815.4,1467.2786998087952,808.9599999999999
2026-W22,76,9e52e9ba-48fd-43de-b331-a3a162fba604,Indonesian Style Chicken and King Prawn Fried Rice,566.6826003824092,691.8,562.8126003824092,690.8
2026-W22,77,8304188e-11b5-4079-b3e6-08fb95f1181b,Ultimate Smoky Pulled Pork Mac & Cheese,1659.8948374760994,775,1567.1648374760994,759.22
2026-W22,78,fbf40811-3f1a-48c4-acaf-ccb424c90b68,Ultimate Fish and Chips,711.9980879541108,573.5,610.2880879541108,561.5
2026-W22,79,3c57e4ba-60f2-41dd-b69a-5ba9edad40c9,Crispy Chicken Burger and Chorizo Jam,1713.1931166347993,714.3,1713.1931166347993,713.4699999999999
2026-W22,80,9d82d67d-2fd5-424f-9173-5779406e46c8,Honey Halloumi Tacos and Sweet Potato Wedges,1215.3441682600383,756.8,1207.6041682600383,754.8
2026-W23,1,9bdf55b4-35d9-490d-aea6-89a083642c04,Oven-Baked Glazed Paprika Chicken,662.284894837476,695.4,662.284894837476,695.4
2026-W23,2,1f3caaab-0e5d-4fa6-8cea-85ef10c390ef,"Hoisin Beef, Pork and Mixed Veg Stir-Fry",686.6634799235181,391,686.6634799235181,391
2026-W23,3,10cde339-90fc-403a-b2e1-bf21f85ee46d,"Bangers, Mash and Leek & Chive Sauce",617.8298279158699,579.5,617.8298279158699,579.5
2026-W23,4,91dbe979-f353-4dcb-8fe2-201d2988caae,Sweet and Sticky Chicken on Rice,811.6634799235181,702.5,787.8734799235182,696.06
2026-W23,5,7330da3b-09c6-4674-b79b-977f16d3c83d,Italian Inspired Sausage Naanizza,889.8183556405353,406.5,824.0683556405353,399.06
2026-W23,6,88895c3a-45de-4669-ae3d-669e54fcdc28,Peri Peri Sweet Potato and Black Bean Enchiladas,861.1376673040153,652.3,853.3976673040153,650.3
2026-W23,7,91082561-74f3-4454-80e8-1ad8db77ce89,Sweet Chilli Fried Chicken Tortillas,1065.7265774378584,722.3,1026.6165774378585,716.1399999999999
2026-W23,8,cdc191c2-4609-4ecb-be7b-7fe2f94c49b2,Family Favourite Beef Bolognese Risotto,811.4244741873805,767.5,729.1544741873805,755.28
2026-W23,9,87883f96-f727-46d8-b58b-ee026e18d6a3,Portuguese Bifana Inspired Pork Sando,806.8833652007648,716.7,735.1833652007648,706.7
2026-W23,10,fc4ff094-9914-41af-8c37-3ca5a43aa95c,Chicken alla Cacciatora and Roast Potatoes,480.1625239005736,726.9,472.4225239005736,724.9
2026-W23,11,b4cd4b5f-aa88-4c33-8c9c-1d81b1498147,Summery Crispy Serrano Ham and Lemon Risotto,524.6175908221797,738.5,516.8775908221797,736.5
2026-W23,12,4b4292f0-edc5-4d12-85ae-15fab28f2f72,Beef Albóndigas and Butter Bean Stew,661.5678776290631,673.7,588.0778776290631,663.43
2026-W23,13,78977508-5165-47b2-8b27-a32be531999b,Spanakopita Inspired Sigara Böreği,1041.1089866156788,573.3,971.4889866156788,564.8599999999999
2026-W23,14,b90ff164-a1ab-4a5e-99a4-9495842d0802,Tuscan Ribollita Inspired Soup,668.2600382409178,622,660.5200382409178,620
2026-W23,15,2c59ced3-a693-4468-a7e3-9ad06a51843b,Butterflied Chicken and Kumato Tomato Salad,618.546845124283,581,477.226845124283,562.56
2026-W23,16,632dbd59-c6fe-4f64-b5cf-74516d7426aa,Roasted Chicken in Red Wine Mushroom Sauce,556.6443594646271,826.4,556.6443594646271,826.4
2026-W23,17,0b6e335e-732d-4521-8b9c-d2c242bfbfdb,Burrito Inspired Cheeseburger,943.8336520076482,604,943.8336520076482,603.17
2026-W23,18,0ad2ef45-4fc4-4259-b762-77fb4811b280,Chorizo and Charred Pepper Thin-Crust Pizza,811.1854684512429,465.5,811.1854684512429,465.5
2026-W23,19,70207d0f-687b-4da1-ac11-63053439abd6,"Black Garlic, Crispy Kale and Jersey Royal Traybake",581.9789674952199,514.5,510.2789674952199,504.5
2026-W23,20,1b6f9b30-688f-4743-8bc1-ddfecc8a52d5,Kumato Tomato and Goat's Cheese Tart,1158.9388145315488,472.5,1151.1988145315488,470.5
2026-W23,21,d7312147-2049-4635-abc9-e8a9f3e4de4f,Salmon and Creamy Mustard-Chive Sauce,606.1185468451242,582,590.6385468451242,578
2026-W23,22,20e2eedd-df3f-44f6-991d-c711a58271e2,Salmon in Creamy Cajun Sauce,635.755258126195,528.8,600.9452581261951,524.5799999999999
2026-W23,23,84bf3bf6-641f-453c-8531-05a34096abfe,Gambas Pil Pil Inspired Prawns,476.09942638623323,587.2,412.0694263862332,580.2
2026-W23,24,63455fdd-3d82-49b4-87ea-0633a4093107,Quick Creamy Prawn and Pea Rigatoni,677.3422562141491,474.5,677.3422562141491,474.5
2026-W23,25,72c26923-3f85-4892-9ddd-74c297ac03e5,Spaghetti alle Cozze: White Wine Mussel Spaghetti,769.359464627151,548.8,769.359464627151,548.8
2026-W23,26,b2fd3d6a-ff99-46c5-9702-517b055f8c1b,Creamy Chicken Curry and Rice,822.4187380497132,695,822.4187380497132,695
2026-W23,27,9fcac317-9f55-4af1-af39-9c710de01db6,Presto Pesto Chicken and Pea Spaghetti,899.6175908221797,415.4,899.6175908221797,415.4
2026-W23,28,24f792c4-d80b-45b3-a2f6-120eabe7ae15,15 Minute Butter Chicken Masala,698.1357552581262,397.3,622.5657552581263,386.3
2026-W23,29,8290fe66-4c51-4bf2-83f9-652c8d4816af,Quick Pork and Peanut West African Style Stew,823.1357552581262,487,815.3957552581262,485
2026-W23,30,42fee8f9-8212-438a-84a3-743acf1848a1,'Nduja Red Pepper Ravioli in Creamy Mushroom Sauce,640.774378585086,336,640.774378585086,336
2026-W23,31,58f43458-7ab6-4275-8d7a-4bbb8a1c5c53,Easy Honey Mustard Sausage & Pear Traybake,724.4263862332696,637.4,662.5463862332696,630.9599999999999
2026-W23,32,346e0d52-bc20-4694-bb9d-d54a768ce49e,Peri Peri Chicken Fillet Traybake,651.2906309751434,522.3,493.1506309751434,505.84119999999996
2026-W23,33,386ba0e1-e216-43c8-aab7-d455200613de,Tex-Mex Style Pork and Bean Chilli,885.755258126195,648.5,814.055258126195,638.5
2026-W23,34,f095e856-060e-4442-a988-5c71757988d3,Glazed Rump Steak and Soy Butter Potatoes,582.6959847036329,473.2,510.9959847036329,463.2
2026-W23,35,b74760c5-9b54-4542-9265-63b1341614d9,"Bell Pepper, Mushroom and Chorizo Linguine",711.5200764818355,451,703.7800764818355,449
2026-W23,36,aee8dc93-3bd0-4fe3-8d69-c0ec8ffea0d5,Moroccan Style Chicken and Roast Sweet Potato Stew,999.7609942638622,731.4,920.3209942638623,719.4
2026-W23,37,b263c50b-bbd2-41f8-87e1-f2536ab2b73e,Mediterranean Inspired Chicken and Jewelled Rice,921.6061185468451,618.7,849.906118546845,608.7
2026-W23,38,ad8c9452-f5eb-448d-b821-f11abe62f0fa,Sticky Spiced Butterflied Chicken,529.6367112810707,449.8,529.6367112810707,449.8
2026-W23,39,86b9de6d-6b75-46f5-8f13-764d5296e568,Speedy Sausage Rigatoni,772.7055449330784,538,764.9655449330784,536
2026-W23,40,6e3d70a6-c825-4f2d-b438-caf3b9330cee,Beef and Guinness® Chilli Loaded Nachos,1058.0783938814532,643.5,980.7183938814532,633.06
2026-W23,41,6b4cc014-0a12-444b-acc2-159637bcae42,One Pot Hoisin Chicken and Mushroom Udon Broth,650.3346080305927,659.3,650.3346080305927,659.3
2026-W23,42,855b54bb-e6f0-402b-86ad-bab16c55ef5a,Classic Meat-Free Mince Spag Bol,687.8585086042065,503.9,608.4185086042064,491.9
2026-W23,43,97577cff-5d8b-4587-9e07-25dce72439a8,Super Quick Coconut Tikka Dal,781.3097514340344,430,781.3097514340344,430
2026-W23,44,b9f8ea8b-7951-4ac1-b913-c617d08e998e,Quick Cheesy Harissa Chickpea Taquitos,1201.959847036329,700.5,1136.209847036329,693.06
2026-W23,45,4c2d7427-0672-4690-8552-5219f651e8ec,Easy Peasy Pumpkin and Sage Girasoli,763.3843212237093,390,763.3843212237093,390
2026-W23,46,9eab8dd7-44f1-41a0-8ba4-49e1f0621687,Creamy Korma Lentils and Sweet Potato,850.8604206500955,652.5,779.1604206500955,642.5
2026-W23,47,1f65384a-2fe1-4a3a-acbe-b7323534077a,Cheesy Caramelised Onion and Mushroom Gratin,771.7495219885277,684.5,692.3095219885276,672.5
2026-W23,48,8887ebe5-c364-4247-8258-1d266446fcdb,Halloumi and Refried Bean Tacos,934.2734225621415,607,930.4034225621415,606
2026-W23,49,d34f536d-f12b-4fc1-803c-2ddb6a9a355f,"Butternut, Sage and Blue Cheese Stovetop Risotto",733.2695984703632,968.5,661.5695984703632,958.5
2026-W23,50,aa774917-52f3-497c-8cc8-fd2f4291f3b0,Anhui Bang Tofu and Cabbage Stir-Fry,833.6520076481835,646.3,741.7320076481835,630.74
2026-W23,51,443bd570-2d44-4605-9c1b-452010ad88ef,Creamy Double Mushroom Penne,681.1663479923518,439.5,681.1663479923518,439.5
2026-W23,52,06801211-f94a-4c46-a564-7a1ff92250fe,Quick Sticky Tandoori Spiced Cauliflower Salad,504.54110898661565,585.8,434.92110898661565,577.3599999999999
2026-W23,53,adbd41bb-0e17-4679-b169-04009d9d1d16,Sri Lankan Style Cauliflower and Coconut Curry,563.8145315487571,670,563.8145315487571,670
2026-W23,54,e332efdd-1389-4c36-85a8-a31115ab9766,Fragrant Lemongrass Pork and Pepper Stir-Fry,608.7476099426386,554,604.8776099426386,553
2026-W23,55,76f9d3c3-0624-4544-93ed-184f0897fe2d,Italian Style Pork and Oregano Sausage Meatballs,646.7495219885277,626.4,639.0095219885277,624.4
2026-W23,56,f5a95480-ab38-4cb5-a886-7a6ef9a17cc8,Speedy  Gochujang Chicken Noodles,511.472275334608,367.5,511.472275334608,367.5
2026-W23,57,a10674b3-12ba-4dba-91fa-9e127af3762f,Quick Greek Style Oregano Chicken Pasta Salad,550.4302103250478,433.5,470.5002103250478,423.9836
2026-W23,58,20c4f039-088d-4dbc-8a3e-1fc2420fc547,Thai Style Chicken Noodles,518.642447418738,434.5,510.902447418738,432.5
2026-W23,59,65b4b9b7-2579-4227-9f7b-f90292c73466,Crispy Serrano Ham and Charred Courgette Salad,557.3613766730401,481.4,433.60137667304014,468.52
2026-W23,60,b5af9843-dac1-4832-9cfe-f586049017b2,Cajun Pork and Veg on Herby Bulgur,639.5793499043976,494.8,639.5793499043976,494.8
2026-W23,61,5da42868-c581-417b-8d4a-211875c92c4a,Mexican Style Chicken and Charred Veg Salad,683.0783938814532,499.8,579.0783938814532,487.7812
2026-W23,62,15eb8dae-e24e-416a-b0f5-a6a925dc6a3b,Baked Basa and Homemade Hot Honey Chilli Oil,561.9024856596558,525,438.1424856596558,512.12
2026-W23,63,256e22cc-9df3-4115-baec-ea1aff903fe2,Thai Style Pork Belly Noodles,581.2619502868068,451.3,581.2619502868068,451.3
2026-W23,64,aa8302d8-f798-472d-8ca6-c7fbfd7b13fe,Loaded Chipotle Pulled Chicken Rice Bowl,862.8107074569789,404.8,721.490707456979,386.36
2026-W23,65,65c4066c-e3e9-4d1e-9cd1-122cceac8802,Peri Peri Chicken Burger and Wedges,1046.3671128107073,656.3,1046.3671128107073,656.3
2026-W23,66,151f50ea-f90d-4090-ac4e-6e6c5cb6e72a,Herby Creamy Tomato Chicken Penne,697.8967495219885,495.4,694.0267495219884,494.4
2026-W23,67,c85ffd5f-5095-4113-9a2a-a7adb762591e,Sticky Honey Indonesian Style Beef Rice Bowl,610.6596558317399,409.3,610.6596558317399,409.3
2026-W23,68,2bbce9eb-b8da-402c-b55d-90649a576930,Tex-Mex Style Pork Mince Tacos,942.6386233269598,542.8,876.8886233269598,535.3599999999999
2026-W23,69,dddd6329-4ad0-4996-965d-317981272946,Chermoula Lamb Koftas and Balsamic Fig Sauce,563.0975143403441,526.3,501.2175143403441,519.0299999999999
2026-W23,70,ac9abc75-9c0f-4852-b5db-815257e52b91,Speedy Chipotle Bean Chilli,750,667.5,678.3,657.5
2026-W23,71,c4ec1e42-fea8-43a4-a78d-1263698b8e29,Presto Pesto Pea Rigatoni,766.491395793499,418.5,762.621395793499,417.5
2026-W23,72,3e4b1be5-d054-487e-aac3-dc39f654c081,21 Day Aged Sirloin Steak in Garlic & Chive Butter,847.0363288718929,548.5,677.6063288718929,527.06
2026-W23,73,f6afcf2e-0bf8-47ac-872c-a744dc3c934d,Herby Crumbed Haddock and Salt & Vinegar Chips,587.4760994263862,573,489.7460994263862,561.56
2026-W23,74,310340ee-d8be-40b8-80cf-dda6527b4965,Monkfish and Prawns in Cheesy Mornay Style Sauce,946.2237093690248,804.5,931.6637093690249,800.5
2026-W23,75,d9aca6fc-8deb-42be-a745-1bae93395d14,Pulled Beef Ragu Lasagne,1411.0898661567878,818.5,1243.249866156788,792.8399999999999
2026-W23,76,ea1353f5-0c45-4ecd-8277-4d43e9a85f88,Greek Inspired 21 Day Aged Rump Steak Salad,774.1395793499044,811.3,712.2595793499044,804.8599999999999
2026-W23,77,26156e99-3018-4ec8-bc75-e30998e8913f,Smoky BBQ Pulled Pork Bao,1252.151051625239,725.3,1248.2810516252391,724.3
2026-W23,78,7d959f14-6c30-4935-aa4e-d9da09fdc1a2,Ultimate Triple Cheese Chorizo Mac and Cheese,1486.8546845124283,536.8,1421.1046845124283,529.3599999999999
2026-W23,79,73da7303-6eaf-4e1b-811a-d4a45fd9576b,Sun-Dried Tomato Salmon,890.5353728489483,592.5,730.9253728489483,574.62
2026-W23,80,8927679b-e365-43f4-a175-5663d7e30a3b,Quick Tandoori Spiced Paneer Rice Bowl,962.4760994263862,585.3,900.5960994263862,578.8599999999999
2026-W24,1,d5617636-60fd-47a2-a20f-23ef3bbe84a3,Chinese Style Chicken and Veg Noodle Stir-Fry,510.75525812619503,372.5,510.75525812619503,372.5
2026-W24,2,fedfe65c-3916-4c89-80df-0eac29e9e523,Beef and Pork Rogan Josh Style Curry,744.0248565965583,659.8,736.2848565965583,657.8
2026-W24,3,4819b81d-d8e4-4b3a-bba6-d3892f2d50bf,Spiced BBQ Pork Quesadillas Rapidas,944.7896749521988,448.8,875.1696749521988,440.36
2026-W24,4,0c29d234-b753-4774-a5c3-3e25b36e0c8e,Italian Inspired Chicken Milanese,1095.8413001912045,652.5,1016.4013001912044,639.67
2026-W24,5,47c00517-c60c-428f-b73e-4e0de8943474,Classic Sausage Burger,894.5984703632887,531.5,828.8484703632887,524.06
2026-W24,6,af563831-9472-4ac2-b8e2-f1a1b9c965f7,Homemade Cheesy Bean Jacky-P,803.0592734225621,815.3,795.3192734225621,813.3
2026-W24,7,a64c7d53-ed68-41bd-9737-7a4e3f85f629,Build Your Own: Sticky Chicken Fajitas and Wedges,816.4435946462714,654.7,746.8235946462714,646.26
2026-W24,8,74cf76ad-9886-419f-a328-c6246ba398fa,Garlic and Ginger Pork Meatballs,751.6730401529636,418.3,751.6730401529636,417.47
2026-W24,9,cf8f6499-3463-4da1-9333-41fbc7dc9dc8,Sicilian Style Bacon and Pistachio Pasta alla Brontese,766.0133843212237,391,766.0133843212237,391
2026-W24,10,2042ed94-16d9-4ce4-b268-c8a684139619,Butterflied Chicken and Romesco Yoghurt Sauce,549.7131931166348,578.4,468.9731931166348,566.8499999999999
2026-W24,11,44a423d4-067c-456e-a50d-8e7915d49914,Baked Sausage Gigantes Plaki,678.0592734225621,654,608.4392734225621,645.56
2026-W24,12,85fd6e18-6c9b-4e9f-9cad-7b46ff523820,Sun-Dried Tomato Spiced Beef Koftas,629.302103250478,514.9,544.892103250478,503.4148
2026-W24,13,c8c21ffd-96ae-4a36-aa66-1f80e40ce147,Santorini Style Tomatokeftedes,535.3728489483748,736.5,353.14284894837476,697.06
2026-W24,14,611622fc-96b6-4f36-a428-99bd32a64e72,Erbazzone Reggiano Inspired Spinach Cheese Pies,1120.9369024856596,780.2,1113.1969024856596,777.37
2026-W24,15,b94217b0-155a-40d1-b55b-529c29f78ab1,"Chorizo, Goat's Cheese and Kumato Tomato Tartines",829.8279158699809,542.3,767.9479158699809,535.8599999999999
2026-W24,16,ed2cefe3-db26-4ebd-b2db-34032f78c1fe,"Sausage, Caramelised Fennel and Pecorino Pasta",964.6271510516252,487.7,956.8871510516252,485.7
2026-W24,17,7fc28dcf-6148-4fc6-bcf4-4fa841d8d3f2,Pork Keftedes Inspired Loaded Flatbread,826.9598470363288,478.5,826.9598470363288,477.67
2026-W24,18,3b4af060-ee5c-4208-b9a1-7f01571bc3d5,Quick Peri Peri Chorizo and Corn Tacos,952.6768642447419,628.8,952.6768642447419,628.8
2026-W24,19,034184e0-58a4-4aa6-b18d-5a0cd412f533,Slow Roasted Kumato Tomato Herby Rice Bowl,806.4053537284894,581,734.7053537284894,571
2026-W24,20,35dac9fa-9e14-4dc8-be3c-aa121ef3caa8,Mediterranean Style Roasted Fennel & Chilli Yoghurt,619.5028680688337,790,619.5028680688337,790
2026-W24,21,4bfc58b3-e4ac-4514-9a33-fe1caf54a5a7,Warming Spiced Salmon Harvest Bowl,753.585086042065,612.5,753.585086042065,612.5
2026-W24,22,901b64a0-d18c-48a1-a9a9-5840db543d6c,Oven-Baked Haddock and Herby Relish,602.055449330784,606.4,478.295449330784,593.52
2026-W24,23,477f3b3e-a3e2-4e14-836d-3dffc91777c8,Chettinad Style King Prawn and Sweet Potato Curry,632.887189292543,674.5,625.147189292543,672.5
2026-W24,24,a0c9dda2-3454-4334-994a-30b206b9ae37,Cajun Style Prawn and Corn Chowder,435.4684512428298,635.8,385.05845124282985,626.8
2026-W24,25,9ac4c5f3-ce85-42f8-88a3-2ce2ca6e786e,"Tuna, Avocado and Edamame Bento Style Bowl",737.3326959847036,394.8,641.1926959847036,383.6
2026-W24,26,9e0a8bbe-c948-4d44-a8d0-d67ea97a07eb,Mexican Style Cheesy Pork Empanadas,1368.3078393881453,760.3,1360.5678393881453,758.3
2026-W24,27,5ab55ffd-6af0-4ee1-9d9a-d27952896468,Super Quick Smoky Chicken and Rice,674.9521988527724,441.8,603.2521988527724,431.8
2026-W24,28,ae59e58b-aa9c-41e6-934d-07b54a529f1a,Super Quick Honey-Miso Chicken,544.2160611854684,440,544.2160611854684,440
2026-W24,29,15964f83-b8fd-44c1-b8a3-9e1a681d6ba1,Easy Peasy Thai Inspired Pork Noodle Stir-Fry,702.4378585086042,366.7,698.5678585086042,365.7
2026-W24,30,87f09af7-a17f-4744-9b89-8800b8820b96,Easy Peasy Chorizo Linguine,790.8699808795411,335.8,783.1299808795411,333.8
2026-W24,31,b6c470f3-f7bb-4136-b77d-1e50b784aac3,Herby Sausage Spaghetti Bolognese,909.8948374760994,573.5,902.1548374760994,571.5
2026-W24,32,ece1cad2-d8f1-4a70-a3ba-bd19a20c5bfc,Fuss-Free Hoisin Chicken Thigh Traybake,781.0707456978968,571,781.0707456978968,563.5
2026-W24,33,2068026e-5bae-461c-8b40-0ca33c11d2d2,Indonesian Style Chicken Satay Traybake,607.0745697896749,562.5,599.3345697896749,560.5
2026-W24,34,e65ae281-422d-4769-be7c-b5f8f4bf083b,Chilli-Garlic Butter Rump Steak and Chips,602.5334608030593,580.3,494.98346080305924,565.3
2026-W24,35,0c32b2bd-adcb-4efd-a96e-243796ddfffa,Brilliant Bacon Linguine Alfredo,820.9847036328872,353.9,820.9847036328872,353.9
2026-W24,36,648810b6-e551-4646-8637-ad9b21e3153c,Spiced Chicken and Smoky Bravas Bean Bowl,908.9388145315487,666.7,905.0688145315487,665.7
2026-W24,37,a61dea55-0976-4432-84bb-c17caa4e65ec,Quick BBQ Chicken Thighs and Aioli Potato Salad,819.5506692160611,565,749.9306692160611,556.56
2026-W24,38,2bd7a54f-5083-413a-9773-13fd2d1bf57c,Weeknight Chicken Fried Rice,589.6271510516252,400.3,589.6271510516252,400.3
2026-W24,39,aaf7d1e0-e3fd-4364-b431-dfd629334182,Super Quick Beef Cheeseburger Inspired Rice Bowl,763.623326959847,400.8,755.883326959847,398.8
2026-W24,40,da5740ea-a803-4bdd-bd29-16786c2f424b,Pork Steaks and Caramelised Onion Guinness® Gravy,439.2925430210325,621.9,424.2725430210325,617.9
2026-W24,41,29531b40-96e0-401f-930a-dd335ac994d3,Speedy Bloody Mary Inspired Chicken Rigatoni,739.9617590822179,507.9,660.5217590822178,495.9
2026-W24,42,d62053e8-1939-436a-a6d9-ab42e387a768,Super Cheesy Oven-Baked Tomato Risotto,646.0325047801147,622.9,576.4125047801147,614.4599999999999
2026-W24,43,7cd40ad7-9348-439d-a77f-0a22ad2e577e,Malaysian Style Veggie Laksa,721.7973231357553,583.2,714.0573231357553,581.2
2026-W24,44,2b032341-4891-4776-8db4-af949ae702f2,Chipotle Corn and Black Bean Soup,917.0650095602294,774.4,845.3650095602294,764.4
2026-W24,45,dfa557d3-b847-4051-aea2-9c54088129f4,Creamy Chickpea and Pepper Rice Bowl,827.1988527724665,561.4,823.3288527724665,560.4
2026-W24,46,014fde9c-a39d-40b6-aa62-c5acbe3d7bfd,Simple Stovetop Veggie 'Nduja Mac & Cheese,890.774378585086,360.9,828.894378585086,354.46
2026-W24,47,65977776-cc65-4320-93c7-64d8bbdf51d7,"Warming Ginger, Peanut and Coconut Curry",899.6175908221797,792.5,899.6175908221797,792.5
2026-W24,48,4e28de5c-8cf5-4371-aac9-73b8702281b4,Golden Halloumi and Pitta Chips Salad,726.8164435946462,405.8,657.1964435946462,397.36
2026-W24,49,ada620b1-f219-4e26-9f49-79cdbf3c0dc1,Cheesy Sweet Chilli Veggie Burger,888.623326959847,532.5,822.873326959847,525.06
2026-W24,50,f6ab72e6-98e3-471a-8370-86ca2d0b7b6b,Malaysian Style Coconut Tofu Curry,832.4569789674952,650.5,802.3669789674951,646.1724
2026-W24,51,a98402f0-a509-4176-b337-7102a6ee7126,North Indian Style Saag Paneer,798.2791586998088,588.8,736.3991586998088,582.3599999999999
2026-W24,52,7c3c23e0-45c8-47df-9634-87985facc7d9,Mozzarella and Roasted Butternut Squash Salad,621.6539196940727,529.9,494.0239196940727,516.02
2026-W24,53,d4d25a8f-f3a0-46ea-8813-e5a6013d5a61,Cheesy Veggie Lentil Ragu Stuffed Pepper,571.7017208413001,680.3,502.0817208413001,671.8599999999999
2026-W24,54,37cd00ee-b130-4d03-ac12-1eee1947fa51,Spicy Pasanda Chicken Curry,623.5659655831739,442,615.8259655831739,440
2026-W24,55,a6916dd0-1396-41b8-8f29-9f6aa4e47d42,Easy Peasy Bulgogi Chicken Noodles,570.9847036328872,423,570.9847036328872,423
2026-W24,56,2bdf824f-1658-453f-98f0-64f58a0a9527,Sour Cherry Chicken on Jewelled Pearl Couscous,637.906309751434,590.2,637.906309751434,590.2
2026-W24,57,92eb3168-ee18-42fe-8fdb-cceb9bbe22bc,Rosemary Chicken Breast and Cacio e Pepe Chickpeas,725.3824091778203,692.9,628.9424091778203,675.01
2026-W24,58,4cb49131-d06a-4b35-9eaf-84407faf8a6d,Korma Spiced Chicken and Pepper Skewers,617.8298279158699,551.5,549.06982791587,544.3424
2026-W24,59,2ea36e13-bf1b-4ab5-9f1b-8a6165f77836,Cured Ham Tortelloni in Veggie 'Nduja Sauce,532.2657743785851,427,524.5257743785851,425
2026-W24,60,79c0c679-e748-4d71-a211-db69c75c02a8,Speedy Brazilian Style Beef and Black Bean Soup,609.2256214149139,612.8,573.3756214149139,607.8
2026-W24,61,bcf4ac98-1a6b-4806-8464-ae8aff0d3f36,Teriyaki Chicken Udon Traybake,444.7896749521988,505.7,444.7896749521988,505.7
2026-W24,62,dcc3405f-19fa-4dc8-ad05-08cf3d0ca7f1,Malaysian Style Gulai Tumis Fish Curry,603.2504780114723,682.8,603.2504780114723,682.8
2026-W24,63,b295501e-a7fb-4fa1-b30f-b3bb0f0cb7f3,Harissa Lamb Steaks and Pearl Couscous Salad,813.5755258126195,502.5,705.2755258126195,488.84
2026-W24,64,75c4b95d-a9c1-4e93-b246-5c85a5c3d607,Smoky Maple Ribs & Cheesy Corn Sweet Potato Wedges,1045.6500956022944,685.8,972.5900956022945,677.5323999999999
2026-W24,65,015b4a05-f91c-4637-a7f7-567f417979ac,Peri Peri Chicken Burger and Wedges,1056.4053537284894,656.3,1056.4053537284894,656.3
2026-W24,66,8d6d5c1c-e40d-4a94-b9df-ef64fbb76468,Herby Creamy Tomato Chicken Penne,697.8967495219885,495.4,694.0267495219884,494.4
2026-W24,67,9420c415-d59f-4ce4-bd6a-c36d7c073b82,Sticky Honey Indonesian Style Beef Rice Bowl,610.6596558317399,409.3,610.6596558317399,409.3
2026-W24,68,d51888fc-0b89-434e-9a1d-794b2f254887,Tex-Mex Style Pork Mince Tacos,942.6386233269598,542.8,876.8886233269598,535.3599999999999
2026-W24,69,74827582-ba48-44b5-a9ef-9b3985ddbf1e,Chermoula Lamb Koftas and Balsamic Fig Sauce,564.5315487571702,526.5,502.6515487571702,519.2299999999999
2026-W24,70,2b72b66e-ecad-4b35-b2df-822ca7b88fe5,Speedy Chipotle Bean Chilli,750,667.5,678.3,657.5
2026-W24,71,44712f7e-13bf-4718-9b1e-88a7baf14a8e,Presto Pesto Pea Rigatoni,766.491395793499,418.5,762.621395793499,417.5
2026-W24,72,c0ed7950-7c05-46f0-98aa-78cfafdb3519,21 Day Aged Sirloin Steak and Peppercorn Sauce,923.5181644359465,699.8,921.4281644359464,698.9699999999999
2026-W24,73,36aa7150-e790-4746-ad80-f12406db0d96,Lemon & Herb Salmon and Garlic Butter King Prawns,780.1147227533461,631.3,672.5647227533461,616.3
2026-W24,74,f07dfa78-efba-4abb-b40b-a8a6d52fd4f2,Monkfish and Kumato Tomato & Black Garlic Sauce,725.1434034416826,765.5,543.0634034416826,740.28
2026-W24,75,0884c302-9a8f-4047-a10b-a141e5303e82,21 Day Aged Fillet Steak and Tarragon Salsa Verde,833.6520076481835,547,584.8920076481835,518.0248
2026-W24,76,3cbb4b3e-e98e-4ee9-8f5e-6e00c097e553,Honey and Soy Glazed Duck Breast,612.3326959847036,584.5,612.3326959847036,584.5
2026-W24,77,047e0380-2acf-4209-8eda-0bbb2cc78c19,Ultimate Mediterranean Style Prawn & Chorizo Gnocchi,919.2160611854684,859.5,911.4760611854684,857.5
2026-W24,78,c03a9e48-113d-49f3-ab47-3933eae74e96,Ultimate Cumberland Sausage Toad in the Hole,1012.906309751434,865.8,721.526309751434,777.3263999999999
2026-W24,79,dd2de851-c464-4c99-be8f-e9c83d8049c9,"Brunch Inspired Fried Chicken, Bacon and Waffles",804.2543021032504,495.8,650.6243021032504,466.8
2026-W24,80,2f24b1e7-6a4b-458e-8155-b13045f3f2c0,Shawarma Style Harissa Fable Mushroom Flatbreads,1394.359464627151,766.8,1394.359464627151,766.8
2026-W25,1,1803f264-9017-49b2-8366-7b9f0d3f77fa,Crispy Chicken Schnitzel and Wedges,569.7896749521989,538.7,569.7896749521989,537.87
2026-W25,2,b08402b3-6450-43e3-a96a-bdce0d318f91,BBQ Beef and Pork Quesadillas Rapidas,774.1395793499044,464.8,708.3895793499044,457.36
2026-W25,3,433bf82f-2750-470f-a005-8eeb722bc54e,Quick Fragrant Pork and Mushroom Stir-Fry,665.8699808795411,356,661.9999808795411,355
2026-W25,4,b5d0fcf6-8303-4dde-8bec-520d3377e5d6,Teriyaki Chicken Tacos and Chips,763.623326959847,615.9,694.003326959847,607.4599999999999
2026-W25,5,982c2c09-c526-4045-aab0-180400a55729,Bacon and Butternut Squash Stovetop Risotto,664.6749521988528,572.3,664.6749521988528,572.3
2026-W25,6,39c32f2f-22b5-4860-bd6f-267430165745,Red Thai Style Sweet Potato Curry and Zesty Rice,771.0325047801147,772,763.2925047801147,770
2026-W25,7,2356c9dc-97be-40e1-a8bc-654b6da32786,Build Your Own: Spiced Pork and Corn Tacos,834.3690248565965,557.3,826.6290248565965,555.3
2026-W25,8,47bf2b09-a6b5-4347-9f87-49cad7aa2f5f,Family Favourite Cheesy Beef Chilli Loaded Jacky-P,766.9694072657743,740,689.6094072657743,729.56
2026-W25,9,a7d7b64c-ee28-44b3-ab74-916493ce3dad,Cheesy Piggy Pie and Peas,826.0038240917781,833.5,818.2638240917781,831.5
2026-W25,10,68a13f09-89fc-4b08-9788-655ff1db87d1,Portuguese Bifana Inspired Pork Sando,806.8833652007648,716.7,735.1833652007648,706.7
2026-W25,11,5fe008b4-ce06-4eae-961f-91720b10382b,Chicken alla Cacciatora and Roast Potatoes,480.1625239005736,726.9,472.4225239005736,724.9
2026-W25,12,404cda5a-8405-4d5b-82d6-8c98bfcf0130,Summery Crispy Serrano Ham and Lemon Risotto,524.6175908221797,738.5,516.8775908221797,736.5
2026-W25,13,98a36102-c376-4440-bde0-4355c035caf8,Beef Albóndigas and Butter Bean Stew,665.8699808795411,678.7,592.3799808795411,668.43
2026-W25,14,92d36a1c-0eef-4ceb-bac6-074d873d04f5,Spanakopita Inspired Sigara Böreği,1041.1089866156788,573.3,971.4889866156788,564.8599999999999
2026-W25,15,ee6150f1-4264-4416-a143-90d54cb373df,Tuscan Ribollita Inspired Soup,707.6959847036328,617,699.9559847036328,615
2026-W25,16,48d25141-a814-42bd-bfdf-789963ef7888,Butterflied Chicken and Kumato Tomato Salad,618.546845124283,581,477.226845124283,562.56
2026-W25,17,2acf57f6-2594-4b7e-a444-1ab0ef1827ff,Sticky Pork & Apple Burgers and Fennel Slaw,980.1625239005735,661.4,980.1625239005735,661.4
2026-W25,18,9cb8855a-2566-48b2-afa6-81b206b958cd,Crispy Chicken and Hot Sauce Burger,980.4015296367112,704,945.5915296367111,698.9499999999999
2026-W25,19,b4bd2d86-59ad-426a-98d8-45eb5d128a87,Cumberland Sausage and Pesto Roasted Veg Traybake,766.491395793499,674.5,766.491395793499,674.5
2026-W25,20,e5a8e64b-c056-457c-a25c-293a3935cfc7,Kumato Tomato and Goat's Cheese Tart,1158.9388145315488,472.5,1151.1988145315488,470.5
2026-W25,21,c15a98a5-f13d-4772-9ef7-e04a1b1dd4ec,"Fennel, Harissa and Chickpea Tagine",612.093690248566,811,604.353690248566,809
2026-W25,22,637cf1e6-e052-4e7c-b53e-d9bafa037202,21 Day Aged Rump Steak and Lime Chive Butter,606.5965583173996,498,499.0465583173996,483
2026-W25,23,c51964ae-118f-413b-900a-35044624f6ac,Teriyaki Duck Rice Bowl,826.7208413001912,673,818.9808413001912,671
2026-W25,24,b5ec5fb7-b005-4b0f-b5f0-92a0defd80c4,Bavarian Style Pork Belly and Homemade Apple Sauce,588.6711281070745,828.4,580.9311281070745,826.4
2026-W25,25,304ebc65-e548-4a9e-bde6-28b84d4a61aa,Teriyaki Salmon Poke Style Bowl,624.5219885277246,503,562.6419885277246,496.56
2026-W25,26,e0d51e34-f553-4b55-9f54-11753b238632,Pesto Baked Haddock and Warm Tomato Salsa,538.7189292543021,454.9,403.3489292543021,439.02
2026-W25,27,27786be3-6c7f-46bb-8525-3cc4b78ec98a,Tuscan Style Tuna Pasta Bake,699.3307839388145,431.8,550.2707839388145,411.36
2026-W25,28,f50b33bc-72e9-4d67-b92f-50260080489a,Jerk Spiced Crispy Prawn Tacos,881.9311663479923,587.9,742.6911663479923,572.0824
2026-W25,29,3e90e8c2-dbde-4261-8179-ba3c172fd2ff,Super Quick Sausage Lasagne Soup,621.4149139579349,559.2,613.6749139579349,557.2
2026-W25,30,3cef85ce-0e99-443d-9006-baf28dc0776c,Speediest Szechuan Chicken Stir-Fry,518.8814531548757,363.1,518.8814531548757,363.1
2026-W25,31,85a84b1f-7c10-4cc6-81a6-63ce55fa2026,Super Quick Cheeseburger Inspired Rice Bowl,850.3824091778203,398.8,850.3824091778203,398.8
2026-W25,32,8ecd94f4-d8bf-4e96-a7cc-b2bdca0e4735,Cured Ham Pasta Arrabbiata,602.7724665391969,388.8,527.2024665391968,377.8
2026-W25,33,56fb433a-bb9a-45a5-9bab-5d450702962c,Red Pepper Chilli Jelly Glazed Sausage Bake,764.34034416826,524.5,702.46034416826,518.06
2026-W25,34,736eb359-eab7-4bcc-8d6e-0289e54b4078,Easy Spanish Style Chicken Traybake,753.3460803059273,615.4,753.3460803059273,615.4
2026-W25,35,a0537d6e-f828-4595-bf19-abf5d990f289,Quick Harissa Cranberry Chicken on Bulgur,561.4244741873805,542.5,561.4244741873805,542.5
2026-W25,36,8b08a7cf-a7ac-4378-b117-23daef3503cf,Speedy Thai Inspired Pork Noodles,720.3632887189292,405.7,720.3632887189292,405.7
2026-W25,37,c3206e06-3e03-4d5e-8504-3a34ef1b0e69,Creamy Bacon and Mustard Penne,844.8852772466539,382,779.1352772466539,374.56
2026-W25,38,c0154428-d8a6-4164-98c9-824f3e1b8961,Quick and Easy Teriyaki Pork,747.131931166348,410,747.131931166348,410
2026-W25,39,051714d8-30c8-450e-bd20-f8f9c36e103e,Harissa Chicken Loaded Naans,633.8432122370937,403.8,633.8432122370937,403.8
2026-W25,40,db922104-99d1-40f8-bde5-8b45df1bca6b,Speedy Chorizo and Pea Orzo,780.3537284894837,339.3,772.6137284894837,337.3
2026-W25,41,19647c62-8b8a-45d1-9e5a-08ceb6de7010,15 Minute Creamy Truffle Mushroom Spaghetti,757.6481835564053,364.5,685.9481835564053,354.5
2026-W25,42,380bd02a-daca-4ce3-b0e4-a2e8428b644c,Speedy Veggie Beany Stew,668.2600382409178,559,664.3900382409178,558
2026-W25,43,eefe4ab3-fb0d-477b-aead-ab6ff9f4ce26,"Warming Ginger, Cauliflower and Coconut Bowl",619.7418738049713,554.5,612.0018738049713,552.5
2026-W25,44,2d3cbc08-909f-4150-be4d-c78a98410677,Umami Miso Mushroom Rigatoni,753.1070745697897,370,681.4070745697896,360
2026-W25,45,5786c7a7-1539-493f-ac44-4cd2e6fa70b7,Harissa Pearl Couscous Salad and Honeyed Carrots,784.6558317399617,694.8,722.7758317399617,688.3599999999999
2026-W25,46,714a1621-873a-4c92-bd79-efa7a7719681,Jerk Spiced Halloumi and Couscous Bowl,887.4282982791586,538,823.9182982791586,528.22
2026-W25,47,38ad46ce-da81-42af-98ce-8d2a53f6410c,Cheesy Garlic Mushroom Pizza & TABASCO® Brand Pepper Sauce Drizzle,984.2256214149139,518.3,912.5256214149139,508.29999999999995
2026-W25,48,0f63c382-586f-47e2-b923-5ea647c217b1,Black Garlic and Hoisin Glazed Tofu Bowl,632.887189292543,543.7,625.147189292543,541.7
2026-W25,49,358d259d-fc75-45e3-8862-cd080c954342,"Goat's Cheese, Apricot Jam and Crispy Onion Panini",646.5105162523901,526.8,611.7005162523901,522.5799999999999
2026-W25,50,8c6a8a65-e965-4083-bae6-107533a96d06,Aubergine Parmigiana Style Traybake,516.9694072657744,594.9,516.9694072657744,594.9
2026-W25,51,baf494b7-725a-45f4-960a-8e41728cd2d5,North Indian Style Roasted Cauliflower & Lentil Dal,429.25430210325044,553.5,425.38430210325043,552.5
2026-W25,52,eea1d559-6571-4a46-95c4-44e046745c0a,Cantonese Style Chicken Stir-Fry,491.6347992351816,417.5,491.6347992351816,417.5
2026-W25,53,708d95dc-7ad4-4bc4-87da-7d287b4f08bb,Chicken and Pepper Fajita Bowl,573.3747609942639,492,565.6347609942638,490
2026-W25,54,ad42af7f-0b90-44ec-83ef-144f266a8157,Greek Style Lamb Moussaka,576.2428298279159,507.3,568.5028298279159,505.3
2026-W25,55,75f1629d-8d81-4169-bec8-7cb14110e9ab,"Creamy Honey Bacon, Potato and Baby Gem Salad",583.8910133843212,479.5,583.8910133843212,479.5
2026-W25,56,7660f056-edf3-4bcc-ac62-b303abf263c7,Lemon & Herb Basa and Garlic-Parsley Drizzle,534.8948374760994,564.5,403.3948374760994,549.62
2026-W25,57,a70474e5-d26c-4abb-be1f-6904566de578,Pan-Fried Garlic Butter Chicken Thighs,800.4302103250478,604.9,734.6802103250478,597.4599999999999
2026-W25,58,9eaf5243-2bc1-4a85-bbad-aebf5a17d355,Cheesy Beef Mince Ragu,716.0611854684512,453.9,636.6211854684511,441.9
2026-W25,59,f41ff50d-8fe4-4412-b939-02d9518e1752,Chermoula Chicken and Warm Panzanella Pasta Salad,641.7304015296367,419.5,579.8504015296367,413.06
2026-W25,60,9de6024f-c884-4d0b-80a8-16a05e048809,Pork Meatballs in Smoky Tomato Sauce,641.2523900573614,630.8,641.2523900573614,629.9699999999999
2026-W25,61,5b7002c5-7e78-4f40-8f5c-cb8135202a8c,Herby Roast Chicken on Butter Beans,695.9847036328872,579.8,688.2447036328872,577.8
2026-W25,62,5ec6fe0b-1bef-4b3d-a009-98f47f1fe5d8,"King Prawn, Chilli and Chorizo Fresh Tagliatelle",748.3269598470363,687.3,698.0469598470363,681.2047999999999
2026-W25,63,4fdb6285-d58f-40a1-b0ed-1ec8dd72d12c,Hot Honey Glazed Lamb Steak and Truffle Potatoes,656.548757170172,614.5,584.848757170172,604.5
2026-W25,64,a4b90b65-eacf-4aff-9484-72a49ebf1602,Chimichurri 21 Day Aged Rump Steak Surf and Turf,810.4684512428298,661.8,620.9584512428298,641.4799999999999
2026-W25,65,85980746-fc2a-42ac-988f-e872baf21fca,Hoisin Pulled Beef Bao and Black Sesame Wedges,664.1969407265774,616.5,656.4569407265774,614.5
2026-W25,66,bbc13417-c788-4824-8d6a-c77f167d853a,Ultimate Cheesy Beef & Bacon Bolognese Gnocchi Bake,992.8298279158699,648.5,985.0898279158699,646.5
2026-W25,67,01da666b-8d1e-44f9-b802-6773b464caf4,Creamy Pesto Salmon and Bacon Smashed Potatoes,1097.5143403441682,727.4,1035.634340344168,720.9599999999999
2026-W25,68,b368d1e2-9fbb-481c-8e54-9f38f625e522,Chicken and Halloumi Shawarma,1218.2122370936902,744.3,1156.33223709369,737.8599999999999
2026-W25,69,c1d16d1b-b2db-45a2-a39c-98d0d2734daf,Korean Style Braised Pork Belly and Sticky Rice,811.9024856596558,519.3,715.7624856596558,508.09999999999997
2026-W25,70,e023639a-d115-432f-a74e-f0fbd6e3f503,Crispy Buffalo Halloumi Burger,1149.8565965583173,708.8,1142.1165965583173,706.8
2026-W25,71,9a682eab-c995-4db4-afec-80cc1603a32e,Korma Baked Basa and Chips,631.2141491395794,578.5,559.5141491395793,568.5
2026-W25,72,935aeb2c-73bd-4af9-9b41-02e7c4492cee,Curried Chicken Thigh Traybake,880.4971319311663,721.5,880.4971319311663,721.5
2026-W25,73,6b72083f-fc19-4c5d-81c6-07ab9ab4152f,Loaded Beef Chilli Nachos,966.0611854684512,542,958.3211854684512,540
2026-W25,74,ed1fe8bc-2071-4171-a33f-59c4a002cb6a,Crispy Serrano Caprese Bruschetta,483.0305927342256,416,412.5505927342256,407.34
2026-W25,75,7dd89fca-b7c8-4a50-b058-20648c034649,Marry Me Chicken,606.1185468451242,626,583.8185468451243,620
2026-W25,76,d6a1d809-ae80-47ed-bf08-6f5d6a5a7f72,Chicken in Creamy Tarragon Sauce,548.2791586998088,601.3,548.2791586998088,601.3
2026-W25,77,6305734f-54c2-49cc-a2a6-922cad310020,"Banging Bacon, Mustard and Mushroom Pie",624.5219885277246,718,523.7019885277246,700
2026-W25,78,cfd76850-3d7c-43a2-a2fc-8211476cd1d0,Cheeseburger Inspired Beef Quesadillas Rapidas,961.0420650095602,493,891.4220650095602,484.56
2026-W25,79,e4db3cba-107b-49b5-acab-bdac1b9dda5d,Buffalo Style Chicken Salad,675.1912045889101,483.8,551.4312045889101,470.92
2026-W25,80,dbe71a0e-1231-42f3-a3cb-d58831335552,Cumberland Sausages in Mustard Cream Sauce,766.7304015296367,766.9,766.7304015296367,766.9
2026-W25,81,1d7f2f8a-3efd-47c7-a96a-130edd937614,Onion Bhaji Fritter Burger and Chips,807.3613766730401,709.8,726.4713766730401,686.91
2026-W25,82,874c6e28-f596-46e4-a7ee-3c487f1890dc,Korma Spiced Paneer and Pepper Skewers,757.887189292543,510.5,757.887189292543,510.5
2026-W25,83,4d393fe8-7827-4119-b7e2-3d91c5b42c88,Tex-Mex Style Beef Enchilada Inspired Lasagne,901.7686424474188,654,763.8886424474188,631.22
2026-W25,84,fca9c0ae-89af-4ae5-8042-127bfff17907,Crispy Bacon & Aubergine Parmigiana Inspired Salad,587.2370936902486,554,525.3570936902486,547.56
2026-W25,85,d90b7402-38dd-47c0-adfe-d18ea4359dc1,Basa en Papillote and Sun-Dried Tomato Butter,522.227533460803,546.5,378.827533460803,526.5
2026-W25,86,bae4c48e-688a-4ea1-9ac8-670aea9b14cf,"Bangers, Mash and Leek & Chive Sauce",617.8298279158699,579.5,617.8298279158699,579.5
2026-W25,87,f9d19d4c-c707-47c7-a0d9-8286b9af56d7,Pan-Fried Pork Steak and Mustard Tarragon Sauce,567.1606118546845,665.3,567.1606118546845,665.3
2026-W25,88,89798154-ef74-4593-bab0-5ddf1a3108c6,Beef Cheeseburger Loaded Jacket Potato,754.7801147227533,707,673.5501147227533,695.56
2026-W25,89,697bc6fe-defc-4e46-bb74-6618bca8ea7d,Spiced Halloumi Steak and Hot Honey Sauce,834.1300191204589,490.8,656.9600191204589,467.36
2026-W25,90,a4f83a4c-ceea-480b-97e4-98542b9b572b,Creamy Chicken à la Normande,614.0057361376673,591.9,527.7457361376673,577.9
2026-W26,1,1b5f73a9-c758-4b21-849e-50847b801afe,"Jerk, Coconut and Guinness® Chicken Breast",806.1663479923518,782,798.4263479923518,780
2026-W26,2,bb1295fa-85ec-41df-9a7f-66e1424dac4a,Herby Beef and Pork Meatball Linguine,898.4225621414913,567.2,818.9825621414914,554.37
2026-W26,3,5a0a4cf7-2ac2-43c4-938e-599a133ab72b,Honey Mustard Sausages and Red Onion Gravy,637.906309751434,602.5,637.906309751434,602.5
2026-W26,4,0f093fb1-6548-40e3-950e-d77e99189da8,"Winner, Winner, Chicken (Pie) Dinner",993.7858508604206,782.5,993.7858508604206,782.5
2026-W26,5,86c9c406-2d3b-4d4a-80d2-d782121f3b55,Honey Mustard Sausage Traybake,739.244741873805,727.5,667.5447418738049,717.5
2026-W26,6,d142c358-f5ac-451e-ad5e-052ae97bae96,Roasted Vegetable Lasagne,724.4263862332696,607.3,716.6863862332696,605.3
2026-W26,7,511db6fd-8589-4056-a54e-fda5d48adfc5,Build Your Own: Cheesy Baked Potato Bar,801.1472275334608,589.5,765.2972275334607,584.5
2026-W26,8,927a5bb1-105c-4254-963a-941b90b3659d,Family Favourite Sweet Chilli Pork & Veg Stir-Fry,652.246653919694,571.8,586.7266539196941,553.8
2026-W26,9,fe1708e2-4601-43c2-a476-1bf03d4d0fd3,Creamy Curried Chicken Pie and Peas,733.5086042065009,669.5,725.7686042065009,667.5
2026-W26,10,5d980db1-55e1-457a-b59a-4dfcad09f6d5,Sicilian Style Bacon & Pistachio Pasta alla Brontese,766.0133843212237,391,766.0133843212237,391
2026-W26,11,9932fb47-7c1c-4185-b1b5-c0d17af00c00,Butterflied Chicken and Romesco Yoghurt Sauce,549.7131931166348,578.4,468.9731931166348,566.8499999999999
2026-W26,12,f814701d-f128-4046-8286-2f3d8908e99c,Baked Sausage Gigantes Plaki,682.1223709369025,659,612.5023709369025,650.56
2026-W26,13,4e98e9cb-c17e-4411-8c65-ccfb1d7972be,Sun-Dried Tomato Spiced Beef Koftas,629.302103250478,514.9,544.892103250478,503.4148
2026-W26,14,d534b6a5-8d22-43c1-bb09-a25b93b35470,Santorini Style Tomatokeftedes,535.3728489483748,736.5,353.14284894837476,697.06
2026-W26,15,edbac69b-ff0d-42e4-97c3-031c947d12f1,Erbazzone Reggiano Inspired Spinach Cheese Pies,1120.9369024856596,780.2,1113.1969024856596,777.37
2026-W26,16,755f92df-bf41-48f4-98e5-8878eff1ed9c,"Chorizo, Goat's Cheese and Kumato Tomato Tartines",829.8279158699809,542.3,767.9479158699809,535.8599999999999
2026-W26,17,fe51a744-3f7c-4a6f-b1ac-0fcd13ed8944,"Sausage, Caramelised Fennel and Pecorino Pasta",964.6271510516252,487.7,956.8871510516252,485.7
2026-W26,18,28caf30f-9326-41a0-9ce8-cde1be5a14df,Red Pepper Chilli Glazed Beef Kofta Tacos,788.4799235181644,560.6,788.4799235181644,559.77
2026-W26,19,dc88fa4e-1b0f-4aa5-9714-7824191f5b26,'Nduja & Red Pepper Ravioli in Spicy Pomodoro Sauce,746.8929254302103,473.9,605.5729254302103,455.46
2026-W26,20,825deba3-9ae5-4b02-b59d-3fd86eaa7e18,Slow Roasted Kumato Tomato Herby Rice Bowl,806.4053537284894,581,734.7053537284894,571
2026-W26,21,fad63edc-467d-4a41-a3ba-5cc83e991ccd,Mediterranean Style Roasted Fennel & Chilli Yoghurt,619.5028680688337,790,619.5028680688337,790
2026-W26,22,7b2cad18-5262-4aa6-a3b8-ccac7a257ef0,Korean Style Rump Steak Bibimbap,737.8107074569789,610.5,730.0707074569789,608.5
2026-W26,23,d0476e2b-2237-4c9e-a6b0-faa63d68c869,Chipotle Ribs and Loaded Cheese Smashed Potatoes,913.2409177820267,715,882.3009177820267,711.78
2026-W26,24,81d3570e-9265-40c2-bd1c-6caa225014f5,Cheesy Pulled Chicken Burger Bowls,874.0439770554493,555.5,740.4639770554493,539.06
2026-W26,25,dc61146f-c310-43cd-bd36-3189dafc1e17,Caribbean Style Spiced Salmon,631.453154875717,499.8,499.953154875717,484.92
2026-W26,26,0400e3bd-ab71-4342-b567-4d2d5451ded5,Crispy Haddock and Sesame Chips,597.9923518164436,552.3,526.2923518164436,541.4699999999999
2026-W26,27,e3cb1c61-82e9-44b0-ab0b-a3e7d4bd60f8,Mediterranean Style Mussel Baked Rice,636.9502868068834,879.3,565.2502868068833,869.3
2026-W26,28,531bd17a-2af4-48fb-933e-cde07ea01632,Chimichurri Prawn & Pepper Skewers and Chips,457.2179732313575,605,346.7779732313575,592.9048
2026-W26,29,18671b2f-4673-4d6f-87d2-853929640769,Super Quick Chorizo and Chickpea Stew,589.1491395793499,510.9,589.1491395793499,510.9
2026-W26,30,07eae0bf-96c2-41f4-b5d8-fefa2ea2646e,Speedy Cantonese Style Chicken Stir-Fry,517.4474187380497,380,517.4474187380497,380
2026-W26,31,0e4dbd96-0e78-47dd-b978-53af303284d8,Super Quick Tex-Mex Style Pork Tacos,847.0363288718929,436.5,776.986328871893,427.95
2026-W26,32,fd359e85-2165-42a1-af24-7df90c0c649e,Super Quick Bulgogi Pork Noodles,680.9273422562142,380.7,680.9273422562142,380.7
2026-W26,33,13132aaf-c45b-4855-b673-2cb69ebe7181,Hoisin Glazed Cumberland Sausages,606.5965583173996,564,606.5965583173996,564
2026-W26,34,f3813d65-4c9f-448d-81aa-4cc27c29e61f,Put Your Feet Up Kashmiri Style Chicken Traybake,797.8011472275334,574.3,797.8011472275334,574.3
2026-W26,35,c5a6af53-9a26-4a17-9678-26b28a160de4,Fast Fragrant Vietnamese Style Chicken Salad,630.0191204588909,435,498.51912045889094,420.12
2026-W26,36,eb057799-e0f7-4299-96c9-05bdd76b632e,Banging Bangers and Garlic Mash,553.7762906309752,694,553.7762906309752,694
2026-W26,37,50cdad0d-1258-49ad-962b-2f08c90b6d54,Easy Pork Cheeseburger Inspired Bowl,890.057361376673,479.3,824.307361376673,471.86
2026-W26,38,1f1c3c61-98d7-4185-8f2c-2be46c24565e,Korean Style BBQ Pork and Mushroom Stir-Fry,648.4225621414914,515.5,640.6825621414914,513.5
2026-W26,39,5017a2bf-b728-4538-94ca-60f67f5faef0,Indonesian Style Peanut Chicken Salad,632.4091778202677,512.1,632.4091778202677,512.1
2026-W26,40,ad9f932b-f69a-441b-a986-4edfa4efd8ef,Italian Style Sausage and Ditali Pasta Soup,578.3938814531549,634.9,570.6538814531549,632.9
2026-W26,41,625d7868-4f07-4e8e-881e-e5369854b42d,Puttanesca Style Rigatoni,598.9483747609943,409.2,519.5083747609942,397.2
2026-W26,42,b9c86dca-df28-4f12-882c-534db4936ed6,Pesto Orzo and Roasted Chickpea Salad,829.1108986615678,386.5,767.2308986615678,380.06
2026-W26,43,a874f657-6904-4fdc-9de6-3e603ac10898,Warming Veggie 'Nduja Sweet Potato Rice Bowl,786.8068833652007,492.5,786.8068833652007,492.5
2026-W26,44,7a2b5bdd-b0d7-44c5-bd7f-9d5a810f6acf,"Mozzarella, Roasted Pepper and Pesto Panini",668.2600382409178,476.7,668.2600382409178,476.7
2026-W26,45,68a91e3e-61ce-490c-ae04-0d294b746b67,One Pan Thai Green Style Veggie Noodle Soup,613.0497131931166,575.2,605.3097131931166,573.2
2026-W26,46,9598341a-01c2-4750-8dfe-3f4764b14701,Glazed Halloumi and Veg Loaded Harissa Bulgur Bowl,897.944550669216,534.5,818.5045506692161,522.5
2026-W26,47,10820fee-267c-4d8b-8668-77593c31f6ae,"Ready to Roll Mozzarella, Courgette & Tomato Pizza",1152.246653919694,812.4,1152.246653919694,812.4
2026-W26,48,da8b6072-ad65-4e74-a95d-cc17b50fa4f2,Caramelised Tofu and Aubergine Stir-Fry,652.4856596558317,668.8,619.7256596558317,659.8
2026-W26,49,34d4f383-18c2-4d58-9ae7-75e320642041,"Creamy Mushroom, Spinach & Ricotta Tortelloni",640.5353728489483,431.4,640.5353728489483,431.4
2026-W26,50,4890c820-3c9a-47f0-b4e2-d1801dd7f760,Italian Inspired Butter Bean Cassoulet,594.8852772466539,583.9,515.4452772466539,571.9
2026-W26,51,61401a4a-7191-4d5b-8ef7-06e876085909,Charred Courgette & Creamy Tomato Butter Beans,555.4493307839388,624.5,479.87933078393877,613.5
2026-W26,52,60daac4b-5cba-4869-bc78-f245ce880be0,Sour Cherry Chicken on Jewelled Pearl Couscous,625.9560229445507,590.2,625.9560229445507,590.2
2026-W26,53,d9b31f4d-f171-4128-b9f0-527107460ee4,Hot Honey Spiced Chicken Thighs,637.189292543021,552.6,637.189292543021,552.6
2026-W26,54,67383ae6-309b-4a5c-9f0d-649a0b610a7e,Fragrant Lamb Noodle Stir-Fry,553.0592734225621,477.8,553.0592734225621,477.8
2026-W26,55,e36de5e2-0199-4aa4-85ac-61a1e42e745a,"Stovetop Bacon, White Wine and Mushroom Risotto",621.4149139579349,726.9,565.6449139579349,719.12
2026-W26,56,9529e38f-08ce-4642-8e92-294625b854d5,Spiced Barramundi and Parsley Gremolata,432.83938814531547,458.8,336.5793881453155,448.7812
2026-W26,57,37caa420-8f82-40c4-a8a7-975bb32dbb72,Spiced Almond Crumbed Chicken,672.5621414913958,517.5,517.0021414913958,500.1176
2026-W26,58,377b0387-2f04-4e38-971a-6bb5e3371c1f,Quick Sweet and Sticky Beef,623.3269598470363,390.7,623.3269598470363,390.7
2026-W26,59,96ecaa2f-ba39-4d6c-afdb-78fdf8932324,Red Wine Lamb Ragu and Linguine,703.8718929254302,546.9,703.8718929254302,546.9
2026-W26,60,9fca6d7a-97c5-40c4-9e75-c12b24e16616,Chipotle Chicken Fajita Traybake,497.37093690248565,521.3,497.37093690248565,521.3
2026-W26,61,b4782a5d-a72f-452a-8bef-9997efe0ea58,Caribbean Inspired Pineapple Jerk Chicken Thighs,895.3154875717017,740,821.8254875717017,730.56
2026-W26,62,ef967ba6-5299-4f58-9021-e68e0ca22cb9,"Monkfish, Bacon and Pea Oven-Baked Risotto",796.3671128107075,733.5,669.6671128107074,717.7776
2026-W26,63,48325d17-eaf6-4edb-aa07-2d4f17cf383c,Lamb Steak and Truffled Parmigiano Reggiano Sauce,626.9120458891014,614,555.2120458891013,604
2026-W26,64,0db9abd6-e0e3-4a46-9b60-cbd0b4764ab5,21 Day Aged Fillet Steak and Peppercorn Sauce,539.6749521988528,569.4,535.9149521988528,567.9
2026-W26,65,71ca1c5e-1f04-43ee-bc08-c6721f058703,Bulgogi Pulled Beef Burger and Black Sesame Chips,955.3059273422562,774.5,889.1259273422561,766.9499999999999
2026-W26,66,d95bd518-16cd-4b29-bbc1-a8c628fea11c,"Creamy Pesto Chicken, Bacon and Pea Tagliatelle",1461.281070745698,786,1461.281070745698,786
2026-W26,67,5cd60001-1f86-476a-ae73-159ba2412344,Teriyaki Pork Belly and Sushi Rice Donburi,988.5277246653919,633.5,980.7877246653919,631.5
2026-W26,68,32adfd50-f74f-4612-87af-840b0d133b85,Crispy Buffalo Chicken Tacos and Cheesy Chips,1379.5411089866157,861,1379.5411089866157,860.17
2026-W26,69,3eb87ef5-44c1-45ae-ba0b-a51cec26cfb6,King Prawn Topped Sea Bream and Mango Salsa,546.8451242829827,705,484.96512428298274,698.56
2026-W26,70,66b36c2a-486b-4d51-9aa9-26f756b7b63d,Cheesy Chipotle Black Bean Enchiladas,1073.1357552581262,823,1003.5157552581262,814.56
2026-W26,71,42ccc211-b8d0-4ea8-b50b-584a3e1a5360,Korma Baked Basa and Chips,631.2141491395794,578.5,559.5141491395793,568.5
2026-W26,72,bc7c0df6-d2d0-4676-af91-7c54597221c7,Curried Chicken Thigh Traybake,880.4971319311663,721.5,880.4971319311663,721.5
2026-W26,73,b4685185-4e7b-4581-be46-2672d31ea88d,Loaded Beef Chilli Nachos,945.2676864244742,537,937.5276864244742,535
2026-W26,74,f272b902-ed19-4dde-80d1-e2cf3188b16a,Crispy Serrano Caprese Bruschetta,483.0305927342256,416,412.5505927342256,407.34
2026-W26,75,48ddb60f-ad50-4090-944f-c4062321f69c,Marry Me Chicken,606.1185468451242,626,583.8185468451243,620
2026-W26,76,4934face-450a-44cc-ae41-ed85599c695b,Chicken in Creamy Tarragon Sauce,548.2791586998088,601.3,548.2791586998088,601.3
2026-W26,77,bb186d7a-f824-4393-866f-5ae66cdd89ee,"Banging Bacon, Mustard and Mushroom Pie",624.5219885277246,718,523.7019885277246,700
2026-W26,78,60ae817a-df1f-4480-97c9-94cb484b0134,Cheeseburger Inspired Beef Quesadillas Rapidas,961.0420650095602,493,891.4220650095602,484.56
2026-W26,79,64d07520-ae9c-46ab-87f5-636582c4caa9,Buffalo Style Chicken Salad,675.1912045889101,483.8,551.4312045889101,470.92
2026-W26,80,533938c3-d7bf-4bad-b2d3-e85fceb06084,Cumberland Sausages in Mustard Cream Sauce,766.7304015296367,766.9,766.7304015296367,766.9
2026-W26,81,3fc3ef6a-716d-4b1e-8bd1-36684f589d85,Onion Bhaji Fritter Burger and Chips,807.3613766730401,709.8,726.4713766730401,686.91
2026-W26,82,452881a4-9cae-43c7-8eaa-4ed440ab7a3a,Korma Spiced Paneer and Pepper Skewers,757.887189292543,510.5,757.887189292543,510.5
2026-W26,83,ba4ea495-8e90-4c73-ba57-2e9368ee084b,Tex-Mex Style Beef Enchilada Inspired Lasagne,901.7686424474188,654,763.8886424474188,631.22
2026-W26,84,df741b87-b212-4d4d-abb3-b8f6a8833d0a,Crispy Bacon & Aubergine Parmigiana Inspired Salad,587.2370936902486,554,525.3570936902486,547.56
2026-W26,85,53abf67f-26ec-46df-9aba-9a808b291cfe,Basa en Papillote and Sun-Dried Tomato Butter,522.227533460803,546.5,378.827533460803,526.5
2026-W26,86,14340829-032c-4809-b5c2-d140da2dfe0e,"Bangers, Mash and Leek & Chive Sauce",617.8298279158699,579.5,617.8298279158699,579.5
2026-W26,87,555acd50-58b8-4abe-8d51-ec54f353260f,Pan-Fried Pork Steak and Mustard Tarragon Sauce,567.1606118546845,665.3,567.1606118546845,665.3
2026-W26,88,61de7c62-b3b5-415d-ac40-8f80dea44d88,Beef Cheeseburger Loaded Jacket Potato,754.7801147227533,707,673.5501147227533,695.56
2026-W26,89,11840f50-9402-420d-bf7d-9873447d9967,Spiced Halloumi Steak and Hot Honey Sauce,834.1300191204589,490.8,656.9600191204589,467.36
2026-W26,90,7ed0db57-5001-439c-837d-6aa8f46fbf02,Creamy Chicken à la Normande,614.0057361376673,591.9,527.7457361376673,577.9
2026-W27,1,615c8c44-a812-4aaa-ab11-3d6d762c42ef,Indonesian Style Spiced Chicken Noodles,529.1586998087954,423.8,503.2186998087954,416.8
2026-W27,2,695849bb-9a9c-4221-b43d-0962cad2beee,Family Favourite Beef & Pork Cheddar Cheeseburger,939.5315487571702,625.7,939.5315487571702,624.87
2026-W27,3,411335eb-68d9-466d-84b8-0cc55a049672,Pronto Bacon and Mushroom Rigatoni,707.6959847036328,432.9,707.6959847036328,432.9
2026-W27,4,94ac8f09-dbec-46a5-8a2b-80305aec1c21,North Indian Style Chicken Stuffed Cheesy Naan,1025.812619502868,613.8,956.1926195028681,605.3599999999999
2026-W27,5,dd69d000-17a7-4ef8-a8a7-006d9d9fb0f9,Oven-Baked Chorizo and Sweetcorn Risotto,794.2160611854684,626,690.6460611854684,611.56
2026-W27,6,a6b1157b-9739-44b3-b1c7-8fab235c570d,Mixed Bean Loaded Fries,748.0879541108986,873.5,672.5179541108987,862.5
2026-W27,7,eba793a5-b960-490f-bc06-2d847b7f5c22,Build Your Own: Sausage Meatball Marinara Subs,910.3728489483748,570.7,866.7828489483747,563.7
2026-W27,8,1861550d-3999-4493-95d3-8384570e9a39,Mediterranean Style Chicken and Creamy Pesto Orzo,922.5621414913958,580,922.5621414913958,580
2026-W27,9,b6dbb837-56d6-4aed-b795-f95cd122d71c,"Sausage & Apple Meatballs, Mash and Gravy",732.3135755258126,704,717.7535755258126,700
2026-W27,10,03c4f94b-681b-425f-a53d-cc94f5875af3,Naked Spiced Lamb Kofta Kebab Salad,629.302103250478,485.8,590.6221032504781,479.75
2026-W27,11,e609daa6-465b-4ae2-ac00-1a759d33becd,Persian Style Spiced Chicken Stew,540.6309751434035,935.7,540.6309751434035,935.7
2026-W27,12,ea667564-9a3e-4ff3-a3bf-c4a40eace8fb,Glazed Beef Koftas and Muhammara Inspired Sauce,755.2581261950287,669.3,693.3781261950287,662.1899999999999
2026-W27,13,2cccadfc-b8b0-4073-896b-cd89a4bc16d7,Chermoula Chicken Loaded Naan,974.1873804971319,461.8,908.4373804971319,454.36
2026-W27,14,de8ab300-ec2b-4b15-8629-bd17c6aa1231,Sticky Harissa Carrot and Crispy Chickpea Salad,974.6653919694072,708.5,837.2153919694072,691.06
2026-W27,15,d1c21fd8-9298-4041-aa05-b1ba3aac4cb4,Triple Cheese & Spinach Gözleme Inspired Quesadillas,863.0497131931166,582.6,793.4297131931166,574.16
2026-W27,16,2a2aacef-5e02-469c-89c1-73bfd21b4ad5,Spiced Chicken and Yellow Courgette Loaded Naans,922.0841300191204,654.5,914.3441300191204,652.5
2026-W27,17,8c5f058f-28ed-4c28-b8ca-e073694d4f72,Campfire Style Sausage Meatball Chilli and Rice,1014.34034416826,963.5,934.9003441682601,951.5
2026-W27,18,f3b491e3-98de-46d0-a8c0-1326ff7d8c93,Crispy Pork Schnitzel and Hoisin Plum Sauce,693.8336520076482,581.3,622.1336520076482,570.4699999999999
2026-W27,19,81f5cdb2-eed6-4ee6-b08b-de82c4b34cf6,"Honey Dijon Bacon, Potato and Apple Salad",683.3173996175908,501.5,593.9373996175908,492.1988
2026-W27,20,bff1825d-d1b9-4c15-b93d-995a0393c1a5,"Miso, Green Chilli and Yellow Courgette Rigatoni",808.3173996175908,711.3,772.4673996175908,706.3
2026-W27,21,34b13cde-c372-4389-a25c-13bb6d1be343,Campfire Style BBQ Bean Quesadillas,887.189292543021,566.5,809.829292543021,556.06
2026-W27,22,aa968a15-8d21-4bcb-b559-b9549aba56d3,Glazed Rump Steak and Soy Butter Potatoes,582.6959847036329,473.2,510.9959847036329,463.2
2026-W27,23,4733759f-c662-4c0b-b647-92fa65be678d,Sriracha Pork Belly and Easy Sesame Fried Rice,778.4416826003824,507,682.3016826003824,495.8
2026-W27,24,c8c0c25d-e57c-4ed0-abb1-d419cbc0fbca,Pan-Seared Lamb Steak and Salsa Verde,591.5391969407266,733.4,515.0991969407266,722.9599999999999
2026-W27,25,5e9a5c70-fae2-451d-9bf6-d89907199f97,Hot Honey Baked Salmon,785.8508604206501,499.5,655.9508604206501,482.1724
2026-W27,26,553b6aa7-987f-444d-9059-2492007d5ea7,Baked Spiced Barramundi and Herby Olive Couscous,527.4856596558317,409.5,434.6656596558317,399.84
2026-W27,27,ee33e236-9c62-4702-9d15-0c6310cebafe,Gambas Pil Pil Inspired Prawns,476.09942638623323,587.2,412.0694263862332,580.2
2026-W27,28,61ac196b-5111-47d5-8f38-87490148aca5,Simple Lemon and Prawn Rigatoni,581.0229445506692,493,581.0229445506692,493
2026-W27,29,56fc0d88-1e67-4b0c-af18-e9cb664039de,Easy Peasy Pork and Mushroom Stir-Fry,670.1720841300191,361.3,666.3020841300191,360.3
2026-W27,30,ca4e775d-4d97-4eac-9256-5e79c4be446e,Super Quick Lemongrass Chicken Noodles,507.40917782026764,417.5,507.40917782026764,417.5
2026-W27,31,fe14328b-bff7-4817-a88d-e4e51cdbabc8,15 Minute Cheesy Bacon Orzo,733.2695984703632,351.3,733.2695984703632,351.3
2026-W27,32,1b9c67c9-3537-4587-94ab-8ae064b19fa3,Speedy Sausages and Smoky Cowboy Beans,570.5066921606118,580.8,562.7666921606118,578.8
2026-W27,33,270d5edc-ce9d-4da2-afb0-690c07e5973e,Cosy Sausage Traybake and Cheesy Wedges,661.3288718929253,701.9,661.3288718929253,701.9
2026-W27,34,fe1ec238-cdf4-4cd1-9a5b-07822a372364,Fuss-Free Tandoori Inspired Chicken Traybake,776.0516252390057,691,736.5216252390057,686.8876
2026-W27,35,a0061414-2215-42df-a735-8ab8b5067ce1,Roasted Chicken Thighs and Cheesy Leek Sauce,777.7246653919693,627.9,777.7246653919693,627.9
2026-W27,36,c4b42947-43aa-4e36-a11f-4a647a2f4bbe,Smoky Mexican Style Pork Burrito Bowl,836.9980879541108,514.8,699.1180879541108,497.24999999999994
2026-W27,37,110974ae-945d-4383-9dbd-8fce376f6645,Weeknight Fragrant Hoisin Pork Noodles,791.1089866156788,480,791.1089866156788,480
2026-W27,38,4d862cca-406a-43b4-935b-4381599fb8ad,Korean Style BBQ Pork Mince,747.848948374761,571,740.108948374761,569
2026-W27,39,24c91d84-0299-4e66-ab28-3406901291d4,Creamy Cajun Chicken Penne,688.8145315487571,463.8,681.0745315487571,461.8
2026-W27,40,75a73f98-f9b1-416d-8e6b-28c6cf11e2d4,Peri Peri Chicken Fajita Style Tacos,765.5353728489483,490.3,765.5353728489483,490.3
2026-W27,41,807317b7-e827-41ec-8597-4133b3c91ea3,Quick Thai Green Style Veggie Curry,556.6443594646271,423.2,556.6443594646271,423.2
2026-W27,42,8f4fde11-fe6e-4304-b5fb-55e25d3c91e1,Rapid Roasted Pepper and Aubergine Rigatoni,613.2887189292543,555,533.8487189292543,543
2026-W27,43,5286869b-3d52-4187-ad1c-20d1dbb14e4a,Quick Sticky Tandoori Spiced Cauliflower Salad,413.7189292543021,510.8,344.0989292543021,502.36
2026-W27,44,7475c403-babf-4cd9-a52e-82a3b173c30f,Vibrant Veggie Burrito Bowl,607.5525812619503,673.3,563.9625812619503,666.3
2026-W27,45,1c6a6f01-a369-4523-bae5-a73b71a708a3,Chipotle Lentil and Mushroom Enchiladas,729.4455066921606,497,646.1355066921606,484
2026-W27,46,1618d150-48ba-4cb5-baf4-15eb96392f42,Pan-Fried Halloumi and Pesto Drizzle,708.1739961759082,599.2,708.1739961759082,599.2
2026-W27,47,ad12e2e5-0af3-4413-8296-036945d08a21,Sticky Spiced Mango Glazed Paneer Tacos,1117.3518164435945,622.4,1051.1718164435945,614.8499999999999
2026-W27,48,e9bba9f6-e668-43b9-b76b-67cc2199aac9,Sweet Sambal-Hoisin Tofu and Coriander Rice,616.1567877629063,572.5,595.9367877629063,566.94
2026-W27,49,2d2c8500-d820-4d1f-9fde-43d23e3be17b,Pesto Dressed Caprese Style Salad,622.848948374761,464,584.168948374761,458.78
2026-W27,50,852779d2-34ba-4a9e-841b-292d5c0379c4,Rich and Creamy Veggie 'Nduja Tortelloni,636.472275334608,432.5,636.472275334608,432.5
2026-W27,51,103e7b0a-44a7-4637-9209-7204620ab294,Middle Eastern Style Roasted Veg Salad,621.6539196940727,711,552.0339196940727,702.56
2026-W27,52,88f2f2df-fc15-4579-92e1-28176b6a7948,Quick Greek Style Herby Chicken Pasta Salad,550.6692160611855,433.7,470.73921606118546,424.1836
2026-W27,53,cfa5d613-dbfb-45c8-a1c8-703dee5e012b,Creamy Honey and Mustard Chicken,562.8585086042065,550,502.79850860420646,538.89
2026-W27,54,7693bbb2-fcac-4d50-b373-06aa8d7f7620,Greek Style Herby Lamb and Couscous Bowl,596.5583173996175,492.9,519.1983173996175,482.46
2026-W27,55,cc3b7bac-4140-4f83-aec1-c00c1e83dfe9,Cured Ham Tortelloni in Creamy Mushroom Sauce,592.9732313575525,336,592.9732313575525,336
2026-W27,56,ab16fc38-87a7-4146-8e8b-ad3f287b9757,Basa in Creamy Cajun Sauce,514.8183556405354,474,448.6383556405354,466.45
2026-W27,57,65b92bda-086c-4656-b2a6-274faa65749a,Red Thai Style Marinated Chicken Skewers and Chips,529.1586998087954,576.7,529.1586998087954,576.7
2026-W27,58,169f2f1a-75e8-4957-b2ef-4271b798a75a,Lebanese Style Baked Beef Meatballs in Tomato Sauce,590.3441682600383,581,585.0741682600383,578.81
2026-W27,59,9e728755-ce01-49b9-8e0b-e8ac1c58b995,Easy Peasy Gochujang Pork Noodles,671.3671128107075,327.5,671.3671128107075,327.5
2026-W27,60,4f3e9169-8cb4-4c98-b934-a7885564d20c,Chermoula Baked Chicken Thighs,730.640535372849,571.3,730.640535372849,571.3
2026-W27,61,7ed2071e-69b3-440b-bc65-232fdff6334b,"Beef, Chickpea and Spinach Rogan Josh",892.4474187380497,781.3,820.7474187380496,771.3
2026-W27,62,601149c8-a3ee-4d2c-b6ba-939db139c769,Roasted Salmon and Thai Green Style Curry,1006.9311663479923,675.6,1003.0611663479923,674.6
2026-W27,63,0bbc373f-71af-4804-baeb-918441bd1e8b,21 Day Aged Sirloin Steak and Cheesy Rosemary Chips,698.6137667304015,530.5,626.9137667304014,520.5
2026-W27,64,b1df09b8-7727-488a-ba24-5d628ecc13b5,"Monkfish, Bacon and Butternut Oven-Baked Risotto",818.3556405353728,869.8,674.9556405353728,849.8
2026-W27,65,53b19280-3c33-4543-9de3-43a33dff9bdc,Easy Pulled Beef Ragu and Fresh Tagliatelle,1112.3326959847036,688.5,1032.8926959847036,676.5
2026-W27,66,e4e50dd4-78a1-4bc1-b079-1e9d26b90c91,Satay Chicken and King Prawn Loaded Tortillas,1358.9866156787762,963.5,1343.5066156787761,959.5
2026-W27,67,71e7766d-1086-40d7-a4ee-ca6fb72b773e,Chipotle Ribs and Cheesy Chorizo Smashed Potatoes,1186.1854684512427,810,1155.2454684512427,806.78
2026-W27,68,c9d13a3e-fad9-4237-b84f-e94a62e12789,Greek Inspired 21 Day Aged Rump Steak Salad,772.944550669216,773.9,711.064550669216,767.4599999999999
2026-W27,69,10d32904-bd89-4735-a347-07c5fb2dc248,Fried Peri Peri Chicken & Crispy Bacon Burger,1275.095602294455,844.5,1213.2156022944548,837.3299999999999
2026-W27,70,fb56ab02-512d-46ff-8b1c-7425f2e17613,Ultimate Truffle Mushroom Mac and Cheese,1353.9674952198852,552,1137.4774952198852,523.34
2026-W27,71,6cd18372-aaa0-4b61-bc1d-1c784493da72,Korma Baked Basa and Chips,631.2141491395794,578.5,559.5141491395793,568.5
2026-W27,72,0585b6b9-dbf2-45f4-851a-d50dfb20b2e1,Curried Chicken Thigh Traybake,880.4971319311663,721.5,880.4971319311663,721.5
2026-W27,73,730965d7-668c-496a-818b-b8de07e5268f,Loaded Beef Chilli Nachos,945.2676864244742,537,937.5276864244742,535
2026-W27,74,3f4f32b3-8876-472c-86d4-e04d6069e612,Crispy Serrano Caprese Bruschetta,483.0305927342256,416,412.5505927342256,407.34
2026-W27,75,1278fb92-4b04-4fbb-83cc-2221b93b247b,Marry Me Chicken,606.1185468451242,626,583.8185468451243,620
2026-W27,76,8c979668-2ff2-47b3-bbb2-c3dbf8df9763,Chicken in Creamy Tarragon Sauce,548.2791586998088,601.3,548.2791586998088,601.3
2026-W27,77,1c9e435a-6215-4d09-9c7f-ac4e50ac5ab4,"Banging Bacon, Mustard and Mushroom Pie",624.5219885277246,718,523.7019885277246,700
2026-W27,78,701bff88-d86f-4e5e-aa74-fb4dbe55cc11,Cheeseburger Inspired Beef Quesadillas Rapidas,961.0420650095602,493,891.4220650095602,484.56
2026-W27,79,b78c869f-22c0-4881-8879-d8787c0a135e,Buffalo Style Chicken Salad,675.1912045889101,483.8,551.4312045889101,470.92
2026-W27,80,3e5d237c-d638-437f-a506-072f91ace690,Cumberland Sausages in Mustard Cream Sauce,766.7304015296367,766.9,766.7304015296367,766.9
2026-W27,81,69feb60b-69e1-4714-b369-90084db04f69,Onion Bhaji Fritter Burger and Chips,807.3613766730401,709.8,726.4713766730401,686.91
2026-W27,82,f136ad3d-a2f1-4b08-a304-9d835ba738f9,Korma Spiced Paneer and Pepper Skewers,757.887189292543,510.5,757.887189292543,510.5
2026-W27,83,8d19fb48-846d-47f7-aae3-859cb7012db0,Tex-Mex Style Beef Enchilada Inspired Lasagne,901.7686424474188,654,763.8886424474188,631.22
2026-W27,84,e229539d-5220-499b-bd08-47a808068ae5,Crispy Bacon & Aubergine Parmigiana Inspired Salad,588.4321223709369,554,526.5521223709369,547.56
2026-W27,85,8c2a2b6e-e6b4-496a-9d14-4766ee47841c,Basa en Papillote and Sun-Dried Tomato Butter,523.6615678776291,546.5,380.2615678776291,526.5
2026-W27,86,bf893f73-771e-4f29-9a74-2cd53ca028af,"Bangers, Mash and Leek & Chive Sauce",617.8298279158699,579.5,617.8298279158699,579.5
2026-W27,87,43fd9170-f1f1-4f58-b69e-3f2087e9cc52,Pan-Fried Pork Steak and Mustard Tarragon Sauce,567.1606118546845,665.3,567.1606118546845,665.3
2026-W27,88,0a512cf3-80b1-4999-b46a-0f87a4c088c2,Beef Cheeseburger Loaded Jacket Potato,755.9751434034416,707,674.7451434034416,695.56
2026-W27,89,26dc17c7-dd3b-4a36-9b45-119f1b0439a7,Spiced Halloumi Steak and Hot Honey Sauce,834.1300191204589,490.8,656.9600191204589,467.36
2026-W27,90,ee8329eb-10fd-4ddd-8b79-631b5c9811c7,Creamy Chicken à la Normande,614.0057361376673,591.9,527.7457361376673,577.9
2026-W28,1,6ba52949-30d3-423f-9255-49b4d7c5f933,Speedy Butter Chicken Baked Naan,822.8967495219885,451.3,677.7067495219885,431.86
2026-W28,2,03672bb1-1910-42dc-8710-b40bfc99dd5a,Honey Miso Mushroom Beef and Pork,696.2237093690248,355,696.2237093690248,355
2026-W28,3,814d748e-b8b6-493a-aca2-eb39606d0060,Pork Meatballs in Cajun Spiced Tomato & Leek Sauce,711.5200764818355,742.5,711.5200764818355,741.83
2026-W28,4,5c5a3040-31fd-44d0-a277-4aa54902e080,Sweet Chilli Fried Chicken Tacos,1078.3938814531548,726.3,1039.283881453155,720.1399999999999
2026-W28,5,0bc39904-9aa8-4ec9-9439-1254c336e558,Italian Inspired Sausage Naanizza,869.0248565965583,401.5,803.2748565965583,394.06
2026-W28,6,2cc10ce2-8fe3-4dfb-bbc8-407bb5298df4,"Mild Potato, Coconut and Cashew Curry",825.7648183556405,777,818.0248183556405,775
2026-W28,7,ff88d8b4-a66b-430c-a84c-9be9ec4fe6e8,Build Your Own: Crispy Chicken Goujons Feast,790.8699808795411,745.8,790.8699808795411,744.9699999999999
2026-W28,8,4cd602c0-5033-4ea2-ba23-506547a6643d,Family Favourite Chicken & Creamy Courgette Pasta,694.7896749521989,510.2,687.0496749521989,508.2
2026-W28,9,135062b1-5331-4df3-9716-d1a49fb87d25,Mexican Style Cheesy Pork Empanadas,1368.3078393881453,760.3,1360.5678393881453,758.3
2026-W28,10,8cb8c3ba-acd8-4eeb-b9b5-f2e0f226fadf,Warming Harissa Beef and Sweet Potato Bulgur Bowl,821.4627151051625,697.5,821.4627151051625,697.5
2026-W28,11,aead818b-5783-45c5-9b75-36aa5048181c,Chermoula Chicken on Caramelised Onion Lentils,730.640535372849,656,726.7705353728489,655
2026-W28,12,1541c498-7f08-438f-8ea6-5cffcbb6ae86,Chermoula Pork Koftas and Greek Style Fries,639.34034416826,518.8,635.47034416826,516.9699999999999
2026-W28,13,1e14c598-56bd-400c-9946-dbf26516c783,Harissa Beef Stuffed Courgettes,695.9847036328872,735,695.9847036328872,735
2026-W28,14,27b1d648-339f-4b12-9d06-bc4a037ac4e6,Chermoula Meat-Free Koftas in Honey-Harissa Sauce,722.2753346080306,499,580.9553346080306,480.56
2026-W28,15,f51e7a88-51fe-478f-a2a8-4504ea20cbcb,Smoky Tagine Inspired Butternut and Chickpeas,547.5621414913958,806.3,468.9821414913958,794.52
2026-W28,16,f0206eb7-6be5-4895-94a2-e6936fb41bbb,Baked Chicken Thighs and Summer Bean Almond Salad,839.8661567877629,590,839.8661567877629,590
2026-W28,17,f65084de-b1f3-4cc6-acec-fdfbc0359aeb,Campfire Style Tandoori Beef Meatball Curry,723.9483747609943,673.3,716.2083747609943,671.3
2026-W28,18,961de2c0-17b1-4f9d-b6f2-8612a8118972,Summer Pesto Orzo and Herby Chicken Thighs,1073.6137667304015,573.8,961.3237667304015,558.3599999999999
2026-W28,19,c40438d0-433b-46b0-a2a9-1a87d94cae05,Quick Indonesian Inspired Pork Noodles,714.8661567877629,406.8,714.8661567877629,406.8
2026-W28,20,32e3dc26-678c-4fec-b159-e1cd050ee180,One Pot Campfire Style Cheesy Minestrone Soup,545.889101338432,818.3,538.149101338432,816.3
2026-W28,21,5d3d2891-b676-4998-ba5a-ff10d20af406,Green & Yellow Courgette Cheesy Summer Tart,1190.0095602294455,765.5,1124.2595602294455,758.06
2026-W28,22,6ed468a3-6f2f-44cf-b26b-213d31b008df,21 Day Aged Rump Steak and Creamy Cajun Rigatoni,883.3652007648183,462.3,803.9252007648183,450.3
2026-W28,23,f3ed2b8e-a218-4726-a39c-35b05d717021,Confit Duck Leg and Caramelised Leek Jus,834.8470363288718,945.5,830.9770363288718,944.5
2026-W28,24,c8a15667-5d26-4d48-809c-3772d78d6957,Honey Gochujang Pulled Chicken Rice Bowl,704.3499043977055,513.5,704.3499043977055,513.5
2026-W28,25,c11d554d-ed7a-42a1-afc2-94a1b4daed98,Salmon in Creamy Cajun Sauce,635.755258126195,528.8,600.9452581261951,524.5799999999999
2026-W28,26,2e4446e3-161e-4978-a3b9-9b6cd174052b,German Inspired Haddock in Mustard Cream Sauce,556.4053537284894,509.5,521.5953537284895,505.28
2026-W28,27,adc68a72-d8ae-49b7-96e6-27d3b4200a6d,Peanut and Prawn Noodle Stir-Fry,489.96175908221795,446,489.96175908221795,446
2026-W28,28,495a2cee-a7d2-4c01-b137-24a931188138,Prawn Green Thai Style Curry,551.8642447418738,410,551.8642447418738,410
2026-W28,29,93acf796-c195-4344-a762-7e9d79ff4f51,Easy Peasy Thai Inspired Pork Noodle Stir-Fry,702.4378585086042,366.7,698.5678585086042,365.7
2026-W28,30,1cd63fad-98bb-4ec2-a7dc-5d6cc8fcd559,15 Minute Coronation Chicken,721.3193116634799,431.3,649.6193116634798,421.3
2026-W28,31,30c79085-4116-406a-a55a-69c13076a73d,Super Quick Teriyaki Pork,757.17017208413,407.5,757.17017208413,407.5
2026-W28,32,2480af44-3b29-4fce-8607-149f11ee8b33,"One Pot Sausage, Butter Bean & Mushroom Cassoulet",648.6615678776291,622.4,640.9215678776291,620.4
2026-W28,33,eaed9839-8926-4c24-9e97-7f26961648e5,Oven-Baked Chorizo and Tomato Risotto,759.321223709369,641.4,687.6212237093689,631.4
2026-W28,34,af43b6f4-febc-48c9-92ef-c121b21ff26c,Peri Peri Chicken Breast Traybake,664.6749521988528,522.3,506.5349521988528,505.84119999999996
2026-W28,35,74720410-a1f7-4bb1-9029-ae84b67a7c39,Creamy Spiced Lentil and Chicken Curry,584.3690248565965,555,584.3690248565965,555
2026-W28,36,22e65916-da9b-48c2-b3a4-7e4256ecd0c3,Super Quick Chorizo and Tomato Spaghetti,717.9732313575525,346.3,713.6732313575526,345.19
2026-W28,37,5b06a0f7-330c-4f66-8040-a2dbee5f3f1c,Middle Eastern Style Chermoula Pork,755.2581261950287,671,751.3881261950287,670
2026-W28,38,96f6f1c7-80f0-4796-8e8d-5dd905e29754,Sausages and Bratkartoffeln Inspired Potatoes,677.8202676864245,502.8,608.2002676864245,494.36
2026-W28,39,261c24ac-3560-425e-9d1d-46b74998fe0d,West African Style Spiced Chicken Thighs,802.8202676864245,698.5,731.1202676864244,688.5
2026-W28,40,325b7600-9959-425a-b411-697019fabf69,Chorizo and Yellow Courgette Pan-Fried Gnocchi,693.5946462715104,609.5,614.1546462715105,597.5
2026-W28,41,0c618e83-cb53-42f3-8b39-2e7d924caec5,Sweet Potato and Refried Bean Burrito Bowl,611.8546845124283,491.3,611.8546845124283,491.3
2026-W28,42,082015ce-724b-4ab8-a234-753e06a46956,Cheesy Gochujang Black Bean Quesadillas,985.4206500956022,513,847.5406500956022,495.45
2026-W28,43,44d4f4ac-6790-4796-9079-f49d5e9db51a,Simple Stovetop Veggie 'Nduja Mac & Cheese,869.980879541109,355.9,808.100879541109,349.46
2026-W28,44,b4135efd-408c-4556-b063-ab2d3525f25f,Blair's Tartan Army Mexican Style Spiced Soup,816.4435946462714,854.3,750.6935946462714,846.8599999999999
2026-W28,45,b7617534-1bb1-4615-8156-7693eb5e1c08,Veggie Peanut Noodle Stir-Fry,547.5621414913958,364.5,539.8221414913958,362.5
2026-W28,46,69714036-9d6b-4af3-8f80-1aec044448a4,Halloumi Steaks and Passion Fruit & Coriander Salsa,736.8546845124283,467.8,613.0946845124283,454.92
2026-W28,47,1d5d1a38-dfef-4798-9e75-3e1e9910fbac,Summer Bean Ratatouille and Rice,614.9617590822179,744.5,543.2617590822178,734.5
2026-W28,48,4d3749f3-61a1-4a26-8e40-13ba1f7df1c2,"Sweet Potato, Ginger & Garlic Tofu Stew",660.6118546845124,663.2,660.6118546845124,663.2
2026-W28,49,3df3522f-2461-4437-ad88-1d10ecc74e0b,Loaded Cheesy Veggie Burger and Fries,872.131931166348,577,868.6919311663479,576.11
2026-W28,50,8921d4fb-6b9d-4378-b77c-09fea94401af,Baked Goat's Cheese & Caramelised Onion Naanizza,598.7093690248565,318.5,598.7093690248565,318.5
2026-W28,51,d754a8cc-f4f0-4bea-8c93-b80e57a0f610,Arrabbiata Style Spinach and Ricotta Tortelloni,609.4646271510516,415.4,530.0246271510516,403.4
2026-W28,52,24daa5e9-ec21-4963-a2c5-80e875a860c7,Speedy Tomato Cajun Chicken,568.1166347992352,595.3,564.2466347992352,594.3
2026-W28,53,95440259-4121-466a-a19c-2b73098cfe79,Teriyaki-Sambal Chicken Donburi,587.9541108986615,580.5,534.4041108986615,572.11
2026-W28,54,7e1ca684-e153-4434-9e55-533bf6972f33,Warm Butternut Squash and Chorizo Salad,540.6309751434035,531.2,443.51097514340347,519.8988
2026-W28,55,2bd5f463-c2b9-49b4-9b93-15b9aa925925,"Sausage, Apple and Root Veg Traybake",563.3365200764819,703.5,563.3365200764819,703.5
2026-W28,56,11375659-6b65-4238-bbc9-493d670608a6,Pesto Baked Basa and Warm Tomato Salsa,549.2351816443595,481.9,413.8651816443595,466.02
2026-W28,57,a9b0dc8f-9dfd-4896-9141-108c4b68cac4,Family Favourite Thyme Roasted Chicken,560.4684512428298,709.8,560.4684512428298,709.8
2026-W28,58,1cbfbf91-e184-463b-96a5-d9bd1daf786b,Beef and Beany Quesadillas,594.6462715105163,419,590.7762715105163,418
2026-W28,59,17a3261f-d711-4c01-83dc-a5cb07c2468c,Cheesy Mash Topped Rich Pork Pie,660.3728489483748,579.9,656.5028489483748,578.9
2026-W28,60,161c7594-8c57-4324-86ad-dc87c691959f,Seared Chicken on Cashew & Miso Braised Chickpeas,780.3537284894837,647.9,708.6537284894837,637.9
2026-W28,61,43ae9d1a-018e-49c3-9473-1cf16f3dd4b9,Mediterranean Style Chicken Thighs,983.2695984703632,768.5,832.1295984703632,746.5
2026-W28,62,988c33bb-a170-4762-bae4-5918bd6dc886,21 Day Aged Rump Steak and Bacon Smashed Potatoes,894.359464627151,594,760.779464627151,577.56
2026-W28,63,cac6c141-1b1a-46d7-a3b8-947cdd70ee40,Herby Lamb Steak and Garlic Butter,586.2810707456979,525.5,482.7110707456979,511.06
2026-W28,64,f8155ea2-c59e-4a31-b8fc-a03ffac5a3a3,Roasted Salmon and Creamy Chive & Pea Tagliatelle,1473.2313575525811,733.7,1473.2313575525811,733.7
2026-W28,65,adc63c51-1951-42ad-b8a4-625fac5336e5,Chipotle Pulled Chicken and Chorizo Quesadillas,1551.1472275334606,820.4,1489.2672275334605,813.9599999999999
2026-W28,66,e9a10a5f-53a9-4b54-8ff6-493281418ff4,Serrano Wrapped Chicken and Cheesy Truffle Potatoes,685.4684512428298,641.5,685.4684512428298,641.5
2026-W28,67,7039da60-7589-414c-8636-6b384f418909,Thai Style Sea Bream Parcels & Sweet Chilli King Prawns,716.0611854684512,719,716.0611854684512,719
2026-W28,68,4a4fec81-dfdf-4a97-8a62-c8eb4e6c0665,Crispy Bacon Beef Burger and Creamy Truffle Sauce,1196.2237093690248,671.1,1126.6037093690247,661.8299999999999
2026-W28,69,f0775de7-444c-4d8f-b75f-7a41af12d224,Greek Style Chicken and Halloumi BBQ Skewers,1575.0478011472276,910.4,1485.6678011472277,901.0988
2026-W28,70,8cd70ebd-3abb-4a90-84da-7386fcc3b972,Pulled Teriyaki Fable Mushroom Bao,976.3384321223709,612,968.5984321223709,610
2026-W28,71,f136ea6e-7965-403c-8075-9874395f5d40,Korma Baked Basa and Chips,631.2141491395794,578.5,559.5141491395793,568.5
2026-W28,72,6099d55a-a597-4e01-babe-ebd846e7a94d,Curried Chicken Thigh Traybake,880.4971319311663,721.5,880.4971319311663,721.5
2026-W28,73,7357aea1-a36b-494f-9a68-8ae538e5bd3e,Loaded Beef Chilli Nachos,945.2676864244742,537,937.5276864244742,535
2026-W28,74,cb66c35a-1eda-401f-ae85-ec8bcbb84547,Crispy Serrano Caprese Bruschetta,483.0305927342256,416,412.5505927342256,407.34
2026-W28,75,287f3bf8-b1f3-4516-a422-c3bc9e4b1789,Marry Me Chicken,606.1185468451242,626,583.8185468451243,620
2026-W28,76,a743e98c-6fbb-4a12-877f-a99e7f598ab3,Chicken in Creamy Tarragon Sauce,548.2791586998088,601.3,548.2791586998088,601.3
2026-W28,77,88fa20cc-51e8-4f96-8069-2fd5ed9e6e7f,"Banging Bacon, Mustard and Mushroom Pie",624.5219885277246,718,523.7019885277246,700
2026-W28,78,9a90cb6f-fc63-4620-998b-93665c5ab0c9,Cheeseburger Inspired Beef Quesadillas Rapidas,961.0420650095602,493,891.4220650095602,484.56
2026-W28,79,ae69d039-fdae-419f-8059-e78b0c033549,Buffalo Style Chicken Salad,675.1912045889101,483.8,551.4312045889101,470.92
2026-W28,80,74dc4fb9-1d54-4df5-a19f-30bced7e247a,Cumberland Sausages in Mustard Cream Sauce,766.7304015296367,766.9,766.7304015296367,766.9
2026-W28,81,e802fd6b-74b7-4418-91d0-c735d3356096,Onion Bhaji Fritter Burger and Chips,808.7954110898661,709.8,727.9054110898661,686.91
2026-W28,82,6d708f30-ea65-4828-ae50-785644937bd1,Korma Spiced Paneer and Pepper Skewers,757.887189292543,510.5,757.887189292543,510.5
2026-W28,83,da492169-51a3-417b-95e7-8324b4ee2fc9,Tex-Mex Style Beef Enchilada Inspired Lasagne,902.246653919694,656.5,764.366653919694,633.72
2026-W28,84,a93ff751-546e-41d4-8037-c7cb7833b734,Crispy Bacon & Aubergine Parmigiana Inspired Salad,588.4321223709369,554,526.5521223709369,547.56
2026-W28,85,e114e847-8509-4123-812c-c0e2588d4b0d,Basa en Papillote and Sun-Dried Tomato Butter,523.6615678776291,546.5,380.2615678776291,526.5
2026-W28,86,8bca9d7d-a952-41d4-8623-834c81811250,"Bangers, Mash and Leek & Chive Sauce",617.8298279158699,579.5,617.8298279158699,579.5
2026-W28,87,f0701aa4-c3e2-4b58-a74b-b87f37656e64,Pan-Fried Pork Steak and Mustard Tarragon Sauce,567.1606118546845,665.3,567.1606118546845,665.3
2026-W28,88,9fd73402-9297-4abd-8167-cd82931c6cf0,Beef Cheeseburger Loaded Jacket Potato,755.9751434034416,707,674.7451434034416,695.56
2026-W28,89,c5c4c1f9-ce07-46ce-8ceb-5cef6fb98b37,Spiced Halloumi Steak and Hot Honey Sauce,835.3250478011472,490.8,658.1550478011472,467.36
2026-W28,90,00f265fd-a4f2-4487-a0a0-75512da40756,Creamy Chicken à la Normande,614.0057361376673,591.9,527.7457361376673,577.9
2026-W29,1,4ed65b7e-3660-487b-8c41-ccf525362db7,Fragrant Chicken Coconut Curry,716.7782026768642,652,637.3382026768643,640
2026-W29,2,c560e6c8-f3b2-49fb-b0c4-d1ac892693a2,Easy Cheesy Beef and Pork Chilli Loaded Sweet Potato,991.395793499044,870.8,987.525793499044,869.8
2026-W29,3,cdb7ef7d-6162-4625-9edb-1057c5fe2085,Pork Polpette in Rich Tomato Sauce,883.3652007648183,512.4,803.9252007648183,499.57
2026-W29,4,c61d12b7-7a86-4cfa-a781-4fb75b21af26,Teriyaki Chicken Tacos and Chips,759.321223709369,585.9,689.701223709369,577.4599999999999
2026-W29,5,66ee5299-f41b-48b2-bb75-c13a3c14b60d,Teriyaki Sesame Glazed Chicken Thighs,674.7131931166348,607.5,674.7131931166348,607.5
2026-W29,6,e7ebf5d7-fcb7-4285-8ac2-04503d4514ab,Pronto Pesto Pasta Verde,896.9885277246653,410.3,896.9885277246653,410.3
2026-W29,7,46813936-fb57-4187-9385-cce0ebecaef4,Smoky BBQ Pulled Chicken Buns,968.6902485659656,687.9,968.6902485659656,687.9
2026-W29,8,58da96e3-dbb2-4866-ae53-215c3a524d91,Family Favourite Mexican Style Pork Meatball Bowl,907.5047801147227,596.3,837.8847801147227,587.1899999999999
2026-W29,9,733bb7c6-330c-4c38-a1d3-f1fa76a08a59,"Chicken Korma, Coconut Rice and Flaked Almonds",945.0286806883365,730,945.0286806883365,730
2026-W29,10,e8bfaec7-b007-4a7c-b734-c9604fe03cc6,Naked Spiced Lamb Kofta Kebab Salad,630.736137667304,485.8,592.056137667304,479.75
2026-W29,11,38d03a5c-6c71-43db-9372-3ef1aa03c507,Chermoula Baked Chicken Thighs,760.2772466539196,571.3,760.2772466539196,571.3
2026-W29,12,69a05a3f-76bb-4c67-9596-520782a4084d,Spiced Pork Meatballs in Harissa & Garlic Sauce,786.5678776290631,670.3,778.8278776290631,667.4699999999999
2026-W29,13,e6c38940-6520-4b9e-b293-f0004d275fd2,Middle Eastern Inspired Beef Tagine,765.057361376673,694.5,685.617361376673,682.5
2026-W29,14,88584ea6-91e7-433c-982b-078a32284bcc,Chermoula Chicken Loaded Naan,974.1873804971319,461.8,908.4373804971319,454.36
2026-W29,15,0c896520-4ff4-491b-b1c6-30a1d3400aaf,Nohut Dürüm: Turkish Inspired Spiced Chickpea Wraps,717.4952198852773,544.8,709.7552198852773,542.8
2026-W29,16,ea8afb3c-71a2-4374-8aeb-5a576300f1e7,Spiced Chicken and Yellow Courgette Loaded Naans,922.0841300191204,654.5,914.3441300191204,652.5
2026-W29,17,9829ddc9-511d-460c-ac54-55b00035716d,"Chorizo, Summer Bean and Blistered Tomato Macaroni",672.0841300191204,311.3,600.3841300191203,301.3
2026-W29,18,88f6320f-e0c1-4bfa-a530-7c16c512c1d1,Campfire Style Cheesy Sausage Orzotto,931.4053537284894,707,923.6653537284894,705
2026-W29,19,f06ed6fc-ecaa-4873-b2cf-280eff8acb2a,Lily's Lovely Lamb Burgers in Harissa Onion Sauce,1040.3919694072658,646.8,934.9219694072658,632.5299999999999
2026-W29,20,0ad008f5-7968-4df4-a152-6dcf00501648,"Miso, Green Chilli and Yellow Courgette Rigatoni",808.3173996175908,711.3,772.4673996175908,706.3
2026-W29,21,9b5bc36e-c189-49c8-915c-10eb9c7f9c68,Sticky Spiced Onion & Summer Bean Braise on Bulgur,607.3135755258126,519.5,563.7235755258125,512.5
2026-W29,22,a1d61198-8081-449b-8f21-38fce4c87284,21 Day Aged Rump Steak and Warm Tomato Salsa,703.8718929254302,582.5,592.3418929254302,566.94
2026-W29,23,ce99a1d2-bc43-4571-ab93-d19cdb1316f4,Chipotle Pork Belly Tacos and Pineapple Chutney,1133.604206500956,639,1025.304206500956,625.8711999999999
2026-W29,24,07812ed6-a114-4cde-b1dc-2fafa9ff8ea4,Satay Duck Rice Bowl,1114.7227533460803,732.5,1035.2827533460802,720.5
2026-W29,25,275e20af-b91a-4f11-9b02-e5342d2c3ddf,Gochujang Salmon Poke Bowl,951.7208413001912,601.5,921.6308413001912,597.1724
2026-W29,26,d7796568-b22c-4f15-8da8-5b32e60eb030,"Garlic, Ginger and Soy Marinated Haddock",461.52007648183553,575,391.9000764818355,566.56
2026-W29,27,a0e6aa1a-dfe8-4d7e-8adf-c2336df74b8a,Cheesy Tuna Melt Style Naanizza,673.0401529636711,410.4,622.7501529636711,402.17999999999995
2026-W29,28,bc4f2252-c754-49fa-b85c-e3987c6f7e5e,Speedy Cajun Prawn Rigatoni,760.5162523900573,451.3,681.0762523900573,439.3
2026-W29,29,7e9557cb-3cfd-4041-a9f1-99add20e1ec7,Easy Beef Bolognese Orzo,692.1606118546845,463.9,684.4206118546845,461.9
2026-W29,30,33f1cc16-7946-4e9c-b485-35822e330e64,Ginger Chicken Yakisoba Inspired Noodles,587.4760994263862,420,587.4760994263862,420
2026-W29,31,3f01b234-79a4-4b6c-a607-8daf1d9fc84a,Sweet and Sticky Pork Stir-Fry,708.6520076481835,370.2,700.9120076481835,368.2
2026-W29,32,025ef15a-81a1-4062-a12d-81ce50b1505d,Lime Chicken and Amarillo Fiesta Rice Bowl,769.5984703632887,471.3,697.8984703632887,461.3
2026-W29,33,d0f06b06-45f3-4971-9d44-44890d47445f,Spiced Sriracha Chicken Sando,961.5200764818355,509.8,891.9000764818355,501.36
2026-W29,34,06ab2996-8810-48c9-9e8a-18f1c5e9f8e6,Easy Peasy Smoky Bacon Spaghetti,855.8795411089866,389,780.3095411089867,378
2026-W29,35,5de71179-bf8a-4567-aa90-25c3e37b7088,Amarillo Chilli Glazed Sausage Bake,796.6061185468451,493.3,734.7261185468451,486.86
2026-W29,36,32f4ae90-b1e2-4392-ba2a-0b901d16f36e,Indonesian Style Chicken Satay Traybake,618.3078393881453,558.8,610.5678393881453,556.8
2026-W29,37,8b18eee5-5fc6-4e19-8b79-8673f8155aab,Thai Inspired Chicken Noodles,538.9579349904398,373.5,535.0879349904397,372.5
2026-W29,38,46d92599-73bf-4749-9ab1-7f376d680f1a,Easy Peasy Beef and Veggie 'Nduja Bolognese,695.7456978967494,454.5,688.0056978967494,452.5
2026-W29,39,532645b2-eefa-4119-8e10-b8e3ab029954,Quick Peri Peri Chicken Couscous Bowl,738.7667304015296,594.3,659.3267304015296,582.3
2026-W29,40,819c41f8-070c-4973-a234-1044c805ff11,Baked Rosemary Chicken in White Wine & Leek Sauce,725.6214149139579,671.6,653.9214149139578,661.6
2026-W29,41,03b26251-ed3c-4169-ac0c-5b6315abf8a1,15 Minute Butter Chicken Masala,709.6080305927342,407.3,634.0380305927342,396.3
2026-W29,42,c36cec3d-8bbb-4215-b9e7-30b34420fb03,Teriyaki Pork Stir-Fry,771.0325047801147,450,771.0325047801147,450
2026-W29,43,b80fb272-5764-4ef4-999d-c572acdb7983,Air Fryer Crispy Chicken Breasts and Spiced Chips,821.9407265774378,676.5,678.1207265774378,655.28
2026-W29,44,00202a30-644b-44f7-a1ee-4797d32f7018,Air Fryer Teriyaki Beef Meatballs and Roasted Plums,682.1223709369025,512,674.3823709369025,510
2026-W29,45,93577cc6-e12b-4ce9-b82d-a64094ca8e39,Apricot Sausage Roll Air Fryer Bites,1419.2160611854683,619,1363.4460611854684,611.22
2026-W29,46,6bc57068-1edf-453f-9ef6-4e21b02bdd2a,Quick Spiced Lentil Moussaka Style Rice Bowl,675.4302103250478,570.3,671.5602103250478,569.3
2026-W29,47,7de1fc5e-aa8e-4267-97dd-c43f9a1e0e6d,Warm Roasted Tomato and Lentil Salad,536.8068833652007,458.5,436.24688336520074,446.84
2026-W29,48,4d33cc9b-6f3f-47f7-b24e-7ed54d16bd92,Spicy Cajun Tomato & Super Greens Rigatoni,718.2122370936902,420.7,638.7722370936901,408.7
2026-W29,49,de4b907a-8ffd-42a6-b389-7b9ad7eefae9,Creamy Cajun Spiced Butter Beans,824.0917782026768,696.3,744.6517782026767,684.3
2026-W29,50,a1c924d2-cc3f-4a29-8c20-b13354e64a0f,Falafel and Bulgur Tabbouleh Bowl,805.6883365200764,596.5,770.8783365200763,592.28
2026-W29,51,e71633d1-2c14-4bb2-830f-03a61df218b5,Greek Inspired Honey Glazed Halloumi,723.7093690248565,584.2,644.2693690248566,572.2
2026-W29,52,b99cb58d-6915-42ba-ac60-ee89bcc8bb62,Sweet Spiced Vegetable Biryani Style Rice,694.7896749521989,637.5,623.0896749521988,627.5
2026-W29,53,5e5ee73a-268a-4fda-8abc-9f5d8529ddc8,XO Glazed Tofu & Mushroom Fried Rice,672.3231357552581,570.3,650.0231357552582,564.3
2026-W29,54,11d60efe-a77c-49ee-a618-d73562d0a231,Indian Style Spiced Meat-Free Mince Tacos,586.5200764818355,427,516.9000764818355,418.56
2026-W29,55,eca24a43-3e3c-45ac-b2cd-7209860985de,Arrabbiata Style Pumpkin and Sage Girasoli,602.055449330784,415.4,522.615449330784,403.4
2026-W29,56,9d961706-5790-4987-9e82-9fbba5fb20c6,One Pan Red Thai Style Coconut Udon Soup,493.546845124283,574.5,485.806845124283,572.5
2026-W29,57,aa520b61-89c3-474d-b1ed-6daa5737ea5b,Cantonese Style Hoisin Chicken Noodles,542.0650095602294,392.5,542.0650095602294,392.5
2026-W29,58,8dec46c6-cfba-4e33-84e5-8fcf2c070c6c,One Pan Sesame-Ginger Miso Pork Udon,583.8910133843212,386.8,583.8910133843212,386.8
2026-W29,59,9f536e20-4c54-43a6-9f33-82dbae8b2a8c,Thai Green Style Chicken and Mushroom Curry,637.906309751434,468.2,637.906309751434,468.2
2026-W29,60,53ad00fb-e4a0-481a-a61a-be3704a2e14c,Sun-Dried Tomato Chicken and Pesto Pasta Salad,675.9082217973231,450,606.2882217973231,441.56
2026-W29,61,f6d09295-474a-46e8-9c68-86f8371ab6c1,Chermoula Spiced Chorizo and Black Bean Soup,651.2906309751434,685,651.2906309751434,685
2026-W29,62,3e527159-7f79-497d-b43c-74aa98ec292d,Korma Spiced Chicken and Pepper Skewers,617.8298279158699,551.5,549.06982791587,544.3424
2026-W29,63,3aaed9bb-7372-404c-8cd8-76455450041a,Roasted Chicken Breast and Creamy Mushroom Sauce,620.697896749522,630.9,554.947896749522,623.4599999999999
2026-W29,64,bb872299-6c88-473f-b641-50936277916d,Zesty Baked Basa and Homemade Salsa Verde,515.2963671128107,498.9,325.7863671128107,478.58
2026-W29,65,58ae33a7-0ad6-416b-9ef6-503d309fbb0a,Herby Chicken and Couscous Salad,562.1414913957934,508,492.5214913957934,499.56
2026-W29,66,bc59a9fb-b634-4730-ba3c-3e4239dcfee2,Honey Sesame Beef and Pork Stir-Fry,683.3173996175908,376.3,683.3173996175908,376.3
2026-W29,67,2f73d700-b565-4ca7-98ca-4b2534dff761,Speedy Spicy Cajun Chicken Macaroni,840.3441682600383,509.3,840.3441682600383,509.3
2026-W29,68,12b85e83-ad81-4af9-9303-518778002ce1,Herby Lamb Meatballs in Chermoula Tomato Sauce,662.284894837476,765.9,662.284894837476,765.0699999999999
2026-W29,69,dc6b0611-6b55-48bb-bd9e-c5bc786125c8,Green Chilli Curried Chicken Thighs,757.17017208413,586,757.17017208413,586
2026-W29,70,03198c6d-9cae-4b65-ab77-f742b4532606,Quick Thai Inspired Lentil Curry,989.9617590822179,686.7,989.9617590822179,686.7
2026-W29,71,8a584330-368b-4f50-8b8c-a927217a4358,Korma Baked Basa and Chips,631.2141491395794,578.5,559.5141491395793,568.5
2026-W29,72,f0ac4656-571f-4d7f-9523-54513787652e,Curried Chicken Thigh Traybake,880.4971319311663,721.5,880.4971319311663,721.5
2026-W29,73,feb27d70-6f64-4ee7-915f-993a52d740c4,Loaded Beef Chilli Nachos,945.2676864244742,537,937.5276864244742,535
2026-W29,74,33701357-1930-4993-b625-1cc97b3dab0b,Crispy Serrano Caprese Bruschetta,483.0305927342256,416,412.5505927342256,407.34
2026-W29,75,4ea3395f-0721-4927-9a4d-53ff47d88017,Marry Me Chicken,606.1185468451242,626,583.8185468451243,620
2026-W29,76,e98759f9-a7df-492f-868d-5dd37ab9e94d,Chicken in Creamy Tarragon Sauce,548.2791586998088,601.3,548.2791586998088,601.3
2026-W29,77,acb91110-6718-4a0f-a292-1516735dfa23,"Banging Bacon, Mustard and Mushroom Pie",624.5219885277246,718,523.7019885277246,700
2026-W29,78,41f657d8-de0b-44a7-a06d-5ddbebb87f3f,Cheeseburger Inspired Beef Quesadillas Rapidas,961.0420650095602,493,891.4220650095602,484.56
2026-W29,79,213dcdbf-dffd-432b-b173-c9206d72f8b8,Buffalo Style Chicken Salad,675.1912045889101,483.8,551.4312045889101,470.92
2026-W29,80,7eece20d-9453-4469-b210-90d8eab3510b,Cumberland Sausages in Mustard Cream Sauce,766.7304015296367,766.9,766.7304015296367,766.9
2026-W29,81,d4855d94-78c2-48a5-9f5d-847c1a79808e,Onion Bhaji Fritter Burger and Chips,808.7954110898661,709.8,727.9054110898661,686.91
2026-W29,82,55a7b58b-5c12-48b8-8627-a0d8cb177349,Korma Spiced Paneer and Pepper Skewers,757.887189292543,510.5,757.887189292543,510.5
2026-W29,83,6d3cc321-fa34-4fe0-9fc2-52b13c4f61c5,Tex-Mex Style Beef Enchilada Inspired Lasagne,902.246653919694,656.5,764.366653919694,633.72
2026-W29,84,babdfc91-1dc7-4627-ab2f-ec3ad99f8de3,Crispy Bacon & Aubergine Parmigiana Inspired Salad,588.4321223709369,554,526.5521223709369,547.56
2026-W29,85,df6ead3a-fbcf-483c-b50d-5db37a138d80,Basa en Papillote and Sun-Dried Tomato Butter,523.6615678776291,546.5,380.2615678776291,526.5
2026-W29,86,d40dcb07-98cd-4421-8ef1-ded15b22f7a2,"Bangers, Mash and Leek & Chive Sauce",617.8298279158699,579.5,617.8298279158699,579.5
2026-W29,87,3def620e-e9c3-4397-b26f-0f3d1a73f4c1,Pan-Fried Pork Steak and Mustard Tarragon Sauce,567.1606118546845,665.3,567.1606118546845,665.3
2026-W29,88,f683b4f1-81cd-48be-9e04-5562c0c5e2f8,Beef Cheeseburger Loaded Jacket Potato,755.9751434034416,707,674.7451434034416,695.56
2026-W29,89,2b1ddd6c-7bb5-43fd-862b-43bffca60bd9,Spiced Halloumi Steak and Hot Honey Sauce,835.3250478011472,490.8,658.1550478011472,467.36
2026-W29,90,4063e4cd-f936-4e1b-9a04-d0124ddd748d,Creamy Chicken à la Normande,614.0057361376673,591.9,527.7457361376673,577.9
2026-W29,91,39cb351e-ac7a-408f-9386-bd546c0e7b17,Hot Honey Crispy Chicken and Halloumi Burger,1123.3269598470363,686.8,1041.2269598470364,673.9699999999999
2026-W29,92,66b43771-7fc6-4bfd-b065-c80b2270f1d4,Speedy Pulled Beef Chilli Con Carne and Easy Rice,906.0707456978968,934,906.0707456978968,934
2026-W29,93,2ae85225-34f7-4d14-b667-098d45f7081d,Harissa Lamb Steak and Halloumi Mezze Bowl,1123.565965583174,735,1015.265965583174,721.34
2026-W29,94,87363321-a452-4121-b849-3ac492490517,21 Day Aged Sirloin Steak in Garlic & Chive Butter,855.8795411089866,523.5,686.4495411089865,502.06
2026-W29,95,8cee2a66-fc9f-47bd-aa9a-f90e5f43507b,Turkish Inspired Chermoula Chicken Shawarma,1167.7820267686425,1038.3,1102.0320267686425,1030.86
2026-W29,96,1f248458-c3cf-4c60-a1e6-1e6437ddf65d,Crispy Sea Bream on King Prawn Tagliatelle,847.5143403441682,562.5,816.5743403441681,559.28
2026-W29,97,1f359f41-dd02-48e1-b1e1-fbcd1ddf9e6f,Smoky BBQ Pulled Pork Bao,1252.151051625239,725.3,1248.2810516252391,724.3
2026-W29,98,ae5a8b02-f896-4588-8d16-5c82fc392872,"Cheddar, Chicken and Chorizo Enchiladas",1244.7418738049712,987.9,1237.0018738049712,985.9
2026-W29,99,44dd4165-b59e-4722-91ef-203b568eaaab,BBQ Jerk Style Chicken and Mango Glazed Sausages,953.3938814531548,771,891.5138814531548,764.56
2026-W29,100,d2d02cda-2e70-448d-b40d-f2c265eb3f6c,Fable Mushroom and Charred Corn Veggie Tacos,1102.0554493307839,701.3,1032.4354493307837,692.8599999999999
2026-W30,1,85e84d89-e7f6-40ad-ab6a-ea6ee795fd26,Korma and Mango Chutney Glazed Chicken,551.3862332695984,544,551.3862332695984,544
2026-W30,2,7663310d-b114-4452-8a1f-74d638b4cdbc,BBQ Beef and Pork Cheeseburger,921.3671128107075,560.8,858.6271128107074,552.2475999999999
2026-W30,3,d44f77c9-3c0c-4771-8580-b8862214bb6e,Easy Pork Chilli Burrito Bowl,954.8279158699809,633.5,892.9479158699809,627.06
2026-W30,4,d5143c57-e02d-4295-a8a8-72661b22023a,Layered Creamy Chicken Pasta Bake,758.604206500956,648.4,747.4242065009561,645.51
2026-W30,5,9aaeb155-54da-4485-9242-73fa8a718077,Cosy Coronation Chicken Pie and Roasted Carrots,762.189292543021,789,747.629292543021,785
2026-W30,6,691b01d0-c165-47db-a597-134bbfb92a9b,Red Thai Style Sweet Potato Curry and Zesty Rice,780.831739961759,802,773.091739961759,800
2026-W30,7,fd7bfbe0-f9d6-4206-b6f1-bdb34f7e01c7,Build Your Own: Oregano Chicken Gyros,684.2734225621415,673.3,676.5334225621415,671.3
2026-W30,8,64b9e3a6-ad28-4aaf-89e4-6ba58fe6480b,Family Favourite Pork Polpette Topped Naanizza,1043.9770554493307,438.6,935.6770554493307,424.6412
2026-W30,9,1944639f-f432-48c1-a08d-5e527b4e9688,Cheesy Piggy Pie and Peas,826.0038240917781,833.5,818.2638240917781,831.5
2026-W30,10,98e7d3d4-902e-4084-bd1b-488cc842b882,BBQ Chicken Wings,999.5219885277246,630.8,929.9019885277246,622.3599999999999
2026-W30,11,d4bd5ad8-11f9-4bd0-856f-0072f0485aaf,Chermoula Chicken on Caramelised Onion Lentils,730.640535372849,656,726.7705353728489,655
2026-W30,12,4a8a96b6-ca13-4fe5-878c-ddffe0d12fb3,Chermoula Pork Koftas and Greek Style Fries,639.34034416826,518.8,635.47034416826,516.9699999999999
2026-W30,13,fef95539-1b2c-497b-bed9-377a55457de6,Harissa Beef Stuffed Courgettes,695.9847036328872,735,695.9847036328872,735
2026-W30,14,e45fe3c3-e277-42c3-956a-5186d61c2410,Albaloo Polo Inspired Sour Cherry & Lamb Rice,641.7304015296367,602,641.7304015296367,601.17
2026-W30,15,3d8f01d3-97d2-4279-bb15-37c79f3f69e2,Smoky Tagine Inspired Butternut and Chickpeas,547.5621414913958,806.3,468.9821414913958,794.52
2026-W30,16,a68f2b03-5a77-4fc9-840f-34721d6b650c,Fig Jam and Serrano Ham Panzanella Salad,611.6156787762906,491.3,483.98567877629057,477.42
2026-W30,17,48a35bac-ebe6-4d4a-9f2b-6b57d2c94231,Baked Chicken Thighs and Summer Bean Almond Salad,839.8661567877629,590,839.8661567877629,590
2026-W30,18,50894082-d1e9-498f-8860-4f3bea3b2860,Caribbean Style Jerk Chicken Thighs,937.6195028680688,612.8,744.2395028680688,591.4799999999999
2026-W30,19,54ed10d8-c2bc-45d8-b8e7-84e97e639268,Honey Mustard Chicken & Thyme Bread Sauce,669.4550669216061,735.3,521.5050669216062,610.3
2026-W30,20,bb1c2190-8f98-44a6-a54d-f4b63e119672,"Creamy Veggie 'Nduja, Sweet Potato and Onion Tart",1271.51051625239,547.5,1205.33051625239,539.9499999999999
2026-W30,21,b6506c2f-23df-446e-b04f-3b63cb898188,Green & Yellow Courgette Cheesy Summer Tart,1190.0095602294455,765.5,1124.2595602294455,758.06
2026-W30,22,03b11a4e-8f69-4834-8c07-d6fd17438efb,Rump Steak & Roast Veg Loaded Pearl Couscous,941.6826003824092,786.5,879.8026003824092,780.06
2026-W30,23,a432cf19-ff8e-4893-9eed-fdab9b5c61d7,Bavarian Style Pork Belly and Homemade Apple Sauce,588.6711281070745,828.4,580.9311281070745,826.4
2026-W30,24,fb261c87-add0-4194-84d5-4b43e3ccebe8,Confit Duck in Sticky Fig Sauce,868.7858508604206,636,797.0858508604206,626
2026-W30,25,b888c8a5-c27d-4532-a4d3-e33fdfdcdfa4,Teriyaki Salmon Poke Style Bowl,624.5219885277246,503,562.6419885277246,496.56
2026-W30,26,01c666b9-40ae-4e42-b644-57d0b133aa08,Baked Basa and Creamy Pesto Pasta,733.5086042065009,410.8,733.5086042065009,410.8
2026-W30,27,75278002-d323-4dca-b111-2a70698e0903,Malaysian Prawn Kapitan Style Curry and Jasmine Rice,751.434034416826,562,743.694034416826,560
2026-W30,28,23e254aa-68fd-4d75-b587-efaeaaa127ba,Traybake Prawn and Pepper Fajitas,666.8260038240918,565.5,666.8260038240918,565.5
2026-W30,29,a34e24ad-926a-460e-a222-184b6908415e,Peri Peri and Creme Fraiche Beef Pasta,807.1223709369025,520.8,799.3823709369025,518.8
2026-W30,30,58317c68-f4b3-4640-9743-24d2661ade40,15 Minute Thai Green Style Chicken Curry,670.1720841300191,463.2,670.1720841300191,463.2
2026-W30,31,3013c39e-8c4a-4ac7-a29d-11eb206ec0db,Super Quick Cheeseburger Inspired Rice Bowl,850.3824091778203,398.8,850.3824091778203,398.8
2026-W30,32,5cd41bb9-857f-4bb2-8658-324e412f04ff,Easy Peasy Zanzibar Style Chicken,650.3346080305927,405,650.3346080305927,405
2026-W30,33,0a1ed288-350e-4a1d-a8fa-1dab30dfd82c,Creamed Cajun Chicken and Corn Rice Bowl,971.3193116634799,576.8,935.4693116634799,571.8
2026-W30,34,c243485b-b814-4add-a449-565eb697ed14,Easy Peasy Buffalo Inspired Pork Rice Bowl,829.8279158699809,465.4,758.1279158699808,455.4
2026-W30,35,e4ad13dd-a680-41fb-8051-9bc451068b49,Curried Roasted Veg and Sausage Traybake,680.2103250478011,548.5,680.2103250478011,548.5
2026-W30,36,cd3fb1bc-5a55-4c3d-ab4b-f0adfb6cc921,Put Your Feet Up Goan Style Chicken Traybake,781.548757170172,585.5,781.548757170172,585.5
2026-W30,37,9f92026b-dc1d-49f5-953f-8f16ae76de2b,Speedy Peri Peri Chicken Thighs and Spiced Chickpeas,945.9847036328872,709.8,866.5447036328871,697.8
2026-W30,38,85420a9e-7d83-4a26-a651-1f9e0bc16ca9,Speedy Beef and Red Wine Open Pie,560.4684512428298,589.5,552.7284512428298,587.5
2026-W30,39,8e470eab-e6f3-4e4b-a21b-0e2108b59368,Easy Peasy Chorizo Linguine,792.5430210325047,336.2,784.8030210325047,334.2
2026-W30,40,acc8f865-558b-412a-a8db-f05508d970b7,Chorizo and Yellow Courgette Pan-Fried Gnocchi,693.5946462715104,609.5,614.1546462715105,597.5
2026-W30,41,3dece98f-8d66-40ea-a4d7-d72df2f9dbe6,Build Your Own: Asian Style Crispy Chicken & Rice,873.0879541108986,654.3,793.6479541108986,641.63
2026-W30,42,f22cc4b4-79d5-4f26-a20e-5129e5f6f979,Swedish Style Creamy Dill Chicken,694.3116634799235,674.3,622.6116634799234,664.3
2026-W30,43,c974aaad-fc22-4ebd-a0c4-a8c4ad6f0bf5,Air Fryer Miso Peanut Chicken Udon Noodles,741.395793499044,573.5,741.395793499044,573.5
2026-W30,44,70029eec-38e8-431e-82c5-c0d9dbfc5555,West African Style Air Fryer Beef Skewers,722.5143403441682,500.8,722.5143403441682,500.13
2026-W30,45,ec9545f2-c2dc-41ff-8a48-bf0dcb3b2649,Air Fryer Peri Peri Pork Steak and Herby Potatoes,551.3862332695984,486.7,551.3862332695984,486.7
2026-W30,46,32b125d0-52a0-4192-904b-ce115360c475,Yi Mein Inspired Longevity Noodles,502.151051625239,355.5,403.931051625239,345.2788
2026-W30,47,34dd89d7-2ddd-43db-af1d-f28af20a5226,Speedy Chipotle Bean Chilli,762.6673040152963,697.5,690.9673040152962,687.5
2026-W30,48,4f350379-ad15-4a5b-bb9c-353eaf316448,"Warming Ginger, Cauliflower and Coconut Bowl",663.9579349904398,584.5,656.2179349904397,582.5
2026-W30,49,87768beb-213f-441e-8e32-79db40aa748d,Spinach and Ricotta Tortelloni in Spicy Cajun Sauce,712.2370936902486,467.3,632.7970936902486,455.3
2026-W30,50,6a448b53-d508-4a3b-8d1f-a62572fc1ba1,Harissa Butternut Squash Tacos,870.697896749522,763.2,862.957896749522,761.2
2026-W30,51,66067033-a871-4a11-a30e-80caabe3b4e2,Halloumi Thai Red Style Curry,858.2695984703632,438.2,858.2695984703632,438.2
2026-W30,52,780c7536-2b75-4b48-8c09-e4ebe7447295,Summer Bean Ratatouille and Rice,614.9617590822179,744.5,543.2617590822178,734.5
2026-W30,53,36580e52-dd2c-4016-86ea-f15da75b3901,Indonesian Style Spiced Tofu in Sweet Hoisin Sauce,846.0803059273422,627.8,754.1603059273423,612.24
2026-W30,54,6d73f3a8-e68b-49fe-9092-4177721b57e9,Peri Peri Meat-Free Cheeseburger Inspired Bowl,575.5258126195029,514.8,503.82581261950287,504.79999999999995
2026-W30,55,46d306e6-175b-47ee-82ab-c773f85e5e43,"Earthy Truffle Mushroom, Spinach and Filo Pie",613.5277246653919,650,613.5277246653919,650
2026-W30,56,0a94c521-31f4-40d0-960d-ac1d6d332e1e,Quick Curried Roasted Chickpea Salad,534.8948374760994,395.5,450.66483747609936,386.7324
2026-W30,57,05df5499-3dc7-442c-bacd-a0dc707514c1,Bulgogi Chicken Stir-Fry,524.378585086042,402.5,524.378585086042,402.5
2026-W30,58,7b8a30b4-8da8-4900-ab8d-abe33649b22d,"Speedy Ginger, Lime and Garlic Coconut Chicken",641.0133843212237,449.5,633.2733843212237,447.5
2026-W30,59,b023a373-a27c-4d30-9a2b-69d8d008944c,Peri Peri Chicken and Chips,567.6386233269599,549.3,440.0086233269599,535.42
2026-W30,60,05092fd8-cb3b-437b-b4c5-e24789cdb793,Middle Eastern Style Lamb Meatballs in Cherry Sauce,581.7399617590822,604.3,581.7399617590822,603.63
2026-W30,61,d16aa9a9-e228-4ec4-9f71-247b82c9066d,Cured Ham Tortelloni in Veggie 'Nduja Sauce,532.2657743785851,427,524.5257743785851,425
2026-W30,62,ace739c5-9050-4882-86d5-f3aa61513566,Greek Style Lemon and Herb Chicken Salad,639.8183556405354,543,508.3183556405354,528.12
2026-W30,63,008d7939-abac-44b7-a8c3-55368736a106,Lamb Rogan Josh Pilaf,635.2772466539196,442.5,635.2772466539196,442.5
2026-W30,64,b389869c-219d-4f74-ba0f-d4a451b0e71c,Lemon and Herb Barramundi in Garlic Butter,547.3231357552581,633.3,443.75313575525814,618.8599999999999
2026-W30,65,bec7a941-c7e7-4b8a-a466-d840234bb8ac,Cajun Spiced Chicken and Chive Dressing,604.4455066921606,531.3,480.68550669216063,518.42
2026-W30,66,3027b7a1-d742-4333-8b4d-53d185b686b5,"Red Wine, Mushroom and Beef Rigatoni",772.227533460803,518.8,692.7875334608029,506.79999999999995
2026-W30,67,9cdf8184-2c50-4c7e-ad3a-50d827f33070,Pesto Chicken Traybake and Garlic Rice,666.586998087954,560.4,594.886998087954,550.4
2026-W30,68,8b04ac6d-5f3f-4442-8bfb-e5e81f35dfc4,Mexican Style Chicken and Charred Veg Salad,707.9349904397706,499.8,603.9349904397706,487.7812
2026-W30,69,980d8798-003c-402b-92fe-60c23eba1a4a,Quick Beef & Bean Chilli,909.6558317399617,774.5,901.9158317399617,772.5
2026-W30,70,a1563f6d-3c0c-42a8-87ed-8a70ded04058,Warm Cajun Spiced Sweet Potato Salad,703.3938814531549,601.5,579.6338814531549,588.62
2026-W30,71,279ed1d2-fe4c-4605-a283-f478cd1b561d,Korma Baked Basa and Chips,631.2141491395794,578.5,559.5141491395793,568.5
2026-W30,72,3c78127e-adac-4aa2-9905-1f81061aabea,Curried Chicken Thigh Traybake,880.4971319311663,721.5,880.4971319311663,721.5
2026-W30,73,5b759ec7-a30b-4bc8-8025-4c613510aeca,Loaded Beef Chilli Nachos,945.2676864244742,537,937.5276864244742,535
2026-W30,74,e465bdde-138d-4c23-a410-3d908195f6d5,Crispy Serrano Caprese Bruschetta,483.0305927342256,416,412.5505927342256,407.34
2026-W30,75,85ad87e2-b6b5-42e7-bc89-06bf239fff14,Marry Me Chicken,606.1185468451242,626,583.8185468451243,620
2026-W30,76,3e716bc7-bdbe-48d8-935f-fad2419faded,Chicken in Creamy Tarragon Sauce,548.2791586998088,601.3,548.2791586998088,601.3
2026-W30,77,249a56d5-d9d8-4b3b-8631-cda4cc411a1c,"Banging Bacon, Mustard and Mushroom Pie",624.5219885277246,718,523.7019885277246,700
2026-W30,78,004d3c94-f88c-45c2-bcc9-0a844f17a4bd,Cheeseburger Inspired Beef Quesadillas Rapidas,961.0420650095602,493,891.4220650095602,484.56
2026-W30,79,e3d0e72f-2737-4af2-9b9c-77dffc97323c,Buffalo Style Chicken Salad,675.1912045889101,483.8,551.4312045889101,470.92
2026-W30,80,e162f389-85e8-4f4d-a5cc-e3f31f84b4d0,Cumberland Sausages in Mustard Cream Sauce,766.7304015296367,766.9,766.7304015296367,766.9
2026-W30,81,37278786-0492-47e6-93de-b785260ffc64,Onion Bhaji Fritter Burger and Chips,808.7954110898661,709.8,727.9054110898661,686.91
2026-W30,82,46bde034-3097-4090-96e1-4b1aa3e33c92,Korma Spiced Paneer and Pepper Skewers,757.887189292543,510.5,757.887189292543,510.5
2026-W30,83,df96ead0-52cd-4805-99b0-12669ded19de,Tex-Mex Style Beef Enchilada Inspired Lasagne,902.246653919694,656.5,764.366653919694,633.72
2026-W30,84,3b4f0103-52de-4e0e-b2a4-b1a628d56af9,Crispy Bacon & Aubergine Parmigiana Inspired Salad,588.4321223709369,554,526.5521223709369,547.56
2026-W30,85,7cf9a27d-fdb1-431a-aa4b-7b7777a27695,Basa en Papillote and Sun-Dried Tomato Butter,523.6615678776291,546.5,380.2615678776291,526.5
2026-W30,86,99671998-f70e-47b5-b983-736a3ede3cd0,"Bangers, Mash and Leek & Chive Sauce",617.8298279158699,579.5,617.8298279158699,579.5
2026-W30,87,07d2f512-f1dc-47fe-af07-a25878dbae33,Pan-Fried Pork Steak and Mustard Tarragon Sauce,567.1606118546845,665.3,567.1606118546845,665.3
2026-W30,88,185ca167-1fdd-4b36-8a4c-7faecaf4a545,Beef Cheeseburger Loaded Jacket Potato,755.9751434034416,707,674.7451434034416,695.56
2026-W30,89,d792803f-f999-438a-af96-7d734c00f6ba,Spiced Halloumi Steak and Hot Honey Sauce,835.3250478011472,490.8,658.1550478011472,467.36
2026-W30,90,cdb5ebcd-53f1-46ba-a16a-be707e72dc66,Creamy Chicken à la Normande,614.0057361376673,591.9,527.7457361376673,577.9
2026-W30,91,a824f75e-d52a-4de7-aef9-36c2f9022f36,Hoisin Pulled Pork Tacos and Fries,1338.432122370937,849.5,1334.562122370937,847.67
2026-W30,92,c3c426b1-138c-4e32-87a2-0fa6591a64aa,Ultimate Chicken Korma and Basmati Rice,1231.1185468451242,825,1159.4185468451242,815
2026-W30,93,5a870fe4-0c79-4902-873a-a92edb259c26,Chimichurri 21 Day Aged Rump Steak Surf and Turf,811.9024856596558,661.8,622.3924856596558,641.4799999999999
2026-W30,94,9bbd4cb3-ffd6-4b4e-bc47-3a80cf649cba,Monkfish in Chorizo Butter and Tomato Tagliatelle,912.5239005736138,508.5,876.6739005736138,503.5
2026-W30,95,e4fbcfd6-b214-49b3-9ef6-f1eae72e6186,Seared Lamb Steak and Red Wine Jus,750.4780114722753,700,750.4780114722753,700
2026-W30,96,fafe400d-713e-42d0-a546-817252e44ebc,Pan-Fried Sea Bream and Miso-Maple Sauce,668.4990439770554,668,589.0590439770554,656
2026-W30,97,93f93644-958c-47a1-9cb8-dcde20f41c99,"Chicken, Chorizo & Mushroom Tagliatelle Alfredo",1228.7284894837476,724.5,1126.0884894837475,711.28
2026-W30,98,bb2457e7-8d00-43f8-a3d8-b0eddf418473,Peri Peri Chicken Burger and Halloumi Fries,1229.2065009560229,785.5,1214.646500956023,780.67
2026-W30,99,a59c39fd-e24d-4c70-92eb-90f6f181896e,Korean Style Braised Pork Belly and Sticky Rice,812.6195028680688,534.3,716.4795028680688,523.0999999999999
2026-W30,100,de0dfd37-0fc1-4627-be6d-6cbda1191d13,Burrata Topped Triple Mushroom Tagliatelle,1251.4340344168259,692.3,1251.4340344168259,692.3
2026-W31,1,4eb1d819-d02e-4d55-8d41-65702174bc72,Crispy Chicken Goujons and Cheesy Wedges,717.7342256214149,566,717.7342256214149,565.17
2026-W31,2,828c6c92-13cb-4597-96e6-6c4a7caa3cbd,Speedy Cajun Beef and Pork Pepper Rigatoni,867.5908221797323,519.2,859.8508221797323,517.2
2026-W31,3,1f8d7a04-69aa-4bb6-918a-0efc8e41533d,Mexican Style Cheesy Pork Nachos Rapidos,1062.3804971319312,678.5,982.9404971319311,666.5
2026-W31,4,632c9314-1377-4f5f-ab41-2f170580ab29,Beef Cheeseburger Inspired Tacos,833.6520076481835,675.7,829.7820076481835,674.7
2026-W31,5,d8db3d49-48a1-4e18-bfac-32251e32e728,Spiced Pork Pilaf and Mango Chutney,888.3843212237093,673.5,812.8143212237094,662.5
2026-W31,6,0690223c-f8de-4f24-b4af-1b0af49fb7f1,Roasted Vegetable Lasagne,724.4263862332696,607.3,716.6863862332696,605.3
2026-W31,7,2638843c-fb11-4b6a-a7ec-3637406d4895,Build Your Own: Cheesy Baked Potato Bar,801.1472275334608,589.5,765.2972275334607,584.5
2026-W31,8,e6cd3391-a3d7-4082-b9db-83af8eb9b893,Family Favourite Chicken Milanese and Cheesy Chips,735.4206500956022,693.8,665.8006500956022,684.6899999999999
2026-W31,9,396aebfe-8442-4b64-a923-a9d6867c714b,"Chorizo Pizza Pinwheels, Wedges and Aioli Dip",1389.34034416826,680.4,1389.34034416826,680.4
2026-W31,10,8a7af3d2-ddc3-4134-a8dd-3603d13562b8,Naked Spiced Lamb Kofta Kebab Salad,630.736137667304,485.8,592.056137667304,479.75
2026-W31,11,b9ca92c7-f986-458d-be7b-f0a7da04aaa1,Chermoula Baked Chicken Thighs,730.640535372849,571.3,730.640535372849,571.3
2026-W31,12,18bb1ecc-f4a4-460a-a2b9-96a726b0e67b,Spiced Pork Meatballs in Harissa & Garlic Sauce,786.5678776290631,670.3,778.8278776290631,667.4699999999999
2026-W31,13,e4b96bbb-45f5-4fc8-9441-86be5a3e47fe,Middle Eastern Inspired Beef Tagine,765.057361376673,694.5,685.617361376673,682.5
2026-W31,14,f033a42a-cda6-462d-8844-878b6ddf50f9,Chermoula Chicken Loaded Naan,974.1873804971319,461.8,908.4373804971319,454.36
2026-W31,15,11c05593-465f-42d9-8ddf-71b6b73a2589,Middle Eastern Style Roasted Butternut Squash Bowl,766.9694072657743,546.5,697.3494072657743,538.06
2026-W31,16,2ed84ad2-77ee-41c1-a8f1-89274b84646d,Spiced Chicken & Yellow Courgette Loaded Naans,922.0841300191204,654.5,914.3441300191204,652.5
2026-W31,17,549aa47f-5b05-4bc7-a069-129f9ec8f814,"Chorizo, Summer Bean and Blistered Tomato Macaroni",672.0841300191204,311.3,600.3841300191203,301.3
2026-W31,18,cb98d08f-d4d5-4772-9565-a9b1df078b7a,Fuss-Free Teriyaki Chicken Traybake,598.7093690248565,515.2,598.7093690248565,515.2
2026-W31,19,425ad425-aef4-4329-9d6d-77a9ff9b7b2a,Thyme Chicken and Gravy Midweek Roast,736.6156787762906,968.3,599.9456787762906,945.3
2026-W31,20,3b38e118-edf5-449e-bfca-652d02d1da4d,"Miso, Green Chilli and Yellow Courgette Rigatoni",809.7514340344168,711.7,773.9014340344168,706.7
2026-W31,21,3a2a486b-2f10-4995-90b0-55e8d225ed9a,Sticky Spiced Onion & Summer Bean Braise on Bulgur,607.3135755258126,519.5,563.7235755258125,512.5
2026-W31,22,efa0dc11-6157-4ee0-8de3-be8b038b1306,21 Day Aged Rump Steak and Cheesy Garlic Mash,799.2351816443594,843.5,727.5351816443593,833.5
2026-W31,23,5fdd5e92-84e7-4ae3-b7db-475acf5ea5fa,Garlic Butter Lamb Steaks,679.9713193116635,666.5,604.4013193116634,655.5
2026-W31,24,17989ade-8b62-4450-95d4-041ccb8d7cd5,BBQ Pulled Duck Burger,1265.774378585086,708,1200.024378585086,700.56
2026-W31,25,665c5824-ad17-4f8d-a7f1-ec08000bc70a,Super Quick Tandoori Salmon,717.7342256214149,515.5,651.9842256214149,508.06
2026-W31,26,f44ba866-9c23-4c34-bf7e-fda21bafa9aa,Smørrebrød Inspired Smoked Salmon Open Sandos,664.6749521988528,567,664.6749521988528,567
2026-W31,27,4f931f9e-c66c-40c4-9185-064facb1fab7,Crispy Fish Fillet Burger and Chips,948.3747609942639,700.5,940.6347609942638,698.5
2026-W31,28,c3751c5f-e7cf-4734-860d-f7b63df095be,Fragrant Teriyaki Prawn Stir-Fry,446.22370936902485,395,384.34370936902485,388.56
2026-W31,29,ea31bac1-a740-456f-8f2a-cfa88af2a7d9,Chermoula Spiced Beef and Pearl Couscous Bowl,648.9005736137667,474.5,641.1605736137667,472.5
2026-W31,30,30e54986-bfaa-4330-bb84-91dad5d562c3,Mediterranean Style Chicken Cassoulet,531.548757170172,622,452.10875717017205,610
2026-W31,31,f4ec0e8e-d783-4429-bd21-bcb68cb9d2f4,Super Quick Chorizo and Bean Stew,549.4741873804971,540.9,549.4741873804971,540.9
2026-W31,32,71355ba4-76fd-4125-bbb2-64f78d4eec6d,Fragrant Red Thai Style Chicken Noodle Laksa,652.4856596558317,553.5,648.6156596558317,552.5
2026-W31,33,c6325a95-23eb-438e-a0dd-3744f35361ca,Tex-Mex Style Smoky Chicken Couscous Bowl,623.8049713193117,593.8,544.3649713193117,581.8
2026-W31,34,8f69989d-28a1-408a-9db3-cb76e5ce687a,Pronto Spiced Ham Tortelloni,684.5124282982791,499.3,684.5124282982791,499.3
2026-W31,35,e5b81e12-af0b-4a99-913c-64769a21addd,Honey Glazed Sausage Bake and Bravas Inspired Sauce,707.4569789674952,663.9,707.4569789674952,663.9
2026-W31,36,0d92442c-9c63-4116-b041-a2d8eba2988b,Thai Green Style Chicken Curry,632.887189292543,434.2,629.017189292543,433.2
2026-W31,37,d6bc0415-3cf1-4c83-9ac4-e0864664090d,Harissa Chicken Loaded Naans,633.8432122370937,403.8,633.8432122370937,403.8
2026-W31,38,7c161a9a-099b-42e4-83a1-7810906aa0dc,Super Quick Beef Cheeseburger Inspired Rice Bowl,763.623326959847,400.8,755.883326959847,398.8
2026-W31,39,ec245c05-aa4f-44d6-932a-0c0fda88ccce,Speedy Thai Inspired Pork Noodles,721.7973231357553,408.2,721.7973231357553,408.2
2026-W31,40,197d8540-c8c2-4607-b385-0555431420ce,Quick Fragrant Pork and Mushroom Stir-Fry,665.8699808795411,356,661.9999808795411,355
2026-W31,41,5390f496-84a3-48a1-96e0-f6edde447499,General Tso's Inspired Chicken,910.6118546845124,531.5,874.2118546845124,521.5
2026-W31,42,91e05582-92cb-42fb-863a-a6b0aa755aad,Quick Chicken and Pesto Cream Sauce,783.9388145315487,722.5,732.1588145315487,715.28
2026-W31,43,119bd14f-912c-4ea6-a571-37579e1088d2,Air Fryer Cheesy Chicken Parmigiana Burger,812.6195028680688,519.3,790.3195028680689,513.3
2026-W31,44,4f56b7b5-37d6-4b6d-b99d-2ad867b1548a,Air Fryer Sweet Chilli Pork Steaks,593.6902485659656,590,593.6902485659656,590
2026-W31,45,e72a835f-e3e5-4012-ae03-07c5409a4729,Air Fryer Smoky Cherry Glazed Pork Meatballs,759.321223709369,520.3,759.321223709369,520.3
2026-W31,46,964e52f4-5050-453f-a75a-54b2307ed883,Red Thai Style Curry and Vegetable Gyozas,716.0611854684512,462.7,708.3211854684512,460.7
2026-W31,47,ae69c92e-7b88-432b-9036-fe441f5eda4a,Umami Miso Mushroom Rigatoni,764.5793499043976,400.5,692.8793499043976,390.5
2026-W31,48,2eb31fe7-f906-4250-a416-2c557102a3b6,Oh So Speedy Pearl Couscous & Chickpea Minestrone,844.6462715105163,631.3,801.0562715105162,624.3
2026-W31,49,c0b7220c-c55f-4b72-857f-663ad3f3c1e4,Creamy Chickpea Korma,814.2925430210324,487.5,814.2925430210324,487.5
2026-W31,50,1c435e11-25da-4a12-ba1f-59819e9b276c,"Caramelised Onion, Cheddar and Roasted Pepper Tart",1121.414913957935,503.5,1040.614913957935,493.2324
2026-W31,51,195dd824-9750-4058-934c-496a0412f240,Hot & Spicy Halloumi and Chilli-Tomato Relish,873.3269598470363,641,795.9669598470363,630.56
2026-W31,52,e06e9447-e8e2-44e6-bcd0-8692e0891d5f,Classic Meat-Free Mince Spag Bol,687.8585086042065,503.9,608.4185086042064,491.9
2026-W31,53,ec243533-5e51-45ac-ab54-7cc8bd7cb119,Crispy Tofu Katsu Curry Tacos,983.7476099426386,733,969.1876099426387,729
2026-W31,54,1a519df3-74f3-41c7-8222-5041e408a766,Super Cheesy Burrata and Harissa Naanizza,1022.4665391969406,682.5,1014.7265391969406,680.5
2026-W31,55,f1630ea0-ddea-43fb-aac2-be9bbe46b477,Romesco Roasted Cauliflower Salad,624.5219885277246,610.4,454.3419885277246,590.3
2026-W31,56,8c499141-a561-41e2-ba2f-7ce6d61682c9,Cheesy Veggie Lentil Ragu Stuffed Pepper,571.7017208413001,680.3,502.0817208413001,671.8599999999999
2026-W31,57,46c574dc-0dce-4b1c-b17f-07ae9eb329c1,One Pot Ginger and Lime Chicken Noodle Soup,536.3288718929255,683.2,536.3288718929255,683.2
2026-W31,58,eb95396e-e6db-4a4e-9918-de91ea683f63,Quick Spicy Chicken and Pepper Bulgur,542.0650095602294,481.8,542.0650095602294,481.8
2026-W31,59,0a1a6477-f66f-4612-95fb-73f224336218,Chermoula Chicken and Warm Panzanella Pasta Salad,631.2141491395794,419.5,569.3341491395794,413.06
2026-W31,60,10da36d0-5fa5-487a-9880-62be40a8d753,Chilli Beef Burrito Bowl,625.9560229445507,697.1,618.2160229445507,695.1
2026-W31,61,5ad44ca3-bc8e-437b-bab2-ea80be753437,Baked Pork and Apple Meatballs,641.9694072657744,597.6,639.8194072657744,596.21
2026-W31,62,fd2b2a15-7415-435e-b14e-ef00d5c506f3,Hot Honey Spiced Chicken Thighs,637.189292543021,552.6,637.189292543021,552.6
2026-W31,63,64abcf15-c7b2-424c-a54f-b7c036fc12b0,Peri Peri Chicken in Creamy Spiced Ricotta Sauce,584.8470363288719,665.8,541.2570363288719,658.8
2026-W31,64,a6635b35-5d9b-40b4-8fd3-ed12d9cc4a7f,Cajun Spiced Basa and Parsley Dressing,448.6137667304015,479.3,352.3537667304015,469.2812
2026-W31,65,2298a4f4-bc22-40c1-8458-0c25a89d98c9,Pan-Fried Garlic Butter Chicken Thighs,800.4302103250478,604.9,734.6802103250478,597.4599999999999
2026-W31,66,d10e8990-57eb-46e2-baa6-70d23e256076,North Indian Inspired Beef and Spinach Curry,594.1682600382409,612,586.4282600382409,610
2026-W31,67,c08cde90-fb97-47a0-98c4-a9b08dfc848b,Fragrant Lamb Noodle Stir-Fry,553.0592734225621,477.8,553.0592734225621,477.8
2026-W31,68,207298d2-64c0-494c-a783-d79ed84e2e12,Chicken Gyros Inspired Bulgur Bowl,649.378585086042,507,515.798585086042,490.56
2026-W31,69,190f6c91-7cdc-427d-a1c4-611209a7d3b4,Protein-Packed Shredded Satay Chicken Noodles,776.7686424474188,512.8,776.7686424474188,512.8
2026-W31,70,4631a60d-2eaa-4053-a2d0-089315d8bb67,Chipotle Black Bean Enchiladas,768.8814531548757,546,700.9814531548757,538
2026-W31,71,0315412c-87fa-41fd-8155-9d8093eeb146,Korma Baked Basa and Chips,631.2141491395794,578.5,559.5141491395793,568.5
2026-W31,72,cd2c5287-e468-447c-9d84-fb9edb50e3d5,Curried Chicken Thigh Traybake,880.4971319311663,721.5,880.4971319311663,721.5
2026-W31,73,bf23059e-8205-419c-9372-b48427b1adcb,Loaded Beef Chilli Nachos,945.2676864244742,537,937.5276864244742,535
2026-W31,74,36b36377-2719-40d3-80ee-11508fbf5cc8,Crispy Serrano Caprese Bruschetta,483.0305927342256,416,412.5505927342256,407.34
2026-W31,75,73ff8594-e48c-4e0f-99d5-59cd0333ce13,Marry Me Chicken,606.1185468451242,626,583.8185468451243,620
2026-W31,76,fcf327e1-38a1-4a1c-a458-546a0077ad77,Chicken in Creamy Tarragon Sauce,548.2791586998088,601.3,548.2791586998088,601.3
2026-W31,77,8381211d-06d5-4704-9fd1-24d3ce873527,"Banging Bacon, Mustard and Mushroom Pie",624.5219885277246,718,523.7019885277246,700
2026-W31,78,1f0c7f2a-1a7e-4766-8082-87f8c9bd9956,Cheeseburger Inspired Beef Quesadillas Rapidas,961.0420650095602,493,891.4220650095602,484.56
2026-W31,79,a8a163a0-0a88-4811-b684-153d5862f6bf,Buffalo Style Chicken Salad,675.1912045889101,483.8,551.4312045889101,470.92
2026-W31,80,35de0a48-484b-4467-bb0c-2fe1ce676d6f,Cumberland Sausages in Mustard Cream Sauce,766.7304015296367,766.9,766.7304015296367,766.9
2026-W31,81,476b4b90-69f3-41f4-a213-daa9051c6bb5,Onion Bhaji Fritter Burger and Chips,808.7954110898661,709.8,727.9054110898661,686.91
2026-W31,82,78557cbf-3070-46b0-b641-7aa35e7808cf,Korma Spiced Paneer and Pepper Skewers,757.887189292543,510.5,757.887189292543,510.5
2026-W31,83,f7f03a2c-e73e-4b30-a571-d090b985eb49,Tex-Mex Style Beef Enchilada Inspired Lasagne,902.246653919694,656.5,764.366653919694,633.72
2026-W31,84,b7027dc6-d5f3-4297-b496-ba99881a2686,Crispy Bacon & Aubergine Parmigiana Inspired Salad,588.4321223709369,554,526.5521223709369,547.56
2026-W31,85,016b968f-15d9-4af4-a71c-562037c58b4c,Basa en Papillote and Sun-Dried Tomato Butter,523.6615678776291,546.5,380.2615678776291,526.5
2026-W31,86,e0157eb4-16c6-4cf5-bd2e-a984d78e1b0a,"Bangers, Mash and Leek & Chive Sauce",617.8298279158699,579.5,617.8298279158699,579.5
2026-W31,87,a898feed-cba3-4969-96a3-37e96633b04a,Pan-Fried Pork Steak and Mustard Tarragon Sauce,567.1606118546845,665.3,567.1606118546845,665.3
2026-W31,88,2ecf09c2-6381-4884-b6c8-0805c0ccc435,Beef Cheeseburger Loaded Jacket Potato,755.9751434034416,707,674.7451434034416,695.56
2026-W31,89,225e9e0c-5813-474a-89c2-52dd782b3b66,Spiced Halloumi Steaks and Hot Honey Sauce,835.3250478011472,490.8,658.1550478011472,467.36
2026-W31,90,95267e3f-9760-4237-9ca5-6041956288f1,Creamy Chicken à la Normande,614.0057361376673,591.9,527.7457361376673,577.9
2026-W31,91,fa0f2aeb-facd-4644-a26a-231c2f4012a9,"Chicken Katsu Curry, Jasmine Rice and Spring Rolls",924.4741873804971,788.3,924.4741873804971,787.63
2026-W31,92,17c86c60-678e-4b53-a0cc-c44cbaf5e43e,Ultimate Cheesy Lamb Shepherd's Pie,811.1854684512429,880.4,803.4454684512428,878.4
2026-W31,93,5cb19aba-6193-45b9-ae2d-f1f7dd446ca5,21 Day Aged Sirloin Steak in Black Garlic Butter,897.7055449330784,590.3,670.3755449330783,562.9799999999999
2026-W31,94,e1a92261-4c43-4bd5-978f-d3c6c984a697,Chilean Style 21 Day Aged Steak & Chorizo Loaded Chips,1270.3154875717016,952.2,1254.8354875717016,948.2
2026-W31,95,10a3e24c-0b32-4d00-9be8-f57ba03eeba3,Breaded Cornish Hake on Chorizo-Samphire Linguine,1000,735.3,847.11,716.2188
2026-W31,96,c7039c43-a9a6-4d1f-bc70-8a6a121bfe4b,Basil Pesto and Cream Cheese Salmon en Croute,1531.7877629063096,665.9,1495.9377629063097,660.9
2026-W31,97,a9b574dd-e523-4cbe-bfee-4c26c795bcf6,Sea Bream & King Prawns in a Tomato Butter Sauce,611.8546845124283,639,540.1546845124283,629
2026-W31,98,baac83dd-2749-41d2-a51e-f5381e65e043,South Carolina Style BBQ Popcorn Chicken,841.7782026768642,696.3,805.3782026768642,686.3
2026-W31,99,8954a13b-8b07-430c-9305-a05e0596b0e4,Crispy Bacon Beef Burger and Creamy Truffle Sauce,1196.2237093690248,671.1,1126.6037093690247,661.8299999999999
2026-W31,100,494ee3b1-a652-4a25-a644-2564f2e03343,Ultimate Fable Mushroom Veggie Lasagne,1587.476099426386,938.4,1485.3860994263862,920.18
2026-W32,1,598eaf98-2027-4201-b7e5-7f552c2c36f4,Family Favourite Tandoori Chicken Masala,761.472275334608,441.3,689.7722753346079,431.3
2026-W32,2,8ef30efe-dc42-4864-860f-55c225bcd6ee,Argentinian Style Cheesy Beef and Pork Empanadas,1178.059273422562,563.8,1174.189273422562,562.8
2026-W32,3,b76a2779-78fe-4811-b34a-3e2dd9b38dc2,Cosy Sausages in Mushroom Sauce,596.5583173996175,714,596.5583173996175,714
2026-W32,4,ad994729-f686-4260-b1c8-ec73f89e790b,"Chorizo, Pepper and Sweetcorn Naanizza",835.8030592734225,431,776.9330592734225,424.2776
2026-W32,5,40ecd8c4-3415-4909-af5e-46a9255a7b5c,Sweet and Sticky Chicken on Rice,810.2294455066922,695,786.4394455066922,688.56
2026-W32,6,603fc447-0d56-4b9c-8a9f-96b59169b61d,Mixed Bean Loaded Fries,748.0879541108986,873.5,672.5179541108987,862.5
2026-W32,7,f6d7e2a8-29bf-4c47-a967-b715c0337813,"Build Your Own: Fried Chicken Bao, Wedges and Salad",931.4053537284894,806.8,854.0453537284894,795.6899999999999
2026-W32,8,0cae114c-b54d-433b-9b0d-7c23c498f54c,Family Favourite Hoisin Beef Noodle Stir-Fry,651.2906309751434,457.8,651.2906309751434,457.8
2026-W32,9,9c371eb2-196f-46e5-a2eb-8691ec1e5638,Cheesy Peri Peri Chicken Tacos and Chips,799.2351816443594,640.2,791.4951816443594,638.2
2026-W32,10,62ee3956-d17c-41a5-96cc-70f6e53aeff7,Hot Honey Chicken Wings and Ranch Drizzle,788.7189292543021,592.8,719.0989292543021,584.3599999999999
2026-W32,11,3c7237ca-1655-4e90-b7c3-fcb4b291ae15,Pollo Guisado En Coco Y Aji Criollo,1009.7992351816443,854.5,944.0492351816443,847.06
2026-W32,12,a558b4a4-4e5b-467a-a776-1f0698b23f4c,Pork Steak and Chorrillana Style Sauce,552.1032504780114,569.3,472.66325047801143,557.3
2026-W32,13,a8ee55be-7cde-45c3-b7ec-82d6b8ed2c56,Chilean Chorrillana Inspired Beef Loaded Fries,921.6061185468451,886.5,875.1861185468451,879.28
2026-W32,14,2422433e-cd85-4dee-9469-d234f5772251,Brazilian Style Spiced Chorizo and Black Bean Tacos,923.9961759082217,573.3,829.5461759082217,560.3
2026-W32,15,02b2bf6e-7db1-4d02-bef8-0fc99b23e8de,Argentinian Humita Inspired Corn Empanadas,1075.5258126195029,525.7,985.3958126195029,510.70000000000005
2026-W32,16,89254f5e-e311-4844-8b4d-4d5c507c6c70,Spiced Chicken and Provençal Style Radish Salad,635.9942638623327,607,566.3742638623327,598.56
2026-W32,17,8e618384-7c18-4c3f-b28d-bc2e4941a7f5,Chorizo Elotes Style Loaded Corn on the Cob,643.8814531548757,588.8,609.0714531548756,584.5799999999999
2026-W32,18,1d9f5275-a4b5-48ff-98f2-59fdbca4c7ab,Spiced Chicken and Caramelised Onion Couscous Salad,696.7017208413001,469.3,627.0817208413001,460.86
2026-W32,19,07599303-efbb-48f0-8d97-ac68a0d1af0f,Chermoula Chicken and Sour Cherry Cabbage Bulgur,872.131931166348,557.5,872.131931166348,557.5
2026-W32,20,d0bd123d-b834-4bed-80cb-de0b39dfb93e,Miso Radish Rainbow Bowl,830.7839388145316,702.5,736.3339388145315,689.5
2026-W32,21,0f450150-9563-487c-95af-dec9dc16783e,Spicy Cajun Corn on the Cob Chowder,665.3919694072657,848.3,614.9819694072658,839.3
2026-W32,22,eda228cc-42c7-4ec2-9a00-7700b3d05cfe,21 Day Aged Rump Steak and Caesar Style Salad,588.1931166347993,485.8,588.1931166347993,485.8
2026-W32,23,ac076ac7-5052-4a8d-802d-a3e67ed9600d,Sriracha Pork Belly and Easy Sesame Fried Rice,778.4416826003824,507,682.3016826003824,495.8
2026-W32,24,b5f66bf1-8f43-4699-bc49-60ce649d43b9,Lamb Steak in Lemon-Garlic Butter,545.889101338432,541.9,474.18910133843207,531.9
2026-W32,25,e1d2eaa1-2767-471d-9b43-8e70bc85f0e4,Hot Honey Baked Salmon,785.8508604206501,499.5,655.9508604206501,482.1724
2026-W32,26,80efce6d-e4f7-4d86-a711-ff5225c1cb87,Lemon-Herb Salmon and Caramelised Onion Dauphinoise,966.5391969407266,674.3,889.1791969407266,663.8599999999999
2026-W32,27,94e97cd3-561f-4982-bfd3-eb4aa50e0698,"Lemon, Parsley and White Wine Moules Frites",643.4034416826004,659.3,573.7834416826004,650.8599999999999
2026-W32,28,e7f176c5-50bc-4daa-a139-7fb2118d2d2c,Brazilian Style Coconut Prawn Moqueca,543.2600382409178,503.3,535.5200382409178,501.3
2026-W32,29,fb54b732-2cc6-4962-b902-a5108d6479da,One Pan Gochujang Beef Udon,499.52198852772466,460,499.52198852772466,460
2026-W32,30,af5ca68f-dac8-4a82-90de-c7a9ff1b263d,Honey Garlic Chicken Loaded Naan,640.057361376673,504.5,640.057361376673,504.5
2026-W32,31,04e6ecef-62af-4429-b5b3-e49463a4bcd9,Super Quick Spicy Middle Eastern Style Chicken,965.3441682600383,581.8,893.6441682600382,571.8
2026-W32,32,0575fb39-b6a1-4768-9b87-00d9e7248fae,Easy Peasy Chipotle Pork and Veg Chilli,857.791586998088,534,857.791586998088,534
2026-W32,33,1fec859c-9fca-4baf-a47a-235f5a09e5ff,Easy Peasy Teriyaki Sambal Chicken,548.9961759082217,436.8,548.9961759082217,436.8
2026-W32,34,7665f6a7-ea0c-4ce1-8386-2088d1537605,Easy Peasy Pork and Mushroom Stir-Fry,670.1720841300191,361.3,666.3020841300191,360.3
2026-W32,35,9cb49ca5-6618-421c-9e26-d063550ce7c3,Cosy Sausage Traybake and Cheesy Wedges,661.3288718929253,701.9,661.3288718929253,701.9
2026-W32,36,88f528ca-4a40-47d8-9a16-57275c0ece2a,Fuss-Free Tandoori Inspired Chicken Traybake,776.7686424474188,693.5,737.2386424474188,689.3876
2026-W32,37,31bbb2f5-8066-4a95-bdc7-e3fb51d0a3dc,Indonesian Style Peanut Chicken Salad,632.4091778202677,512.1,632.4091778202677,512.1
2026-W32,38,be4b9223-6d94-40db-bc2e-99b2c9cf8297,Beef Cheeseburger Inspired Quesadillas,817.8776290630975,482.3,810.1376290630975,480.3
2026-W32,39,a88e549d-5a94-46be-a5c7-66d37e418aca,Brilliant Bacon Linguine Alfredo,820.9847036328872,353.9,820.9847036328872,353.9
2026-W32,40,2fc2f70e-8ed7-4106-a17b-7f808bcee668,Creamy Cajun Chicken Penne,698.6137667304015,493.8,690.8737667304015,491.8
2026-W32,41,57d8fe48-0463-4eff-bb35-72a8d3d9290c,Roasted Chicken Thighs and Cheesy Leek Sauce,787.7629063097514,657.9,787.7629063097514,657.9
2026-W32,42,a7228d40-7090-4abc-892b-4224e7aef8f1,One Pan Ginger Hoisin Pork Udon,588.6711281070745,410.5,588.6711281070745,410.5
2026-W32,43,1f9dbf40-af03-4243-bee3-71a1d17e7e50,Air Fryer Chettinad Style Spiced Chicken Skewers,812.1414913957934,599.5,804.4014913957934,597.5
2026-W32,44,60771a9f-d18a-442e-aa38-d014b340f774,Air Fryer Cheesy Mini Sausage Burritos and Wedges,1158.9388145315488,786.3,1158.9388145315488,786.3
2026-W32,45,ff59950f-2239-476d-af2f-4dcdb625efb0,Air Fryer Chermoula Beef Koftas,650.5736137667304,620,650.5736137667304,620
2026-W32,46,406eed57-6d7c-4384-be3c-3bd03f98dce2,Quick Roasted Broccoli Blue Cheese Salad,458.65200764818354,501,396.77200764818355,494.56
2026-W32,47,083a86a6-a067-4c2b-ae03-f48620c6aa12,Speedy Creamy Brazilian Style Chickpeas,665.6309751434034,646.3,665.6309751434034,646.3
2026-W32,48,94b4971f-6b67-4a83-8a6d-6610c8e69152,Creamy Gochujang Spinach & Ricotta Tortelloni,732.0745697896749,449.5,598.4945697896749,433.06
2026-W32,49,10a9b48f-de19-45c6-9572-c1c01053f10e,Double Cheese Harissa Pasta Bake,807.8393881453154,464,807.8393881453154,464
2026-W32,50,696fd0aa-83de-495b-ac52-3f92cf12a924,Mediterranean Style Avocado & Pepper Salad,622.3709369024856,551.4,497.7409369024856,536.7064
2026-W32,51,ae6f14b2-3093-452c-b6c8-10f8505ae30b,Glazed Halloumi and Veg Loaded Harissa Bulgur Bowl,897.944550669216,534.5,818.5045506692161,522.5
2026-W32,52,d2a153d7-959e-46c8-9106-e76330ad310e,"Creamy Sun-Dried Tomato, Spinach and Leek Penne",668.9770554493308,557.5,668.9770554493308,557.5
2026-W32,53,414687f3-422c-4b42-b563-443c5cb6b0b1,Korean Inspired Bulgogi Tofu Rice Bowl,703.1548757170171,642.5,684.7248757170172,636.67
2026-W32,54,655327ae-33dc-4988-a429-78f453406431,Meat-Free Mince Chilli non Carne Loaded Rice Bowl,954.8279158699809,824.5,911.2379158699808,817.5
2026-W32,55,c846720b-9684-4cb5-a82f-d4242b8d1a7b,Shimeji Mushroom Topped Egg Fried Rice,586.7590822179732,534.5,586.7590822179732,534.5
2026-W32,56,79c08ac8-ed7c-41f4-8656-8246a8247887,North Indian Style Roasted Cauliflower & Lentil Dal,439.05353728489484,583.5,435.18353728489484,582.5
2026-W32,57,eec42e7c-7ebe-456b-a6ae-43229ff45053,Easy Hoisin Chicken Noodles,520.5544933078394,401,520.5544933078394,401
2026-W32,58,e3da6f00-ec13-4879-8620-3e88da66b546,Sour Cherry Chicken on Jewelled Pearl Couscous,637.906309751434,590.2,637.906309751434,590.2
2026-W32,59,05697331-3540-4401-b52f-98d4828a21c6,Chipotle Chicken Fajita Traybake,497.37093690248565,521.3,497.37093690248565,521.3
2026-W32,60,7a773833-4ce9-46a2-85fe-7688d75d88ad,Speedy Middle Eastern Inspired Harissa Lamb,645.3154875717017,629.5,637.5754875717017,627.5
2026-W32,61,9f9d867f-0f1c-4f12-923f-57c5ca69170b,"Stovetop Bacon, Mushroom and White Wine Risotto",597.9923518164436,783.8,597.9923518164436,783.8
2026-W32,62,c9b1cb1a-7170-4da3-8401-b28e809b08fa,Caribbean Jerk Inspired Chicken Traybake,538.0019120458891,577.3,538.0019120458891,577.3
2026-W32,63,d1c84966-b197-471b-bdeb-659f4c6e0243,Roasted Chicken Breast in Hoisin Plum Sauce,615.9177820267686,700.5,536.4777820267686,688.5
2026-W32,64,d4bbd390-c357-41b4-9ee3-5c2e141445de,Central American Style Crumbed Barramundi,582.9349904397706,617.4,538.2449904397706,612.7447999999999
2026-W32,65,ea0e1510-82e7-4260-a6a1-e81ca24c048e,Spiced Chicken and Pepper Fajita Style Bowl,664.6749521988528,688.3,585.2349521988529,676.3
2026-W32,66,732e0c1e-1b38-4f4f-9538-9e24026f4309,Super Quick Easy Spaghetti Beef Ragu,731.8355640535373,470.9,724.0955640535373,468.9
2026-W32,67,dd81a195-0f1e-498d-b413-d379ed343d26,Quick Brazilian Style Roast Chicken and Chickpeas,695.0286806883365,713.3,615.5886806883366,701.3
2026-W32,68,118dd074-a2b8-4445-83c4-279e3e9553c4,Peri Peri Spiced Chicken and Chips,730.8795411089866,607.3,691.0495411089865,601.74
2026-W32,69,5e77e958-797c-4090-a718-c2fca4fd4b83,Pork Steak and Green Masala Braised Chickpeas,775.095602294455,574.5,731.505602294455,567.5
2026-W32,70,8c6b392c-028c-4ec2-80e6-0ad18a697c6b,Pesto Orzo and Roasted Chickpea Salad,830.3059273422562,386.5,768.4259273422562,380.06
2026-W32,71,eb5d9831-2f3e-4979-9c2e-149056cbf3fd,Korma Baked Basa and Chips,631.2141491395794,578.5,559.5141491395793,568.5
2026-W32,72,bf492e76-c23e-4d7c-a89f-1d7100787936,Curried Chicken Thigh Traybake,880.4971319311663,721.5,880.4971319311663,721.5
2026-W32,73,dde4f65c-268b-489d-be98-47436fa1aa9d,Loaded Beef Chilli Nachos,945.2676864244742,537,937.5276864244742,535
2026-W32,74,519494aa-194d-4344-af0c-34aeb4292fa2,Crispy Serrano Caprese Bruschetta,483.0305927342256,416,412.5505927342256,407.34
2026-W32,75,a3cada52-cc04-49e7-a4fe-ec9461713c32,Marry Me Chicken,606.1185468451242,626,583.8185468451243,620
2026-W32,76,d7b80c34-45d8-41b2-9e7e-b53c3b6dc869,Chicken in Creamy Tarragon Sauce,548.2791586998088,601.3,548.2791586998088,601.3
2026-W32,77,08f971f1-4b97-4340-bbcc-62a2db4e5591,"Banging Bacon, Mustard and Mushroom Pie",624.5219885277246,718,523.7019885277246,700
2026-W32,78,97a94692-a5ab-4913-9ed3-8cc9eeea4a3b,Cheeseburger Inspired Beef Quesadillas Rapidas,961.0420650095602,493,891.4220650095602,484.56
2026-W32,79,9f3018e6-6e7f-4a8c-8869-db7046830e7d,Buffalo Style Chicken Salad,675.1912045889101,483.8,551.4312045889101,470.92
2026-W32,80,7e9d3598-3240-4440-9cc5-58df8ae32ffd,Cumberland Sausages in Mustard Cream Sauce,766.7304015296367,766.9,766.7304015296367,766.9
2026-W32,81,5612577f-933d-4088-9484-3ce9d55c8940,Onion Bhaji Fritter Burger and Chips,808.7954110898661,709.8,727.9054110898661,686.91
2026-W32,82,9f0e0e1b-fe07-4a77-9408-4c72fc6ca352,Korma Spiced Paneer and Pepper Skewers,757.887189292543,510.5,757.887189292543,510.5
2026-W32,83,d317a439-046a-40fb-82ee-d9c057abb036,Tex-Mex Style Beef Enchilada Inspired Lasagne,902.246653919694,656.5,764.366653919694,633.72
2026-W32,84,d7e5ab5a-b361-498a-8020-3498a3fb3e78,Crispy Bacon & Aubergine Parmigiana Inspired Salad,588.4321223709369,554,526.5521223709369,547.56
2026-W32,85,c63db377-a916-485d-b2f1-8181c20c733a,Basa en Papillote and Sun-Dried Tomato Butter,523.6615678776291,546.5,380.2615678776291,526.5
2026-W32,86,abf1124d-602c-4bba-bd93-ee32e19bdcef,"Bangers, Mash and Leek & Chive Sauce",617.8298279158699,579.5,617.8298279158699,579.5
2026-W32,87,fb697387-4c1a-4ba7-ad42-98e1a08bdef2,Pan-Fried Pork Steak and Mustard Tarragon Sauce,567.1606118546845,665.3,567.1606118546845,665.3
2026-W32,88,13538442-b435-4d53-a0f8-c18e73230938,Beef Cheeseburger Loaded Jacket Potato,755.9751434034416,707,674.7451434034416,695.56
2026-W32,89,6b0c799a-1f39-441e-9565-53d58fa8cb4a,Spiced Halloumi Steaks and Hot Honey Sauce,835.3250478011472,490.8,658.1550478011472,467.36
2026-W32,90,bcc6d9a8-0ecb-4d69-beb8-73dc08765626,Creamy Chicken à la Normande,614.0057361376673,591.9,527.7457361376673,577.9
2026-W32,91,4b3a7e86-7771-4539-b4cb-416fd1c8ec6e,"Creamy Orkney Crab, Samphire and King Prawn Linguine",748.5659655831739,489.5,748.5659655831739,489.5
2026-W32,92,74ed0bf3-4eb8-437f-a4ed-487a9e329dc8,21 Day Aged Sirloin Steak and Creamy Tarragon Sauce,809.5124282982791,601.6,809.5124282982791,601.6
2026-W32,93,eca24441-5fca-44fa-b0f4-2554dc8d788e,Chipotle Pulled Beef Tacos and Charred Corn Salsa,930.9273422562142,653.5,869.0473422562142,647.06
2026-W32,94,3b514480-755a-4477-bf86-da963870efd0,Lamb Steak and Truffled Parmigiano Reggiano Sauce,628.1070745697897,614,556.4070745697896,604
2026-W32,95,f297212e-06cf-4784-98b6-0188b16a34eb,"Chicken, King Prawn and Chorizo Tapas",965.1051625239005,816.3,705.9751625239005,787.54
2026-W32,96,153029e5-7edb-4fd4-bf3d-9330e9ed7950,Sesame Honey Roasted Duck Breast,670.889101338432,450,670.889101338432,450
2026-W32,97,00d83bca-0ffc-47c9-8781-e3c464a17c4f,Serrano Ham Wrapped Chicken and Truffle Sauce,740.6787762906309,661.9,740.6787762906309,661.9
2026-W32,98,6af9d9a9-95df-44eb-8c5a-24b2a2051756,Greek Style Chicken and Halloumi Souvlaki,1483.0305927342256,876,1475.2905927342256,874
2026-W32,99,bb72a901-964a-42f7-9607-0c28cc5dbb10,King Prawn Topped Sea Bream and Mango Salsa,548.0401529636711,705,486.16015296367107,698.56
2026-W32,100,5b4f5524-29b9-48be-bcbf-24138fa423f9,Ultimate Creamy Truffle Mushroom & Goat's Cheese Linguine,1020.793499043977,466.5,958.913499043977,460.06
2026-W33,1,6a929ecd-5410-41a5-9152-1e5a7cca41d7,Indonesian Style Coconut Chicken Curry,635.755258126195,593,628.015258126195,591
2026-W33,2,b50ea368-6cb1-4b75-909a-ff3444b53ee2,Beef and Pork Hachis Parmentier,657.7437858508604,630.5,650.0037858508604,628.5
2026-W33,3,80ad6252-4b15-4c3b-b75a-6da3228d2562,Crispy Serrano Ham Topped Pesto Penne,685.4684512428298,307.5,685.4684512428298,307.5
2026-W33,4,3e8815a7-3783-4795-b862-4a75d85f2640,Easy Chicken à la Normande,1000.9560229445507,750.5,856.5460229445507,725.5
2026-W33,5,0ca31949-3ec1-44b8-8637-df0e27a511cf,BBQ Glazed Hot Dogs and Wedges,799.9521988527724,512,799.9521988527724,512
2026-W33,6,3e1698d2-3666-4656-b086-6d31b962eb75,Roasted Vegetable Lasagne,732.791586998088,609.8,725.0515869980879,607.8
2026-W33,7,924a56d3-dca9-44e3-9415-cf3a428187eb,Build Your Own: Crispy Chicken Goujons Feast,790.8699808795411,745.8,790.8699808795411,744.9699999999999
2026-W33,8,a6ef550a-9dbb-46dc-a79d-e4bfbb8a0c52,Family Favourite Mexican Style Pork Meatball Bowl,907.5047801147227,596.3,837.8847801147227,587.1899999999999
2026-W33,9,caa327c6-167d-4698-b302-06f2deb2a708,South Carolina Style BBQ Beef Quesadillas and Chips,1084.8470363288718,656.8,1077.1070363288718,654.8
2026-W33,10,79093ae6-f1e3-4b47-b62c-729a17603115,Coronation Chicken Puff Pastry Pie,991.6347992351816,741.3,991.6347992351816,741.3
2026-W33,11,8f86b3db-5231-49e6-9d3d-f54596dd495b,Caribbean Style Jerk and Pineapple Crispy Chicken,827.1988527724665,692.3,685.8788527724664,673.0299999999999
2026-W33,12,84527f0e-8a89-4f82-ba60-d14fa99005e2,Pork Steak and Martinique Style Chien Sauce,693.5946462715104,581.3,504.08464627151045,560.9799999999999
2026-W33,13,c04e18cd-35ef-43f4-b446-a3c789ab3f38,Brazilian Style Beef Skewers & Green Chilli Yoghurt,715.3441682600383,576,645.7241682600383,566.89
2026-W33,14,43767de8-3fbd-4a06-8f03-aaa100af7ef9,Central American Inspired Bacon and Black Bean Stew,783.6998087954111,873.8,704.2598087954111,861.8
2026-W33,15,6faf26b7-e614-4839-9af7-0b3f08a98dab,Bolivian Sopa de Mani Inspired Peanut Soup,828.1548757170171,701.3,828.1548757170171,701.3
2026-W33,16,4f4263e6-0822-4dc4-9376-b2f6398d02d6,Pork Steak and Herby Salsa Verde,534.4168260038241,549.5,397.8968260038241,533.2800000000001
2026-W33,17,40ddbd01-9318-4d95-8261-fc6c0cccf4b8,Amarillo Chilli Pork Steaks & Garlic Corn on the Cob,701.7208413001912,554,560.4008413001911,535.56
2026-W33,18,e4896c1c-5b8f-4070-9ed2-c7c122621460,Mango-Jerk Chicken Sandwich,805.9273422562142,550,736.3073422562142,541.56
2026-W33,19,999d453e-7ff3-4252-a2e3-5f2fd79fbd06,Crispy Lemongrass and Coconut Chicken,940.7265774378585,592.4,818.3565774378585,569.4
2026-W33,20,4e5f2621-e25d-49a7-b197-f9289bf7855b,Honey Mustard Roasted Radish Gyros Style Flatbreads,579.8279158699809,530,579.8279158699809,530
2026-W33,21,fd20c206-71d1-4b18-98ac-8b8473456541,Mexican Inspired Veggie Small Plates,636.2332695984703,729.8,580.4632695984703,722.02
2026-W33,22,0345beb0-89c7-4eaf-9b74-6ebfb33169ac,Korean Inspired Rump Steak Ramyeon,672.3231357552581,717.5,656.8431357552581,713.5
2026-W33,23,75d1df66-16c7-49a8-8ab7-324dd38e3a7b,Chipotle Pork Belly Tacos and Pineapple Chutney,1133.604206500956,639,1025.304206500956,625.8711999999999
2026-W33,24,bb7f9a3e-2d83-4409-aba5-52080c0ec1fe,Seared Lamb Steak on West African Style Spiced Rice,628.8240917782026,605,621.0840917782026,603
2026-W33,25,b4f03017-e7c6-451c-9994-6b9c666434f2,Lemon Salmon in Creamy Mushroom & Dill Sauce,604.6845124282983,604,604.6845124282983,604
2026-W33,26,149ed5e7-686d-444f-915d-caf0f1b49f6e,Lebanese Inspired Sayadieh Fish and Rice,635.038240917782,605.9,635.038240917782,605.9
2026-W33,27,a0548612-0a40-4a5b-a529-b33f1c25dfd4,Jamaican Style Escovitch Fish,566.4435946462714,646.7,530.5935946462714,641.7
2026-W33,28,6d91ec88-499f-4f44-a20c-73ef400ef9ae,Chipotle-Mango Prawn Bulgur Bowl,503.585086042065,588.8,503.585086042065,588.8
2026-W33,29,dfe4120a-6a47-4b2e-9e3d-545ea1aa1848,Chermoula Beef Loaded Naan,785.3728489483748,517.5,785.3728489483748,517.5
2026-W33,30,12ed4b47-13eb-4479-9625-f9c9002e9b31,Spicy Pasanda Chicken Thigh Curry,870.697896749522,522,862.957896749522,520
2026-W33,31,3aa96a08-b6ee-4f8f-b125-465f79918c32,Easy Peasy Greek Style Chicken Bowl,1111.6156787762907,579.5,1111.6156787762907,579.5
2026-W33,32,77963248-afdb-4616-8f10-ac60a6f1569f,Super Quick Curried Beef Couscous Bowl,684.9904397705544,582.5,684.9904397705544,582.5
2026-W33,33,47962fc7-d7b4-4846-9f83-b7058a3f79cc,Easy Peasy Harissa Chicken Spaghetti,810.7074569789675,486,802.9674569789674,484
2026-W33,34,2ce04e38-84ca-4e6f-8258-333d9218282b,One Pan Spiced Teriyaki Beef Udon,560.7074569789675,437.5,560.7074569789675,437.5
2026-W33,35,4020fc84-6b28-43e1-8276-978bf75bf78a,Greek Style Pork and Olive Ragu,940.0095602294455,504.9,856.6995602294455,491.9
2026-W33,36,c11ccbeb-b0ec-47a0-b207-12e17003cd1d,One Pot Tuscan Inspired Creamy Pulled Chicken Stew,951.0038240917781,680.3,943.2638240917781,678.3
2026-W33,37,3c069182-5010-46e7-9e0d-76efc19de08c,Fast Fragrant Vietnamese Style Chicken Salad,630.0191204588909,435,498.51912045889094,420.12
2026-W33,38,f258148a-7dfe-479b-bb5a-a4e68f8694ef,Middle Eastern Inspired Sticky Beef,615.4397705544933,544.5,607.6997705544933,542.5
2026-W33,39,dde14de6-08b5-472d-a1e7-21752f66e5f0,Tex-Mex Style Pork Mince Tacos,942.6386233269598,542.8,876.8886233269598,535.3599999999999
2026-W33,40,501d61b8-2beb-48bd-ab08-1a45f4a180fa,Dry Laksa Goreng Style Chicken Noodles,975.3824091778203,577,967.6424091778202,575
2026-W33,41,5ae3edbc-5fea-4afc-8cca-65422ad60d25,Creamy Chicken and Mediterranean Style Veg Soup,884.5602294455067,705,884.5602294455067,705
2026-W33,42,29ae09d3-47e9-4572-a5f0-1c906216f007,Creamy Tomato 'Nduja and Red Pepper Ravioli,616.6347992351816,498.5,616.6347992351816,498.5
2026-W33,43,0e7a7aa8-bf1b-4980-bda4-e4ee5e2f7740,Air Fryer Tonkatsu Pork & XO Sauce Bento Style Bowl,978.7284894837476,405.3,785.3484894837476,383.31
2026-W33,44,fe42d2b2-a6df-4398-83e6-073ec59792a6,Air Fryer Chicken Katsu Tenders,789.435946462715,659,719.815946462715,649.7299999999999
2026-W33,45,7045693c-4fca-4f8f-85d8-edd8faab2e27,Air Fryer Chipotle Beef Meatball Burrito Bowl,750.2390057361376,684.5,742.4990057361376,682.5
2026-W33,46,b42476ac-3d61-486e-91cd-f4fe5ca0cb76,Cashew Curried Chickpea Couscous Bowl,706.9789674952199,640,706.9789674952199,640
2026-W33,47,69e14c4d-f15f-47ef-b0f3-49a3827554f9,15 Minute Creamy Truffle Mushroom Spaghetti,767.4474187380497,394.5,695.7474187380496,384.5
2026-W33,48,5aa4fc70-7372-4c9e-9f19-7789b0bb91f6,Middle Eastern Inspired Cheesy Harissa Naanizza,775.3346080305927,471,775.3346080305927,471
2026-W33,49,4d8ac570-1da9-420b-9f9d-6be1da93eee4,Thai Style Peanut and Sweet Potato Salad,718.6902485659656,579.5,656.8102485659656,573.06
2026-W33,50,2229f621-b68e-4281-a0b2-6a1afbde3d44,Quick Cheesy Harissa Chickpea Taquitos,1111.3766730401528,625.5,1045.6266730401528,618.06
2026-W33,51,7967de53-a28a-4849-b350-9c0074ffdd98,Spiced Hot Honey Halloumi and Spiced Corn Rice,1017.4474187380497,524.5,938.0074187380496,512.5
2026-W33,52,e4f1a425-0559-45ce-9cc8-cb7280ad7195,Falafel and Greek Style Yoghurt Bulgur Bowl,641.9694072657744,497.5,572.3494072657744,489.06
2026-W33,53,5b978714-02e8-4496-b632-bfa3f37afbc5,Goan Style Spiced Coconut Tofu Bowl,778.68068833652,574.5,699.24068833652,562.5
2026-W33,54,41d03fc3-2a77-47ec-b715-1632ed4772c5,Ready to Roll Truffled Mushroom Pizza Bianca,978.4894837476099,394.5,978.4894837476099,394.5
2026-W33,55,8bb1cfac-755f-4262-b683-530363ebc4fe,Speedy Shimeji Mushroom Noodle Stir-Fry,398.66156787762907,415.5,398.66156787762907,415.5
2026-W33,56,c23009a5-d27d-49e2-bd99-5d53bc7eebb3,Vibrant Veggie Burrito Bowl,629.5411089866157,659.5,585.9511089866156,652.5
2026-W33,57,66f81bbf-fcc9-476a-98e3-5b158b32d197,Cantonese Style Chicken Stir-Fry,491.6347992351816,417.5,491.6347992351816,417.5
2026-W33,58,48fab821-1614-4df6-a6ff-bf58440b5996,Central American Style Ranch Chicken Salad,580.3059273422562,383.7,518.4259273422562,377.26
2026-W33,59,ffbb9e45-7ffa-4786-9671-a776f456718b,Quick Greek Style Oregano Chicken Pasta Salad,550.4302103250478,433.5,470.5002103250478,423.9836
2026-W33,60,f206defb-9280-46ea-a8b6-3f95379a9654,Quick Teriyaki Beef Noodles,566.9216061185468,382.5,566.9216061185468,382.5
2026-W33,61,de9985c8-f926-48c3-95fd-c2a17f9f85d4,Banging Bangers and Garlic Mash,553.7762906309752,694,553.7762906309752,694
2026-W33,62,1b5bfcf8-0c17-41bd-b862-ed777eb9316b,Butterflied Chicken and Passion Fruit Hot Sauce,564.7705544933078,591,564.7705544933078,591
2026-W33,63,30e69f5b-f5df-4ac1-b95e-25a356db4d68,Speedy Hot Sauce One Pan Chicken Udon,494.0248565965583,435,494.0248565965583,435
2026-W33,64,86fdd6dc-a61b-41c3-a67b-fbd1e3db3fc1,Spiced Barramundi and Parsley Gremolata,432.83938814531547,458.8,336.5793881453155,448.7812
2026-W33,65,3591cc6c-d9d7-4eb5-8064-c89037236e54,"Jerk, Coconut and Guinness® Chicken Thighs",1037.0458891013384,832,1029.3058891013384,830
2026-W33,66,98ad1871-3465-4c65-8d7a-c62ffbeceafc,No-Chop Bolognese and Fresh Tagliatelle,742.5908221797323,575.2,738.2908221797323,574.09
2026-W33,67,13f117ea-f500-4109-8f2b-25741df9ec4b,Curry Spiced Chicken Breast,621.4149139579349,548.3,541.9749139579349,536.3
2026-W33,68,673ee6d2-7407-4ca7-ae8b-f5a4d66ab136,Honey Sesame Pork Noodle Stir-Fry,711.2810707456979,376.3,711.2810707456979,376.3
2026-W33,69,92b842e0-7d0d-4933-8af0-1e5ec1ad6302,Crispy Skinned Spiced Chicken in Peanut XO Sauce,834.8470363288718,614.6,834.8470363288718,614.6
2026-W33,70,c74bad6c-9f9b-4d90-a450-d76c4f7c5cd7,Charred Courgette & Creamy Tomato Butter Beans,565.2485659655831,654.5,489.6785659655831,643.5
2026-W33,71,0c53e624-6c74-496f-a43a-233989bc00dd,Korma Baked Basa and Chips,631.2141491395794,578.5,559.5141491395793,568.5
2026-W33,72,791c9f9a-3aa0-489c-9a36-2664ee3855ba,Curried Chicken Thigh Traybake,880.4971319311663,721.5,880.4971319311663,721.5
2026-W33,73,4ef6b018-bd0a-4ddd-aff2-2148d03924e8,Loaded Beef Chilli Nachos,945.2676864244742,537,937.5276864244742,535
2026-W33,74,521f2606-2173-40cf-816b-2fcfe4994265,Crispy Serrano Caprese Bruschetta,483.0305927342256,416,412.5505927342256,407.34
2026-W33,75,ce2f32f9-cbdf-4f83-a1d4-f2b37034c7dd,Marry Me Chicken,606.1185468451242,626,583.8185468451243,620
2026-W33,76,c24bc8b4-9ec0-4312-9f3f-806e6020131e,Chicken in Creamy Tarragon Sauce,548.2791586998088,601.3,548.2791586998088,601.3
2026-W33,77,a7a4cc22-d156-4d78-955c-e1f4b9b879d0,"Banging Bacon, Mustard and Mushroom Pie",624.5219885277246,718,523.7019885277246,700
2026-W33,78,f791846b-f027-49da-99c0-82755c2a1e90,Cheeseburger Inspired Beef Quesadillas Rapidas,961.0420650095602,493,891.4220650095602,484.56
2026-W33,79,532f51cb-39dc-4604-b3c9-d2d17e1dfe3d,Buffalo Style Chicken Salad,675.1912045889101,483.8,551.4312045889101,470.92
2026-W33,80,ca153c4a-c40e-48c9-afd3-29e3e5b3c756,Cumberland Sausages in Mustard Cream Sauce,766.7304015296367,766.9,766.7304015296367,766.9
2026-W33,81,d293c863-d4f3-42fd-9f31-4a4b4c50dbd9,Onion Bhaji Fritter Burger and Chips,808.7954110898661,709.8,727.9054110898661,686.91
2026-W33,82,809de3b0-f626-406b-bbb0-5496d2ba6757,Korma Spiced Paneer and Pepper Skewers,757.887189292543,510.5,757.887189292543,510.5
2026-W33,83,0762ae6d-c83c-477d-b22b-557d505ef77c,Tex-Mex Style Beef Enchilada Inspired Lasagne,902.246653919694,656.5,764.366653919694,633.72
2026-W33,84,d842cb1f-faea-4050-b099-f2a4ba31664e,Crispy Bacon & Aubergine Parmigiana Inspired Salad,588.4321223709369,554,526.5521223709369,547.56
2026-W33,85,5ab4c122-7e7b-4ed6-b4cf-3bf2435d6b4e,Basa en Papillote and Sun-Dried Tomato Butter,523.6615678776291,546.5,380.2615678776291,526.5
2026-W33,86,15c7a0d3-521a-432e-96d7-81858d5dc8d7,"Bangers, Mash and Leek & Chive Sauce",617.8298279158699,579.5,617.8298279158699,579.5
2026-W33,87,6e9c7e85-0055-4aa4-9c6a-69a893c9f5a0,Pan-Fried Pork Steak and Mustard Tarragon Sauce,567.1606118546845,665.3,567.1606118546845,665.3
2026-W33,88,ad52ef3f-e193-4ba1-a3e1-3c8bceb20060,Beef Cheeseburger Loaded Jacket Potato,755.9751434034416,707,674.7451434034416,695.56
2026-W33,89,f0b5ac81-446e-4037-83f1-507322cec7ec,Spiced Halloumi 'Steak' and Hot Honey Sauce,835.3250478011472,490.8,658.1550478011472,467.36
2026-W33,90,cb51f6ee-2e37-4a10-8553-fd25bb5a7977,Creamy Chicken à la Normande,614.0057361376673,591.9,527.7457361376673,577.9
2026-W33,91,b9e36f90-2859-44fc-8ed1-7693fc921728,Ultimate Spanish Style Chicken and Chorizo Paella,1119.5028680688335,943.9,988.0028680688335,929.02
2026-W33,92,1dc1a590-35ff-4bb1-8f4a-90ee3b45e94f,Lamb Steak in Garlic Butter Sauce,863.0497131931166,729,759.4797131931166,714.56
2026-W33,93,bf5701d6-7b2b-4d61-b72a-55dfcbdfaff2,21 Day Aged Sirloin Steak and Peppercorn Sauce,923.5181644359465,699.8,921.4281644359464,698.9699999999999
2026-W33,94,8c6124d6-b7a9-4275-b3ae-bf6f0c10d210,Quick Prep Sea Bream & King Prawn Green Thai Style Curry,806.8833652007648,635.6,799.1433652007648,633.6
2026-W33,95,d7494f1f-2284-4db1-a027-92168a1232a2,Honey and Soy Glazed Duck Breast,613.2887189292543,584.5,613.2887189292543,584.5
2026-W33,96,4014e4fe-9b25-41e7-970e-bfcea2e5c603,Chermoula Chicken Flatbreads and Halloumi Fries,1217.734225621415,611.5,1151.984225621415,604.06
2026-W33,97,4f7f3bb7-6321-4931-858e-2212d355452d,Orkney Crab and King Prawn Creamy Linguine,1060.2294455066922,602.5,874.5894455066922,583.18
2026-W33,98,3a7f6f3c-541a-4929-86c9-f7968a58adec,Crispy Bacon and Beef Cheeseburger,1336.9980879541108,568.3,1336.9980879541108,567.4699999999999
2026-W33,99,7f603ba3-e19b-45ef-9ff2-740dad8c59d9,Korean Style Braised Pork Belly and Sticky Rice,812.6195028680688,534.3,716.4795028680688,523.0999999999999
2026-W33,100,483543db-dd5a-40a8-9c36-3e35d6009188,Shawarma Style Harissa Fable Mushroom Flatbreads,1394.359464627151,766.8,1394.359464627151,766.8
2026-W34,1,c2abd5cc-5f3f-4790-a8a3-ec75cde53f48,Presto Pesto Chicken and Leek Penne,940.9655831739962,492.5,940.9655831739962,492.5
2026-W34,2,c04b5079-5c1a-4182-81f5-764c56bbe548,Korean Style Gochujang Beef and Pork Bibimbap,711.2810707456979,587,707.4110707456979,586
2026-W34,3,aee0f8c2-c445-4562-a440-223c9b2357ab,Cheesy Loaded Hot Dogs and Paprika Wedges,918.4990439770554,581.4,852.7490439770554,573.9599999999999
2026-W34,4,13734c33-32b5-4b3d-bcd0-24dd967e710e,"Sweet Chilli, Lime and Peanut Beef Noodles",688.8145315487571,499.5,688.8145315487571,499.5
2026-W34,5,0a7eed54-9ef5-4812-b676-8685d7225fd6,Crispy Breaded Chicken and Korma Sauce,814.5315487571702,659,814.5315487571702,659
2026-W34,6,b78d40bb-a9f3-4260-85a4-69bc19dd98da,Sticky Sweet Chilli Halloumi Burger,1032.0267686424475,646.5,962.4067686424474,638.06
2026-W34,7,9a12b361-69ca-4f1f-afc4-84585b39e00d,Teriyaki Chicken Tacos and Chips,759.321223709369,585.9,689.701223709369,577.4599999999999
2026-W34,8,beb7e09d-fcc7-4177-8139-d35252331b0f,Family Favourite Quick Chicken and Pesto Orzotto,1264.8183556405354,762.7,1202.9383556405353,756.26
2026-W34,9,08fe686d-0e3c-4012-a098-5cf26624e56c,Creamy Chicken Curry and Rice,822.4187380497132,695,822.4187380497132,695
2026-W34,10,538e7f93-c98c-4494-a191-a2102d91c266,Chorizo and Mozzarella Gnocchi,599.6653919694072,513.8,591.9253919694072,511.79999999999995
2026-W34,11,fda2bbf3-d305-4a9f-a7da-049ada45a993,One Pot Peri Peri Chicken and Rice,636.9502868068834,470.8,557.5102868068834,458.8
2026-W34,12,c13ba9e1-56ce-41dc-b2fc-dbcce422453f,Pork Steak and Chorrillana Style Sauce,552.1032504780114,569.3,472.66325047801143,557.3
2026-W34,13,92afc7ef-2351-4e8c-80d9-8b6eda0b2a4d,Escondidinho de Carne,803.5372848948374,852.3,795.7972848948374,850.3
2026-W34,14,6ae74179-44c9-4555-90c9-ec679186e704,Brazilian Style Spiced Chorizo and Black Bean Tacos,923.9961759082217,573.3,829.5461759082217,560.3
2026-W34,15,4a0fc94c-a6f6-4a35-95c6-772792c7864e,Brazilian Feijoada Inspired Veggie Bean Pockets,890.774378585086,703.2,813.414378585086,692.76
2026-W34,16,eba0d541-fa0d-470f-8127-3267fd55cc37,Spiced Chicken and Provençal Style Radish Salad,635.9942638623327,607,566.3742638623327,598.56
2026-W34,17,4a6efc0b-121e-48ab-aea6-25e6f8b6f623,Chorizo Elotes Style Loaded Corn on the Cob,643.8814531548757,588.8,609.0714531548756,584.5799999999999
2026-W34,18,0c3283a2-2d36-4e15-bf9d-e894be1415ed,Spicy Middle Eastern Style Lamb Meatball Sub,856.8355640535373,613.3,782.3055640535373,602.3499999999999
2026-W34,19,b1b075a8-1f5a-4eea-bcc1-e0be7a6b6c2e,Sticky Curried Mango Chutney Chicken Wings,800.1912045889101,626.5,730.5712045889101,618.06
2026-W34,20,db769374-3d71-4175-b4a1-634329169604,Miso Radish Rainbow Bowl,830.0669216061185,702.5,735.6169216061185,689.5
2026-W34,21,33139884-3fd9-41e8-a878-2c6058b28681,Spicy Cajun Corn on the Cob Chowder,665.3919694072657,848.3,614.9819694072658,839.3
2026-W34,22,0d7bdb31-d08e-4933-819c-f561f8cb3052,21 Day Aged Rump Steak and Oregano Roast Potatoes,664.1969407265774,570.8,594.5769407265774,562.3599999999999
2026-W34,23,51cda9ac-068f-48f3-b2bf-d00fc7386aba,Honey-Miso Confit Duck Rice Bowl,1085.8030592734226,689.5,908.1430592734226,667.2788
2026-W34,24,7c5a4ce9-f856-4618-aab1-19f1041735d3,Thai Style Pork Belly Noodles,607.0745697896749,446.3,607.0745697896749,446.3
2026-W34,25,bf8a11ef-cbac-4979-af01-5c60b7125ece,Warming Spiced Salmon Harvest Bowl,761.2332695984703,626.5,761.2332695984703,626.5
2026-W34,26,ec8962a3-c44c-4301-82a1-234d501ad774,Creamy Lemon & Chive Salmon Linguine,1001.6730401529636,518,939.7930401529636,511.56
2026-W34,27,526ac070-632f-4a29-9a2e-b891c9292bec,Sweet Chilli Crispy Fish Burger,911.8068833652007,518,911.8068833652007,518
2026-W34,28,a96dc683-4955-4279-bc6c-b346e8340302,Californian Style King Prawn Salad,504.54110898661565,559.3,442.66110898661566,552.8599999999999
2026-W34,29,ba1e63c1-b0d8-480f-983d-22dabd252143,Super Quick Chermoula Spiced Beef and Couscous,736.8546845124283,548,665.1546845124283,538
2026-W34,30,ac7d3b65-8832-46f6-a082-e959a0fba5f7,Easy Teriyaki and Lime Chicken Udon Stir-Fry,412.2848948374761,459.3,412.2848948374761,459.3
2026-W34,31,329c3867-c5e8-4163-bbf3-06a57b999e29,One Pan Sesame-Ginger Miso Pork Udon,583.8910133843212,386.8,583.8910133843212,386.8
2026-W34,32,a24eb4e9-d1f7-45df-9c17-af1e4097625e,Peri Peri Spiced Pork and Black Bean Bowl,823.8527724665391,703.8,788.0027724665391,698.8
2026-W34,33,c9eee93e-565e-42f3-8a4e-1ce68e8feebc,15 Minute Butter Chicken Masala,709.6080305927342,407.3,634.0380305927342,396.3
2026-W34,34,b8d151f1-bec0-4996-892e-530881d70de0,Brazilian Style Spiced Chicken Couscous Bowl,618.546845124283,601.3,546.8468451242829,591.3
2026-W34,35,d28cae91-440b-49d9-a51b-40152ff51baa,Rich Sausage Ragu al Forno and Spaghetti,894.1204588910133,558.9,814.6804588910134,546.9
2026-W34,36,3601fae6-c316-4ad4-8e58-e5a11692961c,One Pot Chicken Provençal Style Soup,481.1185468451243,604.5,473.3785468451243,602.5
2026-W34,37,3d994f3b-63d7-4fe7-bd3e-71ed259cbf3f,Speedy Butter Chicken Baked Naan,822.8967495219885,451.3,677.7067495219885,431.86
2026-W34,38,817b39eb-a9ec-4342-a80c-d3353a188a8c,Smoky Mexican Style Pork Burrito Bowl,836.9980879541108,514.8,699.1180879541108,497.24999999999994
2026-W34,39,e10aafc2-af56-46bb-b2b5-72755338d89e,Creamy Cajun Chorizo Rigatoni,965.3441682600383,426.3,885.9041682600382,414.3
2026-W34,40,6d5beb4a-947d-4291-8e05-db9eb94a2ec9,Peri Peri Glazed Sausages and Roasted Sweet Potato,661.0898661567877,511.3,622.4098661567878,506.08
2026-W34,41,dbcccdd1-ee63-4cc9-8582-f5983499835e,Speedy Spicy Cajun Chicken Macaroni,840.3441682600383,509.3,840.3441682600383,509.3
2026-W34,42,8533106e-6e1a-482e-afa8-a869531f787c,One Pot Hoisin Chicken and Mushroom Udon Broth,650.3346080305927,659.3,650.3346080305927,659.3
2026-W34,43,6e0203a5-3ab2-4d2b-b2ba-786c89d64ed4,Air Fryer Greek Style Chicken and Roast Potatoes,637.6673040152964,578.5,602.8573040152964,574.28
2026-W34,44,61132506-cafd-4e26-a54a-72e6548965e1,Air Fryer Indonesian Style Chicken Poke Bowl,1000.4780114722753,584.4,930.8580114722753,575.9599999999999
2026-W34,45,c88f85ed-ce3f-409a-8b92-1ca83058e194,Quick Air Fryer Chicken in Peanut XO Sauce,899.8565965583174,671,892.1165965583174,669
2026-W34,46,f4150e80-26d8-4152-9b57-e6dd934844b2,Trinidadian Style Chickpea Doubles,541.586998087954,451.8,464.22699808795403,442.4224
2026-W34,47,f9aab5a8-f032-4ae1-9f2a-5356815a8337,Warm Roasted Tomato and Lentil Salad,536.8068833652007,458.5,436.24688336520074,446.84
2026-W34,48,4d09d86e-1a9f-4fc0-a655-606de08a834c,Pumpkin and Sage Girasoli in Veggie 'Nduja Sauce,520.3154875717017,427,512.5754875717017,425
2026-W34,49,a8b730b0-3f77-482c-87fd-dbc9e8544067,Harissa Butternut Squash Tacos,870.697896749522,763.2,862.957896749522,761.2
2026-W34,50,49c60003-dc3f-4c6e-aa64-bbd8738375a2,Oven-Baked Thai Style Sweet Potato & Peanut Curry,949.3307839388145,782,941.5907839388145,780
2026-W34,51,c8ca6b72-28ef-41b1-a743-2dbf3b3f9e08,Pan-Fried Halloumi on Harissa Lentils,738.0497131931166,561,738.0497131931166,561
2026-W34,52,fe4981a4-73a2-446e-8c5d-9251a56f7bc4,Classic Meat-Free Mince Lasagne,865.9177820267686,571.5,694.2077820267685,544.8399999999999
2026-W34,53,9e48b798-ed53-4db7-8ebc-6db7627976f1,Gochujang Tofu Rice Bowl,660.8508604206501,668,634.91086042065,661
2026-W34,54,2dd854de-a188-4504-b141-7b462e29f755,Crispy Butter Bean Veggie 'Caesar' Salad,565.9655831739962,463.3,476.58558317399616,453.9988
2026-W34,55,91b22d64-68f5-4fd3-a8a2-9a3db1805b30,"Ratatouille Style Aubergine, Pepper & Butter Beans",570.7456978967494,626.5,491.30569789674945,614.5
2026-W34,56,6bac5301-2873-4b60-a1cf-682e385947e8,Hearty Ratatouille Inspired Orzo,592.0172084130019,704.2,584.2772084130019,702.2
2026-W34,57,713e1b01-e365-4ef5-a7ca-996571683287,Thai Style Chicken Noodles,519.359464627151,437,511.61946462715105,435
2026-W34,58,1434338e-1595-452d-968b-b207c8bfda2d,Herby Chicken and Pearl Couscous Salad,612.3326959847036,423,542.7126959847036,414.56
2026-W34,59,b13589b5-3e92-4d06-bae4-6f6d638a6cc9,Tandoori Spiced Chicken Curry Filo Pie,651.2906309751434,681.3,651.2906309751434,681.3
2026-W34,60,cc88250d-4c8f-47f8-9be8-1bc4252849ab,Lamb Koftas in Harissa Sauce,632.4091778202677,564.5,624.6691778202677,560.83
2026-W34,61,941d0972-d701-4b0e-9e4b-287649cb4e59,"Creamy Honey Bacon, Potato and Baby Gem Salad",583.8910133843212,479.5,583.8910133843212,479.5
2026-W34,62,8dfbc981-92e4-4ed3-a020-f03d2b059772,Waldorf Style Salad,516.491395793499,494.5,516.491395793499,494.5
2026-W34,63,f14aab00-56ce-4f41-a947-efda3cae1360,Spiced Sloppy Joe Ciabattas,634.321223709369,413.8,598.4712237093689,408.8
2026-W34,64,7ba0ca49-02cd-45cf-abfd-70589e2d0c01,Oven-Baked Basa in Tarragon-Garlic Butter,475.38240917782025,478.3,367.83240917782024,463.3
2026-W34,65,7aa944c5-5f8f-437f-9922-0c9a46ad8d5e,Curried Chicken and Naan Crouton Salad,732.5525812619503,512.5,732.5525812619503,512.5
2026-W34,66,41017131-0169-4897-97ce-63a6fb495ae5,Classic Beef Cottage Pie,636.472275334608,774.8,632.172275334608,773.6899999999999
2026-W34,67,2f83e9ec-c0b9-4935-bf3f-6ed59181883d,Herby Creamy Tomato Chicken Penne,712.9541108986615,525.4,709.0841108986615,524.4
2026-W34,68,ac418235-6446-4952-aeaa-c64d42460396,Spiced Chicken and Smoky Bravas Bean Bowl,913.2409177820267,671.7,909.3709177820267,670.7
2026-W34,69,7eb77d7c-8987-4510-96a8-fbf7321393f9,West African Style Beef and Chickpea Bulgur Bowl,754.0630975143404,744.8,746.3230975143404,742.8
2026-W34,70,42b716ed-7596-4af3-8d3c-629447d47ab2,Sweet Potato and Refried Bean Burrito Bowl,611.8546845124283,491.3,611.8546845124283,491.3
2026-W34,71,14ba9db7-3afe-485a-a627-da7fdb5f4cea,Korma Baked Basa and Chips,631.2141491395794,578.5,559.5141491395793,568.5
2026-W34,72,5d154b4c-54b1-40f7-9f58-baf9a197d81e,Curried Chicken Thigh Traybake,880.4971319311663,721.5,880.4971319311663,721.5
2026-W34,73,bad4dd4c-4fbe-4c7b-913d-dcc9ed8cda90,Loaded Beef Chilli Nachos,945.2676864244742,537,937.5276864244742,535
2026-W34,74,4f706aec-71fb-4213-9a15-9d8ebedda145,Crispy Serrano Caprese Bruschetta,483.0305927342256,416,412.5505927342256,407.34
2026-W34,75,786338e9-8403-436f-bb0b-fb682cbebd66,Marry Me Chicken,606.1185468451242,626,583.8185468451243,620
2026-W34,76,4745da51-6a69-408c-9ff2-bd56ce09f9f9,Chicken in Creamy Tarragon Sauce,548.2791586998088,601.3,548.2791586998088,601.3
2026-W34,77,121bfb66-f883-4b72-ac62-686b6685cf88,"Banging Bacon, Mustard and Mushroom Pie",624.5219885277246,718,523.7019885277246,700
2026-W34,78,ae0a4d9f-61a5-4e91-9307-202f0fa39639,Cheeseburger Inspired Beef Quesadillas Rapidas,961.0420650095602,493,891.4220650095602,484.56
2026-W34,79,d0ba4a51-2841-494f-80e2-f29a45e54e6c,Buffalo Style Chicken Salad,675.1912045889101,483.8,551.4312045889101,470.92
2026-W34,80,9df1e38b-e30f-4d6c-a535-665664e709eb,Cumberland Sausages in Mustard Cream Sauce,766.7304015296367,766.9,766.7304015296367,766.9
2026-W34,81,c4ec0508-e990-4a75-8578-b9fac68a0853,Onion Bhaji Fritter Burger and Chips,808.7954110898661,709.8,727.9054110898661,686.91
2026-W34,82,4b755303-4b63-4668-a582-a157139c7bd1,Korma Spiced Paneer and Pepper Skewers,757.887189292543,510.5,757.887189292543,510.5
2026-W34,83,12783551-dd95-48d1-bd89-dde9143d2ea8,Tex-Mex Style Beef Enchilada Inspired Lasagne,902.246653919694,656.5,764.366653919694,633.72
2026-W34,84,663a72ad-d7dd-4959-8da5-f478c6f33ef4,Crispy Bacon & Aubergine Parmigiana Inspired Salad,588.4321223709369,554,526.5521223709369,547.56
2026-W34,85,88efc4f0-3bc8-4551-8455-9230bf7c30e6,Basa en Papillote and Sun-Dried Tomato Butter,523.6615678776291,546.5,380.2615678776291,526.5
2026-W34,86,a31a4faa-4be3-4fed-9325-9c4728edc207,"Bangers, Mash and Leek & Chive Sauce",617.8298279158699,579.5,617.8298279158699,579.5
2026-W34,87,c2946783-ebae-4c1e-9025-aaa94d23b480,Pan-Fried Pork Steak and Mustard Tarragon Sauce,567.1606118546845,665.3,567.1606118546845,665.3
2026-W34,88,5594bb23-c3cf-485c-bdbc-1d657cc1e056,Beef Cheeseburger Loaded Jacket Potato,755.9751434034416,707,674.7451434034416,695.56
2026-W34,89,1afa0f23-b0a0-47a6-b155-e6f184a98be1,Spiced Halloumi 'Steak' and Hot Honey Sauce,835.3250478011472,490.8,658.1550478011472,467.36
2026-W34,90,6dac8812-ed98-4fc5-b1f5-500ea2651fa7,Creamy Chicken à la Normande,614.0057361376673,591.9,527.7457361376673,577.9
2026-W34,91,1b7af46d-747a-4858-a927-0364b0b80fd9,Crispy Buffalo Chicken Tacos and Cheesy Chips,1379.5411089866157,861,1379.5411089866157,860.17
2026-W34,92,0c958c6c-5662-454e-aebd-89b2eb8376ef,Ultimate Cheesy Lamb Shepherd's Pie,811.1854684512429,880.4,803.4454684512428,878.4
2026-W34,93,7dd9673a-f160-4779-ac3e-4c9f2cd445dc,21 Day Aged Sirloin Steak and Creamy Tarragon Sauce,809.5124282982791,601.6,809.5124282982791,601.6
2026-W34,94,17d8e831-e958-4da5-89d5-a0534d4412f2,Seared Lamb Steak in Cheesy Leek Sauce,853.4894837476099,762.5,822.5494837476099,759.28
2026-W34,95,3c93ea6b-e0b0-4ad7-83b3-6abf1c1532de,Chicken Breast in Peanut XO Sauce and Prawn Fried Rice,883.8432122370937,938.5,883.8432122370937,938.5
2026-W34,96,872b483b-5e79-4ac4-a899-a7cb877431f0,Apple Glazed Duck Breast and Parmigiano Reggiano Dauphinoise,980.640535372849,643.9,980.640535372849,643.9
2026-W34,97,ae8f30ef-9cff-46fa-84c3-5d66b83fa1d8,Smoky BBQ Pulled Pork Bao,1252.151051625239,725.3,1248.2810516252391,724.3
2026-W34,98,a2c8c2b9-483b-491e-b0b9-d0934ce88610,Speedy King Prawn and Chorizo Linguine,1219.4072657743786,710.5,1211.6672657743786,708.5
2026-W34,99,dd081866-67f2-4c29-9acf-6407ee685a61,Honey & Soy Glazed Sesame Salmon,738.0497131931166,676,738.0497131931166,676
2026-W34,100,5f48740b-fa3a-42bd-a675-ffb180826409,Pomegranate Glazed Halloumi and Butternut Bowl,1095.6022944550668,697,1033.7222944550667,690.56
2026-W35,1,2952d32b-4191-45bc-81a5-f3bb1b459698,Chicken Korma Style Curry,801.3862332695984,482.5,729.6862332695983,472.5
2026-W35,2,f545cd72-8605-4cff-9a34-649b5ee6f992,Midweek Chipotle Beef and Pork Rigatoni,775.5736137667303,454.5,767.8336137667303,452.5
2026-W35,3,46afe750-0b1f-41c7-b71f-f10c50ca5c94,Family Favourite Pork and Apple Burger,899.1395793499044,507.1,899.1395793499044,506.27000000000004
2026-W35,4,8a198b72-ac5a-4b1e-bc1a-fa8ee02de3de,Rosemary Chicken on Oven-Baked Pea Risotto,799.7131931166348,710.4,728.0131931166347,700.4
2026-W35,5,8dda29ea-14e2-45ae-9769-fc649d34d919,North Indian Style Chicken Stuffed Cheesy Naan,1025.812619502868,613.8,956.1926195028681,605.3599999999999
2026-W35,6,dd5842c6-4750-4ed4-8f80-aeca13fff80a,Cheesy Broccoli Pasta Bake,970.1242829827916,439.3,908.2442829827916,432.86
2026-W35,7,4b564c2e-9663-46c6-8d51-9da21d902d85,Build Your Own: Oregano Chicken Gyros,684.2734225621415,673.3,676.5334225621415,671.3
2026-W35,8,042be696-3292-45bc-a69b-c6c931d9432a,Family Favourite Crispy Pork Steak and Potato Salad,719.4072657743785,586.8,642.0472657743785,575.5299999999999
2026-W35,9,cab32592-3532-4c4e-a1fd-64989ae972c6,Creamy Double Cheese Sausage Lasagne,1005.2581261950287,589.5,910.9081261950287,573.28
2026-W35,10,0992d779-7dff-4580-9e83-70f77604ab1b,Southern Fried Style Chicken and Mac & Cheese,1032.265774378585,474.3,933.5257743785851,457.86
2026-W35,11,220a3a81-9e0c-40e2-9206-d2fb126509d9,Caribbean Style Jerk and Pineapple Crispy Chicken,827.1988527724665,692.3,685.8788527724664,673.0299999999999
2026-W35,12,af6ef73b-8354-424e-8a9e-94f790e372f4,Poc Chuc Inspired Citrus Marinated Pork Steaks,630.2581261950287,706.8,524.7881261950287,693.3599999999999
2026-W35,13,7f6cb2f7-3382-4bbc-a4eb-c95464301c19,Brazilian Style Beef Skewers & Green Chilli Yoghurt,715.3441682600383,576,645.7241682600383,566.89
2026-W35,14,d53d40d3-d6a1-49a4-81d4-3f2946f06b47,Central American Inspired Bacon and Black Bean Stew,783.6998087954111,873.8,704.2598087954111,861.8
2026-W35,15,0a76d46b-6575-447a-8872-5da8ebb0a36e,Roasted Jerk Butternut Squash on Rice & Beans,881.453154875717,895,809.753154875717,885
2026-W35,16,ab06bcaf-764f-4acd-aea5-83ae5caa4433,"Honey Roasted Radish, Green Chilli & Bacon Rigatoni",804.0152963671128,440,804.0152963671128,440
2026-W35,17,28afe85d-fdeb-4737-9110-c5464bb5832d,Amarillo Chilli Pork Steaks & Garlic Corn on the Cob,701.7208413001912,554,560.4008413001911,535.56
2026-W35,18,e63bc2a5-ebf1-477c-8803-dbb0245578ec,Teriyaki Beef Meatballs and Garlic Butter Rice,724.9043977055449,560,653.2043977055448,550
2026-W35,19,1421435b-e411-43e3-9b3f-408e016d194c,Spiced BBQ Pork Quesadillas Rapidas,944.7896749521988,448.8,875.1696749521988,440.36
2026-W35,20,796fc4de-f3f2-4de4-a1a3-d299b849291f,Miso-Honey Aubergine Bao and Sesame Radish Slaw,647.227533460803,560,554.957533460803,549.8
2026-W35,21,acc7c957-2a89-40d7-a79c-76504393fcf8,Mexican Inspired Veggie Small Plates,636.2332695984703,729.8,580.4632695984703,722.02
2026-W35,22,df215d14-42f6-41e7-bcaa-c6783968d982,21 Day Aged Rump Steak and Creamy Cajun Rigatoni,883.3652007648183,462.3,803.9252007648183,450.3
2026-W35,23,7e165c66-c526-48dc-a046-c9ea09ceef49,Greek Inspired Lamb Steak Sandwich,642.4474187380497,437,565.0874187380497,426.56
2026-W35,24,ec4da8da-b30e-480c-811c-55d14ce3a49b,Chipotle Shredded Duck Tacos and Lime-Tomato Salsa,1184.512428298279,750.5,1176.772428298279,748.5
2026-W35,25,48993bfc-b255-409f-94eb-d41239bf2f3f,Spiced Salmon in Passion Fruit Glaze,635.9942638623327,523.3,549.4042638623326,511.8599999999999
2026-W35,26,374338d6-701f-4e5c-8db4-870942a09be2,"Scandi Style Roasted Salmon, Beetroot and Potatoes",741.1567877629063,651,669.4567877629063,641
2026-W35,27,5d7a7b9e-f701-4820-a977-074b0f2f6a07,King Prawn Singapore Style Noodles,489.00573613766727,391,392.8657361376673,379.8
2026-W35,28,70003bc5-a28c-47ad-ae22-ca454dae384b,Tanzanian Inspired Coconut Prawn Curry,587.7151051625239,623.2,579.9751051625238,621.2
2026-W35,29,237eb0dd-1803-4c0b-b3e1-52aa804228d3,Peri Peri and Creme Fraiche Beef Pasta,807.1223709369025,520.8,799.3823709369025,518.8
2026-W35,30,74d47e79-a097-4966-b23c-1cf3cf5fc204,Spiced Sriracha Chicken Sando,961.5200764818355,509.8,891.9000764818355,501.36
2026-W35,31,f426a4a1-97a4-4e78-b370-d78fd8937c76,Super Quick Sausage Lasagne Soup,631.453154875717,589.2,623.713154875717,587.2
2026-W35,32,6a9d019f-a972-4481-bc44-d5525abff611,Indian Style Spiced Beef and Pepper Tacos,759.5602294455067,458.5,759.5602294455067,458.5
2026-W35,33,243a755d-57b1-4d11-85c3-ba0a970d46a1,15 Minute Thai Green Style Chicken Curry,670.1720841300191,463.2,670.1720841300191,463.2
2026-W35,34,924c463e-d2a1-4455-8b07-357d89037b53,Cured Ham Pasta Arrabbiata,602.7724665391969,388.8,527.2024665391968,377.8
2026-W35,35,0a30dabc-59d0-4652-b966-2f7d4e199c93,"One Pot Sausage, Mushroom and Bean Cassoulet",763.623326959847,576.3,755.883326959847,574.3
2026-W35,36,a0f2d879-7763-4cfe-8818-63105c0de87c,Coconut Chicken Tikka Masala,834.6080305927342,622.5,762.9080305927341,612.5
2026-W35,37,d77182ef-a102-44f9-8bb5-12870efc5c2f,Speedy Peri Peri Chicken Thighs and Spiced Chickpeas,945.9847036328872,709.8,866.5447036328871,697.8
2026-W35,38,eca3e7ae-19f5-48ca-97a4-2103fab1e17d,Cheesy Beef Mince Ragu,725.8604206500955,483.9,646.4204206500956,471.9
2026-W35,39,39644cf2-7faa-44ec-a681-f50c49962011,Quick Indonesian Inspired Pork Noodles,714.8661567877629,406.8,714.8661567877629,406.8
2026-W35,40,e480f70b-bf98-48db-aa3f-9a437995ad91,Tropical Passion Fruit and Spiced Chicken Salad,772.7055449330784,574.8,696.2655449330784,564.3599999999999
2026-W35,41,5104cb3f-93c4-4757-918f-64bcb6d39466,Mediterranean Inspired Chicken and Jewelled Rice,921.6061185468451,618.7,849.906118546845,608.7
2026-W35,42,6f6ae21b-806a-4d03-b204-2cdfbf831146,Korean Style Honey Pork and Peanut Noodles,756.453154875717,450,756.453154875717,450
2026-W35,43,472fda6d-fc23-4fcd-b97b-77b2afd604f9,Air Fryer Honey Glazed Pork Steaks,876.6730401529636,525,824.8930401529636,517.78
2026-W35,44,a2682e6e-a630-4a75-872b-45e147cbc681,Air Fryer Goan Style Chicken and Coriander Potatoes,642.925430210325,604,573.305430210325,595.56
2026-W35,45,7daddf9a-0862-4162-ab2c-3bc848d67f51,Air Fryer Kashmiri Style Spiced Chicken Salad,570.9847036328872,673.8,570.9847036328872,673.8
2026-W35,46,a66ffb9c-2268-4da8-b499-3c4b37076f0e,Veggie 'Nduja Spiced Roasted Veg Bowl,586.7590822179732,648.5,507.3190822179732,636.5
2026-W35,47,5aabc878-5cbc-4f7e-b3e3-e16725f5073a,Easy Peasy Spinach and Ricotta Tortelloni,771.0325047801147,390,771.0325047801147,390
2026-W35,48,04c4408f-b6fd-4595-a8d0-730ce3ac5ab0,Baked Goat's Cheese & Caramelised Onion Naanizza,598.7093690248565,318.5,598.7093690248565,318.5
2026-W35,49,0fd25152-cbb4-425b-ac60-f4f93b33a23a,Creamy Truffle Mushroom Naanizza,898.6615678776291,520.5,898.6615678776291,520.5
2026-W35,50,b439cc05-12b1-4619-8680-93cf7fc0d063,Chipotle Lentil and Mushroom Enchiladas,729.4455066921606,497,646.1355066921606,484
2026-W35,51,bbf7abbc-4767-4bad-91f0-b17a2b5344d6,Souvlaki Inspired Halloumi Flatbreads,1181.4053537284894,614.3,1101.9653537284894,602.3
2026-W35,52,18413539-400a-49a1-a0d4-22b645468bcc,"Beetroot, Sweet Potato and Goat's Cheese Couscous Bowl",737.093690248566,575,613.333690248566,562.12
2026-W35,53,d4a949cc-0907-4a78-a9eb-1299f66e1634,Singapore Style Crispy Tofu & Black Pepper Noodles,633.8432122370937,488.8,581.5532122370937,477.55
2026-W35,54,c8cf84cb-8d78-416a-b982-268dcd089290,Garlic Mushroom and Onion Marmalade Tart,1146.9885277246653,494.5,1039.4385277246654,479.5
2026-W35,55,65d40c1b-cc00-464b-a2a8-f0fc02076ea7,Teriyaki Glazed Crispy Veggie Gyozas,620.9369024856596,489.3,568.5069024856597,482.64480000000003
2026-W35,56,d9796449-896a-4099-91ec-3df9c444db35,Vietnamese Cà Ri Chay Inspired Butternut Noodles,637.4282982791586,709.8,637.4282982791586,709.8
2026-W35,57,bee15342-16ce-4ec1-8ed2-0a18720ad5fd,Bulgogi Chicken Stir-Fry,524.378585086042,402.5,524.378585086042,402.5
2026-W35,58,695701ed-b5ff-4151-9ea6-cd1d96a099c5,Speedy Italian Style Pesto Chicken,573.3747609942639,634.5,493.93476099426385,622.5
2026-W35,59,e18e2adc-cbd0-4b61-8109-0fbfd908a105,Chicken and Pepper Fajita Bowl,583.4130019120458,522,575.6730019120458,520
2026-W35,60,8f48345e-8f28-45fc-b979-993f16d22bc7,Greek Style Lamb Moussaka,576.2428298279159,507.3,568.5028298279159,505.3
2026-W35,61,17effe0b-0715-4b81-8002-87cc169a5d02,Indian Style Spiced Pork Koftas,614.0057361376673,490.8,614.0057361376673,490.13
2026-W35,62,183f9535-ceb8-4442-9fe5-a6124009696f,Chinese Style Chicken and Veg Noodle Stir-Fry,510.75525812619503,372.5,510.75525812619503,372.5
2026-W35,63,adfef74e-93a9-4146-96f7-2e8b36b85f60,Creamy Pesto Dressed Bacon and Roast Potato Salad,585.3250478011472,549,523.4450478011472,542.56
2026-W35,64,a4d9732f-b7a8-404f-abd7-7b295ec014f3,Baked Basa on Brazilian Style Spiced Borlotti Beans,507.17017208413,641,375.67017208413,626.12
2026-W35,65,cb887a19-a11d-487c-8556-ff85d7b5caa4,Fragrant Chicken Coconut Curry,716.7782026768642,652,637.3382026768643,640
2026-W35,66,2a7a8489-e43d-4a0d-a190-0845634ec9e4,Red Thai Style Beef Meatball Soup,651.0516252390057,663.1,643.3116252390057,661.1
2026-W35,67,30487172-da06-415a-b0da-0f53b563fa9a,Lemongrass Chicken Bánh Mì Inspired Salad,743.546845124283,473.8,670.486845124283,465.00120000000004
2026-W35,68,70853f02-0fa1-4f05-85fd-38c9a69f058f,Speedy Chipotle Chicken Penne,708.4130019120458,513.5,628.9730019120459,501.5
2026-W35,69,fd039c77-ab66-41db-b090-b51dfd1921fe,Mediterranean Style Pork Steak and Roasted Veg Toss,686.4244741873805,682.5,616.8044741873805,674.06
2026-W35,70,c18ce7f6-4f2c-454e-8f68-53b4444a7694,Quick Sticky Gunpowder Spiced Cauliflower Salad,425.9082217973231,522.3,356.2882217973231,513.8599999999999
2026-W35,71,8885b856-5378-4a0c-8875-d22b96dab65a,Korma Baked Basa and Chips,631.2141491395794,578.5,559.5141491395793,568.5
2026-W35,72,c21e17b8-fb60-4661-8016-bdb9c7dad95f,Curried Chicken Thigh Traybake,880.4971319311663,721.5,880.4971319311663,721.5
2026-W35,73,0ad137d0-1ba3-4fd8-844e-716374579e69,Loaded Beef Chilli Nachos,467.25621414913957,437,459.51621414913956,435
2026-W35,74,dddec9a3-be3c-4204-825f-5a9a5c560465,Crispy Serrano Caprese Bruschetta,483.0305927342256,416,412.5505927342256,407.34
2026-W35,75,4e8177aa-32be-4f4f-8a41-3c4d92ac034a,Marry Me Chicken,606.1185468451242,626,583.8185468451243,620
2026-W35,76,b8889b1a-a336-4ef0-99c9-c737ee1ea667,Chicken in Creamy Tarragon Sauce,548.2791586998088,601.3,548.2791586998088,601.3
2026-W35,77,d370e632-a389-4d90-a0e7-eef3a1b61493,"Banging Bacon, Mustard and Mushroom Pie",624.5219885277246,718,523.7019885277246,700
2026-W35,78,e768c4c1-49bd-46c6-b159-bb4cd9ba947e,Cheeseburger Inspired Beef Quesadillas Rapidas,961.0420650095602,493,891.4220650095602,484.56
2026-W35,79,1751a0a9-63f6-48c6-ae02-bd9541d457ad,Buffalo Style Chicken Salad,675.1912045889101,483.8,551.4312045889101,470.92
2026-W35,80,436705cd-63b6-46fa-a0cd-7c075b6d3719,Cumberland Sausages in Mustard Cream Sauce,766.7304015296367,766.9,766.7304015296367,766.9
2026-W35,81,67a6b887-5aa2-4e9b-b6e9-7f1ca5157ccc,Onion Bhaji Fritter Burger and Chips,808.7954110898661,709.8,727.9054110898661,686.91
2026-W35,82,d0f94e13-cfaf-4db5-b909-19c4a3781348,Korma Spiced Paneer and Pepper Skewers,757.887189292543,510.5,757.887189292543,510.5
2026-W35,83,eff1e374-9304-4c03-bde8-4a3276647f04,Tex-Mex Style Beef Enchilada Inspired Lasagne,902.246653919694,656.5,764.366653919694,633.72
2026-W35,84,c0b4417b-5baf-4eca-b126-7b85766f6d48,Crispy Bacon & Aubergine Parmigiana Inspired Salad,588.4321223709369,554,526.5521223709369,547.56
2026-W35,85,cb3efb9b-c5d9-40dd-839f-29af9f341048,Basa en Papillote and Sun-Dried Tomato Butter,523.6615678776291,546.5,380.2615678776291,526.5
2026-W35,86,478aa846-3ac8-4c29-b543-ef2d87c3b23c,"Bangers, Mash and Leek & Chive Sauce",617.8298279158699,579.5,617.8298279158699,579.5
2026-W35,87,399bfbdc-7ff5-421d-92c8-b1fee415b0f0,Pan-Fried Pork Steak and Mustard Tarragon Sauce,567.1606118546845,665.3,567.1606118546845,665.3
2026-W35,88,794be784-8ebd-410b-ba32-af1200ecc59f,Beef Cheeseburger Loaded Jacket Potato,755.9751434034416,707,674.7451434034416,695.56
2026-W35,89,f498be75-ea33-4f17-bbaa-a28b47a3d863,Spiced Halloumi 'Steak' and Hot Honey Sauce,835.3250478011472,490.8,658.1550478011472,467.36
2026-W35,90,76b30eee-ae7c-4c36-b1d1-32b26eab9e30,Creamy Chicken à la Normande,614.0057361376673,591.9,527.7457361376673,577.9
2026-W35,91,3ef85949-32a0-4ebe-9464-49ae95df30ed,Easy Salmon on Fresh Pesto Tagliatelle,1479.2065009560229,710,1479.2065009560229,710
2026-W35,92,b7e3ddf9-8e1c-4112-8eba-f8f2a4c3dbcb,Hot Honey Fried Chicken Bao,834.3690248565965,722.8,728.3490248565965,704.3599999999999
2026-W35,93,d9896694-0ac9-44b8-9d25-6bd123dfc6d2,Speedy Pulled Beef Chilli Con Carne and Easy Rice,851.0994263862333,859,851.0994263862333,859
2026-W35,94,1dbfd43b-7883-46a4-aeac-9653fd2863fc,Harissa Lamb Steak and Halloumi Mezze Bowl,1173.757170172084,650,1065.457170172084,636.34
2026-W35,95,60578bb4-d06a-4f32-b4a9-18576cc45d73,Teriyaki Glazed 21 Day Aged Rump Steak,609.2256214149139,730,609.2256214149139,730
2026-W35,96,9dc0f605-32b0-45aa-92dd-8fe671399ab0,Smoky Creamy Chipotle Pulled Pork Tagliatelle,1636.2332695984703,750,1628.4932695984703,748
2026-W35,97,0a0d54f2-2742-4f2e-b78c-e7f7616a6f52,Chicken and Halloumi Shawarma,1218.2122370936902,744.3,1156.33223709369,737.8599999999999
2026-W35,98,e9117869-7c8f-41d3-b5af-0485f59da203,Batch Cook: Cheesy Meatball Pasta Bake,821.9407265774378,535.8,663.0607265774378,510.29999999999995
2026-W35,99,dc4fc5f0-bb7f-4733-a947-13669e7c70f9,Pesto Chicken Burger and Smashed Cheesy Bacon Potatoes,1186.663479923518,697,1124.783479923518,690.56
2026-W35,100,04c023f4-9a47-4be7-8922-a3b17fd83a9c,Burrata Topped Triple Mushroom Tagliatelle,1251.4340344168259,692.3,1251.4340344168259,692.3
2026-W36,1,86a29324-406e-4a3c-bab0-ebb3450364bd,American Style Chicken Schnitzel Sando,962.7151051625239,743.3,962.7151051625239,742.4699999999999
2026-W36,2,1d49af36-ec61-477d-ab45-0f398450457e,"Hoisin Beef, Pork and Mixed Veg Stir-Fry",697.6577437858508,397.5,697.6577437858508,397.5
2026-W36,3,d1e4b920-d416-426c-8bd9-c69e67c8b0b6,Mexican Style Spiced Chorizo Rice,738.7667304015296,569.3,663.1967304015295,558.3
2026-W36,4,ba634b37-ade1-40f3-b271-d9c67571921b,Italian Inspired Sausage Naanizza,869.0248565965583,401.5,803.2748565965583,394.06
2026-W36,5,0b3029a4-69de-43c7-93a2-a7c28641797e,Italian Inspired Chicken Milanese,1095.6022944550668,652.3,1016.1622944550668,639.4699999999999
2026-W36,6,4dd22696-014f-4032-bdd0-42fd6cd9f08b,Coconut Korma Vegetable Curry,770.793499043977,692.5,770.793499043977,692.5
2026-W36,7,e75c8e85-6d41-4971-9ac6-9b34aba05520,Build Your Own: Spiced Pork and Corn Tacos,834.3690248565965,557.3,826.6290248565965,555.3
2026-W36,8,4289bd9d-27e4-4684-8ae7-e690157be72d,Family Favourite Cheesy Beef Chilli Loaded Jacky-P,766.9694072657743,740,689.6094072657743,729.56
2026-W36,9,5d1cc12b-419c-4809-9c24-cc69f14086cb,Sausages on Cheesy Peri Peri Butter Beans,768.4034416826004,669.3,627.0834416826003,650.8599999999999
2026-W36,10,7031dd49-65f0-4e08-8cd5-33f93fcfdbd9,Laal Maas Inspired Spicy Lamb Meatball Curry,682.6003824091778,656.3,670.9903824091778,652.4699999999999
2026-W36,11,7939c97d-4abb-4137-b064-da2216dc30f3,Goan Inspired Chilli Chicken,923.2791586998087,711,814.7191586998088,690.33
2026-W36,12,d8a44e8c-5d1f-4a00-9648-2689f5825d77,Lahori Style Lamb Seekh Kebab Rolls,821.2237093690248,584.2,813.4837093690248,582.2
2026-W36,13,427b969d-5d0c-4783-ba06-0ca0850360c6,Goan Chicken Cafreal Inspired Curry,817.1606118546845,694.5,693.4006118546845,680.89
2026-W36,14,624af908-3ade-4ee4-bd33-945b83c6a8cc,Easy Honey Mustard Sausage & Pear Traybake,724.4263862332696,637.4,662.5463862332696,630.9599999999999
2026-W36,15,0feab649-3691-46f6-b04e-ec23fcaddeae,Creamy Jaipuri Style Vegetable Curry,658.6998087954111,796.3,658.6998087954111,796.3
2026-W36,16,7fc2a82a-4422-4227-9c24-f127fb7e2038,Kashmiri Style Chicken Breast & Romanesco Warm Salad,741.8738049713193,890.8,610.3738049713193,875.92
2026-W36,17,ff37c31b-10e9-4f5d-b7d3-658edd0cdb81,Gammon Steak in Roasted Pear Sauce,664.435946462715,761.5,480.445946462715,736.06
2026-W36,18,fe050b61-5d90-4cb6-b603-eb8a3283e328,Brilliant Bacon Linguine Alfredo,820.9847036328872,353.9,820.9847036328872,353.9
2026-W36,19,5e25e417-bda0-4878-9388-3d22d49c14a5,Sticky South Carolina Style BBQ Chicken Wings,1124.2829827915868,572.8,980.4629827915869,550.9199999999998
2026-W36,20,a021f219-3db6-436d-9af6-43b13ec88495,"Crispy Butter Bean, Pitta Chip and Pear Traybake",540.8699808795411,643.3,533.1299808795411,641.3
2026-W36,21,3eb92cf4-72d2-4b0a-98ea-e334149e2fbe,Caramelised Onion Veggie Burger and Fondue Dip,1051.8642447418738,712,1029.5642447418738,706
2026-W36,22,f0f26950-f8f4-4a4b-958e-19e98702c6bd,Rump Steak and Homemade Peppercorn Sauce,586.0420650095602,607.3,584.1620650095603,606.55
2026-W36,23,725aaad7-413b-4bce-8582-711789bf5790,Sticky Mustard Pork Belly and Red Wine Jus,804.2543021032504,675,804.2543021032504,675
2026-W36,24,6f0f8abe-16ef-4084-91f8-554efd379f06,Duck Leg on Guinness® Braised Butter Bean Cassoulet,852.2944550669216,580.5,772.8544550669217,568.5
2026-W36,25,3434de7c-be3f-4fc6-b989-9aad84f8826a,Creamy Lemon and Dill Salmon,615.9177820267686,616,615.9177820267686,616
2026-W36,26,74ee192c-ca93-416f-b4d6-3b9e1f67e5b7,Spiced Haddock and Coconut Cashew Curry,701.4818355640535,515.5,693.7418355640535,513.5
2026-W36,27,7cad5d54-4149-497d-b4fb-ada0a1b11522,Punjabi Style Amritsari Fried Basa,628.3460803059273,578.5,467.7260803059273,554.95
2026-W36,28,4d4425dd-42f9-4a07-b513-cd8c706ac53c,Quick Green Chilli Prawn Brioche Rolls,643.4034416826004,502.3,533.0234416826004,487.08
2026-W36,29,c1afda9e-89f9-41c1-b24b-c7898e9baf9a,Rich Red Wine Beef Rigatoni,792.0650095602294,531.3,712.6250095602295,519.3
2026-W36,30,dd806ac0-d5c5-444a-9a8f-9dae7d4d4dda,Super Quick Spicy Middle Eastern Style Chicken,692.3996175908221,491.8,620.6996175908221,481.8
2026-W36,31,941e46f6-f1c5-40e2-8ec7-dc7413316317,Super Quick Chorizo and Bean Stew,548.7571701720841,570.9,548.7571701720841,570.9
2026-W36,32,643c1176-086d-49fa-956d-3315f10b005d,Super Quick Beef and Pea Rogan Josh,702.1988527724665,620,702.1988527724665,620
2026-W36,33,6c57f3f8-5369-4ef1-8a93-709aca719792,Presto Pesto Chicken and Pea Spaghetti,899.6175908221797,415.4,899.6175908221797,415.4
2026-W36,34,004ee974-9b57-40c9-8fff-726d6cde64f5,Super Quick Bulgogi Pork Noodles,691.2045889101338,380.7,691.2045889101338,380.7
2026-W36,35,96d519c5-b09b-4b9d-8e40-7337d77b1184,Herby Sausage Spaghetti Bolognese,909.8948374760994,573.5,902.1548374760994,571.5
2026-W36,36,5f0fda66-1f36-476c-8ad8-fe24f49e2b48,Harissa Chicken Loaded Naans,663.4799235181644,403.8,663.4799235181644,403.8
2026-W36,37,dd865df9-b875-4393-8442-84bd86808856,Creamy Spiced Lentil and Chicken Curry,589.8661567877629,590,589.8661567877629,590
2026-W36,38,ca183fd4-1bfd-48a3-b749-26131c0b44ef,Quick Hoisin Beef Tacos,786.3288718929253,470.8,786.3288718929253,470.8
2026-W36,39,97567c65-48ac-441f-80df-a407132b5b60,Super Quick Chorizo and Tomato Spaghetti,717.9732313575525,346.3,713.6732313575526,345.19
2026-W36,40,920fa66f-ca02-4512-8502-c93a321989d1,Gyros Inspired Sweet Chilli Chicken Flatbread,961.2810707456979,504,784.1110707456979,480.56
2026-W36,41,814d22f9-fd27-4a98-9bfb-a32bf3496883,One Pot Ginger and Lime Chicken Noodle Soup,536.3288718929255,683.2,536.3288718929255,683.2
2026-W36,42,b5af1c48-c52f-42d0-a777-e816c2c75449,One Pan Gochujang Pork and Peanut Udon,662.7629063097514,490,662.7629063097514,490
2026-W36,43,4ac54f5f-62ce-4b70-b549-c8012cb3ca11,Air Fryer Thai Inspired Pork Kofta Salad,634.5602294455067,540.5,564.9402294455067,531.2299999999999
2026-W36,44,7a974850-edbc-4f8a-a7c5-1f6d3809f535,Air Fryer Sausage & Tomato Baked Gnocchi,682.3613766730401,546.5,674.6213766730401,544.5
2026-W36,45,abdbd508-1778-448a-a523-ee407f3798f7,Air Fryer Indonesian Style Pork Satay Skewers,816.4435946462714,585,746.8235946462714,575.89
2026-W36,46,83888edc-3cab-4b3a-9af5-13425cbe2d4b,Puttanesca Style Rigatoni,608.9866156787763,439.2,529.5466156787763,427.2
2026-W36,47,5ddb6f15-b843-427c-9e0c-bc3885bc2d5d,Speedy Chipotle Bean Chilli,707.6959847036328,622.5,635.9959847036328,612.5
2026-W36,48,20f8f4ca-b2a2-4e88-a08a-bb247fa8adba,Umami Miso Mushroom Rigatoni,762.906309751434,400,691.206309751434,390
2026-W36,49,276afe85-14dc-4f51-a328-b43630f0acd9,Presto Pesto Pea Rigatoni,780.3537284894837,448.5,776.4837284894837,447.5
2026-W36,50,1896a5ad-6840-42e6-bf7f-d9dcc155bdfe,Hearty Aubergine and Lentil Veggie Moussaka,597.753346080306,596.7,554.1633460803059,589.7
2026-W36,51,1ce939c4-16c9-47c3-b865-9bf11f98bdf3,Halloumi and Pepper Skewers,797.3231357552581,567.8,735.4431357552581,561.3599999999999
2026-W36,52,053ee3ac-6bc3-4c39-8e08-aaafe164ba14,Italian Inspired Butter Bean Cassoulet,596.3193116634799,583.9,516.8793116634799,571.9
2026-W36,53,35501acd-15d1-4ef8-ab35-b7f16ddaee16,Sticky Amarillo Spiced Tofu Rice Bowl,488.52772466539193,478.3,481.24772466539196,476.3
2026-W36,54,d018fad7-2c9e-4f28-b071-40b588f8b39c,"Spiced Chickpea, Cheese and Onion Stuffed Peppers",627.6290630975143,734.3,619.8890630975143,732.3
2026-W36,55,8ac3920d-e87a-468d-8cb3-37de8e73429a,"Easy Harissa Sweet Potato, Dill & Butter Bean Bowl",611.1376673040153,623.3,541.5176673040153,614.8599999999999
2026-W36,56,9d68a2c3-bb69-4757-ae8c-a64c413f7bfd,Smoky Cauliflower and Sweet Potato Tagine,657.5047801147227,759.8,590.1247801147227,749.02
2026-W36,57,3103d495-64d6-4802-9d8a-8a32d57c4a07,Thai Green Style Chicken Curry,632.887189292543,434.2,629.017189292543,433.2
2026-W36,58,be4834b9-4947-4b75-9046-f173444647b8,Caribbean Style Jerk Spiced Chicken,609.4646271510516,556,573.6146271510515,551
2026-W36,59,1a94dcba-3d9b-4808-8817-3834d90e4213,"Speedy Ginger, Lime and Garlic Coconut Chicken",641.0133843212237,449.5,633.2733843212237,447.5
2026-W36,60,64ad8c77-1bcd-4096-9bb8-dcb83f661529,Beef and Beany Quesadillas,567.1606118546845,381.5,563.2906118546845,380.5
2026-W36,61,5cd4d714-05bd-44b8-bcd4-c2a97f69f8ac,Cured Ham Tortelloni in Veggie 'Nduja Sauce,532.2657743785851,427,524.5257743785851,425
2026-W36,62,cc8c06f0-2dbb-4f54-ae30-46c35ed0bbf8,Chermoula Chicken and Warm Panzanella Pasta Salad,631.2141491395794,419.5,569.3341491395794,413.06
2026-W36,63,9e6e2af5-c88c-47e6-8adc-59980727e79c,Sticky Chicken Noodle Stir-Fry,561.6634799235181,487.5,561.6634799235181,487.5
2026-W36,64,f3e07395-03a8-4f42-9ab8-a6919da794b0,Soy-Ginger Barramundi and Garlic Rice,534.6558317399617,538.8,455.21583173996174,526.8
2026-W36,65,b26da35a-b7a9-4199-971e-1835b7341c87,Herby Roast Chicken on Butter Beans,695.9847036328872,579.8,688.2447036328872,577.8
2026-W36,66,3848de82-0d4d-49e3-a9a2-f1b8bec05a6e,Indonesian Style Spiced Honey Beef Noodles,611.8546845124283,407.6,611.8546845124283,407.6
2026-W36,67,c85e35b1-4510-40c4-990c-3edfd4fa7ce4,Quick Harissa Cranberry Chicken on Bulgur,571.2237093690248,572.5,571.2237093690248,572.5
2026-W36,68,a5536d45-d33d-4e9b-aeb6-eb42a6b7fa4e,Speedy Rosemary Lamb and Mushroom Rigatoni,742.5908221797323,439.4,742.5908221797323,439.4
2026-W36,69,aaab8d16-cf54-48b3-9c7c-7fa6603b734f,Herby Chicken Thighs and Chermoula Couscous,840.1051625239005,612.5,840.1051625239005,612.5
2026-W36,70,49a4afda-5dc0-4716-aba0-0689a20a3467,Warming Roasted Butternut and Borlotti Bean Bowl,631.9311663479923,854.5,624.1911663479923,852.5
2026-W36,71,a91455bf-d2c6-46c5-bbce-191cd94edb22,Korma Baked Basa and Chips,631.2141491395794,578.5,559.5141491395793,568.5
2026-W36,72,3b3de94c-29c7-4586-982a-ec1bd9cf4fc2,Curried Chicken Thigh Traybake,880.4971319311663,721.5,880.4971319311663,721.5
2026-W36,73,b431a0d7-7edc-4cd2-a514-94cf2d8347c4,Loaded Beef Chilli Nachos,467.25621414913957,437,459.51621414913956,435
2026-W36,74,46fe88d4-4703-411d-a77c-eb2bb1767ff7,Crispy Serrano Caprese Bruschetta,483.0305927342256,416,412.5505927342256,407.34
2026-W36,75,3eaaec00-02d5-4782-ad9f-82d8ec4764aa,Marry Me Chicken,606.1185468451242,626,583.8185468451243,620
2026-W36,76,fec4e055-96fc-47f0-a3c1-3da77e8aba08,Chicken in Creamy Tarragon Sauce,548.2791586998088,601.3,548.2791586998088,601.3
2026-W36,77,e04c14b4-db40-4d7e-8eac-ef787ddc7a54,"Banging Bacon, Mustard and Mushroom Pie",624.5219885277246,718,523.7019885277246,700
2026-W36,78,011a7f9a-d035-46c4-87ba-2dd62c399a09,Cheeseburger Inspired Beef Quesadillas Rapidas,961.0420650095602,493,891.4220650095602,484.56
2026-W36,79,3c46e9ae-9c41-45b5-b5f0-a382cdd2dc93,Buffalo Style Chicken Salad,675.1912045889101,483.8,551.4312045889101,470.92
2026-W36,80,656a7d27-8ddb-49ee-b89d-d419c1aa1f30,Cumberland Sausages in Mustard Cream Sauce,766.7304015296367,766.9,766.7304015296367,766.9
2026-W36,81,eac129b4-d988-46b4-9593-b7aaff1685ce,Onion Bhaji Fritter Burger and Chips,808.7954110898661,709.8,727.9054110898661,686.91
2026-W36,82,346037f8-aed0-416f-b2c9-205ba5ab8980,Korma Spiced Paneer and Pepper Skewers,757.887189292543,510.5,757.887189292543,510.5
2026-W36,83,c4511d2e-5cb7-4250-8211-56db0a0f8358,Tex-Mex Style Beef Enchilada Inspired Lasagne,902.246653919694,656.5,764.366653919694,633.72
2026-W36,84,163c7c5d-c582-491b-81d0-265a450d9922,Crispy Bacon & Aubergine Parmigiana Inspired Salad,588.4321223709369,554,526.5521223709369,547.56
2026-W36,85,df2fe544-231d-42ad-b1c5-994a168a925a,Basa en Papillote and Sun-Dried Tomato Butter,523.6615678776291,546.5,380.2615678776291,526.5
2026-W36,86,ac7e91dc-e2e2-4ee8-b5d2-ba9ff38d4076,"Bangers, Mash and Leek & Chive Sauce",617.8298279158699,579.5,617.8298279158699,579.5
2026-W36,87,d8049e52-b711-431b-8708-a8cd92fb84ab,Pan-Fried Pork Steak and Mustard Tarragon Sauce,567.1606118546845,665.3,567.1606118546845,665.3
2026-W36,88,b7bc89c5-6bda-43ee-a2f4-fa00e5016bee,Beef Cheeseburger Loaded Jacket Potato,755.9751434034416,707,674.7451434034416,695.56
2026-W36,89,a6fd3345-35c2-45e2-af0e-d00051e8f7f6,Spiced Halloumi 'Steak' and Hot Honey Sauce,835.3250478011472,490.8,658.1550478011472,467.36
2026-W36,90,30710b79-faf8-4a04-aee3-e4c24a2cbe31,Creamy Chicken à la Normande,614.0057361376673,591.9,527.7457361376673,577.9
2026-W36,91,b0898c74-6230-4d4e-bd27-0ec3bef6f77c,Honey & Soy Glazed Sesame Salmon,738.0497131931166,676,738.0497131931166,676
2026-W36,92,8026afe3-0090-4441-b747-1d720d3e4d52,Lamb Steak in Garlic Butter Sauce,863.0497131931166,729,759.4797131931166,714.56
2026-W36,93,540ea295-b20b-4b01-bb3b-b9b4fd64a949,French Dip Inspired Steak Sandwich,1029.1586998087953,799,1024.2086998087952,797.72
2026-W36,94,25d05bb0-fb5e-4ca4-8219-31b4ad1b1603,Monkfish in Chorizo Butter and Tomato Linguine,895.076481835564,473.5,859.226481835564,468.5
2026-W36,95,ecadb6ec-101d-493c-922f-692556435fd0,Curried Fried Chicken Bao,1266.491395793499,716.8,1266.491395793499,715.9699999999999
2026-W36,96,4ccc591f-524b-4573-b0da-3f64290883f4,Oven-Ready Pieminister British Beef Steak & Ale Pie,935.9464627151051,692.5,935.9464627151051,692.5
2026-W36,97,0dc4cf5e-ceee-4c35-940b-163aec44c470,Quick Beef Burrito Bowl and Honey Halloumi,1108.5086042065009,698.5,1100.7686042065009,696.5
2026-W36,98,9eaf187b-2966-4c82-8ef0-7ab1570ca489,Batch Cook: Cheesy Spiced Beef Cottage Pie,599.6653919694072,577.3,591.9253919694072,575.3
2026-W36,99,60a94cd6-b2d8-46b4-966d-208d51068703,Parmigiano Reggiano Crumbed Chicken Schnitzel and Premium Tomatoes,727.7724665391969,685.5,727.7724665391969,685.5
2026-W36,100,0d3aacca-e2d3-4b79-be37-600674fd1d6f,"Veggie 'Nduja, Pecorino and Chive Oven-Baked Risotto",1236.1376673040152,824.3,1094.8176673040152,805.8599999999999
2026-W37,1,0832b452-f7d1-4981-89c0-c7af81755195,Peri Peri Chicken Breast Traybake,664.6749521988528,522.3,506.5349521988528,505.84119999999996
2026-W37,2,2a203cef-e8ce-4e62-a9f0-ba7670231c14,Quick Gochujang Beef and Pork Chestnut Mushroom Rigatoni,902.4856596558317,473.5,828.6356596558317,462.94
2026-W37,3,219e3ae2-0ec2-43ee-b87a-dcaf94205660,Easy Pork Chilli Burrito Bowl,954.8279158699809,633.5,892.9479158699809,627.06
2026-W37,4,5ad8126d-fe3e-45c6-b0cb-7a5bf4d56a88,Creamy Lamb Bolognese and Rigatoni,833.6520076481835,548.5,829.3520076481835,547.39
2026-W37,5,4a4136ab-c7fd-43a6-84a7-599a04db9167,Crispy Onion Loaded Hot Dogs,947.8967495219885,628,947.8967495219885,628
2026-W37,6,2d1e3a62-1d83-4b7c-a621-8acf1dce371c,Homemade Cheesy Bean Jacky-P,807.3613766730401,820.3,799.6213766730401,818.3
2026-W37,7,28bb28a6-10f2-484f-967c-f7523538694e,Build Your Own: Pork Kofta Pittas,1024.6175908221796,615.5,954.9975908221796,607.06
2026-W37,8,af1b2360-3b22-4936-9e6c-6664edb58a0e,Family Favourite Creamy Coconut Beef Curry,784.4168260038241,482.3,776.6768260038241,480.3
2026-W37,9,8db252e8-a596-49f1-884e-35ae278e3eef,Pork & Apple Burgers and Mini Mac & Cheese,1079.5889101338432,584,1009.2589101338432,572.22
2026-W37,10,b790b198-1c1f-4c57-add9-a1d7e46e4679,Creamy Bacon and Mustard Penne,844.8852772466539,382,779.1352772466539,374.56
2026-W37,11,d3d4fecc-b398-42fe-9e99-2978c0b05d0f,Chicken Karahi,827.1988527724665,704.5,711.9088527724665,687.5
2026-W37,12,afa921f6-b239-4873-aaef-c4ead8374687,North Indian Inspired Lamb Koftas and Mint Yoghurt,599.4263862332696,544.8,529.8063862332696,535.5299999999999
2026-W37,13,fe670cf2-83bb-4211-8b02-0658ffe5a6f3,Beef Kofta Tikka Masala,907.7437858508604,670.8,836.0437858508603,659.9699999999999
2026-W37,14,f143fa7e-f596-441d-9232-f324610e118d,Mughlai Inspired Korma Roasted Chicken,562.3804971319312,610,562.3804971319312,610
2026-W37,15,8aab7841-5f05-48a2-b2e4-8e3814a3affb,Spiced Paneer Kathi Inspired Rolls,1066.9216061185468,674.7,1066.9216061185468,674.7
2026-W37,16,b866fb94-a8ed-49e9-926d-f3d5ca99bac9,Scandi Style Hot Dogs in Redcurrant Sauce,847.7533460803058,515,769.3533460803059,503.78
2026-W37,17,32942d57-b8da-48a2-96a4-dfb0b08e243d,Pork Steaks and Pear Signature Pan Sauce,545.889101338432,631.8,510.03910133843203,626.8
2026-W37,18,42bcec54-bb7c-47d4-a05f-2de7c60c7c42,Thai Style Pork Meatball Sandwich,931.8833652007647,628.5,924.1433652007647,625.67
2026-W37,19,e823e064-bfcf-4da5-b64b-67ee6220e4eb,Weeknight Fragrant Hoisin Pork Noodles,791.1089866156788,480,791.1089866156788,480
2026-W37,20,3bb174bb-7b04-4731-8eaf-7011b31807f1,Sharing Style: Sticky Romanesco and Chilli Yoghurt,584.1300191204589,684.5,514.5100191204589,676.06
2026-W37,21,4304da86-8369-4fd6-a75f-265d7762fd6b,"Roasted Pear, Beetroot & Greek Style Cheese Salad",670.6500956022944,728,573.5300956022944,716.6988
2026-W37,22,f59b2197-b96b-41fd-8268-4b41c9aff734,21 Day Aged Rump Steak and Caesar Style Salad,588.1931166347993,485.8,588.1931166347993,485.8
2026-W37,23,389fc934-013b-4003-b4fb-61eed3334699,Lamb Steaks and Green Chilli & Mint Salsa Verde,622.6099426386234,617.3,491.10994263862335,602.42
2026-W37,24,36892869-f2e7-4f9a-b83d-0fe648915037,Ultimate Chicken Tikka and Rice,1316.4435946462715,876.5,1171.2535946462715,857.06
2026-W37,25,00eab078-dcbf-4bbe-bbd2-db87b9874e2a,Teriyaki Salmon Poke Style Bowl,624.5219885277246,503,562.6419885277246,496.56
2026-W37,26,8f19a7f3-46b5-4682-add9-7ad4cce3be51,Soy and Lime Baked Salmon,717.0172084130019,438.8,655.1372084130019,432.36
2026-W37,27,b0b048b1-932f-4c74-b33f-30e8c02c3189,Crispy Katsu Fish Burger and Spiced Chips,844.1682600382409,620.8,774.5482600382409,612.3599999999999
2026-W37,28,918e5064-d626-471f-ae86-4261a4a75d54,Malabar Style Prawn Biryani,580.3059273422562,604.5,572.5659273422561,602.5
2026-W37,29,92f4c81f-0696-4771-9455-e4d4607b3142,Super Quick Easy Spaghetti Beef Ragu,731.8355640535373,470.9,724.0955640535373,468.9
2026-W37,30,0b21362a-dfea-4bfe-916a-2dd2558166bd,Easy Peasy Zanzibar Style Chicken,655.831739961759,425,655.831739961759,425
2026-W37,31,a4efcc5d-f0b7-4cb5-af6a-adaadda47671,Quick Pork and Peanut West African Style Stew,832.9349904397706,517,825.1949904397705,515
2026-W37,32,69668c2e-84d4-4e77-bbf1-f5852f0d1909,Super Quick Sweet Chilli Beef,615.2007648183557,369,615.2007648183557,369
2026-W37,33,19592dd6-1ce1-4b66-89fd-8dea0a6a0759,Deconstructed Greek Style Cottage Pie,609.2256214149139,645.3,609.2256214149139,645.3
2026-W37,34,a595e6b7-e7d0-458c-a446-9d54c87ad5b4,Super Quick Tex-Mex Style Pork Tacos,847.0363288718929,436.5,776.986328871893,427.95
2026-W37,35,33e02cd0-e0f1-4cf9-8b3d-2778d6da0bf2,"Sausage, Sage and Butternut Rigatoni",981.8355640535373,511.3,981.8355640535373,511.3
2026-W37,36,72e2887d-92c8-488e-9918-b9537b63cdc4,Teriyaki Chicken Udon Traybake,444.7896749521988,505.7,444.7896749521988,505.7
2026-W37,37,fda5b0c4-f7ac-4c90-9b3d-013baa55d7f7,Easy Peasy Fragrant Chicken Curry,624.7609942638624,435.3,620.8909942638624,434.3
2026-W37,38,e47b9529-8c16-4791-93d6-fec3012b59ea,Speedy Brazilian Style Beef and Black Bean Soup,619.0248565965583,642.8,583.1748565965582,637.8
2026-W37,39,d7efd61c-3fb7-4110-956b-5322397b78f8,Chorizo and Pesto Butter Bean Jumble,909.8948374760994,477.8,809.3348374760994,466.14
2026-W37,40,3ddaa0c5-d2a5-489a-b1c8-6b9dc17ed840,Herby Pork Linguine,825.5258126195029,578.9,821.6558126195029,577.9
2026-W37,41,0a73457e-ae81-49f8-adc5-650683f7b06f,Peri Peri Chicken Fajita Style Tacos,761.2332695984703,460.3,761.2332695984703,460.3
2026-W37,42,2491e617-ff1e-4a6a-b75a-aec2c6dde226,Quick Brazilian Style Roast Chicken and Chickpeas,695.0286806883365,713.3,615.5886806883366,701.3
2026-W37,43,9c69075e-f577-4b6a-b6a5-015967a40420,Air Fryer Miso Peanut Chicken Udon Noodles,740.4397705544933,573.5,740.4397705544933,573.5
2026-W37,44,9fd1c16b-44bb-48c8-a619-142580f4815f,Air Fryer Teriyaki Beef Meatballs and Roasted Plums,682.1223709369025,512,674.3823709369025,510
2026-W37,45,fb369387-ea91-4c03-9eb5-229eb607d3d7,Air Fryer Cheesy Pork Meatballs and Sweet Potatoes,822.1797323135755,546,822.1797323135755,546
2026-W37,46,b9a1c58a-bab5-4a3d-a269-4233e5c84e3d,"Creamy Mushroom, Spinach & Ricotta Tortelloni",640.5353728489483,431.4,640.5353728489483,431.4
2026-W37,47,633f8dd6-f507-4a9a-ab3b-aa342691fb25,Spicy Cajun Tomato & Super Greens Rigatoni,718.2122370936902,420.7,638.7722370936901,408.7
2026-W37,48,69539196-32ec-40be-9416-953155f1a359,Peri Peri Meat-Free Cheeseburger Inspired Bowl,575.5258126195029,514.8,503.82581261950287,504.79999999999995
2026-W37,49,9615254c-041b-40f6-b07d-0e249dc19761,"Mozzarella, Roasted Pepper and Pesto Panini",697.1797323135755,489.2,697.1797323135755,489.2
2026-W37,50,4d1643d5-1539-4074-866e-09abd02715ed,Cheesy Mediterranean Style Chickpea Puff Pastry Pie,777.7246653919693,809.9,769.9846653919693,807.9
2026-W37,51,ea143b16-7b3e-474d-a64d-e29d06104282,Halloumi and Roasted Pepper Rigatoni,818.5946462715104,573.9,814.7246462715104,572.9
2026-W37,52,42209df0-0ae9-4cb4-b5a0-fca8cb988e99,Butter Lentil and Tomato Curry,834.3690248565965,730.2,762.6690248565965,720.2
2026-W37,53,5804d614-768a-42da-a861-aa9f3cb367e5,Indonesian Style Tofu and Veg Noodle Laksa,750.2390057361376,597.8,727.9390057361377,591.8
2026-W37,54,60cc18ba-d932-46f8-91a5-d946e5c9fbf2,Padron Pepper and Baked Cheese Orzo,607.0745697896749,391,607.0745697896749,391
2026-W37,55,1a8ae2c1-4e8d-420d-8cc1-218180ace038,"Sticky Aubergine, Hoisin and Peanut Noodles",515.057361376673,517.5,515.057361376673,517.5
2026-W37,56,63fb3d05-3c13-44a7-9477-7c23d730748c,Cheesy Veggie Lentil Ragu Stuffed Pepper,571.7017208413001,680.3,502.0817208413001,671.8599999999999
2026-W37,57,f8708dfa-3913-4ecd-a5cc-afec1379db32,Speedy Cantonese Style Chicken Stir-Fry,517.925430210325,380,517.925430210325,380
2026-W37,58,cf8737a4-0ad1-4d4e-8f5c-3fff6ecf0866,'Nduja Red Pepper Ravioli in Creamy Mushroom Sauce,640.774378585086,336,640.774378585086,336
2026-W37,59,edb12f78-c200-498a-a1be-0a11fe93303c,Chipotle Chicken and Sweetcorn Bulgur Bowl,640.2963671128107,707.5,640.2963671128107,707.5
2026-W37,60,5c8a9a3a-c9bb-40ed-9ac5-1bae45cd1d02,Homemade Lamb Keema Pau,644.359464627151,526,636.619464627151,524
2026-W37,61,16041535-da3b-4072-b964-ef288f7a29b4,Chermoula Spiced Chorizo and Black Bean Soup,651.2906309751434,685,651.2906309751434,685
2026-W37,62,39c549a5-3591-439c-ad1a-299692dac7b4,Middle Eastern Style Spiced Chicken & Lentil Salad,485.4206500956023,434,415.8006500956023,425.56
2026-W37,63,ecc4db24-ed26-4cdc-b0dd-13fa97d548a0,"Onion, Goat's Cheese and Bacon 'Tartine' Ciabattas",647.4665391969407,576.8,647.4665391969407,576.8
2026-W37,64,61834f0f-08a4-4d27-bee1-7c62ced5401c,Fried Barramundi and Homemade Hot Honey Chilli Oil,545.4110898661568,501.3,421.6510898661568,488.42
2026-W37,65,85b9b7b1-5a94-4917-b6df-45431d860d5a,Greek Style Chicken and Spelt Harvest Bowl,591.3001912045889,634.5,521.6801912045889,626.06
2026-W37,66,2e5690b1-145e-43ec-88a6-d2af8f54f2e8,Oven-Baked Cheesy Gochujang Beef Risotto,809.5124282982791,710,737.8124282982791,700
2026-W37,67,3adbcbea-a03f-4032-b3d6-2a059ca7127f,Teriyaki Pork Stir-Fry,676.3862332695984,405,676.3862332695984,405
2026-W37,68,db939dbf-9095-4584-994f-14cbee6fe272,Porchetta Inspired Pork Ciabatta Rolls,763.1453154875717,567.8,693.5253154875717,559.3599999999999
2026-W37,69,6bc71204-c546-464e-99bf-bf5721ba0b31,Warming Roast Chicken Breast and Masala Lentil Dal,496.6539196940726,733,496.6539196940726,733
2026-W37,70,bafc68ed-5ce0-4830-9bdf-a444ac8373c0,Butternut Squash Khmer Chickpea Curry Soup,527.4856596558317,789.2,515.8756596558317,786.2
2026-W37,71,e4d29308-2807-45c7-affc-f0ceab2fa4ae,Peri Peri Spiced Basa and Kiwi-Coriander Salsa,528.4416826003824,517.3,462.69168260038236,509.85999999999996
2026-W37,72,90f9ca44-374f-4ec7-ab11-b54132738289,Fuss-Free Cheesy Marinara Chicken Bake,537.7629063097514,546.4,537.7629063097514,546.4
2026-W37,73,4b9aba0f-150c-43be-b451-a236a6a0660d,Indian Style Spiced Beef and Pepper Tacos,830.0669216061185,463,763.2369216061185,455.28000000000003
2026-W37,74,ef348fd7-77ca-44cd-996c-e9fc6dd97e34,Gammon and Creamy Parsley Mustard Sauce,610.8986615678776,557.5,610.8986615678776,557.5
2026-W37,75,d45d11df-ab38-4ef0-b14d-cf1dfb6f6914,Sticky Spiced Mango Glazed Paneer Tacos,1117.3518164435945,622.4,1051.1718164435945,614.8499999999999
2026-W37,76,84979297-a596-461a-854d-8a005c34e18a,Baked Rosemary Chicken in Creamy Leek Sauce,712.9541108986615,667.9,641.2541108986615,657.9
2026-W37,77,35b9492c-d5d7-4ab0-bf31-1330c62fc71c,Pesto Chicken Quesadillas,667.0650095602294,391.4,605.1850095602294,384.96
2026-W37,78,7d932f89-87b7-426b-bbf8-b9b31201cef1,Speedy Cajun Pork Rice Bowl,977.7724665391969,591.8,832.582466539197,572.3599999999999
2026-W37,79,a93c61ec-b24f-4364-ae2d-3dc5e226595a,Italian Style Pork and Oregano Sausage Meatballs,656.7877629063097,656.4,649.0477629063097,654.4
2026-W37,80,b63fab79-89f7-4e58-9c88-89483ad7e3ec,Chicken on Creamy Ricotta Leeks,817.6386233269598,732.9,817.6386233269598,732.9
2026-W37,81,bdffd811-c858-43ee-b2f2-52e8a792919a,Peri Peri Chicken in Creamy Spiced Ricotta Sauce,584.8470363288719,665.8,541.2570363288719,658.8
2026-W37,82,ffb5f8c6-5fb3-4497-a539-813fbdb33b30,Aubergine Parmigiana Style Traybake,516.9694072657744,594.9,516.9694072657744,594.9
2026-W37,83,484e814d-9db0-4282-bf9f-661f024a3091,Roasted Chicken in Creamy Korma Sauce,660.6118546845124,655.8,624.7618546845124,650.13
2026-W37,84,d9fb919a-735b-4cda-aaa6-25e59bb3605f,"Blue Cheese, Cheddar and Bacon Gratin",719.6462715105163,485.5,653.8962715105163,478.06
2026-W37,85,7d61bdda-3844-41f2-8004-05edb707f6ac,Curried Chicken Breast and Roast Potatoes,588.1931166347993,635,588.1931166347993,635
2026-W37,86,c4b47a99-865b-4df1-ace0-c9abbc9bf749,Pan-Fried Pork Steak in Creamy Mustard Sauce,527.0076481835564,609.4,527.0076481835564,609.4
2026-W37,87,32b75190-e304-4b56-bc8b-d821142cca16,Super Green Panzanella Salad,585.5640535372848,544,492.74405353728486,534.34
2026-W37,88,5c6bf053-110c-4153-89fc-25f93d0db465,Creole Style Smoked Sausage Gumbo,722.2753346080306,788.3,628.2753346080306,772.3
2026-W37,89,c023d2a4-3da2-446c-8eb9-03308f8a50f8,Hearty Beef Ragu and Puff Pastry Pie,878.585086042065,736.4,870.845086042065,734.4
2026-W37,90,343bc91c-8124-4d45-9b17-ad0a04fce940,Creamy Dill Baked Salmon,756.9311663479923,607.9,654.2911663479923,594.68
2026-W37,91,bed79e52-81aa-4a93-a006-054ba4ab2d12,Crispy Bacon & Caramelised Onion Wagyu Cheeseburger,1326.720841300191,747,1253.230841300191,737.56
2026-W37,92,2875bd18-bb05-4225-bdfc-0961e9268fcf,"Creamy Orkney Crab, Samphire and King Prawn Linguine",748.5659655831739,489.5,748.5659655831739,489.5
2026-W37,93,408bdb57-76eb-4497-8db1-f90a1db06898,Chipotle Pulled Chicken and Chorizo Quesadillas,1551.1472275334606,820.4,1489.2672275334605,813.9599999999999
2026-W37,94,c7a3383a-0257-4d48-b084-3ad58eb296b9,21 Day Aged Sirloin Steak in Caribbean Style Sauce,1026.0516252390057,538.5,950.4816252390058,527.5
2026-W37,95,52eb4b8a-3c81-4ce1-acd2-8ca094046da8,Chinese BBQ Style Ribs & Hoisin King Prawn Fried Rice,979.4455066921606,694,967.8355066921606,691
2026-W37,96,f41be207-4c6a-4ab9-aa3e-3ea7f3024594,"Oven-Ready Pieminister Chicken, Ham & Leek Pie",882.4091778202677,379.5,820.5291778202677,373.06
2026-W37,97,e2d38b07-5eaf-4ef6-8624-b6ccd1d76b96,Easy Salmon on Fresh Pesto Tagliatelle,1479.2065009560229,710,1479.2065009560229,710
2026-W37,98,a7896f65-18f0-4b81-89fc-630b0f789fa5,Batch Cook: Classic Beef and Pork Lasagne,1993.3078393881453,1251,1792.3678393881453,1215.44
2026-W37,99,bf0a04c1-952d-42a4-9636-b94edbce035d,Crispy Sesame Chicken Schnitzel,1105.1625239005737,723.8,1025.7225239005736,710.13
2026-W37,100,f75dd778-6c2c-4793-9540-647cb5029402,Korean Style Crispy Halloumi & Sweet Chilli Gyozas,1153.2026768642447,755,1049.6326768642448,740.56
2026-W38,1,ee88e753-a33b-45fb-9ec4-4de352441ed0,Thai Style Peanut Chicken Stir-Fry,675.1912045889101,519.5,667.4512045889101,517.5
2026-W38,2,f06556ff-bddc-4b0d-b4f0-f99bffd881fd,BBQ Beef and Pork Cheeseburger,921.3671128107075,560.8,858.6271128107074,552.2475999999999
2026-W38,3,dccebb6a-1363-4351-bebe-786f9d571c80,Mexican Style Cheesy Pork Nachos Rapidos,1062.3804971319312,678.5,982.9404971319311,666.5
2026-W38,4,2869bcd7-62df-4d73-82b5-d96f30f26085,Mexican Style Beef Pasta Bake,819.7896749521988,705.3,819.7896749521988,705.3
2026-W38,5,e54f21fd-a2a6-4ad6-ba06-f13d22a2c0fe,"Creamy Chicken, Leek and Pea Puff Pastry Pie",993.7858508604206,782.5,993.7858508604206,782.5
2026-W38,6,01a6eb04-24b7-4a93-9e37-70ae62290e1e,Caprese Quesadillas and Wedges,844.8852772466539,556.4,779.1352772466539,548.9599999999999
2026-W38,7,f56b4e99-807b-4632-b0d5-0982a2c3e6fa,Build Your Own Beef Chilli Con Carne Bowl,1024.8565965583173,810.5,951.3665965583173,801.06
2026-W38,8,0985c73d-9ac9-46b7-bd58-3a0cfda06130,Family Favourite Sweet Chilli Pork & Veg Stir-Fry,677.8202676864245,529.3,677.8202676864245,529.3
2026-W38,9,672e1dde-c9c6-4850-bb8e-64cb81168c55,Cheesy Italian Style Pork Meatballs and Mash,722.0363288718929,688.5,718.1663288718929,687.5
2026-W38,10,80bb96d6-b17f-4ee7-bd21-5b61946df9b1,Laal Maas Inspired Spicy Lamb Meatball Curry,682.6003824091778,656.3,670.9903824091778,652.4699999999999
2026-W38,11,a4a58779-f513-4a3c-85d2-4585b2a70f41,Chettinad Inspired Chicken Biryani,748.5659655831739,629.5,669.1259655831739,617.5
2026-W38,12,e39a356c-d68f-4d1c-8428-6bb1eae832b0,Lahori Style Lamb Seekh Kebab Rolls,821.2237093690248,584.2,813.4837093690248,582.2
2026-W38,13,50261ae2-6b7c-4518-8e44-3d7b90dc9f55,Goan Chicken Cafreal Inspired Curry,817.1606118546845,694.5,693.4006118546845,680.89
2026-W38,14,2557d603-5c9b-4714-b74b-18c7a3231466,Mediterranean Style Chicken Couscous Bowl,660.6118546845124,610.5,559.7918546845124,592.5
2026-W38,15,07334e78-ebe0-40e9-8a1f-bb8ec5b61edf,Dal Bhat Inspired Red Lentil Dal and Basmati Rice,600.1434034416826,763.8,600.1434034416826,763.8
2026-W38,16,70894ff5-996b-4c40-b76b-a5415c6e5d0e,"Chorizo, Romanesco and Roasted Veg Traybake",688.3365200764819,701.8,680.5965200764819,699.8
2026-W38,17,3c470c25-d35b-4c4e-baee-a7ee8066cf54,Sour Cherry Chicken and Pear Waldorf Style Salad,653.9196940726578,723.5,615.2396940726578,718.28
2026-W38,18,066a191d-113a-4b65-9278-670b55ab8dc1,"Honey Dijon Bacon, Potato and Apple Salad",683.3173996175908,501.5,593.9373996175908,492.1988
2026-W38,19,9ab6916a-a169-4299-85cb-5cd9acd8666c,Cheesy Mexican Style Beef Hash,755.9751434034416,758.8,755.9751434034416,758.8
2026-W38,20,0bd843f2-a552-4357-9fe6-94a8defe0b31,Rocoto Relleno: Peruvian Style Peppers,594.1682600382409,661.5,524.5482600382409,653.06
2026-W38,21,cffbeb68-a543-44ed-b2f7-7c382d087dbb,"Blue Cheese, Caramelised Pear and Honey Tart",1265.057361376673,585.8,1193.357361376673,575.8
2026-W38,22,fe2567e6-ca14-4a05-9021-568bfba95bc2,21 Day Aged Rump Steak and Peri Peri Potatoes,679.4933078393881,651.8,679.4933078393881,651.8
2026-W38,23,7d687355-06d8-4c12-a5d7-25a31897aa6f,Bavarian Style Pork Belly and Homemade Apple Sauce,592.0172084130019,843.4,584.2772084130019,841.4
2026-W38,24,4bec65e6-5bcc-4733-a11d-20dbd24fabc8,Ultimate Chicken Korma and Basmati Rice,1200.7648183556405,767.5,1129.0648183556405,757.5
2026-W38,25,c2fd3915-2233-4cae-b10b-bf25765a62b3,Tamarind Glazed Salmon and Turmeric Roast Potatoes,541.3479923518164,493.9,541.3479923518164,493.9
2026-W38,26,0a8f3d42-8c37-4bcf-b212-ad1cf59d32f1,"Garlic, Ginger and Soy Marinated Haddock",461.52007648183553,575,391.9000764818355,566.56
2026-W38,27,0c32fa81-f56f-4d4f-bbce-54002b589359,Mussel and Veggie 'Nduja Linguine,658.4608030592734,498,650.7208030592734,496
2026-W38,28,06bf3396-5605-4f5d-a96c-a8084429a1c8,"Spiced Spelt, Roasted Veg and Prawn Salad",588.1931166347993,576.8,526.3131166347993,570.3599999999999
2026-W38,29,0c0fff8b-ded9-4719-94a6-d21e7fdaf129,Speediest Sambal Teriyaki Beef Noodles,616.395793499044,405,616.395793499044,405
2026-W38,30,9395186e-4202-4f87-a7e5-67f034dd0c2e,Easy Peasy Bulgogi Chicken Noodles,590.5831739961759,423,590.5831739961759,423
2026-W38,31,84df13a0-154a-413a-974a-5712c2d3c797,Spiced Sausage and Courgette Gnocchi,840.3441682600383,593.3,832.6041682600383,591.3
2026-W38,32,03c7ba63-a14b-435c-ab75-47935c527933,Speedy Sausages and Smoky Cowboy Beans,571.2237093690248,550.8,563.4837093690248,548.8
2026-W38,33,2141e34a-d5dc-49e0-b743-3d5add103df2,Speediest Szechuan Chicken Stir-Fry,519.359464627151,363.1,519.359464627151,363.1
2026-W38,34,c7da54a5-f617-4167-8035-bc770f0e2d1f,Super Quick Pork Cheeseburger Inspired Sloppy Joe,931.6443594646271,409.3,865.8943594646271,401.86
2026-W38,35,ad4a86cc-5b62-49af-a6c3-302e20174ea9,Tex-Mex Style Pork and Bean Chilli,895.793499043977,678.5,824.093499043977,668.5
2026-W38,36,c4aeaa2d-4b9b-4b60-ae9e-1ff4be21f90c,Spiced Chicken on Baked Thai Style Rice,874.0439770554493,614.6,802.3439770554493,604.6
2026-W38,37,921bf0c6-d62f-40db-b8d3-dde52b83a394,Creamy Cajun Chicken Penne,698.6137667304015,493.8,690.8737667304015,491.8
2026-W38,38,0788840b-6d00-4f22-a918-57284487e268,Beef Cheeseburger Inspired Quesadillas,817.8776290630975,482.3,810.1376290630975,480.3
2026-W38,39,b22f58b6-7bb9-43f9-ab90-bf9ac17ab59b,Speedy Thai Inspired Pork Noodles,721.0803059273422,408.2,721.0803059273422,408.2
2026-W38,40,64a9d9bf-339e-455f-8d44-809b10c335a8,Easy Peasy Chorizo Linguine,790.8699808795411,335.8,783.1299808795411,333.8
2026-W38,41,925766bb-9081-4199-9301-f6628bf17139,Moroccan Style Chicken and Roast Sweet Potato Stew,1009.5602294455067,761.4,930.1202294455068,749.4
2026-W38,42,b0ff5404-6616-4be8-80d9-9c1306e2f07c,"Bacon, Butter Bean and Red Wine Cassoulet",578.3938814531549,666,498.9538814531549,654
2026-W38,43,5c334a33-82b5-4186-ad20-9157fa244c48,Air Fryer Cheesy Mini Sausage Burritos and Wedges,1158.9388145315488,786.3,1158.9388145315488,786.3
2026-W38,44,6c8f2db1-eeea-4da5-8d6e-1eff6e4a8594,Air Fryer Mediterranean Style Pork & Pearl Couscous,808.7954110898661,647.9,808.7954110898661,647.9
2026-W38,45,ad09fdd5-58ba-47f2-ab9f-fd6a70a420e1,Air Fryer Cheesy Chicken Parmigiana Burger,812.6195028680688,519.3,790.3195028680689,513.3
2026-W38,46,8b125fbd-015b-4cf5-b0ac-fcd1bc3563ae,Chettinad Style Spiced Chickpea and Coconut Soup,837.7151051625239,547.3,829.9751051625238,545.3
2026-W38,47,84b53575-b6d1-459a-b74a-fe90dd34aa36,Tuscan Ribollita Inspired Soup,678.0592734225621,652,670.3192734225621,650
2026-W38,48,ae902144-833c-4b14-85d1-19ae70f82dc1,One Pan Thai Green Style Veggie Noodle Soup,613.5277246653919,575.2,605.7877246653919,573.2
2026-W38,49,bfa65209-68ac-4ebb-8e9c-e32b463673c9,Simple Stovetop Veggie 'Nduja Mac & Cheese,869.980879541109,355.9,808.100879541109,349.46
2026-W38,50,ebe45d10-fec1-4825-97c5-990266176b9e,Harissa Pearl Couscous Salad and Honeyed Carrots,784.6558317399617,694.8,722.7758317399617,688.3599999999999
2026-W38,51,32f9726e-05ab-4462-a939-d894e43aaa2e,Golden Halloumi and Pitta Chips Salad,734.4646271510516,419.5,664.8446271510516,411.06
2026-W38,52,47948b33-f348-484e-aae1-781280a02acb,Chermoula Spiced Butter Bean Salad,560.7074569789675,481.5,429.20745697896746,466.62
2026-W38,53,f0dee74f-c9cf-455e-aa12-338b6e7efe0e,Caramelised Tofu and Aubergine Stir-Fry in XO Sauce,689.2925430210324,683.8,656.5325430210324,674.8
2026-W38,54,2d3b8719-3935-4a51-afdc-2cca460ea47d,Veggie Gyoza Thai Style Udon Noodle Soup,582.9349904397706,593.5,579.0649904397706,592.5
2026-W38,55,4fe598a6-8bd7-4226-8ad7-5a2d49870b9d,Roasted Asparagus and Tomato Stovetop Risotto,588.6711281070745,760.5,513.1011281070746,749.5
2026-W38,56,bee0e90b-2894-4897-831d-964e9960859c,North Indian Style Roasted Cauliflower & Lentil Dal,439.05353728489484,583.5,435.18353728489484,582.5
2026-W38,57,35ee440a-7d35-42c9-8b83-4420bc91409f,Speedy Spiced Chicken Udon,503.34608030592733,464.3,431.64608030592734,454.3
2026-W38,58,6fadc6fb-5c75-46d8-b213-733b0c96fed8,Cured Ham Tortelloni in Creamy Mushroom Sauce,592.9732313575525,336,592.9732313575525,336
2026-W38,59,b4b0b778-a3fa-472b-8336-5d0fb7d613b1,Sticky Spiced Butterflied Chicken,529.6367112810707,449.8,529.6367112810707,449.8
2026-W38,60,58e7b7cd-a2e7-4440-a707-ee8917139ab8,Lebanese Style Baked Beef Meatballs in Tomato Sauce,600.3824091778203,611,595.1124091778203,608.81
2026-W38,61,fa1fbf17-4e7c-4759-84ea-f19b43806d99,Summery Crispy Serrano Ham and Lemon Risotto,524.6175908221797,738.5,516.8775908221797,736.5
2026-W38,62,631144a3-e0b2-44e6-97f4-aa2ecff0e998,Sweet and Sticky Chicken Udon Noodles,506.453154875717,457,480.513154875717,450
2026-W38,63,0e3862a4-2a5e-4736-8e6d-e43d01f9f28d,Warming Harissa and Chorizo Pearl Couscous Bowl,648.4225621414914,421.5,648.4225621414914,421.5
2026-W38,64,73116ac4-7891-48c7-bcb3-98cc79d07476,Glazed Peri Peri Basa and Spiced Potatoes,529.1586998087954,475.3,529.1586998087954,475.3
2026-W38,65,f51a09a7-91d8-45a5-9952-3b1d60974b29,Teriyaki-Sambal Chicken Donburi,587.9541108986615,580.5,534.4041108986615,572.11
2026-W38,66,5c27ffe1-4bd4-442d-8871-fe516d7ce301,Beef Sloppy Joe and Cheddar Jacket Potato,605.640535372849,650.8,600.6905353728489,649.52
2026-W38,67,3a6ed1be-2589-4513-8bd6-bdbd86d497cb,Cajun Pork and Veg on Herby Bulgur,649.378585086042,524.8,649.378585086042,524.8
2026-W38,68,d58813d3-c7bf-43fb-9647-cb93544f6a52,Mango Chutney Curried Chicken Wraps,708.8910133843212,583.4,708.8910133843212,583.4
2026-W38,69,4d348fd1-125d-49f8-a5a5-26930cd01b8c,Spiced Almond Crumbed Chicken,672.5621414913958,517.5,517.0021414913958,500.1176
2026-W38,70,551d797a-62ad-46e7-b4d0-d4884f1b5afc,Arrabbiata Style Spinach and Ricotta Tortelloni,609.4646271510516,415.4,530.0246271510516,403.4
2026-W38,71,373b46b4-72e8-4645-9f24-ac607fccbbea,Peri Peri Spiced Basa and Kiwi-Coriander Salsa,528.4416826003824,517.3,462.69168260038236,509.85999999999996
2026-W38,72,b4af8d16-9d3e-459d-b6c8-5e2773018e2d,Fuss-Free Cheesy Marinara Chicken Bake,537.7629063097514,546.4,537.7629063097514,546.4
2026-W38,73,c8cd8827-a611-46fe-9519-72acad1786a0,Indian Style Spiced Beef and Pepper Tacos,830.0669216061185,463,763.2369216061185,455.28000000000003
2026-W38,74,a2c9feac-69aa-4638-a11e-df5024110c33,Gammon and Creamy Parsley Mustard Sauce,611.8546845124283,557.5,611.8546845124283,557.5
2026-W38,75,9bc66afe-a307-45ce-9d35-08b50f520fb1,Sticky Spiced Mango Glazed Paneer Tacos,1117.3518164435945,622.4,1051.1718164435945,614.8499999999999
2026-W38,76,944ecd44-7c7d-4581-9cc5-529fdb896774,Baked Rosemary Chicken in Creamy Leek Sauce,712.9541108986615,667.9,641.2541108986615,657.9
2026-W38,77,5a346dc5-13ab-4850-8145-659c9426564d,Pesto Chicken Quesadillas,687.8585086042065,396.4,625.9785086042065,389.96
2026-W38,78,9a71d8a5-56b1-431a-9415-c501bdfdd93e,Speedy Cajun Pork Rice Bowl,977.7724665391969,591.8,832.582466539197,572.3599999999999
2026-W38,79,5fce12cc-ae27-434d-b84c-2f1d69e7da1d,Italian Style Pork and Oregano Sausage Meatballs,656.7877629063097,656.4,649.0477629063097,654.4
2026-W38,80,cf311c61-d10d-4624-aabc-1f08e3666435,Chicken on Creamy Ricotta Leeks,825.5258126195029,732.9,825.5258126195029,732.9
2026-W38,81,cf690bea-8c3e-4c58-a804-d14d307afe6c,Peri Peri Chicken in Creamy Spiced Ricotta Sauce,586.0420650095602,665.8,542.4520650095602,658.8
2026-W38,82,71737cdd-453f-402b-a762-622824e1e2c8,Aubergine Parmigiana Style Traybake,516.9694072657744,594.9,516.9694072657744,594.9
2026-W38,83,22d397ae-7d50-44b3-b66b-533b536532ed,Roasted Chicken in Creamy Korma Sauce,660.6118546845124,655.8,624.7618546845124,650.13
2026-W38,84,1a2bfaf6-cb3c-49c0-933b-161ccd52e611,"Blue Cheese, Cheddar and Bacon Gratin",719.6462715105163,485.5,653.8962715105163,478.06
2026-W38,85,d0da2a86-2a10-45d9-a52e-34bc47cd025d,Curried Chicken Breast and Roast Potatoes,493.06883365200764,585,493.06883365200764,585
2026-W38,86,d13f16e7-cd88-4843-9523-0832c36d0a3a,Pan-Fried Pork Steak in Creamy Mustard Sauce,534.8948374760994,609.4,534.8948374760994,609.4
2026-W38,87,21202d97-3717-445a-ad20-cb4eeadfd542,Super Green Panzanella Salad,585.5640535372848,544,492.74405353728486,534.34
2026-W38,88,296e30a7-99f8-44e6-b07d-c66055921baa,Creole Style Smoked Sausage Gumbo,729.2065009560229,858.3,635.2065009560229,842.3
2026-W38,89,af07f3f1-710d-4937-8764-d2f84d1c3b85,Hearty Beef Ragu and Puff Pastry Pie,878.585086042065,736.4,870.845086042065,734.4
2026-W38,90,6dbc3e0b-3c5e-4f4f-899e-d088481ceca3,Creamy Dill Baked Salmon,756.9311663479923,607.9,654.2911663479923,594.68
2026-W38,91,8663e41e-7035-47ae-a73f-4d1c2033c589,21 Day Aged Sirloin Steak and Cheesy Rosemary Chips,698.6137667304015,530.5,626.9137667304014,520.5
2026-W38,92,b8407743-6e94-4636-bfc9-18486b4e889b,Crispy Pork Schnitzel and Creamy Bacon Linguine,1133.3652007648184,698.3,1067.6152007648184,690.0299999999999
2026-W38,93,cb735526-c2f7-4f72-8150-9399013d3863,Easy Pulled Beef Ragu and Fresh Linguine,1104.6845124282981,683.5,1025.244512428298,671.5
2026-W38,94,cf64dee0-c21b-4c1a-9497-0a0acc9913b8,Lamb Steak and Truffled Parmigiano Reggiano Sauce,628.1070745697897,614,556.4070745697896,604
2026-W38,95,758ed302-a1ac-4853-8ac0-41dbe3ca506d,Orkney Crab and King Prawn Creamy Linguine,1060.2294455066922,602.5,874.5894455066922,583.18
2026-W38,96,8b237f62-1729-4d2f-8e83-0187e512e13b,Oven-Ready Pieminister Vintage Cheddar & Leek Pie,885.9942638623327,399,824.1142638623327,392.56
2026-W38,97,ed68691a-2179-4ae5-a8a2-7bd8260ada2f,Indonesian Style Chicken and King Prawn Fried Rice,566.6826003824092,691.8,562.8126003824092,690.8
2026-W38,98,ad049e30-e730-48f2-9be3-cb824564e3f4,Batch Cook: Classic Lamb Shepherd's Pie,1070.506692160612,1166,1062.766692160612,1164
2026-W38,99,27dae1be-ad13-4ddf-992d-38624a082c9e,Venison Steak and Homemade Peppercorn Sauce,805.6883365200764,667.5,787.3583365200764,662
2026-W38,100,527c24e8-3ff2-44b9-99b6-82d4de8f2a8a,Cheesy Chipotle Black Bean Enchiladas,1074.3307839388144,823,1004.7107839388144,814.56
