week,slot_number,brand,recipe_title,person_size,calories,grams
2026-W19,1,HelloFresh,Quick Butter Chicken Masala,2,3102,581
2026-W19,2,HelloFresh,"Hoisin Beef, Pork and Mixed Veg Stir-Fry",2,2964,352.5
2026-W19,3,HelloFresh,Banging Bangers and Garlic Mash,2,2317,694
2026-W19,4,HelloFresh,Teriyaki Sesame Glazed Chicken Thighs,2,2824,607.5
2026-W19,5,HelloFresh,Spiced Pork Pilaf and Mango Chutney,2,3717,673.5
2026-W19,6,HelloFresh,Sticky Sweet Chilli Halloumi Burger,2,4737,701.5
2026-W19,7,HelloFresh,Toss in the Teriyaki Chicken Tacos,2,3177,585.9
2026-W19,8,HelloFresh,Family Favourite Peanut Butternut Coconut Curry,2,3586,812.5
2026-W19,9,HelloFresh,Indonesian Inspired Pork Skewers in Sambal Sauce,2,3435,551.5
2026-W19,10,HelloFresh,Ayam Goreng Style Fried Chicken,2,3570,585.6
2026-W19,11,HelloFresh,Cơm Tấm Inspired Sweet Spiced Pork and Jasmine Rice,2,2304,630
2026-W19,12,HelloFresh,Lemongrass and Sambal Beef Larb Style Salad,2,2479,483
2026-W19,13,HelloFresh,"Warming Ginger, Cauliflower and Coconut Bowl",2,2581,554.5
2026-W19,14,HelloFresh,Vietnamese Cà Ri Chay Inspired Butternut Noodles,2,2667,709.8
2026-W19,15,HelloFresh,Sausage and Purple Sprouting Broccoli Tart,2,5575,581.4
2026-W19,16,HelloFresh,Persian Khoresh Rivas Style Lamb and Rhubarb Stew,2,2910,464.7
2026-W19,17,HelloFresh,Thai Red Coconut Beef Meatball Curry,2,3262,766.8
2026-W19,18,HelloFresh,Peri Peri Chicken and Aioli Ciabatta Sandwich,2,4489,663.3
2026-W19,19,HelloFresh,Purple Sprouting Broccoli & Spiced Butter Bean Bowl,2,2857,602.8
2026-W19,20,HelloFresh,"Spring Veg, Chickpea and Pickled Rhubarb Salad",2,3427,687
2026-W19,21,HelloFresh,Chả Cá Thăng Long Inspired Salmon,2,3245,464.2
2026-W19,22,HelloFresh,Lemon and Herb Barramundi in Garlic Butter,2,2290,633.3
2026-W19,23,HelloFresh,Fragrant Teriyaki Prawn Stir-Fry,2,1852,390
2026-W19,24,HelloFresh,Smoky Spiced King Prawn Spaghetti,2,2484,473.8
2026-W19,25,HelloFresh,Handmade Spiced Fish Cakes,2,3209,640
2026-W19,26,HelloFresh,Scrub a Dub Beef Cottage Pie and Cheesy Mash,2,2758,791.3
2026-W19,27,HelloFresh,Super Quick Lemongrass Chicken Noodles,2,2113,387.5
2026-W19,28,HelloFresh,15 Minute Coronation Chicken,2,2965,401.3
2026-W19,29,HelloFresh,Super Quick Chermoula Spiced Beef and Couscous,2,3025,518
2026-W19,30,HelloFresh,"Mommy's One Pot Sausage, Bean & Mushroom Cassoulet",2,2505,517.4
2026-W19,31,HelloFresh,Cheesy Beef Mince Ragu,2,2979,453.9
2026-W19,32,HelloFresh,Easy Spanish Style Chicken Traybake,2,3152,615.4
2026-W19,33,HelloFresh,Jerk Spiced Pork and Black Bean Bowl,2,3485,690
2026-W19,34,HelloFresh,21 Day Aged Rump Steak and Peri Peri Potatoes,2,2582,651.8
2026-W19,35,HelloFresh,Speedy Spicy Cajun Chicken Macaroni,2,3312,469.3
2026-W19,36,HelloFresh,Moroccan Style Lamb and Couscous,2,2763,588.5
2026-W19,37,HelloFresh,Speedy Lamb and Mushroom Spag Bol,2,2892,605
2026-W19,38,HelloFresh,Chermoula Chicken Loaded Naan,2,4554,551.8
2026-W19,39,HelloFresh,Weeknight Fragrant Hoisin Pork Noodles,2,3310,480
2026-W19,40,HelloFresh,Pronto Bacon and Mushroom Linguine,2,2961,432.9
2026-W19,41,HelloFresh,Quick Peri Peri Chicken Couscous Bowl,2,2908,586.8
2026-W19,42,HelloFresh,Italian Inspired Butter Bean Cassoulet,2,2472,578.9
2026-W19,43,HelloFresh,Spiced Roasted Cauliflower on Zhoug Couscous,2,2255,487.5
2026-W19,44,HelloFresh,Speedy Creamy Brazilian Style Chickpeas,2,3194,743.8
2026-W19,45,HelloFresh,Arrabbiata Style Pumpkin and Sage Girasoli,2,2519,415.4
2026-W19,46,HelloFresh,Quick Creamy Truffle and Mushroom Rigatoni,2,2824,383.5
2026-W19,47,HelloFresh,Sweet Potato Pasanda Spiced Curry,2,4185,728.8
2026-W19,48,HelloFresh,Hot and Spicy Halloumi and Chilli-Tomato Relish,2,3654,641
2026-W19,49,HelloFresh,Charred Cabbage and Thai Style Nam Jim Dressing,2,2870,605.8
2026-W19,50,HelloFresh,Singapore Style Crispy Tofu & Black Pepper Noodles,2,2652,488.8
2026-W19,51,HelloFresh,Spanakopita Inspired Sigara Böreği,2,4296,568.3
2026-W19,52,HelloFresh,Quick Roasted Broccoli Blue Cheese Salad,2,1919,501
2026-W19,53,HelloFresh,Hearty Double Mushroom Bourguignon,2,2051,657.3
2026-W19,54,HelloFresh,Crispy Serrano Caprese Bruschetta,2,2021,416
2026-W19,55,HelloFresh,Middle Eastern Style Lamb Meatballs in Cherry Sauce,2,2382,574.3
2026-W19,56,HelloFresh,One Pot Ginger and Lime Chicken Noodle Soup,2,2191,653.2
2026-W19,57,HelloFresh,Clean Plate Chicken Schnitzel & Miso Butter Sauce,2,2763,659.9
2026-W19,58,HelloFresh,Chermoula Spiced Chicken in Smoky Sauce,2,2712,658
2026-W19,59,HelloFresh,Fragrant Ginger Beef Noodle Stir-Fry,2,2491,395.3
2026-W19,60,HelloFresh,Thai Green Style Chicken Curry,2,2550,434.2
2026-W19,61,HelloFresh,Peri Peri Spiced Tuna Fish Cakes,2,2553,682.5
2026-W19,62,HelloFresh,Lemon & Herb Crusted Basa and Chive Butter Sauce,2,2551,617
2026-W19,63,HelloFresh,Teriyaki Duck Rice Bowl,2,3459,673
2026-W19,64,HelloFresh,Bavarian Style Pork Belly and Homemade Apple Sauce,2,2463,828.4
2026-W19,65,HelloFresh,Peri Peri Chicken Burger and Wedges,2,4801,721.3
2026-W19,66,HelloFresh,Herby Creamy Tomato Chicken Penne,2,2920,495.4
2026-W19,67,HelloFresh,Sticky Honey Indonesian Style Beef Rice Bowl,2,2555,409.3
2026-W19,68,HelloFresh,Tex-Mex Style Pork Mince Tacos,2,3944,542.8
2026-W19,69,HelloFresh,Chermoula Lamb Koftas and Balsamic Fig Sauce,2,2356,526.3
2026-W19,70,HelloFresh,Speedy Chipotle Bean Chilli,2,3138,667.5
2026-W19,71,HelloFresh,Presto Pesto Pea Rigatoni,2,3207,418.5
2026-W19,72,HelloFresh,Easy Pulled Beef Ragu and Fresh Tagliatelle,2,4519,683.5
2026-W19,73,HelloFresh,21 Day Aged Sirloin Steak and Cheesy Rosemary Chips,2,2923,530.5
2026-W19,74,HelloFresh,Seared Sea Bream on Orkney Crab and Tomato Risotto,2,4558,831.5
2026-W19,75,HelloFresh,Sweet Chilli Beef and Pickled Cucumber Bao,2,3133,634.3
2026-W19,76,HelloFresh,Chinese BBQ Style Ribs & Hoisin King Prawn Fried Rice,2,4098,694
2026-W19,77,HelloFresh,Lamb Steak in Garlic Butter Sauce,2,3606,729
2026-W19,78,HelloFresh,Vietnamese Style Tamarind Glazed Duck Bánh Mì,2,4647,755
2026-W19,79,HelloFresh,Parmigiano Reggiano Crumbed Chicken Schnitzel,2,3037,682.5
2026-W19,80,HelloFresh,Ultimate Matar Saag Paneer and Garlic Naan,2,6758,790.5
2026-W20,1,HelloFresh,Chicken in Creamy Peppercorn Sauce,2,2358,723.3
2026-W20,2,HelloFresh,Korean Style Gochujang Beef and Pork Bibimbap,2,2976,587
2026-W20,3,HelloFresh,Presto Bacon and Mushroom Linguine,2,2921,352.5
2026-W20,4,HelloFresh,Comforting Coronation Chicken Curry,2,2840,626.5
2026-W20,5,HelloFresh,Honey Mustard Sausages and Creamy Potato Gratin,2,3631,889
2026-W20,6,HelloFresh,Pronto Pesto Pasta Verde,2,3717,410.3
2026-W20,7,HelloFresh,Smoky BBQ Pulled Chicken Buns,2,4053,687.9
2026-W20,8,HelloFresh,Family Favourite Honey-Soy Crispy Chicken,2,2608,588
2026-W20,9,HelloFresh,Fast Fragrant Vietnamese Style Chicken Salad,2,2636,435
2026-W20,10,HelloFresh,Thai Style Spiced Chicken and Satay Sauce,2,3853,601
2026-W20,11,HelloFresh,Quick Indonesian Inspired Pork Noodles,2,2991,406.8
2026-W20,12,HelloFresh,Fragrant Sach Ko Ang Inspired Beef Kofta Baguette,2,3623,445.5
2026-W20,13,HelloFresh,Indonesian Gado Gado Inspired Salad,2,2622,619.5
2026-W20,14,HelloFresh,South East Asian Inspired Chickpea Curry,2,4007,790.2
2026-W20,15,HelloFresh,Pork Steak and Sweet & Sour Ginger Rhubarb Sauce,2,2478,548.5
2026-W20,16,HelloFresh,Purple Sprouting Broccoli and Chorizo Jam Rigatoni,2,3202,562.5
2026-W20,17,HelloFresh,Sticky Thai Style Pork Rice Bowl,2,2967,524.5
2026-W20,18,HelloFresh,Peri Peri Spiced Chorizo and Chickpea Traybake,2,2786,747.3
2026-W20,19,HelloFresh,"Sour Rhubarb, Cinnamon and Lentil Curry",2,3397,902.5
2026-W20,20,HelloFresh,Purple Sprouting Broccoli and Courgette Risotto,2,2773,727.8
2026-W20,21,HelloFresh,Caribbean Style Spiced Salmon,2,2642,499.8
2026-W20,22,HelloFresh,German Inspired Haddock in Mustard Cream Sauce,2,2328,509.5
2026-W20,23,HelloFresh,Traybake Prawn and Pepper Fajitas,2,2790,565.5
2026-W20,24,HelloFresh,Peanut and Prawn Noodle Stir-Fry,2,2062,451
2026-W20,25,HelloFresh,"Lemon, Parsley and White Wine Moules Frites",2,2692,659.3
2026-W20,26,HelloFresh,Cheesy Piggy Pie and Peas,2,3456,833.5
2026-W20,27,HelloFresh,One Pan Gochujang Beef Udon,2,2082,460
2026-W20,28,HelloFresh,15 Minute Fragrant Peanut Chicken Curry,2,2958,476.1
2026-W20,29,HelloFresh,Super Quick Chorizo and Bean Stew,2,2246,510.9
2026-W20,30,HelloFresh,'Nduja and Red Pepper Ravioli Arrabbiata,2,2723,388.8
2026-W20,31,HelloFresh,"Sausage, Sage and Butternut Rigatoni",2,4108,511.3
2026-W20,32,HelloFresh,Fuss-Free Tandoori Inspired Chicken Traybake,2,3247,691
2026-W20,33,HelloFresh,Pesto Chicken Traybake and Garlic Rice,2,2784,560.4
2026-W20,34,HelloFresh,21 Day Aged Rump Steak and Oregano Roast Potatoes,2,2512,570.8
2026-W20,35,HelloFresh,"Super Quick Spaghetti, Beef and Mushroom Ragu",2,2946,419.9
2026-W20,36,HelloFresh,Squeaky Clean Up Lamb Tagine,2,3102,578.5
2026-W20,37,HelloFresh,Peri Peri Chicken Fajita Style Tacos,2,3185,460.3
2026-W20,38,HelloFresh,Easy Peasy Teriyaki Sambal Chicken,2,2294,436.8
2026-W20,39,HelloFresh,Spring Clean Up Cajun Spiced Chorizo and Leek Orzo,2,3244,419.3
2026-W20,40,HelloFresh,Speedy Beef and Red Wine Open Pie,2,2340,589.5
2026-W20,41,HelloFresh,Roasted Chicken Thighs and Cheesy Leek Sauce,2,3243,627.9
2026-W20,42,HelloFresh,Cheesy Harissa Fritter Burger and Chips,2,3981,819.8
2026-W20,43,HelloFresh,Rich and Creamy Veggie 'Nduja Tortelloni,2,2663,432.5
2026-W20,44,HelloFresh,Yi Mein Inspired Longevity Noodles,2,2101,355.5
2026-W20,45,HelloFresh,Veggie Peanut Noodle Stir-Fry,2,2291,364.5
2026-W20,46,HelloFresh,Hearty Lentil and Mushroom Cottage Pie,2,2989,731.4
2026-W20,47,HelloFresh,Butternut Squash Masala,2,3105,877.5
2026-W20,48,HelloFresh,Glazed Halloumi and Gochujang Coconut Curry,2,3688,474.5
2026-W20,49,HelloFresh,Cheesy Veggie Mince Quesadillas,2,3809,610.4
2026-W20,50,HelloFresh,"Coconut, Ginger and Lemongrass Tofu Bowl",2,3147,567
2026-W20,51,HelloFresh,Chermoula Spiced Butter Bean Salad,2,2346,481.5
2026-W20,52,HelloFresh,Honey Mustard Roasted Radish Gyros Style Flatbreads,2,2426,530
2026-W20,53,HelloFresh,Smoky Ratatouille Stuffed Courgette,2,2054,745.3
2026-W20,54,HelloFresh,"Wham, Bam, One Pan Hoisin Pork Udon",2,2463,410.5
2026-W20,55,HelloFresh,Homemade Lamb Keema Pau,2,2696,526
2026-W20,56,HelloFresh,Chicken Gyros Inspired Bulgur Bowl,2,2729,537
2026-W20,57,HelloFresh,Peri Peri Honey and Lime Chicken Skewers,2,2280,557.8
2026-W20,58,HelloFresh,Thyme Roasted Chicken Breast and Gravy,2,2978,968.3
2026-W20,59,HelloFresh,Classic Lamb Shepherd's Pie,2,2232,633
2026-W20,60,HelloFresh,Scrub Club Coconut Chicken Curry,2,2660,593
2026-W20,61,HelloFresh,North Indian Inspired Lamb Koftas and Mint Yoghurt,2,2508,544.8
2026-W20,62,HelloFresh,Soy Barramundi and Garlic Rice,2,2556,676.3
2026-W20,63,HelloFresh,Honey Gochujang Pulled Chicken Rice Bowl,2,2947,513.5
2026-W20,64,HelloFresh,Chipotle Ribs and Loaded Cheese Smashed Potatoes,2,3908,720
2026-W20,65,HelloFresh,Peri Peri Chicken Burger and Wedges,2,4420,656.3
2026-W20,66,HelloFresh,Herby Creamy Tomato Chicken Penne,2,2920,495.4
2026-W20,67,HelloFresh,Sticky Honey Indonesian Style Beef Rice Bowl,2,2591,371.8
2026-W20,68,HelloFresh,Tex-Mex Style Pork Mince Tacos,2,3944,542.8
2026-W20,69,HelloFresh,Chermoula Lamb Koftas and Balsamic Fig Sauce,2,2356,526.3
2026-W20,70,HelloFresh,Speedy Chipotle Bean Chilli,2,3138,667.5
2026-W20,71,HelloFresh,Presto Pesto Pea Rigatoni,2,3207,418.5
2026-W20,72,HelloFresh,Teriyaki Glazed Salmon on Fragrant Coriander Rice,2,5542,799
2026-W20,73,HelloFresh,Smoky Creamy Chipotle Pulled Pork Tagliatelle,2,6626,785
2026-W20,74,HelloFresh,Rosemary Roast Lamb and Red Wine Jus,2,4562,1216.3
2026-W20,75,HelloFresh,21 Day Aged Sirloin Steak and Creamy Tarragon Sauce,2,3387,601.6
2026-W20,76,HelloFresh,Herby Lamb Steak and Garlic Butter,2,2453,525.5
2026-W20,77,HelloFresh,Mussel & King Prawn Tagliatelle and Garlic Baguette,2,4707,761.8
2026-W20,78,HelloFresh,Crispy Cajun Spiced Chicken and Bacon Burger,2,5826,818.5
2026-W20,79,HelloFresh,Ultimate Butter Chicken and Garlic-Coriander Naan,2,5368,805.3
2026-W20,80,HelloFresh,Glazed Halloumi and Jewelled Pearl Couscous Salad,2,5781,819.5
2026-W21,1,HelloFresh,Speedy Chipotle Chicken Penne,2,3070,523.5
2026-W21,2,HelloFresh,Hachis Parmentier,2,2862,635.5
2026-W21,3,HelloFresh,Family Favourite Pork and Apple Burger,2,3762,507.1
2026-W21,4,HelloFresh,Easy Chicken à la Normande,2,4135,720.5
2026-W21,5,HelloFresh,Honey Mustard Sausage Traybake,2,3093,727.5
2026-W21,6,HelloFresh,Roasted Vegetable Lasagne,2,2944,602.3
2026-W21,7,HelloFresh,Chorizo Crusted Baked Penne,2,4044,454.9
2026-W21,8,HelloFresh,Family Favourite Hoisin Beef Noodle Stir-Fry,2,2741,458.8
2026-W21,9,HelloFresh,Indonesian Inspired Pork Skewers in Sambal Sauce,2,3435,551.5
2026-W21,10,HelloFresh,Ayam Goreng Style Fried Chicken,2,3570,585.6
2026-W21,11,HelloFresh,Cơm Tấm Inspired Sweet Spiced Pork and Jasmine Rice,2,2304,629.8
2026-W21,12,HelloFresh,Lemongrass and Sambal Beef Larb Style Salad,2,2479,483
2026-W21,13,HelloFresh,Fajita Flavours Spinach & Ricotta Tortelloni,2,3531,458.5
2026-W21,14,HelloFresh,Vietnamese Cà Ri Chay Inspired Butternut Noodles,2,2667,709.8
2026-W21,15,HelloFresh,Chorizo and Purple Sprouting Broccoli Lentil Bowl,2,2801,680.5
2026-W21,16,HelloFresh,Crispy Chicken and Herby Jersey Royal Potato Salad,2,2798,588
2026-W21,17,HelloFresh,Thai Red Coconut Beef Meatball Curry,2,3267,766.8
2026-W21,18,HelloFresh,Pan-Fried Gammon and Charred Pineapple Rings,2,2635,652.5
2026-W21,19,HelloFresh,Purple Sprouting Broccoli & Spiced Bean Bowl,2,2816,597.8
2026-W21,20,HelloFresh,"Spring Veg, Chickpea and Pickled Rhubarb Salad",2,3427,687
2026-W21,21,HelloFresh,Chả Cá Thăng Long Inspired Salmon,2,3195,464.2
2026-W21,22,HelloFresh,Belgian Style Haddock in Caper Meunière Sauce,2,2618,523
2026-W21,23,HelloFresh,Chipotle-Mango Prawn Bulgur Bowl,2,2107,588.8
2026-W21,24,HelloFresh,Thai Style Coconut Prawn Noodle Soup,2,2350,522
2026-W21,25,HelloFresh,Homemade Cheesy Fishcakes,2,3187,549.8
2026-W21,26,HelloFresh,"Sausage & Apple Meatballs, Mash and Gravy",2,2932,689
2026-W21,27,HelloFresh,Easy Peasy Greek Style Chicken Bowl,2,4651,579.5
2026-W21,28,HelloFresh,15 Minute Thai Green Style Chicken Curry,2,2653,433.2
2026-W21,29,HelloFresh,Super Quick Chorizo and Tomato Spaghetti,2,2951,316.3
2026-W21,30,HelloFresh,Speedy Sausage Linguine,2,3612,537.5
2026-W21,31,HelloFresh,Honey Glazed Sausage Bake and Bravas Inspired Sauce,2,2954,663.9
2026-W21,32,HelloFresh,Fuss-Free Cheesy Marinara Chicken Bake,2,2256,561.4
2026-W21,33,HelloFresh,Fuss-Free Teriyaki Chicken Traybake,2,2501,515.2
2026-W21,34,HelloFresh,21 Day Aged Rump Steak and Caesar Style Salad,2,2199,485.8
2026-W21,35,HelloFresh,"Quick Chicken, Pea and Spinach Korma",2,3432,468.5
2026-W21,36,HelloFresh,Chermoula Chicken and Sour Cherry Cabbage Bulgur,2,3649,557.5
2026-W21,37,HelloFresh,Dry Laksa Goreng Style Chicken Noodles,2,4081,577
2026-W21,38,HelloFresh,Quick Hot Honey Peri Peri Chicken and Pepper Tacos,2,3932,619.7
2026-W21,39,HelloFresh,Speedy Porky Penne,2,3645,578.9
2026-W21,40,HelloFresh,"Lamb, Sweet Potato and Lentil Rogan Josh",2,3594,610.8
2026-W21,41,HelloFresh,Quick Brazilian Style Roast Chicken and Chickpeas,2,3288,788.3
2026-W21,42,HelloFresh,"Mozzarella, Charred Courgette and Tomato Pizza",2,4734,807.4
2026-W21,43,HelloFresh,Mumbai Chilli Cheese Inspired Toastie,2,3418,476
2026-W21,44,HelloFresh,One Pot Creamy Leek and Bean Pesto Soup,2,3151,579.3
2026-W21,45,HelloFresh,Spicy Cajun Tomato & Super Greens Rigatoni,2,2952,390.7
2026-W21,46,HelloFresh,Creamy Chickpea Korma,2,3733,532.5
2026-W21,47,HelloFresh,Chipotle Lentil and Mushroom Enchiladas,2,3139,502
2026-W21,48,HelloFresh,Pan-Fried Halloumi and Pesto Drizzle,2,2961,599
2026-W21,49,HelloFresh,Charred Cabbage and Thai Style Nam Jim Dressing,2,2870,605.8
2026-W21,50,HelloFresh,"Spiced Tofu, Sweet Potato and Avocado Salad",2,3360,660.8
2026-W21,51,HelloFresh,Pumpkin and Sage Girasoli in Veggie 'Nduja Sauce,2,2177,427
2026-W21,52,HelloFresh,Mozzarella and Roasted Butternut Squash Panzanella,2,2516,598.4
2026-W21,53,HelloFresh,Hearty Ratatouille Inspired Orzo,2,2544,704.2
2026-W21,54,HelloFresh,Speedy Spiced Chicken Udon,2,2106,464.3
2026-W21,55,HelloFresh,Creamy Spiced Lentil and Chicken Curry,2,2392,525
2026-W21,56,HelloFresh,Speedy Italian Style Pesto Chicken,2,2287,594.5
2026-W21,57,HelloFresh,Crispy Chicken Thai Green Style Caesar Salad,2,2470,465
2026-W21,58,HelloFresh,Family Favourite Thyme Roasted Chicken,2,2345,709.8
2026-W21,59,HelloFresh,Beef and Beany Quesadillas,2,2401,414
2026-W21,60,HelloFresh,"Bacon, Bean and Red Wine Cassoulet",2,2379,661
2026-W21,61,HelloFresh,Tandoori Chicken Traybake,2,2303,546.3
2026-W21,62,HelloFresh,Basa and Sweet Onion Green Tikka Masala,2,2723,692.3
2026-W21,63,HelloFresh,Confit Duck Leg and Caramelised Leek Jus,2,3493,945.5
2026-W21,64,HelloFresh,Sticky Mustard Pork Belly and Red Wine Jus,2,3365,675
2026-W21,65,HelloFresh,Peri Peri Chicken Burger and Chips,2,4420,656.3
2026-W21,66,HelloFresh,Herby Creamy Tomato Chicken Penne,2,2920,495.4
2026-W21,67,HelloFresh,Sticky Honey Indonesian Style Beef Rice Bowl,2,2555,409.3
2026-W21,68,HelloFresh,Tex-Mex Style Pork Mince Tacos,2,3944,542.8
2026-W21,69,HelloFresh,Chermoula Lamb Koftas and Balsamic Fig Sauce,2,2356,526.3
2026-W21,70,HelloFresh,Speedy Chipotle Bean Chilli,2,3138,667.5
2026-W21,71,HelloFresh,Presto Pesto Pea Rigatoni,2,3207,418.5
2026-W21,72,HelloFresh,Sirloin Steak in Café de Paris Style Tarragon Sauce,2,3387,661.5
2026-W21,73,HelloFresh,"Creamy Lemon, King Prawn and Bacon Linguine",2,3127,539.5
2026-W21,74,HelloFresh,Pulled Beef Chipotle Chilli Hoagie,2,4324,882
2026-W21,75,HelloFresh,Walnut Crusted Lamb Steak and Red Wine Jus,2,3764,719.4
2026-W21,76,HelloFresh,Sea Bream and Lemon-Caper Butter Sauce,2,2157,503.5
2026-W21,77,HelloFresh,Thai Style Pulled Chicken Bao,2,3128,720
2026-W21,78,HelloFresh,Chicken and Halloumi Shawarma,2,5097,744.3
2026-W21,79,HelloFresh,BBQ Jerk Style Chicken and Mango Glazed Sausages,2,3989,771
2026-W21,80,HelloFresh,Loaded Chermoula Spiced Whole Roasted Cauliflower,2,4346,891.3
2026-W22,1,HelloFresh,Indonesian Style Spiced Chicken Noodles,2,2214,423.8
2026-W22,2,HelloFresh,BBQ Beef and Pork Cheeseburger,2,3855,560.8
2026-W22,3,HelloFresh,"Oven-Baked Bacon, White Wine & Mushroom Risotto",2,2802,668.4
2026-W22,4,HelloFresh,Rosemary Chicken on Oven-Baked Pea Risotto,2,3293,680.4
2026-W22,5,HelloFresh,Sweet Chilli Hoisin Beef Noodles,2,2970,434.5
2026-W22,6,HelloFresh,Mixed Bean Loaded Fries,2,3130,873.5
2026-W22,7,HelloFresh,"Build Your Own: Fried Chicken Bao, Wedges and Salad",2,3897,806.8
2026-W22,8,HelloFresh,Family Favourite Pork Polpette Topped Naanizza,2,4410,482.6
2026-W22,9,HelloFresh,Fast Fragrant Vietnamese Style Chicken Salad,2,2636,435
2026-W22,10,HelloFresh,Thai Style Spiced Chicken and Satay Sauce,2,3853,601
2026-W22,11,HelloFresh,Quick Indonesian Inspired Pork Noodles,2,2991,406.8
2026-W22,12,HelloFresh,Fragrant Sach Ko Ang Inspired Beef Kofta Baguette,2,3628,445.5
2026-W22,13,HelloFresh,Indonesian Gado Gado Inspired Salad,2,2622,619.5
2026-W22,14,HelloFresh,South East Asian Inspired Chickpea Curry,2,4019,790.2
2026-W22,15,HelloFresh,Pork Steak and Sweet & Sour Ginger Rhubarb Sauce,2,2478,548.5
2026-W22,16,HelloFresh,Purple Sprouting Broccoli and Chorizo Jam Rigatoni,2,3202,562.5
2026-W22,17,HelloFresh,Sticky Thai Style Pork Rice Bowl,2,2967,524.5
2026-W22,18,HelloFresh,Harissa Butter Jersey Royal Potato and Bacon Salad,2,2896,455
2026-W22,19,HelloFresh,Crispy Falafel and Harissa Spiced Rice Bowl,2,3603,649.5
2026-W22,20,HelloFresh,Creamy Green Pesto Butter Bean Shakshuka,2,3715,828
2026-W22,21,HelloFresh,Peri Peri Spiced Salmon and Cheesy Chips,2,2630,515.8
2026-W22,22,HelloFresh,Cheesy Crusted Haddock,2,2971,728.4
2026-W22,23,HelloFresh,Peanut and Prawn Noodle Stir-Fry,2,2062,451
2026-W22,24,HelloFresh,Quick Chermoula Prawns and Stir-Fried Veg,2,1895,461.3
2026-W22,25,HelloFresh,Crispy Jerk Basa Burger and Chips,2,3776,652.3
2026-W22,26,HelloFresh,Creamy Bacon Linguine Pesto Alfredo,2,3191,471.3
2026-W22,27,HelloFresh,Super Quick Spicy Middle Eastern Style Chicken,2,4039,581.8
2026-W22,28,HelloFresh,15 Minute Chicken Tikka Masala,2,3346,475
2026-W22,29,HelloFresh,Super Quick Pork Cheeseburger Inspired Sloppy Joe,2,3898,409.3
2026-W22,30,HelloFresh,15 Minute Cheesy Bacon Orzo,2,3068,351.3
2026-W22,31,HelloFresh,Chinese BBQ Style Pork Steak,2,2371,542.5
2026-W22,32,HelloFresh,Chipotle Chicken Fajita Traybake,2,2081,521.3
2026-W22,33,HelloFresh,Caribbean Jerk Inspired Chicken Traybake,2,2251,577.3
2026-W22,34,HelloFresh,21 Day Aged Rump Steak and Creamy Cajun Rigatoni,2,3382,432.3
2026-W22,35,HelloFresh,Quick Chicken and Pesto Cream Sauce,2,3176,722.5
2026-W22,36,HelloFresh,Creamy Pesto Ham Tortelloni,2,2990,440.7
2026-W22,37,HelloFresh,Gyros Inspired Sweet Chilli Chicken Flatbread,2,4119,526.5
2026-W22,38,HelloFresh,Sweet and Sticky Korean Style Chicken Stir-Fry,2,2716,576
2026-W22,39,HelloFresh,Super Quick Teriyaki Pork,2,3116,407.5
2026-W22,40,HelloFresh,Sausages and Smoky Bean Casserole,2,3002,625.7
2026-W22,41,HelloFresh,Quick Warming Chettinad Style Chicken Curry,2,3419,572
2026-W22,42,HelloFresh,Cheesy Loaded Veggie Nachos,2,4069,648.3
2026-W22,43,HelloFresh,Peanut-Sesame Charred Hispi Cabbage Bowl,2,3903,856.8
2026-W22,44,HelloFresh,Warming Indian Style Spiced Charred Corn Dal,2,3688,659.5
2026-W22,45,HelloFresh,"Simple Lemon, Leek and Pea Linguine",2,3513,479
2026-W22,46,HelloFresh,Spinach and Ricotta Tortelloni in Spicy Cajun Sauce,2,2980,467.3
2026-W22,47,HelloFresh,Mexican Style Roasted Veg Salad,2,2653,500
2026-W22,48,HelloFresh,Halloumi Thai Red Style Curry,2,3550,408.2
2026-W22,49,HelloFresh,Classic Meat-Free Mince Lasagne,2,3710,576.5
2026-W22,50,HelloFresh,Palak Tofu Curry and Basmati Rice,2,3698,637.3
2026-W22,51,HelloFresh,Rosé Style Linguine and TABASCO® Sauce Drizzle,2,2983,539.3
2026-W22,52,HelloFresh,Baked Goat's Cheese & Caramelised Onion Naanizza,2,2452,288.5
2026-W22,53,HelloFresh,Sweet Potato and Refried Bean Burrito Bowl,2,2560,491.3
2026-W22,54,HelloFresh,Sambal Teriyaki Chicken Stir-Fry,2,2182,422.5
2026-W22,55,HelloFresh,Speedy Tomato Cajun Chicken,2,2336,565.3
2026-W22,56,HelloFresh,Easy Hoisin Chicken Noodles,2,2174,401
2026-W22,57,HelloFresh,Butterflied Chicken and Passion Fruit Hot Sauce,2,2363,591
2026-W22,58,HelloFresh,Turkish Inspired Chicken and Toasted Tomato Bulgur,2,2198,585.9
2026-W22,59,HelloFresh,Italian Style Sausage and Ditali Pasta Soup,2,2420,634.9
2026-W22,60,HelloFresh,Naked Beef Burger in Creamy Truffle Sauce,2,2455,505.3
2026-W22,61,HelloFresh,Crispy Chicken and Black Garlic Rice,2,2864,641.3
2026-W22,62,HelloFresh,Quick Basa and Mediterranean Style Pearl Couscous,2,2539,514.8
2026-W22,63,HelloFresh,Lamb Steak in Lemon-Garlic Butter,2,2278,541.9
2026-W22,64,HelloFresh,BBQ Pulled Duck Burger,2,5248,708
2026-W22,65,HelloFresh,Peri Peri Chicken Burger and Wedges,2,4420,656.3
2026-W22,66,HelloFresh,Herby Creamy Tomato Chicken Penne,2,2920,495.4
2026-W22,67,HelloFresh,Sticky Honey Indonesian Style Beef Rice Bowl,2,2555,409.3
2026-W22,68,HelloFresh,Tex-Mex Style Pork Mince Tacos,2,3944,542.8
2026-W22,69,HelloFresh,Chermoula Lamb Koftas and Balsamic Fig Sauce,2,2356,526.3
2026-W22,70,HelloFresh,Speedy Chipotle Bean Chilli,2,3149,667.5
2026-W22,71,HelloFresh,Presto Pesto Pea Rigatoni,2,3218,418.5
2026-W22,72,HelloFresh,Pan-Seared Lamb Steak and Homemade Salsa Verde,2,2559,778.4
2026-W22,73,HelloFresh,"Creamy Orkney Crab, Samphire and King Prawn Linguine",2,3132,489.5
2026-W22,74,HelloFresh,21 Day Aged Sirloin and Cheesy Bacon Hasselbacks,2,3570,561
2026-W22,75,HelloFresh,Chipotle Pulled Chicken and Chorizo Quesadillas,2,6398,815.4
2026-W22,76,HelloFresh,Indonesian Style Chicken and King Prawn Fried Rice,2,2371,691.8
2026-W22,77,HelloFresh,Ultimate Smoky Pulled Pork Mac & Cheese,2,6945,775
2026-W22,78,HelloFresh,Ultimate Fish and Chips,2,2979,573.5
2026-W22,79,HelloFresh,Crispy Chicken Burger and Chorizo Jam,2,7168,714.3
2026-W22,80,HelloFresh,Honey Halloumi Tacos and Sweet Potato Wedges,2,5085,756.8
2026-W23,1,HelloFresh,Oven-Baked Glazed Paprika Chicken,2,2771,695.4
2026-W23,2,HelloFresh,"Hoisin Beef, Pork and Mixed Veg Stir-Fry",2,2873,391
2026-W23,3,HelloFresh,"Bangers, Mash and Leek & Chive Sauce",2,2585,579.5
2026-W23,4,HelloFresh,Sweet and Sticky Chicken on Rice,2,3396,702.5
2026-W23,5,HelloFresh,Italian Inspired Sausage Naanizza,2,3723,406.5
2026-W23,6,HelloFresh,Peri Peri Sweet Potato and Black Bean Enchiladas,2,3603,652.3
2026-W23,7,HelloFresh,Sweet Chilli Fried Chicken Tortillas,2,4459,722.3
2026-W23,8,HelloFresh,Family Favourite Beef Bolognese Risotto,2,3395,767.5
2026-W23,9,HelloFresh,Portuguese Bifana Inspired Pork Sando,2,3376,716.7
2026-W23,10,HelloFresh,Chicken alla Cacciatora and Roast Potatoes,2,2009,726.9
2026-W23,11,HelloFresh,Summery Crispy Serrano Ham and Lemon Risotto,2,2195,738.5
2026-W23,12,HelloFresh,Beef Albóndigas and Butter Bean Stew,2,2768,673.7
2026-W23,13,HelloFresh,Spanakopita Inspired Sigara Böreği,2,4356,573.3
2026-W23,14,HelloFresh,Tuscan Ribollita Inspired Soup,2,2796,622
2026-W23,15,HelloFresh,Butterflied Chicken and Kumato Tomato Salad,2,2588,581
2026-W23,16,HelloFresh,Roasted Chicken in Red Wine Mushroom Sauce,2,2329,826.4
2026-W23,17,HelloFresh,Burrito Inspired Cheeseburger,2,3949,604
2026-W23,18,HelloFresh,Chorizo and Charred Pepper Thin-Crust Pizza,2,3394,465.5
2026-W23,19,HelloFresh,"Black Garlic, Crispy Kale and Jersey Royal Traybake",2,2435,514.5
2026-W23,20,HelloFresh,Kumato Tomato and Goat's Cheese Tart,2,4849,472.5
2026-W23,21,HelloFresh,Salmon and Creamy Mustard-Chive Sauce,2,2536,582
2026-W23,22,HelloFresh,Salmon in Creamy Cajun Sauce,2,2660,528.8
2026-W23,23,HelloFresh,Gambas Pil Pil Inspired Prawns,2,1992,587.2
2026-W23,24,HelloFresh,Quick Creamy Prawn and Pea Rigatoni,2,2834,474.5
2026-W23,25,HelloFresh,Spaghetti alle Cozze: White Wine Mussel Spaghetti,2,3219,548.8
2026-W23,26,HelloFresh,Creamy Chicken Curry and Rice,2,3441,695
2026-W23,27,HelloFresh,Presto Pesto Chicken and Pea Spaghetti,2,3764,415.4
2026-W23,28,HelloFresh,15 Minute Butter Chicken Masala,2,2921,397.3
2026-W23,29,HelloFresh,Quick Pork and Peanut West African Style Stew,2,3444,487
2026-W23,30,HelloFresh,'Nduja Red Pepper Ravioli in Creamy Mushroom Sauce,2,2681,336
2026-W23,31,HelloFresh,Easy Honey Mustard Sausage & Pear Traybake,2,3031,637.4
2026-W23,32,HelloFresh,Peri Peri Chicken Fillet Traybake,2,2725,522.3
2026-W23,33,HelloFresh,Tex-Mex Style Pork and Bean Chilli,2,3706,648.5
2026-W23,34,HelloFresh,Glazed Rump Steak and Soy Butter Potatoes,2,2438,473.2
2026-W23,35,HelloFresh,"Bell Pepper, Mushroom and Chorizo Linguine",2,2977,451
2026-W23,36,HelloFresh,Moroccan Style Chicken and Roast Sweet Potato Stew,2,4183,731.4
2026-W23,37,HelloFresh,Mediterranean Inspired Chicken and Jewelled Rice,2,3856,618.7
2026-W23,38,HelloFresh,Sticky Spiced Butterflied Chicken,2,2216,449.8
2026-W23,39,HelloFresh,Speedy Sausage Rigatoni,2,3233,538
2026-W23,40,HelloFresh,Beef and Guinness® Chilli Loaded Nachos,2,4427,643.5
2026-W23,41,HelloFresh,One Pot Hoisin Chicken and Mushroom Udon Broth,2,2721,659.3
2026-W23,42,HelloFresh,Classic Meat-Free Mince Spag Bol,2,2878,503.9
2026-W23,43,HelloFresh,Super Quick Coconut Tikka Dal,2,3269,430
2026-W23,44,HelloFresh,Quick Cheesy Harissa Chickpea Taquitos,2,5029,700.5
2026-W23,45,HelloFresh,Easy Peasy Pumpkin and Sage Girasoli,2,3194,390
2026-W23,46,HelloFresh,Creamy Korma Lentils and Sweet Potato,2,3560,652.5
2026-W23,47,HelloFresh,Cheesy Caramelised Onion and Mushroom Gratin,2,3229,684.5
2026-W23,48,HelloFresh,Halloumi and Refried Bean Tacos,2,3909,607
2026-W23,49,HelloFresh,"Butternut, Sage and Blue Cheese Stovetop Risotto",2,3068,968.5
2026-W23,50,HelloFresh,Anhui Bang Tofu and Cabbage Stir-Fry,2,3488,646.3
2026-W23,51,HelloFresh,Creamy Double Mushroom Penne,2,2850,439.5
2026-W23,52,HelloFresh,Quick Sticky Tandoori Spiced Cauliflower Salad,2,2111,585.8
2026-W23,53,HelloFresh,Sri Lankan Style Cauliflower and Coconut Curry,2,2359,670
2026-W23,54,HelloFresh,Fragrant Lemongrass Pork and Pepper Stir-Fry,2,2547,554
2026-W23,55,HelloFresh,Italian Style Pork and Oregano Sausage Meatballs,2,2706,626.4
2026-W23,56,HelloFresh,Speedy  Gochujang Chicken Noodles,2,2140,367.5
2026-W23,57,HelloFresh,Quick Greek Style Oregano Chicken Pasta Salad,2,2303,433.5
2026-W23,58,HelloFresh,Thai Style Chicken Noodles,2,2170,434.5
2026-W23,59,HelloFresh,Crispy Serrano Ham and Charred Courgette Salad,2,2332,481.4
2026-W23,60,HelloFresh,Cajun Pork and Veg on Herby Bulgur,2,2676,494.8
2026-W23,61,HelloFresh,Mexican Style Chicken and Charred Veg Salad,2,2858,499.8
2026-W23,62,HelloFresh,Baked Basa and Homemade Hot Honey Chilli Oil,2,2351,525
2026-W23,63,HelloFresh,Thai Style Pork Belly Noodles,2,2432,451.3
2026-W23,64,HelloFresh,Loaded Chipotle Pulled Chicken Rice Bowl,2,3610,404.8
2026-W23,65,HelloFresh,Peri Peri Chicken Burger and Wedges,2,4378,656.3
2026-W23,66,HelloFresh,Herby Creamy Tomato Chicken Penne,2,2920,495.4
2026-W23,67,HelloFresh,Sticky Honey Indonesian Style Beef Rice Bowl,2,2555,409.3
2026-W23,68,HelloFresh,Tex-Mex Style Pork Mince Tacos,2,3944,542.8
2026-W23,69,HelloFresh,Chermoula Lamb Koftas and Balsamic Fig Sauce,2,2356,526.3
2026-W23,70,HelloFresh,Speedy Chipotle Bean Chilli,2,3138,667.5
2026-W23,71,HelloFresh,Presto Pesto Pea Rigatoni,2,3207,418.5
2026-W23,72,HelloFresh,21 Day Aged Sirloin Steak in Garlic & Chive Butter,2,3544,548.5
2026-W23,73,HelloFresh,Herby Crumbed Haddock and Salt & Vinegar Chips,2,2458,573
2026-W23,74,HelloFresh,Monkfish and Prawns in Cheesy Mornay Style Sauce,2,3959,804.5
2026-W23,75,HelloFresh,Pulled Beef Ragu Lasagne,2,5904,818.5
2026-W23,76,HelloFresh,Greek Inspired 21 Day Aged Rump Steak Salad,2,3239,811.3
2026-W23,77,HelloFresh,Smoky BBQ Pulled Pork Bao,2,5239,725.3
2026-W23,78,HelloFresh,Ultimate Triple Cheese Chorizo Mac and Cheese,2,6221,536.8
2026-W23,79,HelloFresh,Sun-Dried Tomato Salmon,2,3726,592.5
2026-W23,80,HelloFresh,Quick Tandoori Spiced Paneer Rice Bowl,2,4027,585.3
2026-W24,1,HelloFresh,Chinese Style Chicken and Veg Noodle Stir-Fry,2,2137,372.5
2026-W24,2,HelloFresh,Beef and Pork Rogan Josh Style Curry,2,3113,659.8
2026-W24,3,HelloFresh,Spiced BBQ Pork Quesadillas Rapidas,2,3953,448.8
2026-W24,4,HelloFresh,Italian Inspired Chicken Milanese,2,4585,652.5
2026-W24,5,HelloFresh,Classic Sausage Burger,2,3743,531.5
2026-W24,6,HelloFresh,Homemade Cheesy Bean Jacky-P,2,3360,815.3
2026-W24,7,HelloFresh,Build Your Own: Sticky Chicken Fajitas and Wedges,2,3416,654.7
2026-W24,8,HelloFresh,Garlic and Ginger Pork Meatballs,2,3145,418.3
2026-W24,9,HelloFresh,Sicilian Style Bacon and Pistachio Pasta alla Brontese,2,3205,391
2026-W24,10,HelloFresh,Butterflied Chicken and Romesco Yoghurt Sauce,2,2300,578.4
2026-W24,11,HelloFresh,Baked Sausage Gigantes Plaki,2,2837,654
2026-W24,12,HelloFresh,Sun-Dried Tomato Spiced Beef Koftas,2,2633,514.9
2026-W24,13,HelloFresh,Santorini Style Tomatokeftedes,2,2240,736.5
2026-W24,14,HelloFresh,Erbazzone Reggiano Inspired Spinach Cheese Pies,2,4690,780.2
2026-W24,15,HelloFresh,"Chorizo, Goat's Cheese and Kumato Tomato Tartines",2,3472,542.3
2026-W24,16,HelloFresh,"Sausage, Caramelised Fennel and Pecorino Pasta",2,4036,487.7
2026-W24,17,HelloFresh,Pork Keftedes Inspired Loaded Flatbread,2,3460,478.5
2026-W24,18,HelloFresh,Quick Peri Peri Chorizo and Corn Tacos,2,3986,628.8
2026-W24,19,HelloFresh,Slow Roasted Kumato Tomato Herby Rice Bowl,2,3374,581
2026-W24,20,HelloFresh,Mediterranean Style Roasted Fennel & Chilli Yoghurt,2,2592,790
2026-W24,21,HelloFresh,Warming Spiced Salmon Harvest Bowl,2,3153,612.5
2026-W24,22,HelloFresh,Oven-Baked Haddock and Herby Relish,2,2519,606.4
2026-W24,23,HelloFresh,Chettinad Style King Prawn and Sweet Potato Curry,2,2648,674.5
2026-W24,24,HelloFresh,Cajun Style Prawn and Corn Chowder,2,1822,635.8
2026-W24,25,HelloFresh,"Tuna, Avocado and Edamame Bento Style Bowl",2,3085,394.8
2026-W24,26,HelloFresh,Mexican Style Cheesy Pork Empanadas,2,5725,760.3
2026-W24,27,HelloFresh,Super Quick Smoky Chicken and Rice,2,2824,441.8
2026-W24,28,HelloFresh,Super Quick Honey-Miso Chicken,2,2277,440
2026-W24,29,HelloFresh,Easy Peasy Thai Inspired Pork Noodle Stir-Fry,2,2939,366.7
2026-W24,30,HelloFresh,Easy Peasy Chorizo Linguine,2,3309,335.8
2026-W24,31,HelloFresh,Herby Sausage Spaghetti Bolognese,2,3807,573.5
2026-W24,32,HelloFresh,Fuss-Free Hoisin Chicken Thigh Traybake,2,3268,571
2026-W24,33,HelloFresh,Indonesian Style Chicken Satay Traybake,2,2540,562.5
2026-W24,34,HelloFresh,Chilli-Garlic Butter Rump Steak and Chips,2,2521,580.3
2026-W24,35,HelloFresh,Brilliant Bacon Linguine Alfredo,2,3435,353.9
2026-W24,36,HelloFresh,Spiced Chicken and Smoky Bravas Bean Bowl,2,3803,666.7
2026-W24,37,HelloFresh,Quick BBQ Chicken Thighs and Aioli Potato Salad,2,3429,565
2026-W24,38,HelloFresh,Weeknight Chicken Fried Rice,2,2467,400.3
2026-W24,39,HelloFresh,Super Quick Beef Cheeseburger Inspired Rice Bowl,2,3195,400.8
2026-W24,40,HelloFresh,Pork Steaks and Caramelised Onion Guinness® Gravy,2,1838,621.9
2026-W24,41,HelloFresh,Speedy Bloody Mary Inspired Chicken Rigatoni,2,3096,507.9
2026-W24,42,HelloFresh,Super Cheesy Oven-Baked Tomato Risotto,2,2703,622.9
2026-W24,43,HelloFresh,Malaysian Style Veggie Laksa,2,3020,583.2
2026-W24,44,HelloFresh,Chipotle Corn and Black Bean Soup,2,3837,774.4
2026-W24,45,HelloFresh,Creamy Chickpea and Pepper Rice Bowl,2,3461,561.4
2026-W24,46,HelloFresh,Simple Stovetop Veggie 'Nduja Mac & Cheese,2,3727,360.9
2026-W24,47,HelloFresh,"Warming Ginger, Peanut and Coconut Curry",2,3764,792.5
2026-W24,48,HelloFresh,Golden Halloumi and Pitta Chips Salad,2,3041,405.8
2026-W24,49,HelloFresh,Cheesy Sweet Chilli Veggie Burger,2,3718,532.5
2026-W24,50,HelloFresh,Malaysian Style Coconut Tofu Curry,2,3483,650.5
2026-W24,51,HelloFresh,North Indian Style Saag Paneer,2,3340,588.8
2026-W24,52,HelloFresh,Mozzarella and Roasted Butternut Squash Salad,2,2601,529.9
2026-W24,53,HelloFresh,Cheesy Veggie Lentil Ragu Stuffed Pepper,2,2392,680.3
2026-W24,54,HelloFresh,Spicy Pasanda Chicken Curry,2,2609,442
2026-W24,55,HelloFresh,Easy Peasy Bulgogi Chicken Noodles,2,2389,423
2026-W24,56,HelloFresh,Sour Cherry Chicken on Jewelled Pearl Couscous,2,2669,590.2
2026-W24,57,HelloFresh,Rosemary Chicken Breast and Cacio e Pepe Chickpeas,2,3035,692.9
2026-W24,58,HelloFresh,Korma Spiced Chicken and Pepper Skewers,2,2585,551.5
2026-W24,59,HelloFresh,Cured Ham Tortelloni in Veggie 'Nduja Sauce,2,2227,427
2026-W24,60,HelloFresh,Speedy Brazilian Style Beef and Black Bean Soup,2,2549,612.8
2026-W24,61,HelloFresh,Teriyaki Chicken Udon Traybake,2,1861,505.7
2026-W24,62,HelloFresh,Malaysian Style Gulai Tumis Fish Curry,2,2524,682.8
2026-W24,63,HelloFresh,Harissa Lamb Steaks and Pearl Couscous Salad,2,3404,502.5
2026-W24,64,HelloFresh,Smoky Maple Ribs & Cheesy Corn Sweet Potato Wedges,2,4375,685.8
2026-W24,65,HelloFresh,Peri Peri Chicken Burger and Wedges,2,4420,656.3
2026-W24,66,HelloFresh,Herby Creamy Tomato Chicken Penne,2,2920,495.4
2026-W24,67,HelloFresh,Sticky Honey Indonesian Style Beef Rice Bowl,2,2555,409.3
2026-W24,68,HelloFresh,Tex-Mex Style Pork Mince Tacos,2,3944,542.8
2026-W24,69,HelloFresh,Chermoula Lamb Koftas and Balsamic Fig Sauce,2,2362,526.5
2026-W24,70,HelloFresh,Speedy Chipotle Bean Chilli,2,3138,667.5
2026-W24,71,HelloFresh,Presto Pesto Pea Rigatoni,2,3207,418.5
2026-W24,72,HelloFresh,21 Day Aged Sirloin Steak and Peppercorn Sauce,2,3864,699.8
2026-W24,73,HelloFresh,Lemon & Herb Salmon and Garlic Butter King Prawns,2,3264,631.3
2026-W24,74,HelloFresh,Monkfish and Kumato Tomato & Black Garlic Sauce,2,3034,765.5
2026-W24,75,HelloFresh,21 Day Aged Fillet Steak and Tarragon Salsa Verde,2,3488,547
2026-W24,76,HelloFresh,Honey and Soy Glazed Duck Breast,2,2562,584.5
2026-W24,77,HelloFresh,Ultimate Mediterranean Style Prawn & Chorizo Gnocchi,2,3846,859.5
2026-W24,78,HelloFresh,Ultimate Cumberland Sausage Toad in the Hole,2,4238,865.8
2026-W24,79,HelloFresh,"Brunch Inspired Fried Chicken, Bacon and Waffles",2,3365,495.8
2026-W24,80,HelloFresh,Shawarma Style Harissa Fable Mushroom Flatbreads,2,5834,766.8
2026-W25,1,HelloFresh,Crispy Chicken Schnitzel and Wedges,2,2384,538.7
2026-W25,2,HelloFresh,BBQ Beef and Pork Quesadillas Rapidas,2,3239,464.8
2026-W25,3,HelloFresh,Quick Fragrant Pork and Mushroom Stir-Fry,2,2786,356
2026-W25,4,HelloFresh,Teriyaki Chicken Tacos and Chips,2,3195,615.9
2026-W25,5,HelloFresh,Bacon and Butternut Squash Stovetop Risotto,2,2781,572.3
2026-W25,6,HelloFresh,Red Thai Style Sweet Potato Curry and Zesty Rice,2,3226,772
2026-W25,7,HelloFresh,Build Your Own: Spiced Pork and Corn Tacos,2,3491,557.3
2026-W25,8,HelloFresh,Family Favourite Cheesy Beef Chilli Loaded Jacky-P,2,3209,740
2026-W25,9,HelloFresh,Cheesy Piggy Pie and Peas,2,3456,833.5
2026-W25,10,HelloFresh,Portuguese Bifana Inspired Pork Sando,2,3376,716.7
2026-W25,11,HelloFresh,Chicken alla Cacciatora and Roast Potatoes,2,2009,726.9
2026-W25,12,HelloFresh,Summery Crispy Serrano Ham and Lemon Risotto,2,2195,738.5
2026-W25,13,HelloFresh,Beef Albóndigas and Butter Bean Stew,2,2786,678.7
2026-W25,14,HelloFresh,Spanakopita Inspired Sigara Böreği,2,4356,573.3
2026-W25,15,HelloFresh,Tuscan Ribollita Inspired Soup,2,2961,617
2026-W25,16,HelloFresh,Butterflied Chicken and Kumato Tomato Salad,2,2588,581
2026-W25,17,HelloFresh,Sticky Pork & Apple Burgers and Fennel Slaw,2,4101,661.4
2026-W25,18,HelloFresh,Crispy Chicken and Hot Sauce Burger,2,4102,704
2026-W25,19,HelloFresh,Cumberland Sausage and Pesto Roasted Veg Traybake,2,3207,674.5
2026-W25,20,HelloFresh,Kumato Tomato and Goat's Cheese Tart,2,4849,472.5
2026-W25,21,HelloFresh,"Fennel, Harissa and Chickpea Tagine",2,2561,811
2026-W25,22,HelloFresh,21 Day Aged Rump Steak and Lime Chive Butter,2,2538,498
2026-W25,23,HelloFresh,Teriyaki Duck Rice Bowl,2,3459,673
2026-W25,24,HelloFresh,Bavarian Style Pork Belly and Homemade Apple Sauce,2,2463,828.4
2026-W25,25,HelloFresh,Teriyaki Salmon Poke Style Bowl,2,2613,503
2026-W25,26,HelloFresh,Pesto Baked Haddock and Warm Tomato Salsa,2,2254,454.9
2026-W25,27,HelloFresh,Tuscan Style Tuna Pasta Bake,2,2926,431.8
2026-W25,28,HelloFresh,Jerk Spiced Crispy Prawn Tacos,2,3690,587.9
2026-W25,29,HelloFresh,Super Quick Sausage Lasagne Soup,2,2600,559.2
2026-W25,30,HelloFresh,Speediest Szechuan Chicken Stir-Fry,2,2171,363.1
2026-W25,31,HelloFresh,Super Quick Cheeseburger Inspired Rice Bowl,2,3558,398.8
2026-W25,32,HelloFresh,Cured Ham Pasta Arrabbiata,2,2522,388.8
2026-W25,33,HelloFresh,Red Pepper Chilli Jelly Glazed Sausage Bake,2,3198,524.5
2026-W25,34,HelloFresh,Easy Spanish Style Chicken Traybake,2,3152,615.4
2026-W25,35,HelloFresh,Quick Harissa Cranberry Chicken on Bulgur,2,2349,542.5
2026-W25,36,HelloFresh,Speedy Thai Inspired Pork Noodles,2,3014,405.7
2026-W25,37,HelloFresh,Creamy Bacon and Mustard Penne,2,3535,382
2026-W25,38,HelloFresh,Quick and Easy Teriyaki Pork,2,3126,410
2026-W25,39,HelloFresh,Harissa Chicken Loaded Naans,2,2652,403.8
2026-W25,40,HelloFresh,Speedy Chorizo and Pea Orzo,2,3265,339.3
2026-W25,41,HelloFresh,15 Minute Creamy Truffle Mushroom Spaghetti,2,3170,364.5
2026-W25,42,HelloFresh,Speedy Veggie Beany Stew,2,2796,559
2026-W25,43,HelloFresh,"Warming Ginger, Cauliflower and Coconut Bowl",2,2593,554.5
2026-W25,44,HelloFresh,Umami Miso Mushroom Rigatoni,2,3151,370
2026-W25,45,HelloFresh,Harissa Pearl Couscous Salad and Honeyed Carrots,2,3283,694.8
2026-W25,46,HelloFresh,Jerk Spiced Halloumi and Couscous Bowl,2,3713,538
2026-W25,47,HelloFresh,Cheesy Garlic Mushroom Pizza & TABASCO® Brand Pepper Sauce Drizzle,2,4118,518.3
2026-W25,48,HelloFresh,Black Garlic and Hoisin Glazed Tofu Bowl,2,2648,543.7
2026-W25,49,HelloFresh,"Goat's Cheese, Apricot Jam and Crispy Onion Panini",2,2705,526.8
2026-W25,50,HelloFresh,Aubergine Parmigiana Style Traybake,2,2163,594.9
2026-W25,51,HelloFresh,North Indian Style Roasted Cauliflower & Lentil Dal,2,1796,553.5
2026-W25,52,HelloFresh,Cantonese Style Chicken Stir-Fry,2,2057,417.5
2026-W25,53,HelloFresh,Chicken and Pepper Fajita Bowl,2,2399,492
2026-W25,54,HelloFresh,Greek Style Lamb Moussaka,2,2411,507.3
2026-W25,55,HelloFresh,"Creamy Honey Bacon, Potato and Baby Gem Salad",2,2443,479.5
2026-W25,56,HelloFresh,Lemon & Herb Basa and Garlic-Parsley Drizzle,2,2238,564.5
2026-W25,57,HelloFresh,Pan-Fried Garlic Butter Chicken Thighs,2,3349,604.9
2026-W25,58,HelloFresh,Cheesy Beef Mince Ragu,2,2996,453.9
2026-W25,59,HelloFresh,Chermoula Chicken and Warm Panzanella Pasta Salad,2,2685,419.5
2026-W25,60,HelloFresh,Pork Meatballs in Smoky Tomato Sauce,2,2683,630.8
2026-W25,61,HelloFresh,Herby Roast Chicken on Butter Beans,2,2912,579.8
2026-W25,62,HelloFresh,"King Prawn, Chilli and Chorizo Fresh Tagliatelle",2,3131,687.3
2026-W25,63,HelloFresh,Hot Honey Glazed Lamb Steak and Truffle Potatoes,2,2747,614.5
2026-W25,64,HelloFresh,Chimichurri 21 Day Aged Rump Steak Surf and Turf,2,3391,661.8
2026-W25,65,HelloFresh,Hoisin Pulled Beef Bao and Black Sesame Wedges,2,2779,616.5
2026-W25,66,HelloFresh,Ultimate Cheesy Beef & Bacon Bolognese Gnocchi Bake,2,4154,648.5
2026-W25,67,HelloFresh,Creamy Pesto Salmon and Bacon Smashed Potatoes,2,4592,727.4
2026-W25,68,HelloFresh,Chicken and Halloumi Shawarma,2,5097,744.3
2026-W25,69,HelloFresh,Korean Style Braised Pork Belly and Sticky Rice,2,3397,519.3
2026-W25,70,HelloFresh,Crispy Buffalo Halloumi Burger,2,4811,708.8
2026-W25,71,HelloFresh,Korma Baked Basa and Chips,2,2641,578.5
2026-W25,72,HelloFresh,Curried Chicken Thigh Traybake,2,3684,721.5
2026-W25,73,HelloFresh,Loaded Beef Chilli Nachos,2,4042,542
2026-W25,74,HelloFresh,Crispy Serrano Caprese Bruschetta,2,2021,416
2026-W25,75,HelloFresh,Marry Me Chicken,2,2536,626
2026-W25,76,HelloFresh,Chicken in Creamy Tarragon Sauce,2,2294,601.3
2026-W25,77,HelloFresh,"Banging Bacon, Mustard and Mushroom Pie",2,2613,718
2026-W25,78,HelloFresh,Cheeseburger Inspired Beef Quesadillas Rapidas,2,4021,493
2026-W25,79,HelloFresh,Buffalo Style Chicken Salad,2,2825,483.8
2026-W25,80,HelloFresh,Cumberland Sausages in Mustard Cream Sauce,2,3208,766.9
2026-W26,1,HelloFresh,"Jerk, Coconut and Guinness® Chicken Breast",2,3373,782
2026-W26,2,HelloFresh,Herby Beef and Pork Meatball Linguine,2,3759,567.2
2026-W26,3,HelloFresh,Honey Mustard Sausages and Red Onion Gravy,2,2669,602.5
2026-W26,4,HelloFresh,"Winner, Winner, Chicken (Pie) Dinner",2,4158,782.5
2026-W26,5,HelloFresh,Honey Mustard Sausage Traybake,2,3093,727.5
2026-W26,6,HelloFresh,Roasted Vegetable Lasagne,2,3031,607.3
2026-W26,7,HelloFresh,Build Your Own: Cheesy Baked Potato Bar,2,3352,589.5
2026-W26,8,HelloFresh,Family Favourite Sweet Chilli Pork & Veg Stir-Fry,2,2729,571.8
2026-W26,9,HelloFresh,Creamy Curried Chicken Pie and Peas,2,3069,669.5
2026-W26,10,HelloFresh,Sicilian Style Bacon & Pistachio Pasta alla Brontese,2,3205,391
2026-W26,11,HelloFresh,Butterflied Chicken and Romesco Yoghurt Sauce,2,2300,578.4
2026-W26,12,HelloFresh,Baked Sausage Gigantes Plaki,2,2854,659
2026-W26,13,HelloFresh,Sun-Dried Tomato Spiced Beef Koftas,2,2633,514.9
2026-W26,14,HelloFresh,Santorini Style Tomatokeftedes,2,2240,736.5
2026-W26,15,HelloFresh,Erbazzone Reggiano Inspired Spinach Cheese Pies,2,4690,780.2
2026-W26,16,HelloFresh,"Chorizo, Goat's Cheese and Kumato Tomato Tartines",2,3472,542.3
2026-W26,17,HelloFresh,"Sausage, Caramelised Fennel and Pecorino Pasta",2,4036,487.7
2026-W26,18,HelloFresh,Red Pepper Chilli Glazed Beef Kofta Tacos,2,3299,560.6
2026-W26,19,HelloFresh,'Nduja & Red Pepper Ravioli in Spicy Pomodoro Sauce,2,3125,473.9
2026-W26,20,HelloFresh,Slow Roasted Kumato Tomato Herby Rice Bowl,2,3374,581
2026-W26,21,HelloFresh,Mediterranean Style Roasted Fennel & Chilli Yoghurt,2,2592,790
2026-W26,22,HelloFresh,Korean Style Rump Steak Bibimbap,2,3087,610.5
2026-W26,23,HelloFresh,Chipotle Ribs and Loaded Cheese Smashed Potatoes,2,3821,715
2026-W26,24,HelloFresh,Cheesy Pulled Chicken Burger Bowls,2,3657,555.5
2026-W26,25,HelloFresh,Caribbean Style Spiced Salmon,2,2642,499.8
2026-W26,26,HelloFresh,Crispy Haddock and Sesame Chips,2,2502,552.3
2026-W26,27,HelloFresh,Mediterranean Style Mussel Baked Rice,2,2665,879.3
2026-W26,28,HelloFresh,Chimichurri Prawn & Pepper Skewers and Chips,2,1913,605
2026-W26,29,HelloFresh,Super Quick Chorizo and Chickpea Stew,2,2465,510.9
2026-W26,30,HelloFresh,Speedy Cantonese Style Chicken Stir-Fry,2,2165,380
2026-W26,31,HelloFresh,Super Quick Tex-Mex Style Pork Tacos,2,3544,436.5
2026-W26,32,HelloFresh,Super Quick Bulgogi Pork Noodles,2,2849,380.7
2026-W26,33,HelloFresh,Hoisin Glazed Cumberland Sausages,2,2538,564
2026-W26,34,HelloFresh,Put Your Feet Up Kashmiri Style Chicken Traybake,2,3338,574.3
2026-W26,35,HelloFresh,Fast Fragrant Vietnamese Style Chicken Salad,2,2636,435
2026-W26,36,HelloFresh,Banging Bangers and Garlic Mash,2,2317,694
2026-W26,37,HelloFresh,Easy Pork Cheeseburger Inspired Bowl,2,3724,479.3
2026-W26,38,HelloFresh,Korean Style BBQ Pork and Mushroom Stir-Fry,2,2713,515.5
2026-W26,39,HelloFresh,Indonesian Style Peanut Chicken Salad,2,2646,512.1
2026-W26,40,HelloFresh,Italian Style Sausage and Ditali Pasta Soup,2,2420,634.9
2026-W26,41,HelloFresh,Puttanesca Style Rigatoni,2,2506,409.2
2026-W26,42,HelloFresh,Pesto Orzo and Roasted Chickpea Salad,2,3469,386.5
2026-W26,43,HelloFresh,Warming Veggie 'Nduja Sweet Potato Rice Bowl,2,3292,492.5
2026-W26,44,HelloFresh,"Mozzarella, Roasted Pepper and Pesto Panini",2,2796,476.7
2026-W26,45,HelloFresh,One Pan Thai Green Style Veggie Noodle Soup,2,2565,575.2
2026-W26,46,HelloFresh,Glazed Halloumi and Veg Loaded Harissa Bulgur Bowl,2,3757,534.5
2026-W26,47,HelloFresh,"Ready to Roll Mozzarella, Courgette & Tomato Pizza",2,4821,812.4
2026-W26,48,HelloFresh,Caramelised Tofu and Aubergine Stir-Fry,2,2730,668.8
2026-W26,49,HelloFresh,"Creamy Mushroom, Spinach & Ricotta Tortelloni",2,2680,431.4
2026-W26,50,HelloFresh,Italian Inspired Butter Bean Cassoulet,2,2489,583.9
2026-W26,51,HelloFresh,Charred Courgette & Creamy Tomato Butter Beans,2,2324,624.5
2026-W26,52,HelloFresh,Sour Cherry Chicken on Jewelled Pearl Couscous,2,2619,590.2
2026-W26,53,HelloFresh,Hot Honey Spiced Chicken Thighs,2,2666,552.6
2026-W26,54,HelloFresh,Fragrant Lamb Noodle Stir-Fry,2,2314,477.8
2026-W26,55,HelloFresh,"Stovetop Bacon, White Wine and Mushroom Risotto",2,2600,726.9
2026-W26,56,HelloFresh,Spiced Barramundi and Parsley Gremolata,2,1811,458.8
2026-W26,57,HelloFresh,Spiced Almond Crumbed Chicken,2,2814,517.5
2026-W26,58,HelloFresh,Quick Sweet and Sticky Beef,2,2608,390.7
2026-W26,59,HelloFresh,Red Wine Lamb Ragu and Linguine,2,2945,546.9
2026-W26,60,HelloFresh,Chipotle Chicken Fajita Traybake,2,2081,521.3
2026-W26,61,HelloFresh,Caribbean Inspired Pineapple Jerk Chicken Thighs,2,3746,740
2026-W26,62,HelloFresh,"Monkfish, Bacon and Pea Oven-Baked Risotto",2,3332,733.5
2026-W26,63,HelloFresh,Lamb Steak and Truffled Parmigiano Reggiano Sauce,2,2623,614
2026-W26,64,HelloFresh,21 Day Aged Fillet Steak and Peppercorn Sauce,2,2258,569.4
2026-W26,65,HelloFresh,Bulgogi Pulled Beef Burger and Black Sesame Chips,2,3997,774.5
2026-W26,66,HelloFresh,"Creamy Pesto Chicken, Bacon and Pea Tagliatelle",2,6114,786
2026-W26,67,HelloFresh,Teriyaki Pork Belly and Sushi Rice Donburi,2,4136,633.5
2026-W26,68,HelloFresh,Crispy Buffalo Chicken Tacos and Cheesy Chips,2,5772,861
2026-W26,69,HelloFresh,King Prawn Topped Sea Bream and Mango Salsa,2,2288,705
2026-W26,70,HelloFresh,Cheesy Chipotle Black Bean Enchiladas,2,4490,823
2026-W26,71,HelloFresh,Korma Baked Basa and Chips,2,2641,578.5
2026-W26,72,HelloFresh,Curried Chicken Thigh Traybake,2,3684,721.5
2026-W26,73,HelloFresh,Loaded Beef Chilli Nachos,2,3955,537
2026-W26,74,HelloFresh,Crispy Serrano Caprese Bruschetta,2,2021,416
2026-W26,75,HelloFresh,Marry Me Chicken,2,2536,626
2026-W26,76,HelloFresh,Chicken in Creamy Tarragon Sauce,2,2294,601.3
2026-W26,77,HelloFresh,"Banging Bacon, Mustard and Mushroom Pie",2,2613,718
2026-W26,78,HelloFresh,Cheeseburger Inspired Beef Quesadillas Rapidas,2,4021,493
2026-W26,79,HelloFresh,Buffalo Style Chicken Salad,2,2825,483.8
2026-W26,80,HelloFresh,Cumberland Sausages in Mustard Cream Sauce,2,3208,766.9
2026-W27,1,HelloFresh,Indonesian Style Spiced Chicken Noodles,2,2214,423.8
2026-W27,2,HelloFresh,Family Favourite Beef & Pork Cheddar Cheeseburger,2,3931,625.7
2026-W27,3,HelloFresh,Pronto Bacon and Mushroom Rigatoni,2,2961,432.9
2026-W27,4,HelloFresh,North Indian Style Chicken Stuffed Cheesy Naan,2,4292,613.8
2026-W27,5,HelloFresh,Oven-Baked Chorizo and Sweetcorn Risotto,2,3323,626
2026-W27,6,HelloFresh,Mixed Bean Loaded Fries,2,3130,873.5
2026-W27,7,HelloFresh,Build Your Own: Sausage Meatball Marinara Subs,2,3809,570.7
2026-W27,8,HelloFresh,Mediterranean Style Chicken and Creamy Pesto Orzo,2,3860,580
2026-W27,9,HelloFresh,"Sausage & Apple Meatballs, Mash and Gravy",2,3064,704
2026-W27,10,HelloFresh,Naked Spiced Lamb Kofta Kebab Salad,2,2633,485.8
2026-W27,11,HelloFresh,Persian Style Spiced Chicken Stew,2,2262,935.7
2026-W27,12,HelloFresh,Glazed Beef Koftas and Muhammara Inspired Sauce,2,3160,669.3
2026-W27,13,HelloFresh,Chermoula Chicken Loaded Naan,2,4076,461.8
2026-W27,14,HelloFresh,Sticky Harissa Carrot and Crispy Chickpea Salad,2,4078,708.5
2026-W27,15,HelloFresh,Triple Cheese & Spinach Gözleme Inspired Quesadillas,2,3611,582.6
2026-W27,16,HelloFresh,Spiced Chicken and Yellow Courgette Loaded Naans,2,3858,654.5
2026-W27,17,HelloFresh,Campfire Style Sausage Meatball Chilli and Rice,2,4244,963.5
2026-W27,18,HelloFresh,Crispy Pork Schnitzel and Hoisin Plum Sauce,2,2903,581.3
2026-W27,19,HelloFresh,"Honey Dijon Bacon, Potato and Apple Salad",2,2859,501.5
2026-W27,20,HelloFresh,"Miso, Green Chilli and Yellow Courgette Rigatoni",2,3382,711.3
2026-W27,21,HelloFresh,Campfire Style BBQ Bean Quesadillas,2,3712,566.5
2026-W27,22,HelloFresh,Glazed Rump Steak and Soy Butter Potatoes,2,2438,473.2
2026-W27,23,HelloFresh,Sriracha Pork Belly and Easy Sesame Fried Rice,2,3257,507
2026-W27,24,HelloFresh,Pan-Seared Lamb Steak and Salsa Verde,2,2475,733.4
2026-W27,25,HelloFresh,Hot Honey Baked Salmon,2,3288,499.5
2026-W27,26,HelloFresh,Baked Spiced Barramundi and Herby Olive Couscous,2,2207,409.5
2026-W27,27,HelloFresh,Gambas Pil Pil Inspired Prawns,2,1992,587.2
2026-W27,28,HelloFresh,Simple Lemon and Prawn Rigatoni,2,2431,493
2026-W27,29,HelloFresh,Easy Peasy Pork and Mushroom Stir-Fry,2,2804,361.3
2026-W27,30,HelloFresh,Super Quick Lemongrass Chicken Noodles,2,2123,417.5
2026-W27,31,HelloFresh,15 Minute Cheesy Bacon Orzo,2,3068,351.3
2026-W27,32,HelloFresh,Speedy Sausages and Smoky Cowboy Beans,2,2387,580.8
2026-W27,33,HelloFresh,Cosy Sausage Traybake and Cheesy Wedges,2,2767,701.9
2026-W27,34,HelloFresh,Fuss-Free Tandoori Inspired Chicken Traybake,2,3247,691
2026-W27,35,HelloFresh,Roasted Chicken Thighs and Cheesy Leek Sauce,2,3254,627.9
2026-W27,36,HelloFresh,Smoky Mexican Style Pork Burrito Bowl,2,3502,514.8
2026-W27,37,HelloFresh,Weeknight Fragrant Hoisin Pork Noodles,2,3310,480
2026-W27,38,HelloFresh,Korean Style BBQ Pork Mince,2,3129,571
2026-W27,39,HelloFresh,Creamy Cajun Chicken Penne,2,2882,463.8
2026-W27,40,HelloFresh,Peri Peri Chicken Fajita Style Tacos,2,3203,490.3
2026-W27,41,HelloFresh,Quick Thai Green Style Veggie Curry,2,2329,423.2
2026-W27,42,HelloFresh,Rapid Roasted Pepper and Aubergine Rigatoni,2,2566,555
2026-W27,43,HelloFresh,Quick Sticky Tandoori Spiced Cauliflower Salad,2,1731,510.8
2026-W27,44,HelloFresh,Vibrant Veggie Burrito Bowl,2,2542,673.3
2026-W27,45,HelloFresh,Chipotle Lentil and Mushroom Enchiladas,2,3052,497
2026-W27,46,HelloFresh,Pan-Fried Halloumi and Pesto Drizzle,2,2963,599.2
2026-W27,47,HelloFresh,Sticky Spiced Mango Glazed Paneer Tacos,2,4675,622.4
2026-W27,48,HelloFresh,Sweet Sambal-Hoisin Tofu and Coriander Rice,2,2578,572.5
2026-W27,49,HelloFresh,Pesto Dressed Caprese Style Salad,2,2606,464
2026-W27,50,HelloFresh,Rich and Creamy Veggie 'Nduja Tortelloni,2,2663,432.5
2026-W27,51,HelloFresh,Middle Eastern Style Roasted Veg Salad,2,2601,711
2026-W27,52,HelloFresh,Quick Greek Style Herby Chicken Pasta Salad,2,2304,433.7
2026-W27,53,HelloFresh,Creamy Honey and Mustard Chicken,2,2355,550
2026-W27,54,HelloFresh,Greek Style Herby Lamb and Couscous Bowl,2,2496,492.9
2026-W27,55,HelloFresh,Cured Ham Tortelloni in Creamy Mushroom Sauce,2,2481,336
2026-W27,56,HelloFresh,Basa in Creamy Cajun Sauce,2,2154,474
2026-W27,57,HelloFresh,Red Thai Style Marinated Chicken Skewers and Chips,2,2214,576.7
2026-W27,58,HelloFresh,Lebanese Style Baked Beef Meatballs in Tomato Sauce,2,2470,581
2026-W27,59,HelloFresh,Easy Peasy Gochujang Pork Noodles,2,2809,327.5
2026-W27,60,HelloFresh,Chermoula Baked Chicken Thighs,2,3057,571.3
2026-W27,61,HelloFresh,"Beef, Chickpea and Spinach Rogan Josh",2,3734,781.3
2026-W27,62,HelloFresh,Roasted Salmon and Thai Green Style Curry,2,4213,675.6
2026-W27,63,HelloFresh,21 Day Aged Sirloin Steak and Cheesy Rosemary Chips,2,2923,530.5
2026-W27,64,HelloFresh,"Monkfish, Bacon and Butternut Oven-Baked Risotto",2,3424,869.8
2026-W27,65,HelloFresh,Easy Pulled Beef Ragu and Fresh Tagliatelle,2,4654,688.5
2026-W27,66,HelloFresh,Satay Chicken and King Prawn Loaded Tortillas,2,5686,963.5
2026-W27,67,HelloFresh,Chipotle Ribs and Cheesy Chorizo Smashed Potatoes,2,4963,810
2026-W27,68,HelloFresh,Greek Inspired 21 Day Aged Rump Steak Salad,2,3234,773.9
2026-W27,69,HelloFresh,Fried Peri Peri Chicken & Crispy Bacon Burger,2,5335,844.5
2026-W27,70,HelloFresh,Ultimate Truffle Mushroom Mac and Cheese,2,5665,552
2026-W27,71,HelloFresh,Korma Baked Basa and Chips,2,2641,578.5
2026-W27,72,HelloFresh,Curried Chicken Thigh Traybake,2,3684,721.5
2026-W27,73,HelloFresh,Loaded Beef Chilli Nachos,2,3955,537
2026-W27,74,HelloFresh,Crispy Serrano Caprese Bruschetta,2,2021,416
2026-W27,75,HelloFresh,Marry Me Chicken,2,2536,626
2026-W27,76,HelloFresh,Chicken in Creamy Tarragon Sauce,2,2294,601.3
2026-W27,77,HelloFresh,"Banging Bacon, Mustard and Mushroom Pie",2,2613,718
2026-W27,78,HelloFresh,Cheeseburger Inspired Beef Quesadillas Rapidas,2,4021,493
2026-W27,79,HelloFresh,Buffalo Style Chicken Salad,2,2825,483.8
2026-W27,80,HelloFresh,Cumberland Sausages in Mustard Cream Sauce,2,3208,766.9
2026-W28,1,HelloFresh,Speedy Butter Chicken Baked Naan,2,3443,451.3
2026-W28,2,HelloFresh,Honey Miso Mushroom Beef and Pork,2,2913,355
2026-W28,3,HelloFresh,Pork Meatballs in Cajun Spiced Tomato & Leek Sauce,2,2977,742.5
2026-W28,4,HelloFresh,Sweet Chilli Fried Chicken Tacos,2,4512,726.3
2026-W28,5,HelloFresh,Italian Inspired Sausage Naanizza,2,3636,401.5
2026-W28,6,HelloFresh,"Mild Potato, Coconut and Cashew Curry",2,3455,777
2026-W28,7,HelloFresh,Build Your Own: Crispy Chicken Goujons Feast,2,3309,745.8
2026-W28,8,HelloFresh,Family Favourite Chicken & Creamy Courgette Pasta,2,2907,510.2
2026-W28,9,HelloFresh,Mexican Style Cheesy Pork Empanadas,2,5725,760.3
2026-W28,10,HelloFresh,Warming Harissa Beef and Sweet Potato Bulgur Bowl,2,3437,697.5
2026-W28,11,HelloFresh,Chermoula Chicken on Caramelised Onion Lentils,2,3057,656
2026-W28,12,HelloFresh,Chermoula Pork Koftas and Greek Style Fries,2,2675,518.8
2026-W28,13,HelloFresh,Harissa Beef Stuffed Courgettes,2,2912,735
2026-W28,14,HelloFresh,Chermoula Meat-Free Koftas in Honey-Harissa Sauce,2,3022,499
2026-W28,15,HelloFresh,Smoky Tagine Inspired Butternut and Chickpeas,2,2291,806.3
2026-W28,16,HelloFresh,Baked Chicken Thighs and Summer Bean Almond Salad,2,3514,590
2026-W28,17,HelloFresh,Campfire Style Tandoori Beef Meatball Curry,2,3029,673.3
2026-W28,18,HelloFresh,Summer Pesto Orzo and Herby Chicken Thighs,2,4492,573.8
2026-W28,19,HelloFresh,Quick Indonesian Inspired Pork Noodles,2,2991,406.8
2026-W28,20,HelloFresh,One Pot Campfire Style Cheesy Minestrone Soup,2,2284,818.3
2026-W28,21,HelloFresh,Green & Yellow Courgette Cheesy Summer Tart,2,4979,765.5
2026-W28,22,HelloFresh,21 Day Aged Rump Steak and Creamy Cajun Rigatoni,2,3696,462.3
2026-W28,23,HelloFresh,Confit Duck Leg and Caramelised Leek Jus,2,3493,945.5
2026-W28,24,HelloFresh,Honey Gochujang Pulled Chicken Rice Bowl,2,2947,513.5
2026-W28,25,HelloFresh,Salmon in Creamy Cajun Sauce,2,2660,528.8
2026-W28,26,HelloFresh,German Inspired Haddock in Mustard Cream Sauce,2,2328,509.5
2026-W28,27,HelloFresh,Peanut and Prawn Noodle Stir-Fry,2,2050,446
2026-W28,28,HelloFresh,Prawn Green Thai Style Curry,2,2309,410
2026-W28,29,HelloFresh,Easy Peasy Thai Inspired Pork Noodle Stir-Fry,2,2939,366.7
2026-W28,30,HelloFresh,15 Minute Coronation Chicken,2,3018,431.3
2026-W28,31,HelloFresh,Super Quick Teriyaki Pork,2,3168,407.5
2026-W28,32,HelloFresh,"One Pot Sausage, Butter Bean & Mushroom Cassoulet",2,2714,622.4
2026-W28,33,HelloFresh,Oven-Baked Chorizo and Tomato Risotto,2,3177,641.4
2026-W28,34,HelloFresh,Peri Peri Chicken Breast Traybake,2,2781,522.3
2026-W28,35,HelloFresh,Creamy Spiced Lentil and Chicken Curry,2,2445,555
2026-W28,36,HelloFresh,Super Quick Chorizo and Tomato Spaghetti,2,3004,346.3
2026-W28,37,HelloFresh,Middle Eastern Style Chermoula Pork,2,3160,671
2026-W28,38,HelloFresh,Sausages and Bratkartoffeln Inspired Potatoes,2,2836,502.8
2026-W28,39,HelloFresh,West African Style Spiced Chicken Thighs,2,3359,698.5
2026-W28,40,HelloFresh,Chorizo and Yellow Courgette Pan-Fried Gnocchi,2,2902,609.5
2026-W28,41,HelloFresh,Sweet Potato and Refried Bean Burrito Bowl,2,2560,491.3
2026-W28,42,HelloFresh,Cheesy Gochujang Black Bean Quesadillas,2,4123,513
2026-W28,43,HelloFresh,Simple Stovetop Veggie 'Nduja Mac & Cheese,2,3640,355.9
2026-W28,44,HelloFresh,Blair's Tartan Army Mexican Style Spiced Soup,2,3416,854.3
2026-W28,45,HelloFresh,Veggie Peanut Noodle Stir-Fry,2,2291,364.5
2026-W28,46,HelloFresh,Halloumi Steaks and Passion Fruit & Coriander Salsa,2,3083,467.8
2026-W28,47,HelloFresh,Summer Bean Ratatouille and Rice,2,2573,744.5
2026-W28,48,HelloFresh,"Sweet Potato, Ginger & Garlic Tofu Stew",2,2764,663.2
2026-W28,49,HelloFresh,Loaded Cheesy Veggie Burger and Fries,2,3649,577
2026-W28,50,HelloFresh,Baked Goat's Cheese & Caramelised Onion Naanizza,2,2505,318.5
2026-W28,51,HelloFresh,Arrabbiata Style Spinach and Ricotta Tortelloni,2,2550,415.4
2026-W28,52,HelloFresh,Speedy Tomato Cajun Chicken,2,2377,595.3
2026-W28,53,HelloFresh,Teriyaki-Sambal Chicken Donburi,2,2460,580.5
2026-W28,54,HelloFresh,Warm Butternut Squash and Chorizo Salad,2,2262,531.2
2026-W28,55,HelloFresh,"Sausage, Apple and Root Veg Traybake",2,2357,703.5
2026-W28,56,HelloFresh,Pesto Baked Basa and Warm Tomato Salsa,2,2298,481.9
2026-W28,57,HelloFresh,Family Favourite Thyme Roasted Chicken,2,2345,709.8
2026-W28,58,HelloFresh,Beef and Beany Quesadillas,2,2488,419
2026-W28,59,HelloFresh,Cheesy Mash Topped Rich Pork Pie,2,2763,579.9
2026-W28,60,HelloFresh,Seared Chicken on Cashew & Miso Braised Chickpeas,2,3265,647.9
2026-W28,61,HelloFresh,Mediterranean Style Chicken Thighs,2,4114,768.5
2026-W28,62,HelloFresh,21 Day Aged Rump Steak and Bacon Smashed Potatoes,2,3742,594
2026-W28,63,HelloFresh,Herby Lamb Steak and Garlic Butter,2,2453,525.5
2026-W28,64,HelloFresh,Roasted Salmon and Creamy Chive & Pea Tagliatelle,2,6164,733.7
2026-W28,65,HelloFresh,Chipotle Pulled Chicken and Chorizo Quesadillas,2,6490,820.4
2026-W28,66,HelloFresh,Serrano Wrapped Chicken and Cheesy Truffle Potatoes,2,2868,641.5
2026-W28,67,HelloFresh,Thai Style Sea Bream Parcels & Sweet Chilli King Prawns,2,2996,719
2026-W28,68,HelloFresh,Crispy Bacon Beef Burger and Creamy Truffle Sauce,2,5005,671.1
2026-W28,69,HelloFresh,Greek Style Chicken and Halloumi BBQ Skewers,2,6590,910.4
2026-W28,70,HelloFresh,Pulled Teriyaki Fable Mushroom Bao,2,4085,612
2026-W28,71,HelloFresh,Korma Baked Basa and Chips,2,2641,578.5
2026-W28,72,HelloFresh,Curried Chicken Thigh Traybake,2,3684,721.5
2026-W28,73,HelloFresh,Loaded Beef Chilli Nachos,2,3955,537
2026-W28,74,HelloFresh,Crispy Serrano Caprese Bruschetta,2,2021,416
2026-W28,75,HelloFresh,Marry Me Chicken,2,2536,626
2026-W28,76,HelloFresh,Chicken in Creamy Tarragon Sauce,2,2294,601.3
2026-W28,77,HelloFresh,"Banging Bacon, Mustard and Mushroom Pie",2,2613,718
2026-W28,78,HelloFresh,Cheeseburger Inspired Beef Quesadillas Rapidas,2,4021,493
2026-W28,79,HelloFresh,Buffalo Style Chicken Salad,2,2825,483.8
2026-W28,80,HelloFresh,Cumberland Sausages in Mustard Cream Sauce,2,3208,766.9
2026-W29,1,HelloFresh,Fragrant Chicken Coconut Curry,2,2999,652
2026-W29,2,HelloFresh,Easy Cheesy Beef and Pork Chilli Loaded Sweet Potato,2,4148,870.8
2026-W29,3,HelloFresh,Pork Polpette in Rich Tomato Sauce,2,3696,512.4
2026-W29,4,HelloFresh,Teriyaki Chicken Tacos and Chips,2,3177,585.9
2026-W29,5,HelloFresh,Teriyaki Sesame Glazed Chicken Thighs,2,2823,607.5
2026-W29,6,HelloFresh,Pronto Pesto Pasta Verde,2,3753,410.3
2026-W29,7,HelloFresh,Smoky BBQ Pulled Chicken Buns,2,4053,687.9
2026-W29,8,HelloFresh,Family Favourite Mexican Style Pork Meatball Bowl,2,3797,596.3
2026-W29,9,HelloFresh,"Chicken Korma, Coconut Rice and Flaked Almonds",2,3954,730
2026-W29,10,HelloFresh,Naked Spiced Lamb Kofta Kebab Salad,2,2639,485.8
2026-W29,11,HelloFresh,Chermoula Baked Chicken Thighs,2,3181,571.3
2026-W29,12,HelloFresh,Spiced Pork Meatballs in Harissa & Garlic Sauce,2,3291,670.3
2026-W29,13,HelloFresh,Middle Eastern Inspired Beef Tagine,2,3201,694.5
2026-W29,14,HelloFresh,Chermoula Chicken Loaded Naan,2,4076,461.8
2026-W29,15,HelloFresh,Nohut Dürüm: Turkish Inspired Spiced Chickpea Wraps,2,3002,544.8
2026-W29,16,HelloFresh,Spiced Chicken and Yellow Courgette Loaded Naans,2,3858,654.5
2026-W29,17,HelloFresh,"Chorizo, Summer Bean and Blistered Tomato Macaroni",2,2812,311.3
2026-W29,18,HelloFresh,Campfire Style Cheesy Sausage Orzotto,2,3897,707
2026-W29,19,HelloFresh,Lily's Lovely Lamb Burgers in Harissa Onion Sauce,2,4353,646.8
2026-W29,20,HelloFresh,"Miso, Green Chilli and Yellow Courgette Rigatoni",2,3382,711.3
2026-W29,21,HelloFresh,Sticky Spiced Onion & Summer Bean Braise on Bulgur,2,2541,519.5
2026-W29,22,HelloFresh,21 Day Aged Rump Steak and Warm Tomato Salsa,2,2945,582.5
2026-W29,23,HelloFresh,Chipotle Pork Belly Tacos and Pineapple Chutney,2,4743,639
2026-W29,24,HelloFresh,Satay Duck Rice Bowl,2,4664,732.5
2026-W29,25,HelloFresh,Gochujang Salmon Poke Bowl,2,3982,601.5
2026-W29,26,HelloFresh,"Garlic, Ginger and Soy Marinated Haddock",2,1931,575
2026-W29,27,HelloFresh,Cheesy Tuna Melt Style Naanizza,2,2816,410.4
2026-W29,28,HelloFresh,Speedy Cajun Prawn Rigatoni,2,3182,451.3
2026-W29,29,HelloFresh,Easy Beef Bolognese Orzo,2,2896,463.9
2026-W29,30,HelloFresh,Ginger Chicken Yakisoba Inspired Noodles,2,2458,420
2026-W29,31,HelloFresh,Sweet and Sticky Pork Stir-Fry,2,2965,370.2
2026-W29,32,HelloFresh,Lime Chicken and Amarillo Fiesta Rice Bowl,2,3220,471.3
2026-W29,33,HelloFresh,Spiced Sriracha Chicken Sando,2,4023,509.8
2026-W29,34,HelloFresh,Easy Peasy Smoky Bacon Spaghetti,2,3581,389
2026-W29,35,HelloFresh,Amarillo Chilli Glazed Sausage Bake,2,3333,493.3
2026-W29,36,HelloFresh,Indonesian Style Chicken Satay Traybake,2,2587,558.8
2026-W29,37,HelloFresh,Thai Inspired Chicken Noodles,2,2255,373.5
2026-W29,38,HelloFresh,Easy Peasy Beef and Veggie 'Nduja Bolognese,2,2911,454.5
2026-W29,39,HelloFresh,Quick Peri Peri Chicken Couscous Bowl,2,3091,594.3
2026-W29,40,HelloFresh,Baked Rosemary Chicken in White Wine & Leek Sauce,2,3036,671.6
2026-W29,41,HelloFresh,15 Minute Butter Chicken Masala,2,2969,407.3
2026-W29,42,HelloFresh,Teriyaki Pork Stir-Fry,2,3226,450
2026-W29,43,HelloFresh,Air Fryer Crispy Chicken Breasts and Spiced Chips,2,3439,676.5
2026-W29,44,HelloFresh,Air Fryer Teriyaki Beef Meatballs and Roasted Plums,2,2854,512
2026-W29,45,HelloFresh,Apricot Sausage Roll Air Fryer Bites,2,5938,619
2026-W29,46,HelloFresh,Quick Spiced Lentil Moussaka Style Rice Bowl,2,2826,570.3
2026-W29,47,HelloFresh,Warm Roasted Tomato and Lentil Salad,2,2246,458.5
2026-W29,48,HelloFresh,Spicy Cajun Tomato & Super Greens Rigatoni,2,3005,420.7
2026-W29,49,HelloFresh,Creamy Cajun Spiced Butter Beans,2,3448,696.3
2026-W29,50,HelloFresh,Falafel and Bulgur Tabbouleh Bowl,2,3371,596.5
2026-W29,51,HelloFresh,Greek Inspired Honey Glazed Halloumi,2,3028,584.2
2026-W29,52,HelloFresh,Sweet Spiced Vegetable Biryani Style Rice,2,2907,637.5
2026-W29,53,HelloFresh,XO Glazed Tofu & Mushroom Fried Rice,2,2813,570.3
2026-W29,54,HelloFresh,Indian Style Spiced Meat-Free Mince Tacos,2,2454,427
2026-W29,55,HelloFresh,Arrabbiata Style Pumpkin and Sage Girasoli,2,2519,415.4
2026-W29,56,HelloFresh,One Pan Red Thai Style Coconut Udon Soup,2,2065,574.5
2026-W29,57,HelloFresh,Cantonese Style Hoisin Chicken Noodles,2,2268,392.5
2026-W29,58,HelloFresh,One Pan Sesame-Ginger Miso Pork Udon,2,2443,386.8
2026-W29,59,HelloFresh,Thai Green Style Chicken and Mushroom Curry,2,2669,468.2
2026-W29,60,HelloFresh,Sun-Dried Tomato Chicken and Pesto Pasta Salad,2,2828,450
2026-W29,61,HelloFresh,Chermoula Spiced Chorizo and Black Bean Soup,2,2725,685
2026-W29,62,HelloFresh,Korma Spiced Chicken and Pepper Skewers,2,2585,551.5
2026-W29,63,HelloFresh,Roasted Chicken Breast and Creamy Mushroom Sauce,2,2597,630.9
2026-W29,64,HelloFresh,Zesty Baked Basa and Homemade Salsa Verde,2,2156,498.9
2026-W29,65,HelloFresh,Herby Chicken and Couscous Salad,2,2352,508
2026-W29,66,HelloFresh,Honey Sesame Beef and Pork Stir-Fry,2,2859,376.3
2026-W29,67,HelloFresh,Speedy Spicy Cajun Chicken Macaroni,2,3516,509.3
2026-W29,68,HelloFresh,Herby Lamb Meatballs in Chermoula Tomato Sauce,2,2771,765.9
2026-W29,69,HelloFresh,Green Chilli Curried Chicken Thighs,2,3168,586
2026-W29,70,HelloFresh,Quick Thai Inspired Lentil Curry,2,4142,686.7
2026-W29,71,HelloFresh,Korma Baked Basa and Chips,2,2641,578.5
2026-W29,72,HelloFresh,Curried Chicken Thigh Traybake,2,3684,721.5
2026-W29,73,HelloFresh,Loaded Beef Chilli Nachos,2,3955,537
2026-W29,74,HelloFresh,Crispy Serrano Caprese Bruschetta,2,2021,416
2026-W29,75,HelloFresh,Marry Me Chicken,2,2536,626
2026-W29,76,HelloFresh,Chicken in Creamy Tarragon Sauce,2,2294,601.3
2026-W29,77,HelloFresh,"Banging Bacon, Mustard and Mushroom Pie",2,2613,718
2026-W29,78,HelloFresh,Cheeseburger Inspired Beef Quesadillas Rapidas,2,4021,493
2026-W29,79,HelloFresh,Buffalo Style Chicken Salad,2,2825,483.8
2026-W29,80,HelloFresh,Cumberland Sausages in Mustard Cream Sauce,2,3208,766.9
2026-W30,1,HelloFresh,Korma and Mango Chutney Glazed Chicken,2,2307,544
2026-W30,2,HelloFresh,BBQ Beef and Pork Cheeseburger,2,3855,560.8
2026-W30,3,HelloFresh,Easy Pork Chilli Burrito Bowl,2,3995,633.5
2026-W30,4,HelloFresh,Layered Creamy Chicken Pasta Bake,2,3174,648.4
2026-W30,5,HelloFresh,Cosy Coronation Chicken Pie and Roasted Carrots,2,3189,789
2026-W30,6,HelloFresh,Red Thai Style Sweet Potato Curry and Zesty Rice,2,3267,802
2026-W30,7,HelloFresh,Build Your Own: Oregano Chicken Gyros,2,2863,673.3
2026-W30,8,HelloFresh,Family Favourite Pork Polpette Topped Naanizza,2,4368,438.6
2026-W30,9,HelloFresh,Cheesy Piggy Pie and Peas,2,3456,833.5
2026-W30,10,HelloFresh,BBQ Chicken Wings,2,4182,630.8
2026-W30,11,HelloFresh,Chermoula Chicken on Caramelised Onion Lentils,2,3057,656
2026-W30,12,HelloFresh,Chermoula Pork Koftas and Greek Style Fries,2,2675,518.8
2026-W30,13,HelloFresh,Harissa Beef Stuffed Courgettes,2,2912,735
2026-W30,14,HelloFresh,Albaloo Polo Inspired Sour Cherry & Lamb Rice,2,2685,602
2026-W30,15,HelloFresh,Smoky Tagine Inspired Butternut and Chickpeas,2,2291,806.3
2026-W30,16,HelloFresh,Fig Jam and Serrano Ham Panzanella Salad,2,2559,491.3
2026-W30,17,HelloFresh,Baked Chicken Thighs and Summer Bean Almond Salad,2,3514,590
2026-W30,18,HelloFresh,Caribbean Style Jerk Chicken Thighs,2,3923,612.8
2026-W30,19,HelloFresh,Honey Mustard Chicken & Thyme Bread Sauce,2,2801,735.3
2026-W30,20,HelloFresh,"Creamy Veggie 'Nduja, Sweet Potato and Onion Tart",2,5320,547.5
2026-W30,21,HelloFresh,Green & Yellow Courgette Cheesy Summer Tart,2,4979,765.5
2026-W30,22,HelloFresh,Rump Steak & Roast Veg Loaded Pearl Couscous,2,3940,786.5
2026-W30,23,HelloFresh,Bavarian Style Pork Belly and Homemade Apple Sauce,2,2463,828.4
2026-W30,24,HelloFresh,Confit Duck in Sticky Fig Sauce,2,3635,636
2026-W30,25,HelloFresh,Teriyaki Salmon Poke Style Bowl,2,2613,503
2026-W30,26,HelloFresh,Baked Basa and Creamy Pesto Pasta,2,3069,410.8
2026-W30,27,HelloFresh,Malaysian Prawn Kapitan Style Curry and Jasmine Rice,2,3144,562
2026-W30,28,HelloFresh,Traybake Prawn and Pepper Fajitas,2,2790,565.5
2026-W30,29,HelloFresh,Peri Peri and Creme Fraiche Beef Pasta,2,3377,520.8
2026-W30,30,HelloFresh,15 Minute Thai Green Style Chicken Curry,2,2804,463.2
2026-W30,31,HelloFresh,Super Quick Cheeseburger Inspired Rice Bowl,2,3558,398.8
2026-W30,32,HelloFresh,Easy Peasy Zanzibar Style Chicken,2,2721,405
2026-W30,33,HelloFresh,Creamed Cajun Chicken and Corn Rice Bowl,2,4064,576.8
2026-W30,34,HelloFresh,Easy Peasy Buffalo Inspired Pork Rice Bowl,2,3472,465.4
2026-W30,35,HelloFresh,Curried Roasted Veg and Sausage Traybake,2,2846,548.5
2026-W30,36,HelloFresh,Put Your Feet Up Goan Style Chicken Traybake,2,3270,585.5
2026-W30,37,HelloFresh,Speedy Peri Peri Chicken Thighs and Spiced Chickpeas,2,3958,709.8
2026-W30,38,HelloFresh,Speedy Beef and Red Wine Open Pie,2,2345,589.5
2026-W30,39,HelloFresh,Easy Peasy Chorizo Linguine,2,3316,336.2
2026-W30,40,HelloFresh,Chorizo and Yellow Courgette Pan-Fried Gnocchi,2,2902,609.5
2026-W30,41,HelloFresh,Build Your Own: Asian Style Crispy Chicken & Rice,2,3653,654.3
2026-W30,42,HelloFresh,Swedish Style Creamy Dill Chicken,2,2905,674.3
2026-W30,43,HelloFresh,Air Fryer Miso Peanut Chicken Udon Noodles,2,3102,573.5
2026-W30,44,HelloFresh,West African Style Air Fryer Beef Skewers,2,3023,500.8
2026-W30,45,HelloFresh,Air Fryer Peri Peri Pork Steak and Herby Potatoes,2,2307,486.7
2026-W30,46,HelloFresh,Yi Mein Inspired Longevity Noodles,2,2101,355.5
2026-W30,47,HelloFresh,Speedy Chipotle Bean Chilli,2,3191,697.5
2026-W30,48,HelloFresh,"Warming Ginger, Cauliflower and Coconut Bowl",2,2778,584.5
2026-W30,49,HelloFresh,Spinach and Ricotta Tortelloni in Spicy Cajun Sauce,2,2980,467.3
2026-W30,50,HelloFresh,Harissa Butternut Squash Tacos,2,3643,763.2
2026-W30,51,HelloFresh,Halloumi Thai Red Style Curry,2,3591,438.2
2026-W30,52,HelloFresh,Summer Bean Ratatouille and Rice,2,2573,744.5
2026-W30,53,HelloFresh,Indonesian Style Spiced Tofu in Sweet Hoisin Sauce,2,3540,627.8
2026-W30,54,HelloFresh,Peri Peri Meat-Free Cheeseburger Inspired Bowl,2,2408,514.8
2026-W30,55,HelloFresh,"Earthy Truffle Mushroom, Spinach and Filo Pie",2,2567,650
2026-W30,56,HelloFresh,Quick Curried Roasted Chickpea Salad,2,2238,395.5
2026-W30,57,HelloFresh,Bulgogi Chicken Stir-Fry,2,2194,402.5
2026-W30,58,HelloFresh,"Speedy Ginger, Lime and Garlic Coconut Chicken",2,2682,449.5
2026-W30,59,HelloFresh,Peri Peri Chicken and Chips,2,2375,549.3
2026-W30,60,HelloFresh,Middle Eastern Style Lamb Meatballs in Cherry Sauce,2,2434,604.3
2026-W30,61,HelloFresh,Cured Ham Tortelloni in Veggie 'Nduja Sauce,2,2227,427
2026-W30,62,HelloFresh,Greek Style Lemon and Herb Chicken Salad,2,2677,543
2026-W30,63,HelloFresh,Lamb Rogan Josh Pilaf,2,2658,442.5
2026-W30,64,HelloFresh,Lemon and Herb Barramundi in Garlic Butter,2,2290,633.3
2026-W30,65,HelloFresh,Cajun Spiced Chicken and Chive Dressing,2,2529,531.3
2026-W30,66,HelloFresh,"Red Wine, Mushroom and Beef Rigatoni",2,3231,518.8
2026-W30,67,HelloFresh,Pesto Chicken Traybake and Garlic Rice,2,2789,560.4
2026-W30,68,HelloFresh,Mexican Style Chicken and Charred Veg Salad,2,2962,499.8
2026-W30,69,HelloFresh,Quick Beef & Bean Chilli,2,3806,774.5
2026-W30,70,HelloFresh,Warm Cajun Spiced Sweet Potato Salad,2,2943,601.5
2026-W30,71,HelloFresh,Korma Baked Basa and Chips,2,2641,578.5
2026-W30,72,HelloFresh,Curried Chicken Thigh Traybake,2,3684,721.5
2026-W30,73,HelloFresh,Loaded Beef Chilli Nachos,2,3955,537
2026-W30,74,HelloFresh,Crispy Serrano Caprese Bruschetta,2,2021,416
2026-W30,75,HelloFresh,Marry Me Chicken,2,2536,626
2026-W30,76,HelloFresh,Chicken in Creamy Tarragon Sauce,2,2294,601.3
2026-W30,77,HelloFresh,"Banging Bacon, Mustard and Mushroom Pie",2,2613,718
2026-W30,78,HelloFresh,Cheeseburger Inspired Beef Quesadillas Rapidas,2,4021,493
2026-W30,79,HelloFresh,Buffalo Style Chicken Salad,2,2825,483.8
2026-W30,80,HelloFresh,Cumberland Sausages in Mustard Cream Sauce,2,3208,766.9
2026-W31,1,HelloFresh,Crispy Chicken Goujons and Cheesy Wedges,2,3003,566
2026-W31,2,HelloFresh,Speedy Cajun Beef and Pork Pepper Rigatoni,2,3630,519.2
2026-W31,3,HelloFresh,Mexican Style Cheesy Pork Nachos Rapidos,2,4445,678.5
2026-W31,4,HelloFresh,Beef Cheeseburger Inspired Tacos,2,3488,675.7
2026-W31,5,HelloFresh,Spiced Pork Pilaf and Mango Chutney,2,3717,673.5
2026-W31,6,HelloFresh,Roasted Vegetable Lasagne,2,3031,607.3
2026-W31,7,HelloFresh,Build Your Own: Cheesy Baked Potato Bar,2,3352,589.5
2026-W31,8,HelloFresh,Family Favourite Chicken Milanese and Cheesy Chips,2,3077,693.8
2026-W31,9,HelloFresh,"Chorizo Pizza Pinwheels, Wedges and Aioli Dip",2,5813,680.4
2026-W31,10,HelloFresh,Naked Spiced Lamb Kofta Kebab Salad,2,2639,485.8
2026-W31,11,HelloFresh,Chermoula Baked Chicken Thighs,2,3057,571.3
2026-W31,12,HelloFresh,Spiced Pork Meatballs in Harissa & Garlic Sauce,2,3291,670.3
2026-W31,13,HelloFresh,Middle Eastern Inspired Beef Tagine,2,3201,694.5
2026-W31,14,HelloFresh,Chermoula Chicken Loaded Naan,2,4076,461.8
2026-W31,15,HelloFresh,Middle Eastern Style Roasted Butternut Squash Bowl,2,3209,546.5
2026-W31,16,HelloFresh,Spiced Chicken & Yellow Courgette Loaded Naans,2,3858,654.5
2026-W31,17,HelloFresh,"Chorizo, Summer Bean and Blistered Tomato Macaroni",2,2812,311.3
2026-W31,18,HelloFresh,Fuss-Free Teriyaki Chicken Traybake,2,2505,515.2
2026-W31,19,HelloFresh,Thyme Chicken and Gravy Midweek Roast,2,3082,968.3
2026-W31,20,HelloFresh,"Miso, Green Chilli and Yellow Courgette Rigatoni",2,3388,711.7
2026-W31,21,HelloFresh,Sticky Spiced Onion & Summer Bean Braise on Bulgur,2,2541,519.5
2026-W31,22,HelloFresh,21 Day Aged Rump Steak and Cheesy Garlic Mash,2,3344,843.5
2026-W31,23,HelloFresh,Garlic Butter Lamb Steaks,2,2845,666.5
2026-W31,24,HelloFresh,BBQ Pulled Duck Burger,2,5296,708
2026-W31,25,HelloFresh,Super Quick Tandoori Salmon,2,3003,515.5
2026-W31,26,HelloFresh,Smørrebrød Inspired Smoked Salmon Open Sandos,2,2781,567
2026-W31,27,HelloFresh,Crispy Fish Fillet Burger and Chips,2,3968,700.5
2026-W31,28,HelloFresh,Fragrant Teriyaki Prawn Stir-Fry,2,1867,395
2026-W31,29,HelloFresh,Chermoula Spiced Beef and Pearl Couscous Bowl,2,2715,474.5
2026-W31,30,HelloFresh,Mediterranean Style Chicken Cassoulet,2,2224,622
2026-W31,31,HelloFresh,Super Quick Chorizo and Bean Stew,2,2299,540.9
2026-W31,32,HelloFresh,Fragrant Red Thai Style Chicken Noodle Laksa,2,2730,553.5
2026-W31,33,HelloFresh,Tex-Mex Style Smoky Chicken Couscous Bowl,2,2610,593.8
2026-W31,34,HelloFresh,Pronto Spiced Ham Tortelloni,2,2864,499.3
2026-W31,35,HelloFresh,Honey Glazed Sausage Bake and Bravas Inspired Sauce,2,2960,663.9
2026-W31,36,HelloFresh,Thai Green Style Chicken Curry,2,2648,434.2
2026-W31,37,HelloFresh,Harissa Chicken Loaded Naans,2,2652,403.8
2026-W31,38,HelloFresh,Super Quick Beef Cheeseburger Inspired Rice Bowl,2,3195,400.8
2026-W31,39,HelloFresh,Speedy Thai Inspired Pork Noodles,2,3020,408.2
2026-W31,40,HelloFresh,Quick Fragrant Pork and Mushroom Stir-Fry,2,2786,356
2026-W31,41,HelloFresh,General Tso's Inspired Chicken,2,3810,531.5
2026-W31,42,HelloFresh,Quick Chicken and Pesto Cream Sauce,2,3280,722.5
2026-W31,43,HelloFresh,Air Fryer Cheesy Chicken Parmigiana Burger,2,3400,519.3
2026-W31,44,HelloFresh,Air Fryer Sweet Chilli Pork Steaks,2,2484,590
2026-W31,45,HelloFresh,Air Fryer Smoky Cherry Glazed Pork Meatballs,2,3177,520.3
2026-W31,46,HelloFresh,Red Thai Style Curry and Vegetable Gyozas,2,2996,462.7
2026-W31,47,HelloFresh,Umami Miso Mushroom Rigatoni,2,3199,400.5
2026-W31,48,HelloFresh,Oh So Speedy Pearl Couscous & Chickpea Minestrone,2,3534,631.3
2026-W31,49,HelloFresh,Creamy Chickpea Korma,2,3407,487.5
2026-W31,50,HelloFresh,"Caramelised Onion, Cheddar and Roasted Pepper Tart",2,4692,503.5
2026-W31,51,HelloFresh,Hot & Spicy Halloumi and Chilli-Tomato Relish,2,3654,641
2026-W31,52,HelloFresh,Classic Meat-Free Mince Spag Bol,2,2878,503.9
2026-W31,53,HelloFresh,Crispy Tofu Katsu Curry Tacos,2,4116,733
2026-W31,54,HelloFresh,Super Cheesy Burrata and Harissa Naanizza,2,4278,682.5
2026-W31,55,HelloFresh,Romesco Roasted Cauliflower Salad,2,2613,610.4
2026-W31,56,HelloFresh,Cheesy Veggie Lentil Ragu Stuffed Pepper,2,2392,680.3
2026-W31,57,HelloFresh,One Pot Ginger and Lime Chicken Noodle Soup,2,2244,683.2
2026-W31,58,HelloFresh,Quick Spicy Chicken and Pepper Bulgur,2,2268,481.8
2026-W31,59,HelloFresh,Chermoula Chicken and Warm Panzanella Pasta Salad,2,2641,419.5
2026-W31,60,HelloFresh,Chilli Beef Burrito Bowl,2,2619,697.1
2026-W31,61,HelloFresh,Baked Pork and Apple Meatballs,2,2686,597.6
2026-W31,62,HelloFresh,Hot Honey Spiced Chicken Thighs,2,2666,552.6
2026-W31,63,HelloFresh,Peri Peri Chicken in Creamy Spiced Ricotta Sauce,2,2447,665.8
2026-W31,64,HelloFresh,Cajun Spiced Basa and Parsley Dressing,2,1877,479.3
2026-W31,65,HelloFresh,Pan-Fried Garlic Butter Chicken Thighs,2,3349,604.9
2026-W31,66,HelloFresh,North Indian Inspired Beef and Spinach Curry,2,2486,612
2026-W31,67,HelloFresh,Fragrant Lamb Noodle Stir-Fry,2,2314,477.8
2026-W31,68,HelloFresh,Chicken Gyros Inspired Bulgur Bowl,2,2717,507
2026-W31,69,HelloFresh,Protein-Packed Shredded Satay Chicken Noodles,2,3250,512.8
2026-W31,70,HelloFresh,Chipotle Black Bean Enchiladas,2,3217,546
2026-W31,71,HelloFresh,Korma Baked Basa and Chips,2,2641,578.5
2026-W31,72,HelloFresh,Curried Chicken Thigh Traybake,2,3684,721.5
2026-W31,73,HelloFresh,Loaded Beef Chilli Nachos,2,3955,537
2026-W31,74,HelloFresh,Crispy Serrano Caprese Bruschetta,2,2021,416
2026-W31,75,HelloFresh,Marry Me Chicken,2,2536,626
2026-W31,76,HelloFresh,Chicken in Creamy Tarragon Sauce,2,2294,601.3
2026-W31,77,HelloFresh,"Banging Bacon, Mustard and Mushroom Pie",2,2613,718
2026-W31,78,HelloFresh,Cheeseburger Inspired Beef Quesadillas Rapidas,2,4021,493
2026-W31,79,HelloFresh,Buffalo Style Chicken Salad,2,2825,483.8
2026-W31,80,HelloFresh,Cumberland Sausages in Mustard Cream Sauce,2,3208,766.9
2026-W32,1,HelloFresh,Family Favourite Tandoori Chicken Masala,2,3186,441.3
2026-W32,2,HelloFresh,Argentinian Style Cheesy Beef and Pork Empanadas,2,4929,563.8
2026-W32,3,HelloFresh,Cosy Sausages in Mushroom Sauce,2,2496,714
2026-W32,4,HelloFresh,"Chorizo, Pepper and Sweetcorn Naanizza",2,3497,431
2026-W32,5,HelloFresh,Sweet and Sticky Chicken on Rice,2,3390,695
2026-W32,6,HelloFresh,Mixed Bean Loaded Fries,2,3130,873.5
2026-W32,7,HelloFresh,"Build Your Own: Fried Chicken Bao, Wedges and Salad",2,3897,806.8
2026-W32,8,HelloFresh,Family Favourite Hoisin Beef Noodle Stir-Fry,2,2725,457.8
2026-W32,9,HelloFresh,Cheesy Peri Peri Chicken Tacos and Chips,2,3344,640.2
2026-W32,10,HelloFresh,Hot Honey Chicken Wings and Ranch Drizzle,2,3300,592.8
2026-W32,11,HelloFresh,Pollo Guisado En Coco Y Aji Criollo,2,4225,854.5
2026-W32,12,HelloFresh,Pork Steak and Chorrillana Style Sauce,2,2310,569.3
2026-W32,13,HelloFresh,Chilean Chorrillana Inspired Beef Loaded Fries,2,3856,886.5
2026-W32,14,HelloFresh,Brazilian Style Spiced Chorizo and Black Bean Tacos,2,3866,573.3
2026-W32,15,HelloFresh,Argentinian Humita Inspired Corn Empanadas,2,4500,525.7
2026-W32,16,HelloFresh,Spiced Chicken and Provençal Style Radish Salad,2,2661,607
2026-W32,17,HelloFresh,Chorizo Elotes Style Loaded Corn on the Cob,2,2694,588.8
2026-W32,18,HelloFresh,Spiced Chicken and Caramelised Onion Couscous Salad,2,2915,469.3
2026-W32,19,HelloFresh,Chermoula Chicken and Sour Cherry Cabbage Bulgur,2,3649,557.5
2026-W32,20,HelloFresh,Miso Radish Rainbow Bowl,2,3476,702.5
2026-W32,21,HelloFresh,Spicy Cajun Corn on the Cob Chowder,2,2784,848.3
2026-W32,22,HelloFresh,21 Day Aged Rump Steak and Caesar Style Salad,2,2461,485.8
2026-W32,23,HelloFresh,Sriracha Pork Belly and Easy Sesame Fried Rice,2,3257,507
2026-W32,24,HelloFresh,Lamb Steak in Lemon-Garlic Butter,2,2284,541.9
2026-W32,25,HelloFresh,Hot Honey Baked Salmon,2,3288,499.5
2026-W32,26,HelloFresh,Lemon-Herb Salmon and Caramelised Onion Dauphinoise,2,4044,674.3
2026-W32,27,HelloFresh,"Lemon, Parsley and White Wine Moules Frites",2,2692,659.3
2026-W32,28,HelloFresh,Brazilian Style Coconut Prawn Moqueca,2,2273,503.3
2026-W32,29,HelloFresh,One Pan Gochujang Beef Udon,2,2090,460
2026-W32,30,HelloFresh,Honey Garlic Chicken Loaded Naan,2,2678,504.5
2026-W32,31,HelloFresh,Super Quick Spicy Middle Eastern Style Chicken,2,4039,581.8
2026-W32,32,HelloFresh,Easy Peasy Chipotle Pork and Veg Chilli,2,3589,534
2026-W32,33,HelloFresh,Easy Peasy Teriyaki Sambal Chicken,2,2297,436.8
2026-W32,34,HelloFresh,Easy Peasy Pork and Mushroom Stir-Fry,2,2804,361.3
2026-W32,35,HelloFresh,Cosy Sausage Traybake and Cheesy Wedges,2,2767,701.9
2026-W32,36,HelloFresh,Fuss-Free Tandoori Inspired Chicken Traybake,2,3250,693.5
2026-W32,37,HelloFresh,Indonesian Style Peanut Chicken Salad,2,2646,512.1
2026-W32,38,HelloFresh,Beef Cheeseburger Inspired Quesadillas,2,3422,482.3
2026-W32,39,HelloFresh,Brilliant Bacon Linguine Alfredo,2,3435,353.9
2026-W32,40,HelloFresh,Creamy Cajun Chicken Penne,2,2923,493.8
2026-W32,41,HelloFresh,Roasted Chicken Thighs and Cheesy Leek Sauce,2,3296,657.9
2026-W32,42,HelloFresh,One Pan Ginger Hoisin Pork Udon,2,2463,410.5
2026-W32,43,HelloFresh,Air Fryer Chettinad Style Spiced Chicken Skewers,2,3398,599.5
2026-W32,44,HelloFresh,Air Fryer Cheesy Mini Sausage Burritos and Wedges,2,4849,786.3
2026-W32,45,HelloFresh,Air Fryer Chermoula Beef Koftas,2,2722,620
2026-W32,46,HelloFresh,Quick Roasted Broccoli Blue Cheese Salad,2,1919,501
2026-W32,47,HelloFresh,Speedy Creamy Brazilian Style Chickpeas,2,2785,646.3
2026-W32,48,HelloFresh,Creamy Gochujang Spinach & Ricotta Tortelloni,2,3063,449.5
2026-W32,49,HelloFresh,Double Cheese Harissa Pasta Bake,2,3380,464
2026-W32,50,HelloFresh,Mediterranean Style Avocado & Pepper Salad,2,2604,551.4
2026-W32,51,HelloFresh,Glazed Halloumi and Veg Loaded Harissa Bulgur Bowl,2,3757,534.5
2026-W32,52,HelloFresh,"Creamy Sun-Dried Tomato, Spinach and Leek Penne",2,2799,557.5
2026-W32,53,HelloFresh,Korean Inspired Bulgogi Tofu Rice Bowl,2,2942,642.5
2026-W32,54,HelloFresh,Meat-Free Mince Chilli non Carne Loaded Rice Bowl,2,3995,824.5
2026-W32,55,HelloFresh,Shimeji Mushroom Topped Egg Fried Rice,2,2455,534.5
2026-W32,56,HelloFresh,North Indian Style Roasted Cauliflower & Lentil Dal,2,1837,583.5
2026-W32,57,HelloFresh,Easy Hoisin Chicken Noodles,2,2178,401
2026-W32,58,HelloFresh,Sour Cherry Chicken on Jewelled Pearl Couscous,2,2669,590.2
2026-W32,59,HelloFresh,Chipotle Chicken Fajita Traybake,2,2081,521.3
2026-W32,60,HelloFresh,Speedy Middle Eastern Inspired Harissa Lamb,2,2700,629.5
2026-W32,61,HelloFresh,"Stovetop Bacon, Mushroom and White Wine Risotto",2,2502,783.8
2026-W32,62,HelloFresh,Caribbean Jerk Inspired Chicken Traybake,2,2251,577.3
2026-W32,63,HelloFresh,Roasted Chicken Breast in Hoisin Plum Sauce,2,2577,700.5
2026-W32,64,HelloFresh,Central American Style Crumbed Barramundi,2,2439,617.4
2026-W32,65,HelloFresh,Spiced Chicken and Pepper Fajita Style Bowl,2,2781,688.3
2026-W32,66,HelloFresh,Super Quick Easy Spaghetti Beef Ragu,2,3062,470.9
2026-W32,67,HelloFresh,Quick Brazilian Style Roast Chicken and Chickpeas,2,2908,713.3
2026-W32,68,HelloFresh,Peri Peri Spiced Chicken and Chips,2,3058,607.3
2026-W32,69,HelloFresh,Pork Steak and Green Masala Braised Chickpeas,2,3243,574.5
2026-W32,70,HelloFresh,Pesto Orzo and Roasted Chickpea Salad,2,3474,386.5
2026-W32,71,HelloFresh,Korma Baked Basa and Chips,2,2641,578.5
2026-W32,72,HelloFresh,Curried Chicken Thigh Traybake,2,3684,721.5
2026-W32,73,HelloFresh,Loaded Beef Chilli Nachos,2,3955,537
2026-W32,74,HelloFresh,Crispy Serrano Caprese Bruschetta,2,2021,416
2026-W32,75,HelloFresh,Marry Me Chicken,2,2536,626
2026-W32,76,HelloFresh,Chicken in Creamy Tarragon Sauce,2,2294,601.3
2026-W32,77,HelloFresh,"Banging Bacon, Mustard and Mushroom Pie",2,2613,718
2026-W32,78,HelloFresh,Cheeseburger Inspired Beef Quesadillas Rapidas,2,4021,493
2026-W32,79,HelloFresh,Buffalo Style Chicken Salad,2,2825,483.8
2026-W32,80,HelloFresh,Cumberland Sausages in Mustard Cream Sauce,2,3208,766.9
2026-W33,1,HelloFresh,Indonesian Style Coconut Chicken Curry,2,2660,593
2026-W33,2,HelloFresh,Beef and Pork Hachis Parmentier,2,2752,630.5
2026-W33,3,HelloFresh,Crispy Serrano Ham Topped Pesto Penne,2,2868,307.5
2026-W33,4,HelloFresh,Easy Chicken à la Normande,2,4188,750.5
2026-W33,5,HelloFresh,BBQ Glazed Hot Dogs and Wedges,2,3347,512
2026-W33,6,HelloFresh,Roasted Vegetable Lasagne,2,3066,609.8
2026-W33,7,HelloFresh,Build Your Own: Crispy Chicken Goujons Feast,2,3309,745.8
2026-W33,8,HelloFresh,Family Favourite Mexican Style Pork Meatball Bowl,2,3797,596.3
2026-W33,9,HelloFresh,South Carolina Style BBQ Beef Quesadillas and Chips,2,4539,656.8
2026-W33,10,HelloFresh,Coronation Chicken Puff Pastry Pie,2,4149,741.3
2026-W33,11,HelloFresh,Caribbean Style Jerk and Pineapple Crispy Chicken,2,3461,692.3
2026-W33,12,HelloFresh,Pork Steak and Martinique Style Chien Sauce,2,2902,581.3
2026-W33,13,HelloFresh,Brazilian Style Beef Skewers & Green Chilli Yoghurt,2,2993,576
2026-W33,14,HelloFresh,Central American Inspired Bacon and Black Bean Stew,2,3279,873.8
2026-W33,15,HelloFresh,Bolivian Sopa de Mani Inspired Peanut Soup,2,3465,701.3
2026-W33,16,HelloFresh,Pork Steak and Herby Salsa Verde,2,2236,549.5
2026-W33,17,HelloFresh,Amarillo Chilli Pork Steaks & Garlic Corn on the Cob,2,2936,554
2026-W33,18,HelloFresh,Mango-Jerk Chicken Sandwich,2,3372,550
2026-W33,19,HelloFresh,Crispy Lemongrass and Coconut Chicken,2,3936,592.4
2026-W33,20,HelloFresh,Honey Mustard Roasted Radish Gyros Style Flatbreads,2,2426,530
2026-W33,21,HelloFresh,Mexican Inspired Veggie Small Plates,2,2662,729.8
2026-W33,22,HelloFresh,Korean Inspired Rump Steak Ramyeon,2,2813,717.5
2026-W33,23,HelloFresh,Chipotle Pork Belly Tacos and Pineapple Chutney,2,4743,639
2026-W33,24,HelloFresh,Seared Lamb Steak on West African Style Spiced Rice,2,2631,605
2026-W33,25,HelloFresh,Lemon Salmon in Creamy Mushroom & Dill Sauce,2,2530,604
2026-W33,26,HelloFresh,Lebanese Inspired Sayadieh Fish and Rice,2,2657,605.9
2026-W33,27,HelloFresh,Jamaican Style Escovitch Fish,2,2370,646.7
2026-W33,28,HelloFresh,Chipotle-Mango Prawn Bulgur Bowl,2,2107,588.8
2026-W33,29,HelloFresh,Chermoula Beef Loaded Naan,2,3286,517.5
2026-W33,30,HelloFresh,Spicy Pasanda Chicken Thigh Curry,2,3643,522
2026-W33,31,HelloFresh,Easy Peasy Greek Style Chicken Bowl,2,4651,579.5
2026-W33,32,HelloFresh,Super Quick Curried Beef Couscous Bowl,2,2866,582.5
2026-W33,33,HelloFresh,Easy Peasy Harissa Chicken Spaghetti,2,3392,486
2026-W33,34,HelloFresh,One Pan Spiced Teriyaki Beef Udon,2,2346,437.5
2026-W33,35,HelloFresh,Greek Style Pork and Olive Ragu,2,3933,504.9
2026-W33,36,HelloFresh,One Pot Tuscan Inspired Creamy Pulled Chicken Stew,2,3979,680.3
2026-W33,37,HelloFresh,Fast Fragrant Vietnamese Style Chicken Salad,2,2636,435
2026-W33,38,HelloFresh,Middle Eastern Inspired Sticky Beef,2,2575,544.5
2026-W33,39,HelloFresh,Tex-Mex Style Pork Mince Tacos,2,3944,542.8
2026-W33,40,HelloFresh,Dry Laksa Goreng Style Chicken Noodles,2,4081,577
2026-W33,41,HelloFresh,Creamy Chicken and Mediterranean Style Veg Soup,2,3701,705
2026-W33,42,HelloFresh,Creamy Tomato 'Nduja and Red Pepper Ravioli,2,2580,498.5
2026-W33,43,HelloFresh,Air Fryer Tonkatsu Pork & XO Sauce Bento Style Bowl,2,4095,405.3
2026-W33,44,HelloFresh,Air Fryer Chicken Katsu Tenders,2,3303,659
2026-W33,45,HelloFresh,Air Fryer Chipotle Beef Meatball Burrito Bowl,2,3139,684.5
2026-W33,46,HelloFresh,Cashew Curried Chickpea Couscous Bowl,2,2958,640
2026-W33,47,HelloFresh,15 Minute Creamy Truffle Mushroom Spaghetti,2,3211,394.5
2026-W33,48,HelloFresh,Middle Eastern Inspired Cheesy Harissa Naanizza,2,3244,471
2026-W33,49,HelloFresh,Thai Style Peanut and Sweet Potato Salad,2,3007,579.5
2026-W33,50,HelloFresh,Quick Cheesy Harissa Chickpea Taquitos,2,4650,625.5
2026-W33,51,HelloFresh,Spiced Hot Honey Halloumi and Spiced Corn Rice,2,4257,524.5
2026-W33,52,HelloFresh,Falafel and Greek Style Yoghurt Bulgur Bowl,2,2686,497.5
2026-W33,53,HelloFresh,Goan Style Spiced Coconut Tofu Bowl,2,3258,574.5
2026-W33,54,HelloFresh,Ready to Roll Truffled Mushroom Pizza Bianca,2,4094,394.5
2026-W33,55,HelloFresh,Speedy Shimeji Mushroom Noodle Stir-Fry,2,1668,415.5
2026-W33,56,HelloFresh,Vibrant Veggie Burrito Bowl,2,2634,659.5
2026-W33,57,HelloFresh,Cantonese Style Chicken Stir-Fry,2,2057,417.5
2026-W33,58,HelloFresh,Central American Style Ranch Chicken Salad,2,2428,383.7
2026-W33,59,HelloFresh,Quick Greek Style Oregano Chicken Pasta Salad,2,2303,433.5
2026-W33,60,HelloFresh,Quick Teriyaki Beef Noodles,2,2372,382.5
2026-W33,61,HelloFresh,Banging Bangers and Garlic Mash,2,2317,694
2026-W33,62,HelloFresh,Butterflied Chicken and Passion Fruit Hot Sauce,2,2363,591
2026-W33,63,HelloFresh,Speedy Hot Sauce One Pan Chicken Udon,2,2067,435
2026-W33,64,HelloFresh,Spiced Barramundi and Parsley Gremolata,2,1811,458.8
2026-W33,65,HelloFresh,"Jerk, Coconut and Guinness® Chicken Thighs",2,4339,832
2026-W33,66,HelloFresh,No-Chop Bolognese and Fresh Tagliatelle,2,3107,575.2
2026-W33,67,HelloFresh,Curry Spiced Chicken Breast,2,2600,548.3
2026-W33,68,HelloFresh,Honey Sesame Pork Noodle Stir-Fry,2,2976,376.3
2026-W33,69,HelloFresh,Crispy Skinned Spiced Chicken in Peanut XO Sauce,2,3493,614.6
2026-W33,70,HelloFresh,Charred Courgette & Creamy Tomato Butter Beans,2,2365,654.5
2026-W33,71,HelloFresh,Korma Baked Basa and Chips,2,2641,578.5
2026-W33,72,HelloFresh,Curried Chicken Thigh Traybake,2,3684,721.5
2026-W33,73,HelloFresh,Loaded Beef Chilli Nachos,2,3955,537
2026-W33,74,HelloFresh,Crispy Serrano Caprese Bruschetta,2,2021,416
2026-W33,75,HelloFresh,Marry Me Chicken,2,2536,626
2026-W33,76,HelloFresh,Chicken in Creamy Tarragon Sauce,2,2294,601.3
2026-W33,77,HelloFresh,"Banging Bacon, Mustard and Mushroom Pie",2,2613,718
2026-W33,78,HelloFresh,Cheeseburger Inspired Beef Quesadillas Rapidas,2,4021,493
2026-W33,79,HelloFresh,Buffalo Style Chicken Salad,2,2825,483.8
2026-W33,80,HelloFresh,Cumberland Sausages in Mustard Cream Sauce,2,3208,766.9
2026-W34,1,HelloFresh,Presto Pesto Chicken and Leek Penne,2,3937,492.5
2026-W34,2,HelloFresh,Korean Style Gochujang Beef and Pork Bibimbap,2,2976,587
2026-W34,3,HelloFresh,Cheesy Loaded Hot Dogs and Paprika Wedges,2,3843,581.4
2026-W34,4,HelloFresh,"Sweet Chilli, Lime and Peanut Beef Noodles",2,2882,499.5
2026-W34,5,HelloFresh,Crispy Breaded Chicken and Korma Sauce,2,3408,659
2026-W34,6,HelloFresh,Sticky Sweet Chilli Halloumi Burger,2,4318,646.5
2026-W34,7,HelloFresh,Teriyaki Chicken Tacos and Chips,2,3177,585.9
2026-W34,8,HelloFresh,Family Favourite Quick Chicken and Pesto Orzotto,2,5292,762.7
2026-W34,9,HelloFresh,Creamy Chicken Curry and Rice,2,3441,695
2026-W34,10,HelloFresh,Chorizo and Mozzarella Gnocchi,2,2509,513.8
2026-W34,11,HelloFresh,One Pot Caribbean Style Jerk Chicken and Rice,2,2755,487
2026-W34,12,HelloFresh,Pork Steak and Chorrillana Style Sauce,2,2310,569.3
2026-W34,13,HelloFresh,Escondidinho de Carne,2,3362,852.3
2026-W34,14,HelloFresh,Brazilian Style Spiced Chorizo and Black Bean Tacos,2,3866,573.3
2026-W34,15,HelloFresh,Brazilian Feijoada Inspired Veggie Bean Pockets,2,3727,703.2
2026-W34,16,HelloFresh,Spiced Chicken and Provençal Style Radish Salad,2,2661,607
2026-W34,17,HelloFresh,Chorizo Elotes Style Loaded Corn on the Cob,2,2694,588.8
2026-W34,18,HelloFresh,Spicy Middle Eastern Style Lamb Meatball Sub,2,3585,613.3
2026-W34,19,HelloFresh,Sticky Curried Mango Chutney Chicken Wings,2,3348,626.5
2026-W34,20,HelloFresh,Miso Radish Rainbow Bowl,2,3473,702.5
2026-W34,21,HelloFresh,Spicy Cajun Corn on the Cob Chowder,2,2784,848.3
2026-W34,22,HelloFresh,21 Day Aged Rump Steak and Oregano Roast Potatoes,2,2779,570.8
2026-W34,23,HelloFresh,Honey-Miso Confit Duck Rice Bowl,2,4543,689.5
2026-W34,24,HelloFresh,Thai Style Pork Belly Noodles,2,2540,446.3
2026-W34,25,HelloFresh,Warming Spiced Salmon Harvest Bowl,2,3185,626.5
2026-W34,26,HelloFresh,Creamy Lemon & Chive Salmon Tagliatelle,2,4441,568.6
2026-W34,27,HelloFresh,Sweet Chilli Crispy Fish Burger,2,3815,518
2026-W34,28,HelloFresh,Californian Style King Prawn Salad,2,2111,559.3
2026-W34,29,HelloFresh,Super Quick Chermoula Spiced Beef and Couscous,2,3083,548
2026-W34,30,HelloFresh,Easy Teriyaki and Lime Chicken Udon Stir-Fry,2,1725,459.3
2026-W34,31,HelloFresh,One Pan Sesame-Ginger Miso Pork Udon,2,2443,386.8
2026-W34,32,HelloFresh,Jerk Spiced Pork and Black Bean Bowl,2,3537,720
2026-W34,33,HelloFresh,15 Minute Butter Chicken Masala,2,2969,407.3
2026-W34,34,HelloFresh,Brazilian Style Spiced Chicken Couscous Bowl,2,2588,601.3
2026-W34,35,HelloFresh,Rich Sausage Ragu al Forno and Spaghetti,2,3741,558.9
2026-W34,36,HelloFresh,One Pot Chicken Provençal Style Soup,2,2013,604.5
2026-W34,37,HelloFresh,Speedy Butter Chicken Baked Naan,2,3443,451.3
2026-W34,38,HelloFresh,Smoky Mexican Style Pork Burrito Bowl,2,3502,514.8
2026-W34,39,HelloFresh,Creamy Cajun Chorizo Rigatoni,2,4039,426.3
2026-W34,40,HelloFresh,Jerk Glazed Sausages and Roasted Sweet Potato,2,2856,527.5
2026-W34,41,HelloFresh,Speedy Spicy Cajun Chicken Macaroni,2,3516,509.3
2026-W34,42,HelloFresh,One Pot Hoisin Chicken and Mushroom Udon Broth,2,2721,659.3
2026-W34,43,HelloFresh,Air Fryer Greek Style Chicken and Roast Potatoes,2,2668,578.5
2026-W34,44,HelloFresh,Air Fryer Indonesian Style Chicken Poke Bowl,2,4186,584.4
2026-W34,45,HelloFresh,Quick Air Fryer Chicken in Peanut XO Sauce,2,3765,671
2026-W34,46,HelloFresh,Trinidadian Style Chickpea Doubles,2,2266,451.8
2026-W34,47,HelloFresh,Warm Roasted Tomato and Lentil Salad,2,2246,458.5
2026-W34,48,HelloFresh,Pumpkin and Sage Girasoli in Veggie 'Nduja Sauce,2,2177,427
2026-W34,49,HelloFresh,Harissa Butternut Squash Tacos,2,3643,763.2
2026-W34,50,HelloFresh,Oven-Baked Thai Style Sweet Potato & Peanut Curry,2,3972,782
2026-W34,51,HelloFresh,Pan-Fried Halloumi on Harissa Lentils,2,3088,561
2026-W34,52,HelloFresh,Classic Meat-Free Mince Lasagne,2,3623,571.5
2026-W34,53,HelloFresh,Gochujang Tofu Rice Bowl,2,2765,668
2026-W34,54,HelloFresh,Crispy Butter Bean Veggie 'Caesar' Salad,2,2368,463.3
2026-W34,55,HelloFresh,"Ratatouille Style Aubergine, Pepper & Butter Beans",2,2388,626.5
2026-W34,56,HelloFresh,Hearty Ratatouille Inspired Orzo,2,2477,704.2
2026-W34,57,HelloFresh,Thai Style Chicken Noodles,2,2173,437
2026-W34,58,HelloFresh,Herby Chicken and Pearl Couscous Salad,2,2562,423
2026-W34,59,HelloFresh,Tandoori Spiced Chicken Curry Filo Pie,2,2725,681.3
2026-W34,60,HelloFresh,Lamb Koftas in Harissa Sauce,2,2646,564.5
2026-W34,61,HelloFresh,"Creamy Honey Bacon, Potato and Baby Gem Salad",2,2443,479.5
2026-W34,62,HelloFresh,Waldorf Style Salad,2,2161,494.5
2026-W34,63,HelloFresh,Spiced Sloppy Joe Ciabattas,2,2654,413.8
2026-W34,64,HelloFresh,Oven-Baked Basa in Tarragon-Garlic Butter,2,1989,478.3
2026-W34,65,HelloFresh,Curried Chicken and Naan Crouton Salad,2,3065,512.5
2026-W34,66,HelloFresh,Classic Beef Cottage Pie,2,2663,774.8
2026-W34,67,HelloFresh,Herby Creamy Tomato Chicken Penne,2,2983,525.4
2026-W34,68,HelloFresh,Spiced Chicken and Smoky Bravas Bean Bowl,2,3821,671.7
2026-W34,69,HelloFresh,West African Style Beef and Chickpea Bulgur Bowl,2,3155,744.8
2026-W34,70,HelloFresh,Sweet Potato and Refried Bean Burrito Bowl,2,2560,491.3
2026-W34,71,HelloFresh,Korma Baked Basa and Chips,2,2641,578.5
2026-W34,72,HelloFresh,Curried Chicken Thigh Traybake,2,3684,721.5
2026-W34,73,HelloFresh,Loaded Beef Chilli Nachos,2,3955,537
2026-W34,74,HelloFresh,Crispy Serrano Caprese Bruschetta,2,2021,416
2026-W34,75,HelloFresh,Marry Me Chicken,2,2536,626
2026-W34,76,HelloFresh,Chicken in Creamy Tarragon Sauce,2,2294,601.3
2026-W34,77,HelloFresh,"Banging Bacon, Mustard and Mushroom Pie",2,2613,718
2026-W34,78,HelloFresh,Cheeseburger Inspired Beef Quesadillas Rapidas,2,4021,493
2026-W34,79,HelloFresh,Buffalo Style Chicken Salad,2,2825,483.8
2026-W34,80,HelloFresh,Cumberland Sausages in Mustard Cream Sauce,2,3208,766.9
2026-W35,1,HelloFresh,Chicken Korma Style Curry,2,3353,482.5
2026-W35,2,HelloFresh,Midweek Chipotle Beef and Pork Rigatoni,2,3245,454.5
2026-W35,3,HelloFresh,Family Favourite Pork and Apple Burger,2,3762,507.1
2026-W35,4,HelloFresh,Rosemary Chicken on Oven-Baked Pea Risotto,2,3346,710.4
2026-W35,5,HelloFresh,North Indian Style Chicken Stuffed Cheesy Naan,2,4292,613.8
2026-W35,6,HelloFresh,Cheesy Broccoli Pasta Bake,2,4059,439.3
2026-W35,7,HelloFresh,Build Your Own: Oregano Chicken Gyros,2,2863,673.3
2026-W35,8,HelloFresh,Family Favourite Crispy Pork Steak and Potato Salad,2,3010,586.8
2026-W35,9,HelloFresh,Creamy Double Cheese Sausage Lasagne,2,4206,589.5
2026-W35,10,HelloFresh,Southern Fried Style Chicken and Mac & Cheese,2,4319,474.3
2026-W35,11,HelloFresh,Caribbean Style Jerk and Pineapple Crispy Chicken,2,3461,692.3
2026-W35,12,HelloFresh,Poc Chuc Inspired Citrus Marinated Pork Steaks,2,2637,706.8
2026-W35,13,HelloFresh,Brazilian Style Beef Skewers & Green Chilli Yoghurt,2,2993,576
2026-W35,14,HelloFresh,Central American Inspired Bacon and Black Bean Stew,2,3279,873.8
2026-W35,15,HelloFresh,Roasted Jerk Butternut Squash on Rice & Beans,2,3688,895
2026-W35,16,HelloFresh,"Honey Roasted Radish, Green Chilli & Bacon Rigatoni",2,3364,440
2026-W35,17,HelloFresh,Amarillo Chilli Pork Steaks & Garlic Corn on the Cob,2,2936,554
2026-W35,18,HelloFresh,Teriyaki Beef Meatballs and Garlic Butter Rice,2,3033,560
2026-W35,19,HelloFresh,Spiced BBQ Pork Quesadillas Rapidas,2,3953,448.8
2026-W35,20,HelloFresh,Miso-Honey Aubergine Bao and Sesame Radish Slaw,2,2708,560
2026-W35,21,HelloFresh,Mexican Inspired Veggie Small Plates,2,2662,729.8
2026-W35,22,HelloFresh,21 Day Aged Rump Steak and Creamy Cajun Rigatoni,2,3696,462.3
2026-W35,23,HelloFresh,Greek Inspired Lamb Steak Sandwich,2,2688,437
2026-W35,24,HelloFresh,Chipotle Shredded Duck Tacos and Lime-Tomato Salsa,2,4956,750.5
2026-W35,25,HelloFresh,Spiced Salmon in Passion Fruit Glaze,2,2661,523.3
2026-W35,26,HelloFresh,"Scandi Style Roasted Salmon, Beetroot and Potatoes",2,3101,651
2026-W35,27,HelloFresh,King Prawn Singapore Style Noodles,2,2046,391
2026-W35,28,HelloFresh,Tanzanian Inspired Coconut Prawn Curry,2,2459,623.2
2026-W35,29,HelloFresh,Peri Peri and Creme Fraiche Beef Pasta,2,3377,520.8
2026-W35,30,HelloFresh,Spiced Sriracha Chicken Sando,2,4023,509.8
2026-W35,31,HelloFresh,Super Quick Sausage Lasagne Soup,2,2642,589.2
2026-W35,32,HelloFresh,Indian Style Spiced Beef and Pepper Tacos,2,3178,458.5
2026-W35,33,HelloFresh,15 Minute Thai Green Style Chicken Curry,2,2804,463.2
2026-W35,34,HelloFresh,Cured Ham Pasta Arrabbiata,2,2522,388.8
2026-W35,35,HelloFresh,"One Pot Sausage, Mushroom and Bean Cassoulet",2,3195,576.3
2026-W35,36,HelloFresh,Coconut Chicken Tikka Masala,2,3492,622.5
2026-W35,37,HelloFresh,Speedy Peri Peri Chicken Thighs and Spiced Chickpeas,2,3958,709.8
2026-W35,38,HelloFresh,Cheesy Beef Mince Ragu,2,3037,483.9
2026-W35,39,HelloFresh,Quick Indonesian Inspired Pork Noodles,2,2991,406.8
2026-W35,40,HelloFresh,Tropical Passion Fruit and Spiced Chicken Salad,2,3233,574.8
2026-W35,41,HelloFresh,Mediterranean Inspired Chicken and Jewelled Rice,2,3856,618.7
2026-W35,42,HelloFresh,Korean Style Honey Pork and Peanut Noodles,2,3165,450
2026-W35,43,HelloFresh,Air Fryer Honey Glazed Pork Steaks,2,3668,525
2026-W35,44,HelloFresh,Air Fryer Goan Style Chicken and Coriander Potatoes,2,2690,604
2026-W35,45,HelloFresh,Air Fryer Kashmiri Style Spiced Chicken Salad,2,2389,673.8
2026-W35,46,HelloFresh,Veggie 'Nduja Spiced Roasted Veg Bowl,2,2455,648.5
2026-W35,47,HelloFresh,Easy Peasy Spinach and Ricotta Tortelloni,2,3226,390
2026-W35,48,HelloFresh,Baked Goat's Cheese & Caramelised Onion Naanizza,2,2505,318.5
2026-W35,49,HelloFresh,Creamy Truffle Mushroom Naanizza,2,3760,520.5
2026-W35,50,HelloFresh,Chipotle Lentil and Mushroom Enchiladas,2,3052,497
2026-W35,51,HelloFresh,Souvlaki Inspired Halloumi Flatbreads,2,4943,614.3
2026-W35,52,HelloFresh,"Beetroot, Sweet Potato and Goat's Cheese Spelt Bowl",2,2617,485
2026-W35,53,HelloFresh,Singapore Style Crispy Tofu & Black Pepper Noodles,2,2652,488.8
2026-W35,54,HelloFresh,Garlic Mushroom and Onion Marmalade Tart,2,4799,494.5
2026-W35,55,HelloFresh,Teriyaki Glazed Crispy Veggie Gyozas,2,2598,489.3
2026-W35,56,HelloFresh,Vietnamese Cà Ri Chay Inspired Butternut Noodles,2,2667,709.8
2026-W35,57,HelloFresh,Bulgogi Chicken Stir-Fry,2,2194,402.5
2026-W35,58,HelloFresh,Speedy Italian Style Pesto Chicken,2,2399,634.5
2026-W35,59,HelloFresh,Chicken and Pepper Fajita Bowl,2,2441,522
2026-W35,60,HelloFresh,Greek Style Lamb Moussaka,2,2411,507.3
2026-W35,61,HelloFresh,Indian Style Spiced Pork Koftas,2,2569,490.8
2026-W35,62,HelloFresh,Chinese Style Chicken and Veg Noodle Stir-Fry,2,2137,372.5
2026-W35,63,HelloFresh,Creamy Pesto Dressed Bacon and Roast Potato Salad,2,2449,549
2026-W35,64,HelloFresh,Baked Basa on Brazilian Style Spiced Borlotti Beans,2,2122,641
2026-W35,65,HelloFresh,Fragrant Chicken Coconut Curry,2,2999,652
2026-W35,66,HelloFresh,Red Thai Style Beef Meatball Soup,2,2724,663.1
2026-W35,67,HelloFresh,Lemongrass Chicken Bánh Mì Inspired Salad,2,3111,473.8
2026-W35,68,HelloFresh,Speedy Chipotle Chicken Penne,2,2964,513.5
2026-W35,69,HelloFresh,Mediterranean Style Pork Steak and Roasted Veg Toss,2,2872,682.5
2026-W35,70,HelloFresh,Quick Sticky Gunpowder Spiced Cauliflower Salad,2,1782,522.3
2026-W35,71,HelloFresh,Korma Baked Basa and Chips,2,2641,578.5
2026-W35,72,HelloFresh,Curried Chicken Thigh Traybake,2,3684,721.5
2026-W35,73,HelloFresh,Loaded Beef Chilli Nachos,2,1955,437
2026-W35,74,HelloFresh,Crispy Serrano Caprese Bruschetta,2,2021,416
2026-W35,75,HelloFresh,Marry Me Chicken,2,2536,626
2026-W35,76,HelloFresh,Chicken in Creamy Tarragon Sauce,2,2294,601.3
2026-W35,77,HelloFresh,"Banging Bacon, Mustard and Mushroom Pie",2,2613,718
2026-W35,78,HelloFresh,Cheeseburger Inspired Beef Quesadillas Rapidas,2,4021,493
2026-W35,79,HelloFresh,Buffalo Style Chicken Salad,2,2825,483.8
2026-W35,80,HelloFresh,Cumberland Sausages in Mustard Cream Sauce,2,3208,766.9
2026-W36,1,HelloFresh,American Style Chicken Schnitzel Sando,2,4028,743.3
2026-W36,2,HelloFresh,"Hoisin Beef, Pork and Mixed Veg Stir-Fry",2,2919,397.5
2026-W36,3,HelloFresh,Mexican Style Spiced Chorizo Rice,2,3091,569.3
2026-W36,4,HelloFresh,Italian Inspired Sausage Naanizza,2,3636,401.5
2026-W36,5,HelloFresh,Italian Inspired Chicken Milanese,2,4584,652.3
2026-W36,6,HelloFresh,Coconut Korma Vegetable Curry,2,3225,692.5
2026-W36,7,HelloFresh,Build Your Own: Spiced Pork and Corn Tacos,2,3491,557.3
2026-W36,8,HelloFresh,Family Favourite Cheesy Beef Chilli Loaded Jacky-P,2,3209,740
2026-W36,9,HelloFresh,Sausages on Cheesy Peri Peri Butter Beans,2,3215,669.3
2026-W36,10,HelloFresh,Laal Maas Inspired Spicy Lamb Meatball Curry,2,2856,656.3
2026-W36,11,HelloFresh,Goan Inspired Chilli Chicken,2,3863,711
2026-W36,12,HelloFresh,Lahori Style Lamb Seekh Kebab Rolls,2,3436,584.2
2026-W36,13,HelloFresh,Goan Chicken Cafreal Inspired Curry,2,3419,694.5
2026-W36,14,HelloFresh,Easy Honey Mustard Sausage & Pear Traybake,2,3031,637.4
2026-W36,15,HelloFresh,Creamy Jaipuri Style Vegetable Curry,2,2756,796.3
2026-W36,16,HelloFresh,Kashmiri Style Chicken Breast & Romanesco Warm Salad,2,3104,890.8
2026-W36,17,HelloFresh,Gammon Steak in Roasted Pear Sauce,2,2780,761.5
2026-W36,18,HelloFresh,Brilliant Bacon Linguine Alfredo,2,3435,353.9
2026-W36,19,HelloFresh,Sticky South Carolina Style BBQ Chicken Wings,2,4704,572.8
2026-W36,20,HelloFresh,"Crispy Butter Bean, Pitta Chip and Pear Traybake",2,2263,643.3
2026-W36,21,HelloFresh,Caramelised Onion Veggie Burger and Fondue Dip,2,4401,712
2026-W36,22,HelloFresh,Rump Steak and Homemade Peppercorn Sauce,2,2452,607.3
2026-W36,23,HelloFresh,Sticky Mustard Pork Belly and Red Wine Jus,2,3365,675
2026-W36,24,HelloFresh,Duck Leg on Guinness® Braised Butter Bean Cassoulet,2,3566,580.5
2026-W36,25,HelloFresh,Creamy Lemon and Dill Salmon,2,2577,616
2026-W36,26,HelloFresh,Spiced Haddock and Coconut Cashew Curry,2,2935,515.5
2026-W36,27,HelloFresh,Punjabi Style Amritsari Fried Basa,2,2629,578.5
2026-W36,28,HelloFresh,Quick Green Chilli Prawn Brioche Rolls,2,2692,502.3
2026-W36,29,HelloFresh,Rich Red Wine Beef Rigatoni,2,3314,531.3
2026-W36,30,HelloFresh,Super Quick Spicy Middle Eastern Style Chicken,2,2897,491.8
2026-W36,31,HelloFresh,Super Quick Chorizo and Bean Stew,2,2296,570.9
2026-W36,32,HelloFresh,Super Quick Beef and Pea Rogan Josh,2,2938,620
2026-W36,33,HelloFresh,Presto Pesto Chicken and Pea Spaghetti,2,3764,415.4
2026-W36,34,HelloFresh,Super Quick Bulgogi Pork Noodles,2,2892,380.7
2026-W36,35,HelloFresh,Herby Sausage Spaghetti Bolognese,2,3807,573.5
2026-W36,36,HelloFresh,Harissa Chicken Loaded Naans,2,2776,403.8
2026-W36,37,HelloFresh,Creamy Spiced Lentil and Chicken Curry,2,2468,590
2026-W36,38,HelloFresh,Quick Hoisin Beef Tacos,2,3290,470.8
2026-W36,39,HelloFresh,Super Quick Chorizo and Tomato Spaghetti,2,3004,346.3
2026-W36,40,HelloFresh,Gyros Inspired Sweet Chilli Chicken Flatbread,2,4022,504
2026-W36,41,HelloFresh,One Pot Ginger and Lime Chicken Noodle Soup,2,2244,683.2
2026-W36,42,HelloFresh,One Pan Gochujang Pork and Peanut Udon,2,2773,490
2026-W36,43,HelloFresh,Air Fryer Thai Inspired Pork Kofta Salad,2,2655,540.5
2026-W36,44,HelloFresh,Air Fryer Sausage & Tomato Baked Gnocchi,2,2855,546.5
2026-W36,45,HelloFresh,Air Fryer Indonesian Style Pork Satay Skewers,2,3416,585
2026-W36,46,HelloFresh,Puttanesca Style Rigatoni,2,2548,439.2
2026-W36,47,HelloFresh,Speedy Chipotle Bean Chilli,2,2961,622.5
2026-W36,48,HelloFresh,Umami Miso Mushroom Rigatoni,2,3192,400
2026-W36,49,HelloFresh,Presto Pesto Pea Rigatoni,2,3265,448.5
2026-W36,50,HelloFresh,Hearty Aubergine and Lentil Veggie Moussaka,2,2501,596.7
2026-W36,51,HelloFresh,Halloumi and Pepper Skewers,2,3336,567.8
2026-W36,52,HelloFresh,Italian Inspired Butter Bean Cassoulet,2,2495,583.9
2026-W36,53,HelloFresh,Sticky Amarillo Spiced Tofu Rice Bowl,2,2044,478.3
2026-W36,54,HelloFresh,"Spiced Chickpea, Cheese and Onion Stuffed Peppers",2,2626,734.3
2026-W36,55,HelloFresh,"Easy Harissa Sweet Potato, Dill & Butter Bean Bowl",2,2557,623.3
2026-W36,56,HelloFresh,Smoky Cauliflower and Sweet Potato Tagine,2,2751,759.8
2026-W36,57,HelloFresh,Thai Green Style Chicken Curry,2,2648,434.2
2026-W36,58,HelloFresh,Caribbean Style Jerk Spiced Chicken,2,2550,556
2026-W36,59,HelloFresh,"Speedy Ginger, Lime and Garlic Coconut Chicken",2,2682,449.5
2026-W36,60,HelloFresh,Beef and Beany Quesadillas,2,2373,381.5
2026-W36,61,HelloFresh,Cured Ham Tortelloni in Veggie 'Nduja Sauce,2,2227,427
2026-W36,62,HelloFresh,Chermoula Chicken and Warm Panzanella Pasta Salad,2,2641,419.5
2026-W36,63,HelloFresh,Sticky Chicken Noodle Stir-Fry,2,2350,487.5
2026-W36,64,HelloFresh,Soy-Ginger Barramundi and Garlic Rice,2,2237,538.8
2026-W36,65,HelloFresh,Herby Roast Chicken on Butter Beans,2,2912,579.8
2026-W36,66,HelloFresh,Indonesian Style Spiced Honey Beef Noodles,2,2560,407.6
2026-W36,67,HelloFresh,Quick Harissa Cranberry Chicken on Bulgur,2,2390,572.5
2026-W36,68,HelloFresh,Speedy Rosemary Lamb and Mushroom Rigatoni,2,3107,439.4
2026-W36,69,HelloFresh,Herby Chicken Thighs and Chermoula Couscous,2,3515,612.5
2026-W36,70,HelloFresh,Warming Roasted Butternut and Borlotti Bean Bowl,2,2644,854.5
2026-W36,71,HelloFresh,Korma Baked Basa and Chips,2,2641,578.5
2026-W36,72,HelloFresh,Curried Chicken Thigh Traybake,2,3684,721.5
2026-W36,73,HelloFresh,Loaded Beef Chilli Nachos,2,1955,437
2026-W36,74,HelloFresh,Crispy Serrano Caprese Bruschetta,2,2021,416
2026-W36,75,HelloFresh,Marry Me Chicken,2,2536,626
2026-W36,76,HelloFresh,Chicken in Creamy Tarragon Sauce,2,2294,601.3
2026-W36,77,HelloFresh,"Banging Bacon, Mustard and Mushroom Pie",2,2613,718
2026-W36,78,HelloFresh,Cheeseburger Inspired Beef Quesadillas Rapidas,2,4021,493
2026-W36,79,HelloFresh,Buffalo Style Chicken Salad,2,2825,483.8
2026-W36,80,HelloFresh,Cumberland Sausages in Mustard Cream Sauce,2,3208,766.9
2026-W37,1,HelloFresh,Peri Peri Chicken Breast Traybake,2,2781,522.3
2026-W37,2,HelloFresh,Quick Gochujang Beef and Pork Chestnut Mushroom Rigatoni,2,3776,473.5
2026-W37,3,HelloFresh,Easy Pork Chilli Burrito Bowl,2,3995,633.5
2026-W37,4,HelloFresh,Creamy Lamb Bolognese and Rigatoni,2,3488,548.5
2026-W37,5,HelloFresh,Crispy Onion Loaded Hot Dogs,2,3966,628
2026-W37,6,HelloFresh,Homemade Cheesy Bean Jacky-P,2,3378,820.3
2026-W37,7,HelloFresh,Build Your Own: Pork Kofta Pittas,2,4287,615.5
2026-W37,8,HelloFresh,Family Favourite Creamy Coconut Beef Curry,2,3282,482.3
2026-W37,9,HelloFresh,Pork & Apple Burgers and Mini Mac & Cheese,2,4517,584
2026-W37,10,HelloFresh,Creamy Bacon and Mustard Penne,2,3535,382
2026-W37,11,HelloFresh,Chicken Karahi,2,3461,704.5
2026-W37,12,HelloFresh,North Indian Inspired Lamb Koftas and Mint Yoghurt,2,2508,544.8
2026-W37,13,HelloFresh,Beef Kofta Tikka Masala,2,3798,670.8
2026-W37,14,HelloFresh,Mughlai Inspired Korma Roasted Chicken,2,2353,610
2026-W37,15,HelloFresh,Spiced Paneer Kathi Inspired Rolls,2,4464,674.7
2026-W37,16,HelloFresh,Scandi Style Hot Dogs in Redcurrant Sauce,2,3547,515
2026-W37,17,HelloFresh,Pork Steaks and Pear Signature Pan Sauce,2,2284,631.8
2026-W37,18,HelloFresh,Thai Style Pork Meatball Sandwich,2,3899,628.5
2026-W37,19,HelloFresh,Weeknight Fragrant Hoisin Pork Noodles,2,3310,480
2026-W37,20,HelloFresh,Sharing Style: Sticky Romanesco and Chilli Yoghurt,2,2444,684.5
2026-W37,21,HelloFresh,"Roasted Pear, Beetroot & Greek Style Cheese Salad",2,2806,728
2026-W37,22,HelloFresh,21 Day Aged Rump Steak and Caesar Style Salad,2,2461,485.8
2026-W37,23,HelloFresh,Lamb Steaks and Green Chilli & Mint Salsa Verde,2,2605,617.3
2026-W37,24,HelloFresh,Ultimate Chicken Tikka and Rice,2,5508,876.5
2026-W37,25,HelloFresh,Teriyaki Salmon Poke Style Bowl,2,2613,503
2026-W37,26,HelloFresh,Soy and Lime Baked Salmon,2,3000,438.8
2026-W37,27,HelloFresh,Crispy Katsu Fish Burger and Spiced Chips,2,3532,620.8
2026-W37,28,HelloFresh,Malabar Style Prawn Biryani,2,2428,604.5
2026-W37,29,HelloFresh,Super Quick Easy Spaghetti Beef Ragu,2,3062,470.9
2026-W37,30,HelloFresh,Easy Peasy Zanzibar Style Chicken,2,2744,425
2026-W37,31,HelloFresh,Quick Pork and Peanut West African Style Stew,2,3485,517
2026-W37,32,HelloFresh,Super Quick Szechuan Beef,2,2561,382.5
2026-W37,33,HelloFresh,Deconstructed Greek Style Cottage Pie,2,2549,645.3
2026-W37,34,HelloFresh,Super Quick Tex-Mex Style Pork Tacos,2,3544,436.5
2026-W37,35,HelloFresh,"Sausage, Sage and Butternut Rigatoni",2,4108,511.3
2026-W37,36,HelloFresh,Teriyaki Chicken Udon Traybake,2,1861,505.7
2026-W37,37,HelloFresh,Easy Peasy Fragrant Chicken Curry,2,2614,435.3
2026-W37,38,HelloFresh,Speedy Brazilian Style Beef and Black Bean Soup,2,2590,642.8
2026-W37,39,HelloFresh,Chorizo and Pesto Butter Bean Jumble,2,3807,477.8
2026-W37,40,HelloFresh,Herby Pork Linguine,2,3454,578.9
2026-W37,41,HelloFresh,Peri Peri Chicken Fajita Style Tacos,2,3185,460.3
2026-W37,42,HelloFresh,Quick Brazilian Style Roast Chicken and Chickpeas,2,2908,713.3
2026-W37,43,HelloFresh,Air Fryer Miso Peanut Chicken Udon Noodles,2,3098,573.5
2026-W37,44,HelloFresh,Air Fryer Teriyaki Beef Meatballs and Roasted Plums,2,2854,512
2026-W37,45,HelloFresh,Air Fryer Cheesy Pork Meatballs and Sweet Potatoes,2,3440,546
2026-W37,46,HelloFresh,"Creamy Mushroom, Spinach & Ricotta Tortelloni",2,2680,431.4
2026-W37,47,HelloFresh,Spicy Cajun Tomato & Super Greens Rigatoni,2,3005,420.7
2026-W37,48,HelloFresh,Peri Peri Meat-Free Cheeseburger Inspired Bowl,2,2408,514.8
2026-W37,49,HelloFresh,"Mozzarella, Roasted Pepper and Pesto Panini",2,2917,489.2
2026-W37,50,HelloFresh,Cheesy Mediterranean Style Chickpea Puff Pastry Pie,2,3254,809.9
2026-W37,51,HelloFresh,Halloumi and Roasted Pepper Rigatoni,2,3425,573.9
2026-W37,52,HelloFresh,Butter Lentil and Tomato Curry,2,3491,730.2
2026-W37,53,HelloFresh,Indonesian Style Tofu and Veg Noodle Laksa,2,3139,597.8
2026-W37,54,HelloFresh,Padron Pepper and Baked Cheese Orzo,2,2540,391
2026-W37,55,HelloFresh,"Sticky Aubergine, Hoisin and Peanut Noodles",2,2155,517.5
2026-W37,56,HelloFresh,Cheesy Veggie Lentil Ragu Stuffed Pepper,2,2392,680.3
2026-W37,57,HelloFresh,Speedy Cantonese Style Chicken Stir-Fry,2,2167,380
2026-W37,58,HelloFresh,'Nduja Red Pepper Ravioli in Creamy Mushroom Sauce,2,2681,336
2026-W37,59,HelloFresh,Chipotle Chicken and Sweetcorn Bulgur Bowl,2,2679,707.5
2026-W37,60,HelloFresh,Homemade Lamb Keema Pau,2,2696,526
2026-W37,61,HelloFresh,Chermoula Spiced Chorizo and Black Bean Soup,2,2725,685
2026-W37,62,HelloFresh,Middle Eastern Style Spiced Chicken & Lentil Salad,2,1980,434
2026-W37,63,HelloFresh,"Onion, Goat's Cheese and Bacon 'Tartine' Ciabattas",2,2709,576.8
2026-W37,64,HelloFresh,Fried Barramundi and Homemade Hot Honey Chilli Oil,2,2282,501.3
2026-W37,65,HelloFresh,Greek Style Chicken and Spelt Harvest Bowl,2,2474,634.5
2026-W37,66,HelloFresh,Oven-Baked Cheesy Gochujang Beef Risotto,2,3387,710
2026-W37,67,HelloFresh,Teriyaki Pork Stir-Fry,2,2830,405
2026-W37,68,HelloFresh,Porchetta Inspired Pork Ciabatta Rolls,2,3193,567.8
2026-W37,69,HelloFresh,Warming Roast Chicken Breast and Masala Lentil Dal,2,2078,733
2026-W37,70,HelloFresh,Butternut Squash Khmer Chickpea Curry Soup,2,2207,789.2
2026-W37,71,HelloFresh,Peri Peri Spiced Basa and Kiwi-Coriander Salsa,2,2211,517.3
2026-W37,72,HelloFresh,Fuss-Free Cheesy Marinara Chicken Bake,2,2250,546.4
2026-W37,73,HelloFresh,Indian Style Spiced Beef and Pepper Tacos,2,3473,463
2026-W37,74,HelloFresh,Gammon and Creamy Parsley Mustard Sauce,2,2556,557.5
2026-W37,75,HelloFresh,Sticky Spiced Mango Glazed Paneer Tacos,2,4675,622.4
2026-W37,76,HelloFresh,Baked Rosemary Chicken in Creamy Leek Sauce,2,2983,667.9
2026-W37,77,HelloFresh,Pesto Chicken Quesadillas,2,2791,391.4
2026-W37,78,HelloFresh,Speedy Cajun Pork Rice Bowl,2,4091,591.8
2026-W37,79,HelloFresh,Italian Style Pork and Oregano Sausage Meatballs,2,2748,656.4
2026-W37,80,HelloFresh,Chicken on Creamy Ricotta Leeks,2,3421,732.9
2026-W38,1,HelloFresh,Thai Style Peanut Chicken Stir-Fry,2,2825,519.5
2026-W38,2,HelloFresh,BBQ Beef and Pork Cheeseburger,2,3855,560.8
2026-W38,3,HelloFresh,Mexican Style Cheesy Pork Nachos Rapidos,2,4445,678.5
2026-W38,4,HelloFresh,Mexican Style Beef Pasta Bake,2,3430,705.3
2026-W38,5,HelloFresh,"Creamy Chicken, Leek and Pea Puff Pastry Pie",2,4158,782.5
2026-W38,6,HelloFresh,Caprese Quesadillas and Wedges,2,3535,556.4
2026-W38,7,HelloFresh,Build Your Own Beef Chilli Con Carne Bowl,2,4288,810.5
2026-W38,8,HelloFresh,Family Favourite Sweet Chilli Pork & Veg Stir-Fry,2,2836,529.3
2026-W38,9,HelloFresh,Cheesy Italian Style Pork Meatballs and Mash,2,3021,688.5
2026-W38,10,HelloFresh,Laal Maas Inspired Spicy Lamb Meatball Curry,2,2856,656.3
2026-W38,11,HelloFresh,Chettinad Inspired Chicken Biryani,2,3132,629.5
2026-W38,12,HelloFresh,Lahori Style Lamb Seekh Kebab Rolls,2,3436,584.2
2026-W38,13,HelloFresh,Goan Chicken Cafreal Inspired Curry,2,3419,694.5
2026-W38,14,HelloFresh,Mediterranean Style Chicken Couscous Bowl,2,2764,610.5
2026-W38,15,HelloFresh,Dal Bhat Inspired Red Lentil Dal and Basmati Rice,2,2511,763.8
2026-W38,16,HelloFresh,"Chorizo, Romanesco and Roasted Veg Traybake",2,2880,701.8
2026-W38,17,HelloFresh,Sour Cherry Chicken and Pear Waldorf Style Salad,2,2736,723.5
2026-W38,18,HelloFresh,"Honey Dijon Bacon, Potato and Apple Salad",2,2859,501.5
2026-W38,19,HelloFresh,Cheesy Mexican Style Beef Hash,2,3163,758.8
2026-W38,20,HelloFresh,Rocoto Relleno: Peruvian Style Peppers,2,2486,661.5
2026-W38,21,HelloFresh,"Blue Cheese, Caramelised Pear and Honey Tart",2,5293,585.8
2026-W38,22,HelloFresh,21 Day Aged Rump Steak and Peri Peri Potatoes,2,2843,651.8
2026-W38,23,HelloFresh,Bavarian Style Pork Belly and Homemade Apple Sauce,2,2477,843.4
2026-W38,24,HelloFresh,Ultimate Chicken Korma and Basmati Rice,2,5024,767.5
2026-W38,25,HelloFresh,Tamarind Glazed Salmon and Turmeric Roast Potatoes,2,2265,493.9
2026-W38,26,HelloFresh,"Garlic, Ginger and Soy Marinated Haddock",2,1931,575
2026-W38,27,HelloFresh,Mussel and Veggie 'Nduja Linguine,2,2755,498
2026-W38,28,HelloFresh,"Spiced Spelt, Roasted Veg and Prawn Salad",2,2461,576.8
2026-W38,29,HelloFresh,Speediest Sambal Teriyaki Beef Noodles,2,2579,405
2026-W38,30,HelloFresh,Easy Peasy Bulgogi Chicken Noodles,2,2471,423
2026-W38,31,HelloFresh,Spiced Sausage and Courgette Gnocchi,2,3516,593.3
2026-W38,32,HelloFresh,Speedy Sausages and Smoky Cowboy Beans,2,2390,550.8
2026-W38,33,HelloFresh,Speediest Szechuan Chicken Stir-Fry,2,2173,363.1
2026-W38,34,HelloFresh,Super Quick Pork Cheeseburger Inspired Sloppy Joe,2,3898,409.3
2026-W38,35,HelloFresh,Tex-Mex Style Pork and Bean Chilli,2,3748,678.5
2026-W38,36,HelloFresh,Spiced Chicken on Baked Thai Style Rice,2,3657,614.6
2026-W38,37,HelloFresh,Creamy Cajun Chicken Penne,2,2923,493.8
2026-W38,38,HelloFresh,Beef Cheeseburger Inspired Quesadillas,2,3422,482.3
2026-W38,39,HelloFresh,Speedy Thai Inspired Pork Noodles,2,3017,408.2
2026-W38,40,HelloFresh,Easy Peasy Chorizo Linguine,2,3309,335.8
2026-W38,41,HelloFresh,Moroccan Style Chicken and Roast Sweet Potato Stew,2,4224,761.4
2026-W38,42,HelloFresh,"Bacon, Butter Bean and Red Wine Cassoulet",2,2420,666
2026-W38,43,HelloFresh,Air Fryer Cheesy Mini Sausage Burritos and Wedges,2,4849,786.3
2026-W38,44,HelloFresh,Air Fryer Mediterranean Style Pork & Pearl Couscous,2,3384,647.9
2026-W38,45,HelloFresh,Air Fryer Cheesy Chicken Parmigiana Burger,2,3400,519.3
2026-W38,46,HelloFresh,Chettinad Style Spiced Chickpea and Coconut Soup,2,3505,547.3
2026-W38,47,HelloFresh,Tuscan Ribollita Inspired Soup,2,2837,652
2026-W38,48,HelloFresh,One Pan Thai Green Style Veggie Noodle Soup,2,2567,575.2
2026-W38,49,HelloFresh,Simple Stovetop Veggie 'Nduja Mac & Cheese,2,3640,355.9
2026-W38,50,HelloFresh,Harissa Pearl Couscous Salad and Honeyed Carrots,2,3283,694.8
2026-W38,51,HelloFresh,Golden Halloumi and Pitta Chips Salad,2,3073,419.5
2026-W38,52,HelloFresh,Chermoula Spiced Butter Bean Salad,2,2346,481.5
2026-W38,53,HelloFresh,Caramelised Tofu and Aubergine Stir-Fry in XO Sauce,2,2884,683.8
2026-W38,54,HelloFresh,Veggie Gyoza Thai Style Udon Noodle Soup,2,2439,593.5
2026-W38,55,HelloFresh,Roasted Asparagus and Tomato Stovetop Risotto,2,2463,760.5
2026-W38,56,HelloFresh,North Indian Style Roasted Cauliflower & Lentil Dal,2,1837,583.5
2026-W38,57,HelloFresh,Speedy Spiced Chicken Udon,2,2106,464.3
2026-W38,58,HelloFresh,Cured Ham Tortelloni in Creamy Mushroom Sauce,2,2481,336
2026-W38,59,HelloFresh,Sticky Spiced Butterflied Chicken,2,2216,449.8
2026-W38,60,HelloFresh,Lebanese Style Baked Beef Meatballs in Tomato Sauce,2,2512,611
2026-W38,61,HelloFresh,Summery Crispy Serrano Ham and Lemon Risotto,2,2195,738.5
2026-W38,62,HelloFresh,Sweet and Sticky Chicken Udon Noodles,2,2119,457
2026-W38,63,HelloFresh,Warming Harissa and Chorizo Pearl Couscous Bowl,2,2713,421.5
2026-W38,64,HelloFresh,Glazed Peri Peri Basa and Spiced Potatoes,2,2214,475.3
2026-W38,65,HelloFresh,Teriyaki-Sambal Chicken Donburi,2,2460,580.5
2026-W38,66,HelloFresh,Beef Sloppy Joe and Cheddar Jacket Potato,2,2534,650.8
2026-W38,67,HelloFresh,Cajun Pork and Veg on Herby Bulgur,2,2717,524.8
2026-W38,68,HelloFresh,Mango Chutney Curried Chicken Wraps,2,2966,583.4
2026-W38,69,HelloFresh,Spiced Almond Crumbed Chicken,2,2814,517.5
2026-W38,70,HelloFresh,Arrabbiata Style Spinach and Ricotta Tortelloni,2,2550,415.4
2026-W38,71,HelloFresh,Peri Peri Spiced Basa and Kiwi-Coriander Salsa,2,2211,517.3
2026-W38,72,HelloFresh,Fuss-Free Cheesy Marinara Chicken Bake,2,2250,546.4
2026-W38,73,HelloFresh,Indian Style Spiced Beef and Pepper Tacos,2,3473,463
2026-W38,74,HelloFresh,Gammon and Creamy Parsley Mustard Sauce,2,2560,557.5
2026-W38,75,HelloFresh,Sticky Spiced Mango Glazed Paneer Tacos,2,4675,622.4
2026-W38,76,HelloFresh,Baked Rosemary Chicken in Creamy Leek Sauce,2,2983,667.9
2026-W38,77,HelloFresh,Pesto Chicken Quesadillas,2,2878,396.4
2026-W38,78,HelloFresh,Speedy Cajun Pork Rice Bowl,2,4091,591.8
2026-W38,79,HelloFresh,Italian Style Pork and Oregano Sausage Meatballs,2,2748,656.4
2026-W38,80,HelloFresh,Chicken on Creamy Ricotta Leeks,2,3454,732.9
