menu_week_start,scraped_at,id,core_recipe_id,name,is_surcharge,surcharge_per_portion_gbp,portion_weight_g,kcal_per_portion,protein_g_per_portion,fat_g_per_portion,fat_saturates_g_per_portion,carbs_g_per_portion,sugars_g_per_portion,fibre_g_per_portion,salt_g_per_portion,kcal_per_100g,protein_g_per_100g,fat_g_per_100g,fat_saturates_g_per_100g,carbs_g_per_100g,sugars_g_per_100g,fibre_g_per_100g,salt_g_per_100g,five_a_day,prep_time_min,preparation_type,spice_level,food_brand,dietary_claims,rating_avg,rating_count,is_available,ingredients_json
2026-10-13,2026-08-26,676800a4-9893-406d-b97e-b6a21ce3f9e2,16905,2 Meals: Bolognese Jacket Potato x Bolognese Conchiglie,True,3.5,,1527,80.2,66.4,,153.5,,19.2,4.53,,,,,,,,,3,65,full-prep,no spice,Batch Cooking,,0,0,True,
2026-10-13,2026-08-26,2d6458c2-3c6b-44cf-9568-8617235fa362,13514,2 Meals: Chicken Tagine x Spiced Chicken & Chickpea Flatbreads,True,3.25,795,1349,86.5,51.7,10.1,130.5,34.6,17.0,4.38,169,10.9,6.5,1.3,16.4,4.3,2.1,0.55,2,55,full-prep,spicy,Batch Cooking,Dairy Free,4.71,7,True,"[{""name"": ""yellow pepper"", ""label"": ""Yellow pepper"", ""in_box"": 1}, {""name"": ""ground turmeric"", ""label"": ""Ground turmeric (1tsp)"", ""in_box"": 1}, {""name"": ""spring onion"", ""label"": ""Spring onion"", ""in_box"": 1}, {""name"": ""skinless chicken thighs"", ""label"": ""Skinless chicken thighs (320g) x2"", ""in_box"": 2}, {""name"": ""tomato paste"", ""label"": ""Tomato paste (32g)"", ""in_box"": 1}, {""name"": ""mayonnaise"", ""label"": ""Mayonnaise (25ml)"", ""in_box"": 1}, {""name"": ""ras el hanout"", ""label"": ""Ras el hanout (1tbsp) x2"", ""in_box"": 2}, {""name"": ""intense chicken stock mix"", ""label"": ""Intense chicken stock mix (5.5g) x2"", ""in_box"": 2}, {""name"": ""garlic clove"", ""label"": ""Garlic clove x4"", ""in_box"": 4}, {""name"": ""chickpeas"", ""label"": ""Chickpeas (185g)"", ""in_box"": 1}, {""name"": ""brown onion"", ""label"": ""Brown onion x2"", ""in_box"": 2}, {""name"": ""couscous"", ""label"": ""Couscous (120g)"", ""in_box"": 1}, {""name"": ""plain naan"", ""label"": ""Plain naan (2pcs)"", ""in_box"": 1}, {""name"": ""harissa paste"", ""label"": ""Harissa paste (20g)"", ""in_box"": 1}, {""name"": ""chopped dates"", ""label"": ""Chopped dates (30g) x2"", ""in_box"": 2}, {""name"": ""flaked almonds"", ""label"": ""Flaked almonds (15g)"", ""in_box"": 1}]"
2026-10-13,2026-08-26,9c7757ae-d839-4da6-b5d4-11fb005e6133,13467,2 Meals: Marry Me Chicken Stew x Creamy Chicken & Basil Tortiglioni,True,4.25,860,1309,87.2,52.0,19.9,130.1,14.9,12.3,3.56,152,10.1,6.0,2.3,15.1,1.7,1.4,0.41,2,45,full-prep,mild,Batch Cooking,,4.4,53,True,"[{""name"": ""grated Italian hard cheese"", ""label"": ""Grated Italian hard cheese (30g)"", ""in_box"": 1}, {""name"": ""intense chicken stock mix"", ""label"": ""Intense chicken stock mix (5.5g) x2"", ""in_box"": 2}, {""name"": ""red pepper"", ""label"": ""Red pepper"", ""in_box"": 1}, {""name"": ""dried chilli flakes"", ""label"": ""Dried chilli flakes (0.5tsp)"", ""in_box"": 1}, {""name"": ""skinless chicken thighs"", ""label"": ""Skinless chicken thighs (320g) x2"", ""in_box"": 2}, {""name"": ""tomato paste"", ""label"": ""Tomato paste (32g) x2"", ""in_box"": 2}, {""name"": ""garlic clove"", ""label"": ""Garlic clove x4"", ""in_box"": 4}, {""name"": ""balsamic sun-dried tomato paste"", ""label"": ""Balsamic sun-dried tomato paste (30g)"", ""in_box"": 1}, {""name"": ""basil"", ""label"": ""Basil (5g)"", ""in_box"": 1}, {""name"": ""soft cheese"", ""label"": ""Soft cheese (50g) x2"", ""in_box"": 2}, {""name"": ""spinach"", ""label"": ""Spinach (80g)"", ""in_box"": 1}, {""name"": ""tortiglioni"", ""label"": ""Tortiglioni (200g)"", ""in_box"": 1}, {""name"": ""white potato"", ""label"": ""White potato x4"", ""in_box"": 4}]"
2026-10-13,2026-08-26,e636e388-6f70-460a-9422-e0dc590ada50,3476,3-Mushroom Stroganoff With Walnut Rice,False,0.0,344,449,11.0,17.7,6.4,64.7,5.0,4.7,1.21,130,3.2,5.1,1.9,18.8,1.4,1.4,0.35,2,40,full-prep,mild,Modern Bistro,Vegetarian; Gluten Free,4.17,13387,True,"[{""name"": ""crème fraîche"", ""label"": ""Cr√®me fra√Æche (80g)"", ""in_box"": 1}, {""name"": ""white long grain rice"", ""label"": ""White long grain rice (130g)"", ""in_box"": 1}, {""name"": ""ground smoked paprika"", ""label"": ""Ground smoked paprika (2tsp)"", ""in_box"": 1}, {""name"": ""garlic clove"", ""label"": ""Garlic clove"", ""in_box"": 1}, {""name"": ""walnuts"", ""label"": ""Walnuts (25g)"", ""in_box"": 1}, {""name"": ""gluten free soy sauce"", ""label"": ""Gluten free soy sauce (15ml)"", ""in_box"": 1}, {""name"": ""black mustard seeds"", ""label"": ""Black mustard seeds (1tsp)"", ""in_box"": 1}, {""name"": ""Henderson's Relish"", ""label"": ""Henderson's Relish (15ml)"", ""in_box"": 1}, {""name"": ""parsley"", ""label"": ""Parsley (10g)"", ""in_box"": 1}, {""name"": ""chestnut mushrooms"", ""label"": ""Chestnut mushrooms (160g)"", ""in_box"": 1}, {""name"": ""baby button mushrooms"", ""label"": ""Baby button mushrooms (80g)"", ""in_box"": 1}, {""name"": ""white cup mushrooms"", ""label"": ""White cup mushrooms (80g)"", ""in_box"": 1}, {""name"": ""red onion"", ""label"": ""Red onion"", ""in_box"": 1}]"
2026-10-13,2026-08-26,ba87a8c0-7a14-41a6-94db-414eb07582a5,5304,All In One Halloumi Souvlaki-Style Salad,False,0.0,537,515,29.0,25.4,16.7,46.8,16.9,8.1,2.41,95,5.4,4.7,3.1,8.7,3.1,1.5,0.45,3,45,full-prep,no spice,Prepped in 5,Vegetarian; Gluten Free,4.31,9973,True,"[{""name"": ""halloumi"", ""label"": ""Halloumi (200g)"", ""in_box"": 1}, {""name"": ""tomato"", ""label"": ""Tomato"", ""in_box"": 1}, {""name"": ""dried oregano"", ""label"": ""Dried oregano (1tsp)"", ""in_box"": 1}, {""name"": ""red pepper"", ""label"": ""Red pepper"", ""in_box"": 1}, {""name"": ""waxy potatoes"", ""label"": ""Waxy potatoes (350g)"", ""in_box"": 1}, {""name"": ""cumin seeds"", ""label"": ""Cumin seeds (1tsp)"", ""in_box"": 1}, {""name"": ""ground smoked paprika"", ""label"": ""Ground smoked paprika (2tsp)"", ""in_box"": 1}, {""name"": ""garlic clove"", ""label"": ""Garlic clove"", ""in_box"": 1}, {""name"": ""natural yoghurt"", ""label"": ""Natural yoghurt (80g)"", ""in_box"": 1}, {""name"": ""mint sauce"", ""label"": ""Mint sauce (20g)"", ""in_box"": 1}, {""name"": ""gem lettuce"", ""label"": ""Gem lettuce"", ""in_box"": 1}, {""name"": ""red wine vinegar"", ""label"": ""Red wine vinegar (15ml)"", ""in_box"": 1}, {""name"": ""red onion"", ""label"": ""Red onion"", ""in_box"": 1}]"
2026-10-13,2026-08-26,4e6dc935-ff19-4b8b-9342-38ffbcedd7ef,8403,All In One Honey Baked Greek Cheese & Crispy Gnocchi,False,0.0,474,478,20.4,11.1,7.3,75.5,16.0,5.7,2.36,100,4.3,2.3,1.5,15.9,3.4,1.2,0.5,4,40,full-prep,mild,Prepped in 5,Vegetarian,4.12,656,True,"[{""name"": ""Greek salad cheese"", ""label"": ""Greek salad cheese (100g)"", ""in_box"": 1}, {""name"": ""dried chilli flakes"", ""label"": ""Dried chilli flakes (0.5tsp)"", ""in_box"": 1}, {""name"": ""dried oregano"", ""label"": ""Dried oregano (1tsp)"", ""in_box"": 1}, {""name"": ""gnocchi"", ""label"": ""Gnocchi (350g)"", ""in_box"": 1}, {""name"": ""courgette"", ""label"": ""Courgette"", ""in_box"": 1}, {""name"": ""gem lettuce"", ""label"": ""Gem lettuce"", ""in_box"": 1}, {""name"": ""cherry tomatoes"", ""label"": ""Cherry tomatoes (125g)"", ""in_box"": 1}, {""name"": ""red wine vinegar"", ""label"": ""Red wine vinegar (15ml)"", ""in_box"": 1}, {""name"": ""red onion"", ""label"": ""Red onion"", ""in_box"": 1}, {""name"": ""honey"", ""label"": ""Honey (25g)"", ""in_box"": 1}]"
2026-10-13,2026-08-26,fc05aeaa-9f68-4992-9fef-30e435cfa9e6,2651,Alpine-Style Cheesy Bacon & Potato Gratin,False,0.0,416,424,15.4,19.3,11.6,48.9,7.5,6.5,1.15,101,3.7,4.6,2.8,11.7,1.8,1.6,0.28,1,55,full-prep,no spice,Modern Bistro,Gluten Free,4.43,13977,True,"[{""name"": ""cheddar cheese"", ""label"": ""Cheddar cheese (40g)"", ""in_box"": 1}, {""name"": ""crème fraîche"", ""label"": ""Crème fraîche (80g)"", ""in_box"": 1}, {""name"": ""tomato"", ""label"": ""Tomato"", ""in_box"": 1}, {""name"": ""garlic clove"", ""label"": ""Garlic clove x2"", ""in_box"": 2}, {""name"": ""brown onion"", ""label"": ""Brown onion"", ""in_box"": 1}, {""name"": ""bacon lardons"", ""label"": ""Bacon lardons (50g)"", ""in_box"": 1}, {""name"": ""Chinese rice wine"", ""label"": ""Chinese rice wine (15ml)"", ""in_box"": 1}, {""name"": ""rocket"", ""label"": ""Rocket (50g)"", ""in_box"": 1}, {""name"": ""balsamic vinegar"", ""label"": ""Balsamic vinegar (15ml)"", ""in_box"": 1}, {""name"": ""white potato"", ""label"": ""White potato x4"", ""in_box"": 4}]"
2026-10-13,2026-08-26,4cba9b03-4b55-4832-9855-a72df4657cbf,8218,American-Style Chicken Burger With Bacon Jam & Buttery Corn,True,2.25,,998,57.1,38.3,,108.0,,10.7,3.03,,,,,,,,,2,55,full-prep,no spice,Takeaway Night,Dairy Free,0,0,True,
2026-10-13,2026-08-26,c23bd33e-5595-4137-a611-654a6c6c91b3,3171,Bacon & Garlic Mushrooms With Creamy Mash,False,0.0,464,406,18.1,17.0,8.5,47.8,4.6,7.8,2.58,87,3.9,3.7,1.8,10.3,1.0,1.7,0.56,2,25,full-prep,no spice,20 minute meals,,4.39,8856,True,"[{""name"": ""crème fraîche"", ""label"": ""Crème fraîche (80g)"", ""in_box"": 1}, {""name"": ""cornflour"", ""label"": ""Cornflour (1tsp)"", ""in_box"": 1}, {""name"": ""chicken stock mix"", ""label"": ""Chicken stock mix (5.5g)"", ""in_box"": 1}, {""name"": ""soy sauce"", ""label"": ""Soy sauce (8ml)"", ""in_box"": 1}, {""name"": ""bacon lardons"", ""label"": ""Bacon lardons (100g)"", ""in_box"": 1}, {""name"": ""garlic clove"", ""label"": ""Garlic clove x2"", ""in_box"": 2}, {""name"": ""white cup mushrooms"", ""label"": ""White cup mushrooms (160g)"", ""in_box"": 1}, {""name"": ""Tenderstem broccoli"", ""label"": ""Tenderstem broccoli (160g)"", ""in_box"": 1}, {""name"": ""white potato"", ""label"": ""White potato x4"", ""in_box"": 4}]"
2026-10-13,2026-08-26,5ac0d218-0a90-4d97-b1f3-4796e931a27b,1606,Bacon & Mushroom Alfredo,False,0.0,290,605,26.1,21.4,10.6,73.0,5.6,3.5,1.9,208,9.0,7.4,3.7,25.2,1.9,1.2,0.66,1,10,full-prep,no spice,10-Minute,,4.35,25184,True,"[{""name"": ""grated Italian hard cheese"", ""label"": ""Grated Italian hard cheese (30g)"", ""in_box"": 1}, {""name"": ""bacon lardons"", ""label"": ""Bacon lardons (100g)"", ""in_box"": 1}, {""name"": ""Chinese rice wine"", ""label"": ""Chinese rice wine (30ml)"", ""in_box"": 1}, {""name"": ""parsley"", ""label"": ""Parsley (5g)"", ""in_box"": 1}, {""name"": ""roasted garlic paste"", ""label"": ""Roasted garlic paste (15g)"", ""in_box"": 1}, {""name"": ""soft cheese"", ""label"": ""Soft cheese (50g)"", ""in_box"": 1}, {""name"": ""chestnut mushrooms"", ""label"": ""Chestnut mushrooms (160g)"", ""in_box"": 1}, {""name"": ""spaghetti"", ""label"": ""Spaghetti (190g)"", ""in_box"": 1}]"
2026-10-13,2026-08-26,8e95d172-e7d6-41f0-a5fc-5ddf2a9d9f8d,5049,Baked Greek Cheese & Peri Peri Farfalle With Salad,False,0.0,322,578,22.3,18.4,11.4,85.7,9.9,6.0,2.76,179,6.9,5.7,3.5,26.6,3.1,1.9,0.86,1,25,full-prep,spicy,20 minute meals,Vegetarian,4.35,6350,True,"[{""name"": ""Greek salad cheese"", ""label"": ""Greek salad cheese (100g)"", ""in_box"": 1}, {""name"": ""dried oregano"", ""label"": ""Dried oregano (1tsp)"", ""in_box"": 1}, {""name"": ""red chilli"", ""label"": ""Red chilli"", ""in_box"": 1}, {""name"": ""intense vegetable stock mix"", ""label"": ""Intense vegetable stock mix (5.5g)"", ""in_box"": 1}, {""name"": ""chipotle paste"", ""label"": ""Chipotle paste (20g)"", ""in_box"": 1}, {""name"": ""garlic clove"", ""label"": ""Garlic clove x2"", ""in_box"": 2}, {""name"": ""lemon"", ""label"": ""Lemon"", ""in_box"": 1}, {""name"": ""soft cheese"", ""label"": ""Soft cheese (50g)"", ""in_box"": 1}, {""name"": ""tomato paste"", ""label"": ""Tomato paste (16g)"", ""in_box"": 1}, {""name"": ""farfalle"", ""label"": ""Farfalle (200g)"", ""in_box"": 1}, {""name"": ""sweet pointed pepper"", ""label"": ""Sweet pointed pepper"", ""in_box"": 1}, {""name"": ""rocket"", ""label"": ""Rocket (20g)"", ""in_box"": 1}]"
2026-10-13,2026-08-26,0942e02a-720a-4e1d-95e9-f664cceee7f5,3936,"Basa, Pepper & Lemongrass Curry With Rice",False,0.0,314,497,26.7,12.7,9.4,68.7,8.0,6.0,1.84,158,8.5,4.1,3.0,21.9,2.5,1.9,0.59,1,45,full-prep,mild,Global Kitchen,Dairy Free; Gluten Free,4.36,1697,True,"[{""name"": ""red pepper"", ""label"": ""Red pepper"", ""in_box"": 1}, {""name"": ""basa fillets"", ""label"": ""Basa fillets (2pcs)"", ""in_box"": 1}, {""name"": ""intense vegetable stock mix"", ""label"": ""Intense vegetable stock mix (5.5g)"", ""in_box"": 1}, {""name"": ""curry powder"", ""label"": ""Curry powder (1tbsp)"", ""in_box"": 1}, {""name"": ""garlic clove"", ""label"": ""Garlic clove x2"", ""in_box"": 2}, {""name"": ""fresh root ginger"", ""label"": ""Fresh root ginger (15g)"", ""in_box"": 1}, {""name"": ""fresh lemongrass stalk"", ""label"": ""Fresh lemongrass stalk"", ""in_box"": 1}, {""name"": ""white long grain rice"", ""label"": ""White long grain rice (130g)"", ""in_box"": 1}, {""name"": ""coriander"", ""label"": ""Coriander (5g)"", ""in_box"": 1}, {""name"": ""black sesame seeds"", ""label"": ""Black sesame seeds (5g)"", ""in_box"": 1}, {""name"": ""red onion"", ""label"": ""Red onion"", ""in_box"": 1}, {""name"": ""solid creamed coconut"", ""label"": ""Solid creamed coconut (25g)"", ""in_box"": 1}]"
2026-10-13,2026-08-26,37395ed2-746a-4935-ae8b-8f15d1f3baa9,14351,Battered Basa With Salt & Vinegar Chips And Mushy Peas,False,0.0,,489,28.1,22.3,,45.7,,7.8,1.02,,,,,,,,,1,35,full-prep,no spice,Classic Fakeaways,Dairy Free,4.45,843,True,
2026-10-13,2026-08-26,2f819adf-d46f-4e64-ae90-cd898b2b3296,13358,BBQ Pulled Pork With Loaded Potatoes And Creamy Slaw,True,2.25,492,699,36.0,40.4,10.6,50.3,16.5,7.3,2.29,142,7.3,8.2,2.2,10.2,3.3,1.5,0.47,1,45,full-prep,mild,Gastropub,,4.59,1695,True,"[{""name"": ""cheddar cheese"", ""label"": ""Cheddar cheese (40g)"", ""in_box"": 1}, {""name"": ""BBQ sauce"", ""label"": ""BBQ sauce (40g)"", ""in_box"": 1}, {""name"": ""carrot & cabbage slaw mix"", ""label"": ""Carrot & cabbage slaw mix (160g)"", ""in_box"": 1}, {""name"": ""BBQ pulled pork"", ""label"": ""BBQ pulled pork (308g)"", ""in_box"": 1}, {""name"": ""waxy potatoes"", ""label"": ""Waxy potatoes (350g)"", ""in_box"": 1}, {""name"": ""mayonnaise"", ""label"": ""Mayonnaise (50ml)"", ""in_box"": 1}, {""name"": ""tomato paste"", ""label"": ""Tomato paste (16g)"", ""in_box"": 1}, {""name"": ""chives"", ""label"": ""Chives (5g)"", ""in_box"": 1}, {""name"": ""white wine vinegar"", ""label"": ""White wine vinegar (15ml)"", ""in_box"": 1}]"
2026-10-13,2026-08-26,fec7afb2-62b0-406b-88f8-b79c25d22732,1495,Beef & Mushroom Pie With Garlicky Greens,False,0.0,381,647,34.3,39.8,17.2,37.5,7.4,5.4,2.27,169,9.0,10.4,4.5,9.9,2.0,1.4,0.59,2,45,full-prep,no spice,Modern Bistro,Dairy Free,4.35,32127,True,"[{""name"": ""soy sauce"", ""label"": ""Soy sauce (8ml)"", ""in_box"": 1}, {""name"": ""intense beef stock mix"", ""label"": ""Intense beef stock mix (5.5g)"", ""in_box"": 1}, {""name"": ""puff pastry"", ""label"": ""Puff pastry (160g)"", ""in_box"": 1}, {""name"": ""garlic clove"", ""label"": ""Garlic clove x2"", ""in_box"": 2}, {""name"": ""brown onion"", ""label"": ""Brown onion"", ""in_box"": 1}, {""name"": ""beef mince"", ""label"": ""Beef mince (250g)"", ""in_box"": 1}, {""name"": ""tomato paste"", ""label"": ""Tomato paste (16g)"", ""in_box"": 1}, {""name"": ""white cup mushrooms"", ""label"": ""White cup mushrooms (80g)"", ""in_box"": 1}, {""name"": ""spring greens"", ""label"": ""Spring greens (150g)"", ""in_box"": 1}]"
2026-10-13,2026-08-26,0f3e3986-e6e9-4e6f-bfb6-6310cb41be87,17606,Beef Brisket Massaman With Coconut Rice,True,0.75,384,468,18.0,13.4,5.4,66.4,13.0,6.1,1.96,121,4.7,3.5,1.4,17.3,3.4,1.6,0.51,2,7,heat-only,mild,Heat & Eat,,0,0,True,"[{""name"": ""beef brisket massaman with coconut rice"", ""label"": ""Beef brisket massaman with coconut rice (420g) x2"", ""in_box"": 2}]"
2026-10-13,2026-08-26,c36206ef-198d-45ef-b548-2ca714500169,17604,Beef Dan Dan Udon Noodles,True,0.75,387,414,15.1,10.8,1.5,60.4,15.5,7.7,2.28,106,3.9,2.8,0.4,15.6,4.0,2.0,0.59,2,7,heat-only,no spice,Heat & Eat,,0,0,True,"[{""name"": ""beef dan dan udon noodles"", ""label"": ""Beef dan dan udon noodles (420g) x2"", ""in_box"": 2}]"
2026-10-13,2026-08-26,d9854b1f-55d9-451e-890c-8759881c1959,508,Beef Keema With Lime And Coriander,False,0.0,420,604,33.6,21.7,8.9,72.7,12.9,7.5,1.88,143,8.0,5.2,2.1,17.3,3.1,1.8,0.45,3,30,full-prep,mild,20 minute meals,Dairy Free; Gluten Free,4.33,46825,True,"[{""name"": ""intense beef stock mix"", ""label"": ""Intense beef stock mix (5.5g)"", ""in_box"": 1}, {""name"": ""white basmati rice"", ""label"": ""White basmati rice (130g)"", ""in_box"": 1}, {""name"": ""beef mince"", ""label"": ""Beef mince (250g)"", ""in_box"": 1}, {""name"": ""tomato paste"", ""label"": ""Tomato paste (32g)"", ""in_box"": 1}, {""name"": ""curry powder"", ""label"": ""Curry powder (1tbsp)"", ""in_box"": 1}, {""name"": ""garlic clove"", ""label"": ""Garlic clove x2"", ""in_box"": 2}, {""name"": ""fresh root ginger"", ""label"": ""Fresh root ginger (15g)"", ""in_box"": 1}, {""name"": ""coriander"", ""label"": ""Coriander (10g)"", ""in_box"": 1}, {""name"": ""brown onion"", ""label"": ""Brown onion"", ""in_box"": 1}, {""name"": ""carrot"", ""label"": ""Carrot x2"", ""in_box"": 2}, {""name"": ""lime"", ""label"": ""Lime"", ""in_box"": 1}]"
2026-10-13,2026-08-26,6ca33499-7c7b-4992-aa36-54a06a04d1e8,3469,Beef Mince & Sweet Potato Lasagne With Mozzarella,False,0.0,534,672,41.5,32.0,16.4,57.1,21.4,9.8,2.04,125,7.8,6.0,3.1,10.7,4.0,1.8,0.38,5,40,full-prep,no spice,Modern Bistro,Gluten Free,4.08,11771,True,"[{""name"": ""tomato paste"", ""label"": ""Tomato paste (32g)"", ""in_box"": 1}, {""name"": ""dried oregano"", ""label"": ""Dried oregano (1tsp)"", ""in_box"": 1}, {""name"": ""beef stock mix"", ""label"": ""Beef stock mix (5.5g) x2"", ""in_box"": 2}, {""name"": ""garlic clove"", ""label"": ""Garlic clove"", ""in_box"": 1}, {""name"": ""brown onion"", ""label"": ""Brown onion"", ""in_box"": 1}, {""name"": ""beef mince"", ""label"": ""Beef mince (250g)"", ""in_box"": 1}, {""name"": ""mozzarella"", ""label"": ""Mozzarella (125g)"", ""in_box"": 1}, {""name"": ""carrot"", ""label"": ""Carrot"", ""in_box"": 1}, {""name"": ""rocket"", ""label"": ""Rocket (50g)"", ""in_box"": 1}, {""name"": ""balsamic vinegar"", ""label"": ""Balsamic vinegar (15ml)"", ""in_box"": 1}, {""name"": ""sweet potato"", ""label"": ""Sweet potato x2"", ""in_box"": 2}]"
2026-10-13,2026-08-26,c6135874-d5e8-4b61-bd84-296a1f149ea0,3328,Broccoli Cheese Loaded Baked Sweet Potato,False,0.0,502,449,22.8,14.1,8.7,61.3,18.8,13.9,1.0,89,4.5,2.8,1.7,12.2,3.7,2.8,0.2,5,35,full-prep,mild,Modern Bistro,Vegetarian,4.08,12861,True,"[{""name"": ""dried oregano"", ""label"": ""Dried oregano (1tsp)"", ""in_box"": 1}, {""name"": ""dried chilli flakes"", ""label"": ""Dried chilli flakes (0.5tsp)"", ""in_box"": 1}, {""name"": ""panko breadcrumbs"", ""label"": ""Panko breadcrumbs (20g)"", ""in_box"": 1}, {""name"": ""cheddar cheese"", ""label"": ""Cheddar cheese (40g)"", ""in_box"": 1}, {""name"": ""garlic clove"", ""label"": ""Garlic clove x2"", ""in_box"": 2}, {""name"": ""baby leaf salad"", ""label"": ""Baby leaf salad (50g)"", ""in_box"": 1}, {""name"": ""brown onion"", ""label"": ""Brown onion"", ""in_box"": 1}, {""name"": ""grated Italian hard cheese"", ""label"": ""Grated Italian hard cheese (30g)"", ""in_box"": 1}, {""name"": ""broccoli"", ""label"": ""Broccoli"", ""in_box"": 1}, {""name"": ""balsamic vinegar"", ""label"": ""Balsamic vinegar (15ml)"", ""in_box"": 1}, {""name"": ""sweet potato"", ""label"": ""Sweet potato x2"", ""in_box"": 2}, {""name"": ""Dijon mustard"", ""label"": ""Dijon mustard (5.5g)"", ""in_box"": 1}]"
2026-10-13,2026-08-26,ae642cfc-10db-482f-9fcc-76a82ad80556,4287,Buffalo Basa With Ranch Dip & Sweet Potato Fries,False,0.0,428,369,24.6,3.5,1.5,61.8,15.9,5.9,0.59,86,5.7,0.8,0.3,14.4,3.7,1.4,0.14,3,40,full-prep,spicy,Takeaway Night,,4.24,249,True,"[{""name"": ""sriracha hot chilli sauce"", ""label"": ""Sriracha hot chilli sauce (8ml)"", ""in_box"": 1}, {""name"": ""basa fillets"", ""label"": ""Basa fillets (2pcs)"", ""in_box"": 1}, {""name"": ""cider vinegar"", ""label"": ""Cider vinegar (30ml)"", ""in_box"": 1}, {""name"": ""cornflour"", ""label"": ""Cornflour (4tbsp)"", ""in_box"": 1}, {""name"": ""garlic clove"", ""label"": ""Garlic clove"", ""in_box"": 1}, {""name"": ""natural yoghurt"", ""label"": ""Natural yoghurt (80g)"", ""in_box"": 1}, {""name"": ""chives"", ""label"": ""Chives (5g)"", ""in_box"": 1}, {""name"": ""gem lettuce"", ""label"": ""Gem lettuce"", ""in_box"": 1}, {""name"": ""sweet potato"", ""label"": ""Sweet potato x2"", ""in_box"": 2}, {""name"": ""Dijon mustard"", ""label"": ""Dijon mustard (5.5g)"", ""in_box"": 1}]"
2026-10-13,2026-08-26,d134a13b-647e-4b80-a31d-0657347db2b8,2473,Butternut Squash & Goats' Cheese Tart,False,0.0,302,563,14.3,37.8,15.4,41.4,9.5,4.2,0.74,186,4.7,12.5,5.1,13.7,3.1,1.4,0.24,2,50,full-prep,no spice,Modern Bistro,Vegetarian,4.29,1571,True,"[{""name"": ""puff pastry"", ""label"": ""Puff pastry (160g)"", ""in_box"": 1}, {""name"": ""soft goats' cheese"", ""label"": ""Soft goats' cheese (75g)"", ""in_box"": 1}, {""name"": ""rosemary"", ""label"": ""Rosemary (5g)"", ""in_box"": 1}, {""name"": ""butternut squash cubes"", ""label"": ""Butternut squash cubes (160g)"", ""in_box"": 1}, {""name"": ""spinach"", ""label"": ""Spinach (80g)"", ""in_box"": 1}, {""name"": ""pecan nuts"", ""label"": ""Pecan nuts (25g)"", ""in_box"": 1}, {""name"": ""balsamic vinegar"", ""label"": ""Balsamic vinegar (15ml)"", ""in_box"": 1}, {""name"": ""red onion"", ""label"": ""Red onion"", ""in_box"": 1}]"
2026-10-13,2026-08-26,5e153c89-12c0-4cbc-8557-09ebfc19c93b,7661,Cantonese-Style Meat-Free Chick'n Ho Fun Noodles,False,0.0,280,486,22.3,7.8,1.3,78.7,11.4,8.4,3.9,173,8.0,2.8,0.4,28.1,4.1,3.0,1.39,1,25,full-prep,spicy,20 minute meals,Vegan; Vegetarian; Dairy Free; Gluten Free,4.08,1099,True,"[{""name"": ""cornflour"", ""label"": ""Cornflour (1tsp)"", ""in_box"": 1}, {""name"": ""dried chilli flakes"", ""label"": ""Dried chilli flakes (0.5tsp)"", ""in_box"": 1}, {""name"": ""spring onion"", ""label"": ""Spring onion"", ""in_box"": 1}, {""name"": ""meat-free chick'n"", ""label"": ""Meat-free chick'n (160g)"", ""in_box"": 1}, {""name"": ""rice noodles"", ""label"": ""Rice noodles (150g)"", ""in_box"": 1}, {""name"": ""garlic clove"", ""label"": ""Garlic clove x2"", ""in_box"": 2}, {""name"": ""fresh root ginger"", ""label"": ""Fresh root ginger (15g)"", ""in_box"": 1}, {""name"": ""toasted sesame oil"", ""label"": ""Toasted sesame oil (10ml)"", ""in_box"": 1}, {""name"": ""brown onion"", ""label"": ""Brown onion"", ""in_box"": 1}, {""name"": ""ketjap manis"", ""label"": ""Ketjap manis (20g) x2"", ""in_box"": 2}, {""name"": ""chestnut mushrooms"", ""label"": ""Chestnut mushrooms (80g)"", ""in_box"": 1}]"
2026-10-13,2026-08-26,536ed695-d73f-4e4e-9c15-18caac45eb09,4935,Caramelised Onion & Lentil Soup With Cheesy Mustard Toast,False,0.0,358,416,19.3,10.5,5.3,60.2,10.9,10.2,3.31,116,5.4,2.9,1.5,16.8,3.0,2.8,0.92,2,45,full-prep,no spice,Modern Bistro,Vegetarian,3.83,1104,True,"[{""name"": ""dried oregano"", ""label"": ""Dried oregano (1tsp)"", ""in_box"": 1}, {""name"": ""intense vegetable stock mix"", ""label"": ""Intense vegetable stock mix (5.5g)"", ""in_box"": 1}, {""name"": ""ciabatta"", ""label"": ""Ciabatta x2"", ""in_box"": 2}, {""name"": ""cheddar cheese"", ""label"": ""Cheddar cheese (40g)"", ""in_box"": 1}, {""name"": ""garlic clove"", ""label"": ""Garlic clove x2"", ""in_box"": 2}, {""name"": ""brown onion"", ""label"": ""Brown onion x2"", ""in_box"": 2}, {""name"": ""parsley"", ""label"": ""Parsley (10g)"", ""in_box"": 1}, {""name"": ""carrot"", ""label"": ""Carrot"", ""in_box"": 1}, {""name"": ""wholegrain mustard"", ""label"": ""Wholegrain mustard (21g)"", ""in_box"": 1}, {""name"": ""white cup mushrooms"", ""label"": ""White cup mushrooms (80g)"", ""in_box"": 1}, {""name"": ""Marmite"", ""label"": ""Marmite (8g)"", ""in_box"": 1}, {""name"": ""green lentils"", ""label"": ""Green lentils (185g)"", ""in_box"": 1}]"
2026-10-13,2026-08-26,8b0d4bd6-fb2a-48f4-8ab1-2e4d148adc16,362,Caramelised Onion Beef Burger With Chipotle Mayo,False,0.0,498,804,34.8,43.7,10.5,68.9,13.0,8.8,1.13,161,7.0,8.8,2.1,13.8,2.6,1.8,0.23,2,45,full-prep,mild,Takeaway Night,Dairy Free,4.39,48092,True,"[{""name"": ""brioche style buns"", ""label"": ""Brioche style buns (2pcs)"", ""in_box"": 1}, {""name"": ""beef mince"", ""label"": ""Beef mince (250g)"", ""in_box"": 1}, {""name"": ""mayonnaise"", ""label"": ""Mayonnaise (50ml)"", ""in_box"": 1}, {""name"": ""chipotle paste"", ""label"": ""Chipotle paste (20g)"", ""in_box"": 1}, {""name"": ""gem lettuce"", ""label"": ""Gem lettuce"", ""in_box"": 1}, {""name"": ""red onion"", ""label"": ""Red onion x2"", ""in_box"": 2}, {""name"": ""white potato"", ""label"": ""White potato x3"", ""in_box"": 3}]"
2026-10-13,2026-08-26,da7b0c3f-2853-47b7-a0d7-659fdfd46859,5250,Charred Corn & Creamy Leek Chowder,False,0.0,574,600,14.8,19.9,2.7,90.9,21.2,13.8,2.65,104,2.6,3.5,0.5,15.8,3.7,2.4,0.46,3,40,full-prep,mild,Modern Bistro,Vegan; Vegetarian; Dairy Free,4.24,2352,True,"[{""name"": ""leek"", ""label"": ""Leek"", ""in_box"": 1}, {""name"": ""Sweetcorn"", ""label"": ""Sweetcorn (150g)"", ""in_box"": 1}, {""name"": ""smoked sea salt flakes"", ""label"": ""Smoked sea salt flakes (1g)"", ""in_box"": 1}, {""name"": ""intense vegetable stock mix"", ""label"": ""Intense vegetable stock mix (5.5g)"", ""in_box"": 1}, {""name"": ""creamy single oat"", ""label"": ""Creamy single oat (250ml)"", ""in_box"": 1}, {""name"": ""ground smoked paprika"", ""label"": ""Ground smoked paprika (2tsp)"", ""in_box"": 1}, {""name"": ""ciabatta"", ""label"": ""Ciabatta x2"", ""in_box"": 2}, {""name"": ""garlic clove"", ""label"": ""Garlic clove x3"", ""in_box"": 3}, {""name"": ""brown onion"", ""label"": ""Brown onion"", ""in_box"": 1}, {""name"": ""Chinese rice wine"", ""label"": ""Chinese rice wine (15ml)"", ""in_box"": 1}, {""name"": ""carrot"", ""label"": ""Carrot"", ""in_box"": 1}, {""name"": ""chives"", ""label"": ""Chives (5g)"", ""in_box"": 1}, {""name"": ""white potato"", ""label"": ""White potato x2"", ""in_box"": 2}, {""name"": ""cracked black pepper"", ""label"": ""Cracked black pepper (2.5g)"", ""in_box"": 1}]"
2026-10-13,2026-08-26,c3baa898-c344-456f-87f4-04ebf0062e03,5230,"Cheese, Bacon & Pepper Relish Pastry Turnover With Wedges",False,0.0,436,767,22.1,47.7,18.0,63.6,7.1,5.4,2.5,176,5.1,10.9,4.1,14.6,1.6,1.2,0.57,1,45,full-prep,no spice,Modern Bistro,,4.22,582,True,"[{""name"": ""cheddar cheese"", ""label"": ""Cheddar cheese (40g)"", ""in_box"": 1}, {""name"": ""dried oregano"", ""label"": ""Dried oregano (1tsp)"", ""in_box"": 1}, {""name"": ""sweet pepper relish"", ""label"": ""Sweet pepper relish (20g)"", ""in_box"": 1}, {""name"": ""mayonnaise"", ""label"": ""Mayonnaise (25ml)"", ""in_box"": 1}, {""name"": ""smoked streaky bacon"", ""label"": ""Smoked streaky bacon (90g)"", ""in_box"": 1}, {""name"": ""puff pastry"", ""label"": ""Puff pastry (160g)"", ""in_box"": 1}, {""name"": ""baby leaf salad"", ""label"": ""Baby leaf salad (50g)"", ""in_box"": 1}, {""name"": ""cucumber"", ""label"": ""Cucumber (0.5pcs)"", ""in_box"": 1}, {""name"": ""red wine vinegar"", ""label"": ""Red wine vinegar (15ml)"", ""in_box"": 1}, {""name"": ""white potato"", ""label"": ""White potato x3"", ""in_box"": 3}]"
2026-10-13,2026-08-26,4a74a7f4-475f-4fa0-a0a5-1cf0edfd41a8,377,Cheesy Baked Basa With Mediterranean-Style Veg,False,0.0,518,400,31.1,9.3,5.5,49.9,11.8,6.4,1.19,77,6.0,1.8,1.1,9.6,2.3,1.2,0.23,3,40,full-prep,no spice,Modern Bistro,,4.33,40229,True,"[{""name"": ""cheddar cheese"", ""label"": ""Cheddar cheese (40g)"", ""in_box"": 1}, {""name"": ""basa fillets"", ""label"": ""Basa fillets (2pcs)"", ""in_box"": 1}, {""name"": ""panko breadcrumbs"", ""label"": ""Panko breadcrumbs (20g)"", ""in_box"": 1}, {""name"": ""courgette"", ""label"": ""Courgette"", ""in_box"": 1}, {""name"": ""vegetable stock mix"", ""label"": ""Vegetable stock mix (5.5g)"", ""in_box"": 1}, {""name"": ""tomato paste"", ""label"": ""Tomato paste (16g)"", ""in_box"": 1}, {""name"": ""basil"", ""label"": ""Basil (10g)"", ""in_box"": 1}, {""name"": ""cherry tomatoes"", ""label"": ""Cherry tomatoes (125g)"", ""in_box"": 1}, {""name"": ""red onion"", ""label"": ""Red onion x2"", ""in_box"": 2}, {""name"": ""white potato"", ""label"": ""White potato x3"", ""in_box"": 3}]"
2026-10-13,2026-08-26,2ddfab6a-4cf9-4619-a422-75619efd1a23,5851,Cheesy Bean Pasty With Potato Wedges,False,0.0,478,638,20.5,26.5,13.5,77.6,8.7,12.8,1.6,133,4.3,5.5,2.8,16.2,1.8,2.7,0.33,2,50,full-prep,no spice,Modern Bistro,Vegetarian,4.09,2106,True,"[{""name"": ""cheddar cheese"", ""label"": ""Cheddar cheese (40g)"", ""in_box"": 1}, {""name"": ""finely chopped tomatoes"", ""label"": ""Finely chopped tomatoes (200g)"", ""in_box"": 1}, {""name"": ""cannellini beans"", ""label"": ""Cannellini beans (390g)"", ""in_box"": 1}, {""name"": ""puff pastry"", ""label"": ""Puff pastry (160g)"", ""in_box"": 1}, {""name"": ""garlic clove"", ""label"": ""Garlic clove"", ""in_box"": 1}, {""name"": ""vegetable stock mix"", ""label"": ""Vegetable stock mix (5.5g)"", ""in_box"": 1}, {""name"": ""Henderson's Relish"", ""label"": ""Henderson's Relish (15ml)"", ""in_box"": 1}, {""name"": ""white potato"", ""label"": ""White potato x3"", ""in_box"": 3}]"
2026-10-13,2026-08-26,b3e6826e-79ef-42c5-9a96-28073bb8f5f2,5598,Cheesy Black Bean Enchiladas,False,0.0,334,564,24.1,16.0,8.2,76.1,7.9,14.7,2.53,168,7.2,4.8,2.5,22.8,2.4,4.4,0.76,3,35,full-prep,mild,Global Kitchen,Vegetarian,4.34,21164,True,"[{""name"": ""plain tortillas"", ""label"": ""Plain tortillas (6pcs)"", ""in_box"": 1}, {""name"": ""cheddar cheese"", ""label"": ""Cheddar cheese (40g)"", ""in_box"": 1}, {""name"": ""black beans"", ""label"": ""Black beans (380g)"", ""in_box"": 1}, {""name"": ""ground cumin"", ""label"": ""Ground cumin (1tsp)"", ""in_box"": 1}, {""name"": ""intense vegetable stock mix"", ""label"": ""Intense vegetable stock mix (5.5g)"", ""in_box"": 1}, {""name"": ""ground smoked paprika"", ""label"": ""Ground smoked paprika (2tsp)"", ""in_box"": 1}, {""name"": ""garlic clove"", ""label"": ""Garlic clove x2"", ""in_box"": 2}, {""name"": ""tomato paste"", ""label"": ""Tomato paste (16g)"", ""in_box"": 1}, {""name"": ""spinach"", ""label"": ""Spinach (80g)"", ""in_box"": 1}, {""name"": ""red onion"", ""label"": ""Red onion"", ""in_box"": 1}]"
2026-10-13,2026-08-26,d1c66afd-f178-480d-87a1-f4a0cd6bbcf2,10868,Cheesy Black Bean Enchiladas,False,0.0,334,564,24.1,16.0,8.2,76.1,7.9,14.7,2.53,168,7.2,4.8,2.5,22.8,2.4,4.4,0.76,3,35,full-prep,mild,Modern Bistro,Vegetarian,4.27,1799,True,"[{""name"": ""plain tortillas"", ""label"": ""Plain tortillas (6pcs)"", ""in_box"": 1}, {""name"": ""cheddar cheese"", ""label"": ""Cheddar cheese (40g)"", ""in_box"": 1}, {""name"": ""black beans"", ""label"": ""Black beans (380g)"", ""in_box"": 1}, {""name"": ""ground cumin"", ""label"": ""Ground cumin (1tsp)"", ""in_box"": 1}, {""name"": ""intense vegetable stock mix"", ""label"": ""Intense vegetable stock mix (5.5g)"", ""in_box"": 1}, {""name"": ""ground smoked paprika"", ""label"": ""Ground smoked paprika (2tsp)"", ""in_box"": 1}, {""name"": ""garlic clove"", ""label"": ""Garlic clove x2"", ""in_box"": 2}, {""name"": ""tomato paste"", ""label"": ""Tomato paste (16g)"", ""in_box"": 1}, {""name"": ""spinach"", ""label"": ""Spinach (80g)"", ""in_box"": 1}, {""name"": ""red onion"", ""label"": ""Red onion"", ""in_box"": 1}]"
2026-10-13,2026-08-26,6a1c54dc-0fc5-4b32-bd5d-c49d7c13fe77,5078,Cheesy Gochujang Udon Noodles With Ginger Salad,False,0.0,402,396,14.8,8.5,5.1,65.0,7.8,2.0,2.62,98,3.7,2.1,1.3,16.2,2.0,0.5,0.65,2,10,full-prep,mild,10-Minute,Vegetarian,4.31,4797,True,"[{""name"": ""gochujang paste"", ""label"": ""Gochujang paste (30g)"", ""in_box"": 1}, {""name"": ""spring onion"", ""label"": ""Spring onion x2"", ""in_box"": 2}, {""name"": ""soy sauce"", ""label"": ""Soy sauce (8ml)"", ""in_box"": 1}, {""name"": ""cheddar cheese"", ""label"": ""Cheddar cheese (40g)"", ""in_box"": 1}, {""name"": ""baby leaf salad"", ""label"": ""Baby leaf salad (50g)"", ""in_box"": 1}, {""name"": ""udon noodles"", ""label"": ""Udon noodles (200g) x2"", ""in_box"": 2}, {""name"": ""ginger paste"", ""label"": ""Ginger paste (15g)"", ""in_box"": 1}, {""name"": ""white cup mushrooms"", ""label"": ""White cup mushrooms (160g)"", ""in_box"": 1}, {""name"": ""white cup mushrooms"", ""label"": ""White cup mushrooms (80g)"", ""in_box"": 1}]"
2026-10-13,2026-08-26,06d5ecc0-88eb-44a9-b810-dede4dcdff22,4914,Cheesy Mash & Lamb Meatball Pie,False,0.0,541,554,35.4,24.5,12.7,51.8,11.7,8.2,1.73,102,6.6,4.5,2.3,9.6,2.2,1.5,0.32,2,50,full-prep,no spice,Global Kitchen,Gluten Free,3.83,1246,True,"[{""name"": ""finely chopped tomatoes"", ""label"": ""Finely chopped tomatoes (200g)"", ""in_box"": 1}, {""name"": ""dried oregano"", ""label"": ""Dried oregano (1tsp)"", ""in_box"": 1}, {""name"": ""intense beef stock mix"", ""label"": ""Intense beef stock mix (5.5g)"", ""in_box"": 1}, {""name"": ""cheddar cheese"", ""label"": ""Cheddar cheese (40g)"", ""in_box"": 1}, {""name"": ""garlic clove"", ""label"": ""Garlic clove"", ""in_box"": 1}, {""name"": ""brown onion"", ""label"": ""Brown onion"", ""in_box"": 1}, {""name"": ""lamb mince"", ""label"": ""Lamb mince (250g)"", ""in_box"": 1}, {""name"": ""carrot"", ""label"": ""Carrot"", ""in_box"": 1}, {""name"": ""white potato"", ""label"": ""White potato x4"", ""in_box"": 4}]"
2026-10-13,2026-08-26,975eee14-3480-4fa5-bda3-29cdbc14c15f,7306,Cheesy Risotto With Crispy Prosciutto And Courgette Salad,False,0.0,404,614,29.2,21.2,10.2,77.1,10.5,7.7,2.83,152,7.2,5.2,2.5,19.1,2.6,1.9,0.7,2,50,full-prep,no spice,Family Kitchen,Gluten Free,4.26,2877,True,"[{""name"": ""sliced prosciutto"", ""label"": ""Sliced prosciutto (52g)"", ""in_box"": 1}, {""name"": ""intense chicken stock mix"", ""label"": ""Intense chicken stock mix (5.5g)"", ""in_box"": 1}, {""name"": ""cheddar cheese"", ""label"": ""Cheddar cheese (40g)"", ""in_box"": 1}, {""name"": ""garlic clove"", ""label"": ""Garlic clove x2"", ""in_box"": 2}, {""name"": ""courgette"", ""label"": ""Courgette"", ""in_box"": 1}, {""name"": ""brown onion"", ""label"": ""Brown onion"", ""in_box"": 1}, {""name"": ""blanched peas"", ""label"": ""Blanched peas (160g)"", ""in_box"": 1}, {""name"": ""lemon"", ""label"": ""Lemon"", ""in_box"": 1}, {""name"": ""truffle flavoured extra virgin olive oil"", ""label"": ""Truffle flavoured extra virgin olive oil (8ml)"", ""in_box"": 1}, {""name"": ""arborio rice"", ""label"": ""Arborio rice (160g)"", ""in_box"": 1}, {""name"": ""grated Italian hard cheese"", ""label"": ""Grated Italian hard cheese (30g)"", ""in_box"": 1}]"
2026-10-13,2026-08-26,d86eb399-4d3e-4769-884d-42b8770e858b,7324,Cheesy Sausage & Pepper Chilli Con Carne Pasta Bake,False,0.0,425,546,28.6,22.1,10.3,60.9,11.4,12.9,2.51,128,6.7,5.2,2.4,14.3,2.7,3.0,0.59,3,40,full-prep,mild,Family Kitchen,,4.33,6962,True,"[{""name"": ""cheddar cheese"", ""label"": ""Cheddar cheese (40g)"", ""in_box"": 1}, {""name"": ""intense chicken stock mix"", ""label"": ""Intense chicken stock mix (5.5g)"", ""in_box"": 1}, {""name"": ""black beans"", ""label"": ""Black beans (380g)"", ""in_box"": 1}, {""name"": ""red pepper"", ""label"": ""Red pepper"", ""in_box"": 1}, {""name"": ""Jolly Hog pork sausagemeat"", ""label"": ""Jolly Hog pork sausagemeat (150g)"", ""in_box"": 1}, {""name"": ""ground coriander"", ""label"": ""Ground coriander (1tsp)"", ""in_box"": 1}, {""name"": ""ground paprika"", ""label"": ""Ground paprika (1tsp)"", ""in_box"": 1}, {""name"": ""finely chopped tomatoes"", ""label"": ""Finely chopped tomatoes (200g)"", ""in_box"": 1}, {""name"": ""ground cumin"", ""label"": ""Ground cumin (1tsp)"", ""in_box"": 1}, {""name"": ""farfalle"", ""label"": ""Farfalle (100g)"", ""in_box"": 1}, {""name"": ""garlic clove"", ""label"": ""Garlic clove x2"", ""in_box"": 2}, {""name"": ""coriander"", ""label"": ""Coriander (5g)"", ""in_box"": 1}, {""name"": ""red onion"", ""label"": ""Red onion"", ""in_box"": 1}]"
2026-10-13,2026-08-26,3ab38f78-3cff-4e06-aa9e-b1d73b974e79,15890,Chicken & Chips With Mixed Salad And Gravy,False,0.0,538,589,33.0,33.8,7.0,40.4,7.9,6.0,1.58,109,6.1,6.3,1.3,7.5,1.5,1.1,0.29,3,35,full-prep,no spice,Everyday Favourites,Dairy Free; Gluten Free,0,0,True,"[{""name"": ""gravy base"", ""label"": ""Gravy base (14g)"", ""in_box"": 1}, {""name"": ""skin-on chicken thighs"", ""label"": ""Skin-on chicken thighs (320g)"", ""in_box"": 1}, {""name"": ""smoked sea salt flakes"", ""label"": ""Smoked sea salt flakes (1g)"", ""in_box"": 1}, {""name"": ""mayonnaise"", ""label"": ""Mayonnaise (25ml)"", ""in_box"": 1}, {""name"": ""tomato"", ""label"": ""Tomato x2"", ""in_box"": 2}, {""name"": ""baby leaf salad"", ""label"": ""Baby leaf salad (50g)"", ""in_box"": 1}, {""name"": ""gem lettuce"", ""label"": ""Gem lettuce"", ""in_box"": 1}, {""name"": ""white wine vinegar"", ""label"": ""White wine vinegar (15ml)"", ""in_box"": 1}, {""name"": ""red onion"", ""label"": ""Red onion"", ""in_box"": 1}, {""name"": ""white potato"", ""label"": ""White potato x3"", ""in_box"": 3}]"
2026-10-13,2026-08-26,c84decb8-730c-4ab4-b03d-6aa2f8479b90,8806,Chicken Au Poivre With Buttered Spinach & Potatoes,False,0.0,424,365,34.4,11.3,5.2,31.9,4.4,4.5,1.62,86,8.1,2.7,1.2,7.5,1.0,1.1,0.38,1,10,full-prep,mild,10-Minute,Gluten Free,4.43,8667,True,"[{""name"": ""intense chicken stock mix"", ""label"": ""Intense chicken stock mix (5.5g)"", ""in_box"": 1}, {""name"": ""waxy potatoes"", ""label"": ""Waxy potatoes (350g)"", ""in_box"": 1}, {""name"": ""chicken breast portions"", ""label"": ""Chicken breast portions (2pcs)"", ""in_box"": 1}, {""name"": ""roasted garlic paste"", ""label"": ""Roasted garlic paste (15g)"", ""in_box"": 1}, {""name"": ""soft cheese"", ""label"": ""Soft cheese (50g)"", ""in_box"": 1}, {""name"": ""Chinese rice wine"", ""label"": ""Chinese rice wine (15ml)"", ""in_box"": 1}, {""name"": ""spinach"", ""label"": ""Spinach (80g) x2"", ""in_box"": 2}, {""name"": ""cracked black pepper"", ""label"": ""Cracked black pepper (2.5g)"", ""in_box"": 1}]"
2026-10-13,2026-08-26,4fead362-0c3e-4ec3-ac27-b00a1b270b6b,14522,Chicken Breast Tikka Masala With Cardamom Rice,True,0.7,351,585,37.8,19.2,10.0,69.6,9.3,4.0,1.4,166,10.7,5.5,2.8,19.8,2.6,1.1,0.4,1,30,full-prep,mild,Classic Fakeaways,Gluten Free,4.47,1032,True,"[{""name"": ""white basmati rice"", ""label"": ""White basmati rice (130g)"", ""in_box"": 1}, {""name"": ""Cornish clotted cream"", ""label"": ""Cornish clotted cream (40g)"", ""in_box"": 1}, {""name"": ""chicken breast portions"", ""label"": ""Chicken breast portions (2pcs)"", ""in_box"": 1}, {""name"": ""ground paprika"", ""label"": ""Ground paprika (1tsp)"", ""in_box"": 1}, {""name"": ""tomato paste"", ""label"": ""Tomato paste (32g)"", ""in_box"": 1}, {""name"": ""garam masala"", ""label"": ""Garam masala (1tsp)"", ""in_box"": 1}, {""name"": ""curry powder"", ""label"": ""Curry powder (1tbsp)"", ""in_box"": 1}, {""name"": ""garlic clove"", ""label"": ""Garlic clove"", ""in_box"": 1}, {""name"": ""tomato"", ""label"": ""Tomato"", ""in_box"": 1}, {""name"": ""shallot"", ""label"": ""Shallot x2"", ""in_box"": 2}, {""name"": ""natural yoghurt"", ""label"": ""Natural yoghurt (80g)"", ""in_box"": 1}, {""name"": ""ginger paste"", ""label"": ""Ginger paste (15g)"", ""in_box"": 1}, {""name"": ""chicken stock mix"", ""label"": ""Chicken stock mix (5.5g)"", ""in_box"": 1}, {""name"": ""cardamom pod"", ""label"": ""Cardamom pod x2"", ""in_box"": 2}]"
2026-10-13,2026-08-26,49fa1198-358e-4083-8843-992b813484b7,3970,Chicken Milanese With Tomatoey Basil Potatoes,False,0.0,611,440,37.2,4.7,1.2,64.8,10.8,8.7,0.72,72,6.1,0.8,0.2,10.6,1.8,1.4,0.12,2,50,full-prep,no spice,Modern Bistro,Dairy Free,4.2,15304,True,"[{""name"": ""chicken stock mix"", ""label"": ""Chicken stock mix (5.5g)"", ""in_box"": 1}, {""name"": ""dried oregano"", ""label"": ""Dried oregano (1tsp)"", ""in_box"": 1}, {""name"": ""chicken breast portions"", ""label"": ""Chicken breast portions (2pcs)"", ""in_box"": 1}, {""name"": ""panko breadcrumbs"", ""label"": ""Panko breadcrumbs (40g)"", ""in_box"": 1}, {""name"": ""tomato"", ""label"": ""Tomato x2"", ""in_box"": 2}, {""name"": ""lemon"", ""label"": ""Lemon"", ""in_box"": 1}, {""name"": ""basil"", ""label"": ""Basil (5g)"", ""in_box"": 1}, {""name"": ""fine green beans"", ""label"": ""Fine green beans (160g)"", ""in_box"": 1}, {""name"": ""red onion"", ""label"": ""Red onion"", ""in_box"": 1}, {""name"": ""white potato"", ""label"": ""White potato x4"", ""in_box"": 4}]"
2026-10-13,2026-08-26,980f0aa3-6fcb-4438-924f-df445c3b1668,5006,Chicken Thigh Pad Thai With Chilli & Garlic Oil,False,0.0,362,657,38.2,21.7,5.2,77.9,12.1,4.7,4.61,181,10.6,6.0,1.4,21.6,3.3,1.3,1.27,1,30,full-prep,spicy,Classic Fakeaways,Dairy Free,3.81,17126,True,"[{""name"": ""red pepper"", ""label"": ""Red pepper"", ""in_box"": 1}, {""name"": ""dried chilli flakes"", ""label"": ""Dried chilli flakes (0.5tsp)"", ""in_box"": 1}, {""name"": ""free range egg"", ""label"": ""Free range egg"", ""in_box"": 1}, {""name"": ""spring onion"", ""label"": ""Spring onion"", ""in_box"": 1}, {""name"": ""diced chicken thigh"", ""label"": ""Diced chicken thigh (250g)"", ""in_box"": 1}, {""name"": ""rice noodles"", ""label"": ""Rice noodles (150g)"", ""in_box"": 1}, {""name"": ""garlic clove"", ""label"": ""Garlic clove x2"", ""in_box"": 2}, {""name"": ""ginger paste"", ""label"": ""Ginger paste (15g)"", ""in_box"": 1}, {""name"": ""ketjap manis"", ""label"": ""Ketjap manis (20g)"", ""in_box"": 1}, {""name"": ""soy sauce"", ""label"": ""Soy sauce (30ml)"", ""in_box"": 1}, {""name"": ""roasted peanuts"", ""label"": ""Roasted peanuts (25g)"", ""in_box"": 1}, {""name"": ""tamarind paste"", ""label"": ""Tamarind paste (15g)"", ""in_box"": 1}]"
2026-10-13,2026-08-26,8883e493-8ce8-41c9-adf7-c60322f24a5e,16713,Chicken Tikka Masala With Saffron Rice,True,2.0,,512,29.7,20.3,,47.3,,10.6,2.89,,,,,,,,,2,7,heat-only,mild,Heat & Eat,,4.02,507,True,
2026-10-13,2026-08-26,6e3bd4ae-cf7c-4f02-8239-25c9091be3a9,877,Chicken With Sun-Dried Tomato Sauce And Crispy Potatoes,False,0.0,470,416,35.3,10.8,5.1,46.5,6.6,9.0,0.59,88,7.5,2.3,1.1,9.9,1.4,1.9,0.12,2,40,full-prep,no spice,Modern Bistro,Gluten Free,4.18,17507,True,"[{""name"": ""spring onion"", ""label"": ""Spring onion"", ""in_box"": 1}, {""name"": ""chicken breast portions"", ""label"": ""Chicken breast portions (2pcs)"", ""in_box"": 1}, {""name"": ""sun-dried tomatoes"", ""label"": ""Sun-dried tomatoes (30g)"", ""in_box"": 1}, {""name"": ""garlic clove"", ""label"": ""Garlic clove x3"", ""in_box"": 3}, {""name"": ""soft cheese"", ""label"": ""Soft cheese (50g)"", ""in_box"": 1}, {""name"": ""tomato paste"", ""label"": ""Tomato paste (16g)"", ""in_box"": 1}, {""name"": ""rosemary"", ""label"": ""Rosemary (5g)"", ""in_box"": 1}, {""name"": ""fine green beans"", ""label"": ""Fine green beans (160g)"", ""in_box"": 1}, {""name"": ""white potato"", ""label"": ""White potato x4"", ""in_box"": 4}]"
2026-10-13,2026-08-26,090982b8-1880-4498-a83c-ee6fc48d092d,15516,"Chicken, Bacon & Red Wine Chasseur With Crushed Potatoes",True,2.25,473,439,43.1,13.7,4.4,37.7,7.3,6.8,2.9,92,9.1,2.9,0.9,8.0,1.6,1.4,0.61,1,10,full-prep,no spice,Fine Dine In,Dairy Free; Gluten Free,4.38,73,True,"[{""name"": ""gravy base"", ""label"": ""Gravy base (14g)"", ""in_box"": 1}, {""name"": ""red wine paste"", ""label"": ""Red wine paste (10g)"", ""in_box"": 1}, {""name"": ""waxy potatoes"", ""label"": ""Waxy potatoes (350g)"", ""in_box"": 1}, {""name"": ""diced chicken breast"", ""label"": ""Diced chicken breast (250g)"", ""in_box"": 1}, {""name"": ""bacon lardons"", ""label"": ""Bacon lardons (100g)"", ""in_box"": 1}, {""name"": ""garlic clove"", ""label"": ""Garlic clove"", ""in_box"": 1}, {""name"": ""shallot"", ""label"": ""Shallot x2"", ""in_box"": 2}, {""name"": ""tomato paste"", ""label"": ""Tomato paste (16g)"", ""in_box"": 1}, {""name"": ""Tenderstem broccoli"", ""label"": ""Tenderstem broccoli (160g)"", ""in_box"": 1}]"
2026-10-13,2026-08-26,7cae5bbf-5142-4afa-9ecd-e0f530560b6a,4425,Chinese-Style Hot & Sour King Prawn Stir-Fry,False,0.0,316,328,19.3,1.4,0.3,63.3,4.7,4.3,1.59,103,6.1,0.4,0.1,20.1,1.5,1.4,0.5,2,30,full-prep,spicy,Takeaway Night,Dairy Free,4.07,4636,True,"[{""name"": ""cornflour"", ""label"": ""Cornflour (1tsp)"", ""in_box"": 1}, {""name"": ""white basmati rice"", ""label"": ""White basmati rice (130g)"", ""in_box"": 1}, {""name"": ""dried chilli flakes"", ""label"": ""Dried chilli flakes (1tsp)"", ""in_box"": 1}, {""name"": ""raw peeled king prawns"", ""label"": ""Raw peeled king prawns (171g)"", ""in_box"": 1}, {""name"": ""soy sauce"", ""label"": ""Soy sauce (8ml)"", ""in_box"": 1}, {""name"": ""sriracha hot chilli sauce"", ""label"": ""Sriracha hot chilli sauce (8ml)"", ""in_box"": 1}, {""name"": ""garlic clove"", ""label"": ""Garlic clove"", ""in_box"": 1}, {""name"": ""fresh root ginger"", ""label"": ""Fresh root ginger (15g)"", ""in_box"": 1}, {""name"": ""rice vinegar"", ""label"": ""Rice vinegar (30ml)"", ""in_box"": 1}, {""name"": ""carrot"", ""label"": ""Carrot"", ""in_box"": 1}, {""name"": ""baby button mushrooms"", ""label"": ""Baby button mushrooms (80g)"", ""in_box"": 1}, {""name"": ""spinach"", ""label"": ""Spinach (80g)"", ""in_box"": 1}]"
2026-10-13,2026-08-26,77c10985-01c3-4e6a-adcd-5f9b957a8cf8,12647,Chipotle Lean Double Pork & Corn Stew With Crème fraîche,True,2.25,637,626,63.0,19.1,8.8,52.8,15.7,9.0,1.77,98,9.9,3.0,1.4,8.3,2.5,1.4,0.28,3,40,full-prep,mild,Global Kitchen,Gluten Free,0,0,True,"[{""name"": ""crème fraîche"", ""label"": ""Cr√®me fra√Æche (80g)"", ""in_box"": 1}, {""name"": ""intense beef stock mix"", ""label"": ""Intense beef stock mix (5.5g)"", ""in_box"": 1}, {""name"": ""dried oregano"", ""label"": ""Dried oregano (1tsp)"", ""in_box"": 1}, {""name"": ""lean pork mince (<5% fat)"", ""label"": ""Lean pork mince (<5% fat) (250g) x2"", ""in_box"": 2}, {""name"": ""green pepper"", ""label"": ""Green pepper"", ""in_box"": 1}, {""name"": ""chipotle paste"", ""label"": ""Chipotle paste (40g)"", ""in_box"": 1}, {""name"": ""tomato paste"", ""label"": ""Tomato paste (32g)"", ""in_box"": 1}, {""name"": ""ground cumin"", ""label"": ""Ground cumin (1tsp)"", ""in_box"": 1}, {""name"": ""ground smoked paprika"", ""label"": ""Ground smoked paprika (1tsp)"", ""in_box"": 1}, {""name"": ""Sweetcorn"", ""label"": ""Sweetcorn (150g)"", ""in_box"": 1}, {""name"": ""garlic clove"", ""label"": ""Garlic clove"", ""in_box"": 1}, {""name"": ""shallot"", ""label"": ""Shallot"", ""in_box"": 1}, {""name"": ""white potato"", ""label"": ""White potato x3"", ""in_box"": 3}]"
2026-10-13,2026-08-26,6a0839cf-e32a-43b2-bfe1-c80bea4d2446,15031,Classic Creamy Chicken Thigh Pie With Mash & Roast Carrots,False,0.0,,783,35.5,37.2,,79.3,,13.2,1.85,,,,,,,,,3,50,full-prep,no spice,Everyday Favourites,,4.42,155,True,
2026-10-13,2026-08-26,42907096-3d6a-4302-a851-7ba0057705d0,1579,Coconut Pollock Curry With Green Beans,False,0.0,351,457,24.2,15.7,9.2,50.8,4.2,11.3,0.79,130,6.9,4.5,2.6,14.5,1.2,3.2,0.23,1,10,full-prep,spicy,10-Minute,Dairy Free; Gluten Free,4.13,23467,True,"[{""name"": ""solid creamed coconut"", ""label"": ""Solid creamed coconut (25g)"", ""in_box"": 1}, {""name"": ""diced pollock"", ""label"": ""Diced pollock (200g)"", ""in_box"": 1}, {""name"": ""ground turmeric"", ""label"": ""Ground turmeric (1tsp)"", ""in_box"": 1}, {""name"": ""curry powder"", ""label"": ""Curry powder (1tbsp)"", ""in_box"": 1}, {""name"": ""garlic clove"", ""label"": ""Garlic clove"", ""in_box"": 1}, {""name"": ""cooked brown long grain rice"", ""label"": ""Cooked brown long grain rice (280g)"", ""in_box"": 1}, {""name"": ""ginger paste"", ""label"": ""Ginger paste (15g)"", ""in_box"": 1}, {""name"": ""black sesame seeds"", ""label"": ""Black sesame seeds (5g)"", ""in_box"": 1}, {""name"": ""fine green beans"", ""label"": ""Fine green beans (160g)"", ""in_box"": 1}]"
2026-10-13,2026-08-26,981b5c4f-749c-4ea8-8360-616f4fbc31dd,7464,"Creamy Bacon, Leek And Pea Wholewheat Tortiglioni",False,0.0,337,547,30.9,19.3,8.8,66.4,11.8,13.3,2.95,162,9.2,5.7,2.6,19.7,3.5,3.9,0.88,1,25,full-prep,no spice,20 minute meals,,4.22,1735,True,"[{""name"": ""intense chicken stock mix"", ""label"": ""Intense chicken stock mix (5.5g)"", ""in_box"": 1}, {""name"": ""leek"", ""label"": ""Leek"", ""in_box"": 1}, {""name"": ""bacon lardons"", ""label"": ""Bacon lardons (100g)"", ""in_box"": 1}, {""name"": ""garlic clove"", ""label"": ""Garlic clove x3"", ""in_box"": 3}, {""name"": ""wholewheat tortiglioni"", ""label"": ""Wholewheat tortiglioni (150g)"", ""in_box"": 1}, {""name"": ""blanched peas"", ""label"": ""Blanched peas (160g)"", ""in_box"": 1}, {""name"": ""lighter cheese"", ""label"": ""Lighter cheese (30g)"", ""in_box"": 1}, {""name"": ""soft cheese"", ""label"": ""Soft cheese (50g)"", ""in_box"": 1}]"
2026-10-13,2026-08-26,35f22ff0-1f7d-4102-92cf-1bafc5aa2b57,7692,Creamy Basa & Leek Pie With Garlic & Parsley Butter,False,0.0,494,415,31.7,9.4,5.5,51.6,7.8,6.7,1.78,83,6.4,1.9,1.1,10.4,1.6,1.4,0.36,2,50,full-prep,no spice,Family Kitchen,Gluten Free,4.29,1491,True,"[{""name"": ""cheddar cheese"", ""label"": ""Cheddar cheese (40g)"", ""in_box"": 1}, {""name"": ""garden veg mix"", ""label"": ""Garden veg mix (160g)"", ""in_box"": 1}, {""name"": ""leek"", ""label"": ""Leek"", ""in_box"": 1}, {""name"": ""basa fillets"", ""label"": ""Basa fillets (2pcs)"", ""in_box"": 1}, {""name"": ""intense vegetable stock mix"", ""label"": ""Intense vegetable stock mix (5.5g)"", ""in_box"": 1}, {""name"": ""garlic clove"", ""label"": ""Garlic clove x3"", ""in_box"": 3}, {""name"": ""parsley"", ""label"": ""Parsley (5g)"", ""in_box"": 1}, {""name"": ""white potato"", ""label"": ""White potato x4"", ""in_box"": 4}]"
2026-10-13,2026-08-26,5ca526bd-32e0-4e3d-abe9-96c295ec3754,6353,Creamy Carbonara-Style Bacon & Gochujang Udon,False,0.0,410,604,26.1,22.6,11.7,75.1,12.0,5.6,3.15,147,6.4,5.5,2.8,18.3,2.9,1.4,0.77,1,10,full-prep,mild,10-Minute,,4.4,12161,True,"[{""name"": ""crème fraîche"", ""label"": ""Crème fraîche (80g)"", ""in_box"": 1}, {""name"": ""grated Italian hard cheese"", ""label"": ""Grated Italian hard cheese (30g)"", ""in_box"": 1}, {""name"": ""gochujang paste"", ""label"": ""Gochujang paste (30g)"", ""in_box"": 1}, {""name"": ""spring onion"", ""label"": ""Spring onion"", ""in_box"": 1}, {""name"": ""bacon lardons"", ""label"": ""Bacon lardons (100g)"", ""in_box"": 1}, {""name"": ""garlic clove"", ""label"": ""Garlic clove"", ""in_box"": 1}, {""name"": ""toasted sesame seeds"", ""label"": ""Toasted sesame seeds (5g)"", ""in_box"": 1}, {""name"": ""blanched peas"", ""label"": ""Blanched peas (160g)"", ""in_box"": 1}, {""name"": ""udon noodles"", ""label"": ""Udon noodles (200g) x2"", ""in_box"": 2}]"
2026-10-13,2026-08-26,619a224b-b123-4d70-b869-ff59412e9e87,11271,Creamy Chicken & Mushroom Fricassée With Brown Rice,False,0.0,443,492,35.1,16.2,7.0,47.0,1.9,7.1,1.21,110,7.9,3.6,1.6,10.6,0.4,1.6,0.27,1,10,full-prep,no spice,10-Minute,Gluten Free,3.98,125,True,"[{""name"": ""crème fraîche"", ""label"": ""Crème fraîche (80g)"", ""in_box"": 1}, {""name"": ""chicken stock mix"", ""label"": ""Chicken stock mix (5.5g)"", ""in_box"": 1}, {""name"": ""spring onion"", ""label"": ""Spring onion"", ""in_box"": 1}, {""name"": ""diced chicken breast"", ""label"": ""Diced chicken breast (250g)"", ""in_box"": 1}, {""name"": ""cooked brown long grain rice"", ""label"": ""Cooked brown long grain rice (280g)"", ""in_box"": 1}, {""name"": ""baby leaf salad"", ""label"": ""Baby leaf salad (50g)"", ""in_box"": 1}, {""name"": ""Chinese rice wine"", ""label"": ""Chinese rice wine (15ml)"", ""in_box"": 1}, {""name"": ""wholegrain mustard"", ""label"": ""Wholegrain mustard (21g)"", ""in_box"": 1}, {""name"": ""white cup mushrooms"", ""label"": ""White cup mushrooms (160g)"", ""in_box"": 1}, {""name"": ""red wine vinegar"", ""label"": ""Red wine vinegar (15ml)"", ""in_box"": 1}]"
2026-10-13,2026-08-26,17aa1a30-8134-4c29-ac53-a2b7f3d064d4,3083,Creamy Chicken & Pesto Wholewheat Tortiglioni With Basil,False,0.0,355,685,45.9,31.8,11.9,57.4,6.5,7.7,1.98,192,12.9,8.9,3.4,16.2,1.8,2.2,0.56,1,25,full-prep,no spice,20 minute meals,,4.33,4023,True,"[{""name"": ""cheddar cheese"", ""label"": ""Cheddar cheese (40g)"", ""in_box"": 1}, {""name"": ""chicken stock mix"", ""label"": ""Chicken stock mix (5.5g)"", ""in_box"": 1}, {""name"": ""chicken breast strips"", ""label"": ""Chicken breast strips (250g)"", ""in_box"": 1}, {""name"": ""wholewheat tortiglioni"", ""label"": ""Wholewheat tortiglioni (150g)"", ""in_box"": 1}, {""name"": ""soft cheese"", ""label"": ""Soft cheese (50g)"", ""in_box"": 1}, {""name"": ""basil"", ""label"": ""Basil (10g)"", ""in_box"": 1}, {""name"": ""traditional Italian pesto"", ""label"": ""Traditional Italian pesto (45g)"", ""in_box"": 1}, {""name"": ""spinach"", ""label"": ""Spinach (80g)"", ""in_box"": 1}, {""name"": ""red onion"", ""label"": ""Red onion"", ""in_box"": 1}]"
2026-10-13,2026-08-26,bd699ab9-9c01-4ae6-81a6-236b64af0ba5,11064,Creamy Chorizo & Butternut Squash Farfalle,False,0.0,,715,25.2,31.7,,87.7,,5.0,2.56,,,,,,,,,1,25,full-prep,mild,20 minute meals,,4.45,1265,True,
2026-10-13,2026-08-26,e57bc177-fd9a-4dbf-940d-1b993a50f19f,17608,Creamy Garlic Mushroom Fusilli,True,0.75,412,449,20.2,14.4,6.6,55.6,3.7,6.6,2.43,109,4.9,3.5,1.6,13.5,0.9,1.6,0.59,2,7,heat-only,mild,Heat & Eat,Vegetarian,0,0,True,"[{""name"": ""creamy mushroom fusilli"", ""label"": ""Creamy mushroom fusilli (420g) x2"", ""in_box"": 2}]"
2026-10-13,2026-08-26,a2ca4894-3614-44d6-99ed-04d272bf0db0,6744,Creamy Lemon & Asparagus Sauce With Fresh Tagliatelle,False,0.0,311,526,20.2,13.9,8.7,79.5,5.2,5.0,1.57,168,6.5,4.5,2.8,25.6,1.7,1.6,0.51,1,10,full-prep,no spice,Pasta Pronto,Vegetarian,4.21,6221,True,"[{""name"": ""crème fraîche"", ""label"": ""Cr√®me fra√Æche (80g)"", ""in_box"": 1}, {""name"": ""grated Italian hard cheese"", ""label"": ""Grated Italian hard cheese (30g)"", ""in_box"": 1}, {""name"": ""asparagus spears"", ""label"": ""Asparagus spears (120g)"", ""in_box"": 1}, {""name"": ""fresh tagliatelle"", ""label"": ""Fresh tagliatelle (250g)"", ""in_box"": 1}, {""name"": ""intense vegetable stock mix"", ""label"": ""Intense vegetable stock mix (5.5g)"", ""in_box"": 1}, {""name"": ""garlic clove"", ""label"": ""Garlic clove x2"", ""in_box"": 2}, {""name"": ""lemon"", ""label"": ""Lemon"", ""in_box"": 1}, {""name"": ""basil"", ""label"": ""Basil (5g)"", ""in_box"": 1}, {""name"": ""rocket"", ""label"": ""Rocket (20g)"", ""in_box"": 1}]"
2026-10-13,2026-08-26,96405625-190c-49f9-93d3-6b09d4bc30a3,4151,Creamy Lemon & Asparagus Sauce With Spinach & Ricotta Ravioli,False,0.0,309,510,19.8,25.1,12.4,51.1,8.5,4.6,2.81,165,6.4,8.1,4.0,16.5,2.7,1.5,0.91,1,10,full-prep,no spice,Pasta Pronto,Vegetarian,4.34,24367,True,"[{""name"": ""spinach & ricotta ravioli"", ""label"": ""Spinach & ricotta ravioli (250g)"", ""in_box"": 1}, {""name"": ""crème fraîche"", ""label"": ""Crème fraîche (80g)"", ""in_box"": 1}, {""name"": ""grated Italian hard cheese"", ""label"": ""Grated Italian hard cheese (30g)"", ""in_box"": 1}, {""name"": ""asparagus spears"", ""label"": ""Asparagus spears (120g)"", ""in_box"": 1}, {""name"": ""garlic clove"", ""label"": ""Garlic clove x2"", ""in_box"": 2}, {""name"": ""lemon"", ""label"": ""Lemon"", ""in_box"": 1}, {""name"": ""vegetable stock mix"", ""label"": ""Vegetable stock mix (5.5g)"", ""in_box"": 1}, {""name"": ""rocket"", ""label"": ""Rocket (20g)"", ""in_box"": 1}]"
2026-10-13,2026-08-26,2f751016-7c8a-4fb7-8746-9285037c6ab3,7997,Creamy Pesto Orzo With Cheesy Crunchy Cauliflower,False,0.0,293,585,22.8,25.0,9.3,66.4,7.0,4.9,2.54,199,7.8,8.5,3.2,22.7,2.4,1.7,0.87,2,25,full-prep,no spice,Modern Bistro,Vegetarian,4.28,2062,True,"[{""name"": ""grated Italian hard cheese"", ""label"": ""Grated Italian hard cheese (30g)"", ""in_box"": 1}, {""name"": ""panko breadcrumbs"", ""label"": ""Panko breadcrumbs (20g)"", ""in_box"": 1}, {""name"": ""intense vegetable stock mix"", ""label"": ""Intense vegetable stock mix (5.5g)"", ""in_box"": 1}, {""name"": ""basil"", ""label"": ""Basil (5g)"", ""in_box"": 1}, {""name"": ""soft cheese"", ""label"": ""Soft cheese (50g)"", ""in_box"": 1}, {""name"": ""traditional Italian pesto"", ""label"": ""Traditional Italian pesto (45g)"", ""in_box"": 1}, {""name"": ""spinach"", ""label"": ""Spinach (80g)"", ""in_box"": 1}, {""name"": ""cauliflower"", ""label"": ""Cauliflower"", ""in_box"": 1}, {""name"": ""orzo"", ""label"": ""Orzo (150g)"", ""in_box"": 1}]"
2026-10-13,2026-08-26,0e3e2055-1fe9-4fd2-b971-66ce121f65ef,2428,Creamy Pollock Florentine Spaghetti,False,0.0,363,592,35.0,15.5,8.8,77.6,7.0,4.5,1.26,163,9.6,4.3,2.4,21.4,1.9,1.2,0.35,1,10,full-prep,mild,10-Minute,,4.15,7922,True,"[{""name"": ""crème fraîche"", ""label"": ""Crème fraîche (80g)"", ""in_box"": 1}, {""name"": ""grated Italian hard cheese"", ""label"": ""Grated Italian hard cheese (30g)"", ""in_box"": 1}, {""name"": ""diced pollock"", ""label"": ""Diced pollock (200g)"", ""in_box"": 1}, {""name"": ""roasted garlic paste"", ""label"": ""Roasted garlic paste (15g)"", ""in_box"": 1}, {""name"": ""vegetable stock mix"", ""label"": ""Vegetable stock mix (5.5g)"", ""in_box"": 1}, {""name"": ""spinach"", ""label"": ""Spinach (80g)"", ""in_box"": 1}, {""name"": ""cherry tomatoes"", ""label"": ""Cherry tomatoes (125g)"", ""in_box"": 1}, {""name"": ""spaghetti"", ""label"": ""Spaghetti (190g)"", ""in_box"": 1}]"
2026-10-13,2026-08-26,6620aeb0-3c96-4151-af2c-8a1f3d843e18,4363,Creamy Sausage & Mushroom Linguine ,False,0.0,367,780,35.3,36.8,16.3,75.5,5.8,4.1,2.19,212,9.6,10.0,4.4,20.5,1.6,1.1,0.59,1,25,full-prep,no spice,20 minute meals,,4.39,3240,True,"[{""name"": ""grated Italian hard cheese"", ""label"": ""Grated Italian hard cheese (30g)"", ""in_box"": 1}, {""name"": ""chicken stock mix"", ""label"": ""Chicken stock mix (5.5g)"", ""in_box"": 1}, {""name"": ""linguine"", ""label"": ""Linguine (190g)"", ""in_box"": 1}, {""name"": ""Proper Porker sausages"", ""label"": ""Proper Porker sausages (4pcs)"", ""in_box"": 1}, {""name"": ""garlic clove"", ""label"": ""Garlic clove"", ""in_box"": 1}, {""name"": ""baby leaf salad"", ""label"": ""Baby leaf salad (50g)"", ""in_box"": 1}, {""name"": ""soft cheese"", ""label"": ""Soft cheese (50g)"", ""in_box"": 1}, {""name"": ""white cup mushrooms"", ""label"": ""White cup mushrooms (160g)"", ""in_box"": 1}, {""name"": ""white wine vinegar"", ""label"": ""White wine vinegar (15ml)"", ""in_box"": 1}]"
2026-10-13,2026-08-26,76503746-fca9-4f29-ba69-3415630c4d65,3703,Creamy Sun-Dried Tomato Chicken Pasta,False,0.0,375,676,48.0,16.6,8.6,82.6,8.3,7.0,1.91,180,12.8,4.4,2.3,22.0,2.2,1.9,0.51,2,30,full-prep,no spice,Modern Bistro,,4.27,14060,True,"[{""name"": ""chicken breast portions"", ""label"": ""Chicken breast portions (2pcs)"", ""in_box"": 1}, {""name"": ""ground paprika"", ""label"": ""Ground paprika (1tsp)"", ""in_box"": 1}, {""name"": ""sun-dried tomatoes"", ""label"": ""Sun-dried tomatoes (30g)"", ""in_box"": 1}, {""name"": ""dried oregano"", ""label"": ""Dried oregano (1tsp)"", ""in_box"": 1}, {""name"": ""intense chicken stock mix"", ""label"": ""Intense chicken stock mix (5.5g)"", ""in_box"": 1}, {""name"": ""garlic clove"", ""label"": ""Garlic clove x3"", ""in_box"": 3}, {""name"": ""dried basil"", ""label"": ""Dried basil (1tsp)"", ""in_box"": 1}, {""name"": ""brown onion"", ""label"": ""Brown onion"", ""in_box"": 1}, {""name"": ""grated Italian hard cheese"", ""label"": ""Grated Italian hard cheese (30g)"", ""in_box"": 1}, {""name"": ""soft cheese"", ""label"": ""Soft cheese (50g)"", ""in_box"": 1}, {""name"": ""conchiglie"", ""label"": ""Conchiglie (200g)"", ""in_box"": 1}, {""name"": ""spinach"", ""label"": ""Spinach (80g)"", ""in_box"": 1}]"
2026-10-13,2026-08-26,d4c20592-847a-48fb-b459-504735e90290,1451,Crispy Baked Tacos With Refried Beans,False,0.0,562,568,20.2,9.2,3.5,95.4,27.9,15.4,0.94,101,3.6,1.6,0.6,17.0,5.0,2.7,0.17,4,40,full-prep,mild,Global Kitchen,Vegan; Vegetarian; Dairy Free,4.16,14944,True,"[{""name"": ""plain tortillas"", ""label"": ""Plain tortillas (6pcs)"", ""in_box"": 1}, {""name"": ""black beans"", ""label"": ""Black beans (380g)"", ""in_box"": 1}, {""name"": ""dried chilli flakes"", ""label"": ""Dried chilli flakes (1tsp)"", ""in_box"": 1}, {""name"": ""pineapple slices"", ""label"": ""Pineapple slices (220g)"", ""in_box"": 1}, {""name"": ""spring onion"", ""label"": ""Spring onion"", ""in_box"": 1}, {""name"": ""finely chopped tomatoes"", ""label"": ""Finely chopped tomatoes (200g)"", ""in_box"": 1}, {""name"": ""ground cumin"", ""label"": ""Ground cumin (1tsp)"", ""in_box"": 1}, {""name"": ""ground smoked paprika"", ""label"": ""Ground smoked paprika (2tsp)"", ""in_box"": 1}, {""name"": ""chipotle paste"", ""label"": ""Chipotle paste (20g)"", ""in_box"": 1}, {""name"": ""garlic clove"", ""label"": ""Garlic clove"", ""in_box"": 1}, {""name"": ""coriander"", ""label"": ""Coriander (5g)"", ""in_box"": 1}, {""name"": ""lime"", ""label"": ""Lime"", ""in_box"": 1}, {""name"": ""cherry tomatoes"", ""label"": ""Cherry tomatoes (125g)"", ""in_box"": 1}]"
2026-10-13,2026-08-26,6ae317e6-2404-4f2a-b1f7-3b1cc132c04f,7369,Curried Basa W. Saag Aloo-Style Potatoes & Mango Yoghurt,False,0.0,444,429,32.5,10.7,2.1,52.5,16.5,10.0,0.94,96,7.3,2.4,0.5,11.8,3.7,2.3,0.21,2,20,full-prep,spicy,Protein Hit,Gluten Free,4.33,1802,True,"[{""name"": ""mango chutney"", ""label"": ""Mango chutney (20g)"", ""in_box"": 1}, {""name"": ""ground turmeric"", ""label"": ""Ground turmeric (0.5tsp)"", ""in_box"": 1}, {""name"": ""basa fillets"", ""label"": ""Basa fillets (2pcs)"", ""in_box"": 1}, {""name"": ""curry powder"", ""label"": ""Curry powder (1tbsp)"", ""in_box"": 1}, {""name"": ""natural yoghurt"", ""label"": ""Natural yoghurt (80g)"", ""in_box"": 1}, {""name"": ""blanched peas"", ""label"": ""Blanched peas (160g)"", ""in_box"": 1}, {""name"": ""black mustard seeds"", ""label"": ""Black mustard seeds (1tsp)"", ""in_box"": 1}, {""name"": ""ginger & garlic paste"", ""label"": ""Ginger & garlic paste (15g)"", ""in_box"": 1}, {""name"": ""black sesame seeds"", ""label"": ""Black sesame seeds (5g)"", ""in_box"": 1}, {""name"": ""spinach"", ""label"": ""Spinach (80g)"", ""in_box"": 1}, {""name"": ""flaked almonds"", ""label"": ""Flaked almonds (15g)"", ""in_box"": 1}, {""name"": ""white potato"", ""label"": ""White potato x3"", ""in_box"": 3}]"
2026-10-13,2026-08-26,dfa984c8-d370-482a-9e42-76b07ed0b401,2643,Curried Chicken Grain Bowl With Turmeric Yoghurt,False,0.0,470,534,40.2,6.9,2.2,75.9,28.2,8.6,0.76,113,8.6,1.5,0.5,16.2,6.0,1.8,0.16,4,35,full-prep,spicy,Veg Boost,Gluten Free,4.13,15763,True,"[{""name"": ""ground turmeric"", ""label"": ""Ground turmeric (0.5tsp)"", ""in_box"": 1}, {""name"": ""red chilli"", ""label"": ""Red chilli"", ""in_box"": 1}, {""name"": ""chicken breast portions"", ""label"": ""Chicken breast portions (2pcs)"", ""in_box"": 1}, {""name"": ""curry powder"", ""label"": ""Curry powder (1tbsp)"", ""in_box"": 1}, {""name"": ""natural yoghurt"", ""label"": ""Natural yoghurt (80g)"", ""in_box"": 1}, {""name"": ""cider vinegar"", ""label"": ""Cider vinegar (15ml)"", ""in_box"": 1}, {""name"": ""sultanas"", ""label"": ""Sultanas (30g)"", ""in_box"": 1}, {""name"": ""chopped dates"", ""label"": ""Chopped dates (30g)"", ""in_box"": 1}, {""name"": ""spinach"", ""label"": ""Spinach (80g)"", ""in_box"": 1}, {""name"": ""cherry tomatoes"", ""label"": ""Cherry tomatoes (125g)"", ""in_box"": 1}, {""name"": ""green lentils"", ""label"": ""Green lentils (185g)"", ""in_box"": 1}, {""name"": ""red onion"", ""label"": ""Red onion"", ""in_box"": 1}, {""name"": ""brown long grain rice"", ""label"": ""Brown long grain rice (100g)"", ""in_box"": 1}]"
2026-10-13,2026-08-26,912fab0b-4984-46d0-a8f9-f978463f28c1,5239,Curried Lentil & Chicken Soup With Garlic Roti,False,0.0,465,709,51.3,13.2,2.1,95.4,13.9,20.1,2.11,152,11.0,2.8,0.5,20.5,3.0,4.3,0.45,3,40,full-prep,mild,Fibre Fix,Dairy Free,4.43,2220,True,"[{""name"": ""roti"", ""label"": ""Roti (4pcs)"", ""in_box"": 1}, {""name"": ""intense chicken stock mix"", ""label"": ""Intense chicken stock mix (5.5g)"", ""in_box"": 1}, {""name"": ""chicken breast strips"", ""label"": ""Chicken breast strips (250g)"", ""in_box"": 1}, {""name"": ""red lentils"", ""label"": ""Red lentils (100g)"", ""in_box"": 1}, {""name"": ""tomato paste"", ""label"": ""Tomato paste (32g)"", ""in_box"": 1}, {""name"": ""curry powder"", ""label"": ""Curry powder (1tbsp)"", ""in_box"": 1}, {""name"": ""garlic clove"", ""label"": ""Garlic clove x3"", ""in_box"": 3}, {""name"": ""brown onion"", ""label"": ""Brown onion"", ""in_box"": 1}, {""name"": ""carrot"", ""label"": ""Carrot x2"", ""in_box"": 2}]"
2026-10-13,2026-08-26,bb2231a1-74bf-4dad-a76c-a48f060213ac,7201,Extra Easy Margherita Pizza With Chilli Oil And Cucumber Salad,False,0.0,384,682,29.9,14.6,7.9,109.1,19.5,7.0,1.77,177,7.8,3.8,2.1,28.4,5.1,1.8,0.46,3,30,full-prep,spicy,Family Kitchen,Vegetarian,4.34,7963,True,"[{""name"": ""dried oregano"", ""label"": ""Dried oregano (1tsp)"", ""in_box"": 1}, {""name"": ""Wildfarmed pizza bases"", ""label"": ""Wildfarmed pizza bases (2pcs)"", ""in_box"": 1}, {""name"": ""dried chilli flakes"", ""label"": ""Dried chilli flakes (0.5tsp)"", ""in_box"": 1}, {""name"": ""tomato paste"", ""label"": ""Tomato paste (32g) x2"", ""in_box"": 2}, {""name"": ""garlic clove"", ""label"": ""Garlic clove"", ""in_box"": 1}, {""name"": ""basil"", ""label"": ""Basil (5g)"", ""in_box"": 1}, {""name"": ""mozzarella"", ""label"": ""Mozzarella (125g)"", ""in_box"": 1}, {""name"": ""cucumber"", ""label"": ""Cucumber (0.5pcs)"", ""in_box"": 1}, {""name"": ""rocket"", ""label"": ""Rocket (20g)"", ""in_box"": 1}, {""name"": ""balsamic vinegar"", ""label"": ""Balsamic vinegar (15ml)"", ""in_box"": 1}]"
2026-10-13,2026-08-26,7ec944ab-2731-48f5-81f1-1713fb7c32eb,9268,Fijian-Style Lime & Coconut Pollock Curry With Rice,False,0.0,398,397,23.3,6.4,4.2,65.5,5.2,2.7,1.94,99,5.9,1.6,1.1,16.5,1.3,0.7,0.49,2,25,full-prep,mild,20 minute meals,Dairy Free; Gluten Free,4.22,2517,True,"[{""name"": ""tomato"", ""label"": ""Tomato x2"", ""in_box"": 2}, {""name"": ""cultured coconut"", ""label"": ""Cultured coconut (80g)"", ""in_box"": 1}, {""name"": ""white long grain rice"", ""label"": ""White long grain rice (130g)"", ""in_box"": 1}, {""name"": ""ground turmeric"", ""label"": ""Ground turmeric (0.5tsp)"", ""in_box"": 1}, {""name"": ""diced pollock"", ""label"": ""Diced pollock (200g)"", ""in_box"": 1}, {""name"": ""intense vegetable stock mix"", ""label"": ""Intense vegetable stock mix (5.5g)"", ""in_box"": 1}, {""name"": ""curry powder"", ""label"": ""Curry powder (0.5tbsp)"", ""in_box"": 1}, {""name"": ""ginger paste"", ""label"": ""Ginger paste (15g)"", ""in_box"": 1}, {""name"": ""spinach"", ""label"": ""Spinach (80g)"", ""in_box"": 1}, {""name"": ""lime"", ""label"": ""Lime"", ""in_box"": 1}]"
2026-10-13,2026-08-26,3ff4ec36-7137-4195-8a90-8d303ae4d976,1104,Filipino-Style Chicken Thigh Adobo With Rice,False,0.0,399,577,40.1,16.5,4.4,69.6,5.6,5.0,2.88,144,10.0,4.1,1.1,17.4,1.4,1.3,0.72,1,35,full-prep,no spice,Global Kitchen,Dairy Free,4.23,14973,True,"[{""name"": ""white long grain rice"", ""label"": ""White long grain rice (130g)"", ""in_box"": 1}, {""name"": ""spring onion"", ""label"": ""Spring onion"", ""in_box"": 1}, {""name"": ""skinless chicken thighs"", ""label"": ""Skinless chicken thighs (320g)"", ""in_box"": 1}, {""name"": ""cornflour"", ""label"": ""Cornflour (1tbsp)"", ""in_box"": 1}, {""name"": ""cider vinegar"", ""label"": ""Cider vinegar (30ml)"", ""in_box"": 1}, {""name"": ""garlic clove"", ""label"": ""Garlic clove x2"", ""in_box"": 2}, {""name"": ""Dried bay leaf"", ""label"": ""Dried bay leaf x2"", ""in_box"": 2}, {""name"": ""brown onion"", ""label"": ""Brown onion"", ""in_box"": 1}, {""name"": ""ginger paste"", ""label"": ""Ginger paste (15g)"", ""in_box"": 1}, {""name"": ""Tenderstem broccoli"", ""label"": ""Tenderstem broccoli (160g)"", ""in_box"": 1}, {""name"": ""soy sauce"", ""label"": ""Soy sauce (30ml)"", ""in_box"": 1}]"
2026-10-13,2026-08-26,1b82bd03-75e6-442c-80fc-87e437e32fc2,3901,French Onion & Bacon Soup With Cheesy Date Toasts,False,0.0,284,481,25.9,23.9,13.0,40.9,15.0,5.1,4.27,169,9.1,8.4,4.6,14.4,5.3,1.8,1.5,2,55,full-prep,no spice,Modern Bistro,,4.29,5596,True,"[{""name"": ""cheddar cheese"", ""label"": ""Cheddar cheese (40g) x2"", ""in_box"": 2}, {""name"": ""bacon lardons"", ""label"": ""Bacon lardons (100g)"", ""in_box"": 1}, {""name"": ""ciabatta"", ""label"": ""Ciabatta"", ""in_box"": 1}, {""name"": ""beef stock mix"", ""label"": ""Beef stock mix (5.5g) x3"", ""in_box"": 3}, {""name"": ""garlic clove"", ""label"": ""Garlic clove x2"", ""in_box"": 2}, {""name"": ""thyme"", ""label"": ""Thyme (5g)"", ""in_box"": 1}, {""name"": ""brown onion"", ""label"": ""Brown onion x2"", ""in_box"": 2}, {""name"": ""Henderson's Relish"", ""label"": ""Henderson's Relish (15ml)"", ""in_box"": 1}, {""name"": ""rosemary"", ""label"": ""Rosemary (5g)"", ""in_box"": 1}, {""name"": ""chopped dates"", ""label"": ""Chopped dates (30g)"", ""in_box"": 1}, {""name"": ""rocket"", ""label"": ""Rocket (50g)"", ""in_box"": 1}, {""name"": ""red wine vinegar"", ""label"": ""Red wine vinegar (15ml)"", ""in_box"": 1}]"
2026-10-13,2026-08-26,06d23aa5-c2cb-4ff5-962c-ecb0bdfc8b8a,7214,"French Toast With Bacon, Spiced Nuts And Caramelised Apple",False,0.0,367,768,22.3,44.0,11.6,72.5,39.1,6.0,1.94,209,6.1,12.0,3.2,19.7,10.6,1.6,0.53,1,25,full-prep,no spice,20 minute meals,,4.04,972,True,"[{""name"": ""crème fraîche"", ""label"": ""Crème fraîche (80g)"", ""in_box"": 1}, {""name"": ""brioche style buns"", ""label"": ""Brioche style buns (2pcs)"", ""in_box"": 1}, {""name"": ""apple"", ""label"": ""Apple x2"", ""in_box"": 2}, {""name"": ""free range egg"", ""label"": ""Free range egg"", ""in_box"": 1}, {""name"": ""smoked streaky bacon"", ""label"": ""Smoked streaky bacon (90g)"", ""in_box"": 1}, {""name"": ""ground cinnamon"", ""label"": ""Ground cinnamon (0.5tsp) x2"", ""in_box"": 2}, {""name"": ""walnuts"", ""label"": ""Walnuts (25g)"", ""in_box"": 1}, {""name"": ""pecan nuts"", ""label"": ""Pecan nuts (25g)"", ""in_box"": 1}, {""name"": ""honey"", ""label"": ""Honey (25g) x2"", ""in_box"": 2}]"
2026-10-13,2026-08-26,1ee0857e-c44a-4446-8610-80db8c8da2e2,8720,"French-Style Roast Chicken Joint, Cheesy Truffle Frites & Salade",True,2.75,639,672,71.7,19.3,5.6,55.8,5.9,6.8,1.37,105,11.2,3.0,0.9,8.7,0.9,1.1,0.21,1,35,full-prep,no spice,Fine Dine In,,4.5,176,True,"[{""name"": ""gravy base"", ""label"": ""Gravy base (14g)"", ""in_box"": 1}, {""name"": ""chicken breast joint"", ""label"": ""Chicken breast joint x2"", ""in_box"": 2}, {""name"": ""dried thyme"", ""label"": ""Dried thyme (0.5tsp)"", ""in_box"": 1}, {""name"": ""baby leaf salad"", ""label"": ""Baby leaf salad (50g)"", ""in_box"": 1}, {""name"": ""parsley"", ""label"": ""Parsley (5g)"", ""in_box"": 1}, {""name"": ""red potato"", ""label"": ""Red potato x2"", ""in_box"": 2}, {""name"": ""shallot"", ""label"": ""Shallot x3"", ""in_box"": 3}, {""name"": ""truffle flavoured extra virgin olive oil"", ""label"": ""Truffle flavoured extra virgin olive oil (8ml)"", ""in_box"": 1}, {""name"": ""Italian hard cheese"", ""label"": ""Italian hard cheese (20g)"", ""in_box"": 1}, {""name"": ""cider vinegar"", ""label"": ""Cider vinegar (15ml)"", ""in_box"": 1}, {""name"": ""Dijon mustard"", ""label"": ""Dijon mustard (5.5g)"", ""in_box"": 1}]"
2026-10-13,2026-08-26,3487e5c9-a43a-49a9-9c06-6ca919d6e91b,8632,"Fried Chicken Feast With Bacon Loaded Fries, BBQ Beans And Slaw",True,2.25,599,778,47.3,34.8,13.1,69.4,14.9,11.9,2.01,129,7.9,5.8,2.2,11.6,2.5,2.0,0.34,1,45,full-prep,no spice,Ultimate Fakeaway,,4.13,366,True,"[{""name"": ""crème fraîche"", ""label"": ""Crème fraîche (80g)"", ""in_box"": 1}, {""name"": ""BBQ sauce"", ""label"": ""BBQ sauce (40g)"", ""in_box"": 1}, {""name"": ""ground coriander"", ""label"": ""Ground coriander (1tsp)"", ""in_box"": 1}, {""name"": ""carrot & cabbage slaw mix"", ""label"": ""Carrot & cabbage slaw mix (160g)"", ""in_box"": 1}, {""name"": ""skinless chicken thighs"", ""label"": ""Skinless chicken thighs (320g)"", ""in_box"": 1}, {""name"": ""cider vinegar"", ""label"": ""Cider vinegar (30ml)"", ""in_box"": 1}, {""name"": ""dried oregano"", ""label"": ""Dried oregano (1tsp)"", ""in_box"": 1}, {""name"": ""cannellini beans"", ""label"": ""Cannellini beans (185g)"", ""in_box"": 1}, {""name"": ""cornflour"", ""label"": ""Cornflour (4tbsp)"", ""in_box"": 1}, {""name"": ""ground smoked paprika"", ""label"": ""Ground smoked paprika (2tsp)"", ""in_box"": 1}, {""name"": ""smoked streaky bacon"", ""label"": ""Smoked streaky bacon (90g)"", ""in_box"": 1}, {""name"": ""garlic clove"", ""label"": ""Garlic clove x2"", ""in_box"": 2}, {""name"": ""chives"", ""label"": ""Chives (5g)"", ""in_box"": 1}, {""name"": ""white potato"", ""label"": ""White potato x3"", ""in_box"": 3}]"
2026-10-13,2026-08-26,4b934f4b-1562-403b-aa4d-a998f01c94d5,7353,Golden Chicken Grain Bowl With Sun-Dried Tomato Dressing,False,0.0,368,495,39.8,25.9,5.1,26.4,7.2,6.2,0.88,134,10.8,7.0,1.4,7.2,2.0,1.7,0.24,2,20,full-prep,no spice,Protein Hit,,4.03,2440,True,"[{""name"": ""Italian hard cheese"", ""label"": ""Italian hard cheese (20g)"", ""in_box"": 1}, {""name"": ""quinoa"", ""label"": ""Quinoa (70g)"", ""in_box"": 1}, {""name"": ""chicken breast strips"", ""label"": ""Chicken breast strips (250g)"", ""in_box"": 1}, {""name"": ""mayonnaise"", ""label"": ""Mayonnaise (25ml)"", ""in_box"": 1}, {""name"": ""tomato"", ""label"": ""Tomato x2"", ""in_box"": 2}, {""name"": ""pumpkin seeds"", ""label"": ""Pumpkin seeds (15g)"", ""in_box"": 1}, {""name"": ""baby leaf salad"", ""label"": ""Baby leaf salad (50g)"", ""in_box"": 1}, {""name"": ""balsamic sun-dried tomato paste"", ""label"": ""Balsamic sun-dried tomato paste (30g)"", ""in_box"": 1}, {""name"": ""shredded kale"", ""label"": ""Shredded kale (80g)"", ""in_box"": 1}, {""name"": ""white wine vinegar"", ""label"": ""White wine vinegar (15ml)"", ""in_box"": 1}]"
2026-10-13,2026-08-26,5a569235-9cc7-4f73-bf13-0918eccbfa3b,8782,Golden King Oyster Mushrooms With Truffled Mushroom Risotto,True,1.5,309,532,14.2,22.3,11.9,66.9,4.1,3.4,2.23,172,4.6,7.2,3.9,21.6,1.3,1.1,0.72,2,40,full-prep,no spice,Fine Dine In,Vegetarian,4.21,116,True,"[{""name"": ""soy sauce"", ""label"": ""Soy sauce (8ml)"", ""in_box"": 1}, {""name"": ""Cornish clotted cream"", ""label"": ""Cornish clotted cream (40g)"", ""in_box"": 1}, {""name"": ""king oyster mushroom"", ""label"": ""King oyster mushroom (160g)"", ""in_box"": 1}, {""name"": ""intense vegetable stock mix"", ""label"": ""Intense vegetable stock mix (5.5g)"", ""in_box"": 1}, {""name"": ""garlic clove"", ""label"": ""Garlic clove x2"", ""in_box"": 2}, {""name"": ""brown onion"", ""label"": ""Brown onion"", ""in_box"": 1}, {""name"": ""truffle flavoured extra virgin olive oil"", ""label"": ""Truffle flavoured extra virgin olive oil (8ml)"", ""in_box"": 1}, {""name"": ""arborio rice"", ""label"": ""Arborio rice (160g)"", ""in_box"": 1}, {""name"": ""grated Italian hard cheese"", ""label"": ""Grated Italian hard cheese (30g)"", ""in_box"": 1}, {""name"": ""Chinese rice wine"", ""label"": ""Chinese rice wine (15ml)"", ""in_box"": 1}, {""name"": ""chestnut mushrooms"", ""label"": ""Chestnut mushrooms (80g)"", ""in_box"": 1}, {""name"": ""rocket"", ""label"": ""Rocket (20g)"", ""in_box"": 1}]"
2026-10-13,2026-08-26,0a71e411-ea2a-4dfe-a402-b62f0e19a8c8,12421,Greek-Style Double Chicken Breast Salad,True,1.5,538,558,64.7,17.1,5.5,35.3,6.6,3.5,1.76,103,12.0,3.2,1.0,6.6,1.2,0.6,0.33,2,10,full-prep,no spice,10-Minute,,0,0,True,"[{""name"": ""chicken stock mix"", ""label"": ""Chicken stock mix (5.5g)"", ""in_box"": 1}, {""name"": ""dried oregano"", ""label"": ""Dried oregano (1tsp)"", ""in_box"": 1}, {""name"": ""diced chicken breast"", ""label"": ""Diced chicken breast (250g) x2"", ""in_box"": 2}, {""name"": ""couscous"", ""label"": ""Couscous (80g)"", ""in_box"": 1}, {""name"": ""black olives"", ""label"": ""Black olives (40g)"", ""in_box"": 1}, {""name"": ""lemon"", ""label"": ""Lemon"", ""in_box"": 1}, {""name"": ""roasted garlic paste"", ""label"": ""Roasted garlic paste (15g)"", ""in_box"": 1}, {""name"": ""feta"", ""label"": ""Feta (30g)"", ""in_box"": 1}, {""name"": ""cucumber"", ""label"": ""Cucumber (0.5pcs)"", ""in_box"": 1}, {""name"": ""parsley"", ""label"": ""Parsley (10g)"", ""in_box"": 1}, {""name"": ""baby plum tomatoes"", ""label"": ""Baby plum tomatoes (125g)"", ""in_box"": 1}]"
2026-10-13,2026-08-26,5daf875a-6e9a-44a0-a8be-6cb6e96c8b28,3430,Grilled Peanut Butter Chicken With Vibrant Noodles,False,0.0,414,518,41.4,12.1,2.2,60.8,7.7,5.0,3.08,124,10.0,2.9,0.5,14.7,1.9,1.2,0.74,2,25,full-prep,mild,20 minute meals,Dairy Free,4.15,20243,True,"[{""name"": ""chicken breast strips"", ""label"": ""Chicken breast strips (250g)"", ""in_box"": 1}, {""name"": ""red pepper"", ""label"": ""Red pepper"", ""in_box"": 1}, {""name"": ""yellow pepper"", ""label"": ""Yellow pepper"", ""in_box"": 1}, {""name"": ""dried chilli flakes"", ""label"": ""Dried chilli flakes (0.5tsp)"", ""in_box"": 1}, {""name"": ""medium egg noodle nests"", ""label"": ""Medium egg noodle nests (2pcs)"", ""in_box"": 1}, {""name"": ""spring onion"", ""label"": ""Spring onion"", ""in_box"": 1}, {""name"": ""garlic clove"", ""label"": ""Garlic clove x2"", ""in_box"": 2}, {""name"": ""soy sauce"", ""label"": ""Soy sauce (30ml)"", ""in_box"": 1}, {""name"": ""lime"", ""label"": ""Lime"", ""in_box"": 1}, {""name"": ""smooth peanut butter"", ""label"": ""Smooth peanut butter (26g)"", ""in_box"": 1}]"
2026-10-13,2026-08-26,e1276383-6057-4d95-800b-de8f63863434,4491,Harissa Hummus With Roasted Chicken & Quinoa Salad,False,0.0,525,557,45.4,19.7,3.5,47.4,14.7,15.6,0.69,106,8.7,3.7,0.7,9.0,2.8,3.0,0.13,3,45,full-prep,spicy,Global Kitchen,Dairy Free,4.17,360,True,"[{""name"": ""harissa paste"", ""label"": ""Harissa paste (20g) x2"", ""in_box"": 2}, {""name"": ""quinoa"", ""label"": ""Quinoa (70g)"", ""in_box"": 1}, {""name"": ""dried chilli flakes"", ""label"": ""Dried chilli flakes (0.5tsp)"", ""in_box"": 1}, {""name"": ""chicken breast portions"", ""label"": ""Chicken breast portions (2pcs)"", ""in_box"": 1}, {""name"": ""garlic clove"", ""label"": ""Garlic clove"", ""in_box"": 1}, {""name"": ""chickpeas"", ""label"": ""Chickpeas (390g)"", ""in_box"": 1}, {""name"": ""pumpkin seeds"", ""label"": ""Pumpkin seeds (15g)"", ""in_box"": 1}, {""name"": ""lemon"", ""label"": ""Lemon"", ""in_box"": 1}, {""name"": ""carrot"", ""label"": ""Carrot"", ""in_box"": 1}, {""name"": ""mint"", ""label"": ""Mint (5g) x2"", ""in_box"": 2}, {""name"": ""black sesame seeds"", ""label"": ""Black sesame seeds (5g)"", ""in_box"": 1}, {""name"": ""rocket"", ""label"": ""Rocket (50g)"", ""in_box"": 1}, {""name"": ""red onion"", ""label"": ""Red onion x2"", ""in_box"": 2}, {""name"": ""tahini"", ""label"": ""Tahini (15g)"", ""in_box"": 1}]"
2026-10-13,2026-08-26,51372f91-9d6b-4aa1-be24-264c5aeb20e6,3075,Hariyali-Style Basa With Rice And Salad,False,0.0,396,419,28.3,3.8,1.6,71.1,12.3,3.3,0.35,105,7.1,1.0,0.4,17.9,3.1,0.8,0.09,2,30,full-prep,mild,20 minute meals,Gluten Free,4.14,2382,True,"[{""name"": ""white long grain rice"", ""label"": ""White long grain rice (130g)"", ""in_box"": 1}, {""name"": ""green chilli"", ""label"": ""Green chilli"", ""in_box"": 1}, {""name"": ""mango chutney"", ""label"": ""Mango chutney (20g)"", ""in_box"": 1}, {""name"": ""basa fillets"", ""label"": ""Basa fillets (2pcs)"", ""in_box"": 1}, {""name"": ""ground cumin"", ""label"": ""Ground cumin (1tsp)"", ""in_box"": 1}, {""name"": ""garam masala"", ""label"": ""Garam masala (1tsp)"", ""in_box"": 1}, {""name"": ""garlic clove"", ""label"": ""Garlic clove x2"", ""in_box"": 2}, {""name"": ""fresh root ginger"", ""label"": ""Fresh root ginger (15g)"", ""in_box"": 1}, {""name"": ""coriander"", ""label"": ""Coriander (10g) x2"", ""in_box"": 2}, {""name"": ""tomato"", ""label"": ""Tomato"", ""in_box"": 1}, {""name"": ""natural yoghurt"", ""label"": ""Natural yoghurt (80g)"", ""in_box"": 1}, {""name"": ""lemon"", ""label"": ""Lemon"", ""in_box"": 1}, {""name"": ""mint"", ""label"": ""Mint (5g) x2"", ""in_box"": 2}, {""name"": ""gem lettuce"", ""label"": ""Gem lettuce"", ""in_box"": 1}]"
2026-10-13,2026-08-26,0154ebfe-f65e-498e-97f5-08d6016b8466,4347,Herb-Crusted Basa With Romesco Potatoes And Aioli,False,0.0,463,519,27.8,26.8,2.6,44.2,6.9,6.5,0.38,112,6.0,5.8,0.6,9.5,1.5,1.4,0.08,2,35,full-prep,mild,Modern Bistro,Dairy Free,4.45,9507,True,"[{""name"": ""red pepper"", ""label"": ""Red pepper"", ""in_box"": 1}, {""name"": ""basa fillets"", ""label"": ""Basa fillets (2pcs)"", ""in_box"": 1}, {""name"": ""panko breadcrumbs"", ""label"": ""Panko breadcrumbs (20g)"", ""in_box"": 1}, {""name"": ""mayonnaise"", ""label"": ""Mayonnaise (50ml)"", ""in_box"": 1}, {""name"": ""ground smoked paprika"", ""label"": ""Ground smoked paprika (2tsp)"", ""in_box"": 1}, {""name"": ""garlic clove"", ""label"": ""Garlic clove x2"", ""in_box"": 2}, {""name"": ""lemon"", ""label"": ""Lemon"", ""in_box"": 1}, {""name"": ""parsley"", ""label"": ""Parsley (10g)"", ""in_box"": 1}, {""name"": ""spinach"", ""label"": ""Spinach (80g)"", ""in_box"": 1}, {""name"": ""flaked almonds"", ""label"": ""Flaked almonds (15g)"", ""in_box"": 1}, {""name"": ""white potato"", ""label"": ""White potato x3"", ""in_box"": 3}]"
2026-10-13,2026-08-26,ca9e4f2c-cb07-4d8f-81f3-8cc52353f843,5611,Herby Chicken With Creamy Leek Sauce And Buttery Mash,False,0.0,552,449,34.7,12.2,6.3,53.5,12.8,10.8,1.5,81,6.3,2.2,1.1,9.7,2.3,1.9,0.27,2,45,full-prep,no spice,Modern Bistro,,4.19,14257,True,"[{""name"": ""crème fraîche"", ""label"": ""Crème fraîche (80g)"", ""in_box"": 1}, {""name"": ""intense chicken stock mix"", ""label"": ""Intense chicken stock mix (5.5g)"", ""in_box"": 1}, {""name"": ""leek"", ""label"": ""Leek"", ""in_box"": 1}, {""name"": ""chicken breast portions"", ""label"": ""Chicken breast portions (2pcs)"", ""in_box"": 1}, {""name"": ""dried thyme"", ""label"": ""Dried thyme (0.5tsp)"", ""in_box"": 1}, {""name"": ""garlic clove"", ""label"": ""Garlic clove"", ""in_box"": 1}, {""name"": ""carrot"", ""label"": ""Carrot x2"", ""in_box"": 2}, {""name"": ""white potato"", ""label"": ""White potato x4"", ""in_box"": 4}, {""name"": ""Dijon mustard"", ""label"": ""Dijon mustard (5.5g)"", ""in_box"": 1}]"
2026-10-13,2026-08-26,34c9eb19-e9c6-4288-a2f1-3631d4eb0edd,4767,Herby Plant-Based Mushroom Gnocchi Bolognese,False,0.0,458,370,20.8,1.8,0.5,68.2,6.7,6.1,2.63,80,4.5,0.4,0.1,14.9,1.5,1.3,0.57,3,10,full-prep,no spice,10-Minute,Vegan; Vegetarian; Dairy Free,4.05,2346,True,"[{""name"": ""dried oregano"", ""label"": ""Dried oregano (1tsp)"", ""in_box"": 1}, {""name"": ""umami seasoning"", ""label"": ""Umami seasoning (1tbsp)"", ""in_box"": 1}, {""name"": ""finely chopped tomatoes"", ""label"": ""Finely chopped tomatoes (200g)"", ""in_box"": 1}, {""name"": ""gnocchi"", ""label"": ""Gnocchi (350g)"", ""in_box"": 1}, {""name"": ""dried basil"", ""label"": ""Dried basil (1tsp)"", ""in_box"": 1}, {""name"": ""baby leaf salad"", ""label"": ""Baby leaf salad (50g)"", ""in_box"": 1}, {""name"": ""roasted garlic paste"", ""label"": ""Roasted garlic paste (15g)"", ""in_box"": 1}, {""name"": ""vegetable stock mix"", ""label"": ""Vegetable stock mix (5.5g)"", ""in_box"": 1}, {""name"": ""basil"", ""label"": ""Basil (10g)"", ""in_box"": 1}, {""name"": ""chestnut mushrooms"", ""label"": ""Chestnut mushrooms (160g)"", ""in_box"": 1}, {""name"": ""chestnut mushrooms"", ""label"": ""Chestnut mushrooms (80g)"", ""in_box"": 1}, {""name"": ""Marmite"", ""label"": ""Marmite (8g)"", ""in_box"": 1}, {""name"": ""balsamic vinegar"", ""label"": ""Balsamic vinegar (15ml)"", ""in_box"": 1}]"
2026-10-13,2026-08-26,69554bdb-22e9-4ed9-9938-1f58a55949e5,15250,Herby Pork Gnocchi Bolognese,False,0.0,444,581,41.9,18.1,7.9,64.1,5.0,4.3,2.2,131,9.4,4.1,1.8,14.4,1.1,1.0,0.5,1,10,full-prep,mild,10-Minute,,4.41,1248,True,"[{""name"": ""grated Italian hard cheese"", ""label"": ""Grated Italian hard cheese (30g)"", ""in_box"": 1}, {""name"": ""dried oregano"", ""label"": ""Dried oregano (1tsp)"", ""in_box"": 1}, {""name"": ""dried chilli flakes"", ""label"": ""Dried chilli flakes (0.5tsp)"", ""in_box"": 1}, {""name"": ""finely chopped tomatoes"", ""label"": ""Finely chopped tomatoes (200g)"", ""in_box"": 1}, {""name"": ""gnocchi"", ""label"": ""Gnocchi (350g)"", ""in_box"": 1}, {""name"": ""pork mince"", ""label"": ""Pork mince (250g)"", ""in_box"": 1}, {""name"": ""dried basil"", ""label"": ""Dried basil (1tsp)"", ""in_box"": 1}, {""name"": ""roasted garlic paste"", ""label"": ""Roasted garlic paste (15g)"", ""in_box"": 1}, {""name"": ""basil"", ""label"": ""Basil (10g)"", ""in_box"": 1}, {""name"": ""Marmite"", ""label"": ""Marmite (8g)"", ""in_box"": 1}, {""name"": ""rocket"", ""label"": ""Rocket (20g)"", ""in_box"": 1}]"
2026-10-13,2026-08-26,6265d764-96ad-444e-b528-1fe40a72591d,15867,Higgidy Spinach & Greek Feta Quiche With Paprika Wedges,True,1.0,454,482,15.6,19.1,7.7,66.2,7.8,8.6,1.52,106,3.4,4.2,1.7,14.6,1.7,1.9,0.33,1,30,full-prep,mild,Semi-Prepped,Vegetarian,4.7,10,True,"[{""name"": ""whipped feta & roasted tomato quiche with spinach"", ""label"": ""Whipped feta & roasted tomato quiche with spinach (155g) x2"", ""in_box"": 2}, {""name"": ""ground paprika"", ""label"": ""Ground paprika (1tsp)"", ""in_box"": 1}, {""name"": ""tomato"", ""label"": ""Tomato"", ""in_box"": 1}, {""name"": ""shallot"", ""label"": ""Shallot"", ""in_box"": 1}, {""name"": ""cucumber"", ""label"": ""Cucumber (0.5pcs)"", ""in_box"": 1}, {""name"": ""white wine vinegar"", ""label"": ""White wine vinegar (15ml)"", ""in_box"": 1}, {""name"": ""white potato"", ""label"": ""White potato x3"", ""in_box"": 3}]"
2026-10-13,2026-08-26,2cca0258-a206-4040-b22e-c626a83d87cb,4551,Hoisin Glazed Meatloaf With Crispy Potatoes,False,0.0,558,494,33.3,14.6,4.9,59.5,18.7,8.4,2.0,88,6.0,2.6,0.9,10.7,3.4,1.5,0.36,2,55,full-prep,mild,Global Kitchen,Dairy Free,4.28,3987,True,"[{""name"": ""ground coriander"", ""label"": ""Ground coriander (1tsp)"", ""in_box"": 1}, {""name"": ""red chilli"", ""label"": ""Red chilli"", ""in_box"": 1}, {""name"": ""panko breadcrumbs"", ""label"": ""Panko breadcrumbs (20g)"", ""in_box"": 1}, {""name"": ""pork mince"", ""label"": ""Pork mince (250g)"", ""in_box"": 1}, {""name"": ""garlic clove"", ""label"": ""Garlic clove x3"", ""in_box"": 3}, {""name"": ""fresh root ginger"", ""label"": ""Fresh root ginger (15g)"", ""in_box"": 1}, {""name"": ""pak choi"", ""label"": ""Pak choi (200g)"", ""in_box"": 1}, {""name"": ""toasted sesame seeds"", ""label"": ""Toasted sesame seeds (5g)"", ""in_box"": 1}, {""name"": ""shallot"", ""label"": ""Shallot"", ""in_box"": 1}, {""name"": ""hoisin sauce"", ""label"": ""Hoisin sauce (40g)"", ""in_box"": 1}, {""name"": ""Chinese rice wine"", ""label"": ""Chinese rice wine (15ml)"", ""in_box"": 1}, {""name"": ""carrot"", ""label"": ""Carrot x2"", ""in_box"": 2}, {""name"": ""soy sauce"", ""label"": ""Soy sauce (15ml)"", ""in_box"": 1}, {""name"": ""white potato"", ""label"": ""White potato x3"", ""in_box"": 3}]"
2026-10-13,2026-08-26,ccf28fac-46e3-4ab2-98a3-a69e52056cf5,8208,"Honey, Garlic & Lemon Salmon Tray Bake With Tenderstem",True,2.0,436,458,28.9,19.5,3.9,43.7,14.8,7.3,0.34,105,6.6,4.5,0.9,10.0,3.4,1.7,0.08,1,40,full-prep,no spice,Fine Dine In,Dairy Free; Gluten Free,4.47,3200,True,"[{""name"": ""waxy potatoes"", ""label"": ""Waxy potatoes (350g)"", ""in_box"": 1}, {""name"": ""skin on salmon fillets"", ""label"": ""Skin on salmon fillets (2pcs)"", ""in_box"": 1}, {""name"": ""ground paprika"", ""label"": ""Ground paprika (1tsp)"", ""in_box"": 1}, {""name"": ""lemon"", ""label"": ""Lemon"", ""in_box"": 1}, {""name"": ""roasted garlic paste"", ""label"": ""Roasted garlic paste (15g)"", ""in_box"": 1}, {""name"": ""Tenderstem broccoli"", ""label"": ""Tenderstem broccoli (160g)"", ""in_box"": 1}, {""name"": ""honey"", ""label"": ""Honey (25g)"", ""in_box"": 1}]"
2026-10-13,2026-08-26,d6aca751-938a-4ef1-95b6-49c1d05658d0,7572,Hot Honey Ranch Chicken Burger & Garlic Butter Potatoes,False,0.0,509,680,36.9,27.0,2.8,73.3,18.9,7.5,1.13,133,7.2,5.3,0.6,14.4,3.7,1.5,0.22,1,10,full-prep,spicy,10-Minute,Dairy Free,4.3,2905,True,"[{""name"": ""waxy potatoes"", ""label"": ""Waxy potatoes (350g)"", ""in_box"": 1}, {""name"": ""sriracha hot chilli sauce"", ""label"": ""Sriracha hot chilli sauce (8ml) x2"", ""in_box"": 2}, {""name"": ""chicken breast portions"", ""label"": ""Chicken breast portions (2pcs)"", ""in_box"": 1}, {""name"": ""mayonnaise"", ""label"": ""Mayonnaise (50ml)"", ""in_box"": 1}, {""name"": ""garlic clove"", ""label"": ""Garlic clove"", ""in_box"": 1}, {""name"": ""brioche style buns"", ""label"": ""Brioche style buns (2pcs)"", ""in_box"": 1}, {""name"": ""tomato"", ""label"": ""Tomato"", ""in_box"": 1}, {""name"": ""gem lettuce"", ""label"": ""Gem lettuce"", ""in_box"": 1}, {""name"": ""white wine vinegar"", ""label"": ""White wine vinegar (15ml)"", ""in_box"": 1}, {""name"": ""honey"", ""label"": ""Honey (25g)"", ""in_box"": 1}]"
2026-10-13,2026-08-26,97ec2f3a-2ea6-4e42-9607-9b49b1ca4802,15280,Hunters Chicken With Nutty Sweet Potato Mash & Greens,False,0.0,361,432,39.6,14.7,3.5,35.5,16.5,7.0,0.92,119,11.0,4.1,1.0,9.8,4.6,1.9,0.25,2,35,full-prep,no spice,Nutrient Rich,,4.05,336,True,"[{""name"": ""BBQ sauce"", ""label"": ""BBQ sauce (40g)"", ""in_box"": 1}, {""name"": ""chicken breast portions"", ""label"": ""Chicken breast portions (2pcs)"", ""in_box"": 1}, {""name"": ""garlic clove"", ""label"": ""Garlic clove"", ""in_box"": 1}, {""name"": ""pine kernel & seed mix"", ""label"": ""Pine kernel & seed mix (30g)"", ""in_box"": 1}, {""name"": ""lighter cheese"", ""label"": ""Lighter cheese (30g)"", ""in_box"": 1}, {""name"": ""tomato paste"", ""label"": ""Tomato paste (16g)"", ""in_box"": 1}, {""name"": ""spring greens"", ""label"": ""Spring greens (150g)"", ""in_box"": 1}, {""name"": ""sweet potato"", ""label"": ""Sweet potato"", ""in_box"": 1}]"
2026-10-13,2026-08-26,ecfd57b3-46d9-4ba6-ba7e-074f05249e91,2193,Indian-Style Shepherd's Pie With Mustardy Greens,False,0.0,524,533,34.3,20.9,8.3,56.2,12.4,12.8,1.44,101,6.5,4.0,1.6,10.7,2.4,2.4,0.27,2,55,full-prep,mild,Global Kitchen,Gluten Free; Dairy Free,4.39,6066,True,"[{""name"": ""dried chilli flakes"", ""label"": ""Dried chilli flakes (1tsp)"", ""in_box"": 1}, {""name"": ""ground turmeric"", ""label"": ""Ground turmeric (0.5tsp)"", ""in_box"": 1}, {""name"": ""tomato paste"", ""label"": ""Tomato paste (32g)"", ""in_box"": 1}, {""name"": ""ground cumin"", ""label"": ""Ground cumin (1tsp)"", ""in_box"": 1}, {""name"": ""intense chicken stock mix"", ""label"": ""Intense chicken stock mix (5.5g)"", ""in_box"": 1}, {""name"": ""garlic clove"", ""label"": ""Garlic clove x2"", ""in_box"": 2}, {""name"": ""garam masala"", ""label"": ""Garam masala (1tbsp)"", ""in_box"": 1}, {""name"": ""black mustard seeds"", ""label"": ""Black mustard seeds (1tsp)"", ""in_box"": 1}, {""name"": ""lamb mince"", ""label"": ""Lamb mince (250g)"", ""in_box"": 1}, {""name"": ""carrot"", ""label"": ""Carrot"", ""in_box"": 1}, {""name"": ""black sesame seeds"", ""label"": ""Black sesame seeds (5g)"", ""in_box"": 1}, {""name"": ""spring greens"", ""label"": ""Spring greens (150g)"", ""in_box"": 1}, {""name"": ""red onion"", ""label"": ""Red onion"", ""in_box"": 1}, {""name"": ""white potato"", ""label"": ""White potato x4"", ""in_box"": 4}]"
2026-10-13,2026-08-26,a3165410-1a53-4393-8fe3-5648bf3975f8,1511,Indonesian-Style King Prawn Curry & Green Bean Rice,False,0.0,311,428,20.6,9.6,8.2,67.7,8.8,7.1,1.92,137,6.6,3.1,2.6,21.8,2.8,2.3,0.61,1,35,full-prep,spicy,Global Kitchen,Dairy Free; Gluten Free,4.18,10345,True,"[{""name"": ""fish sauce"", ""label"": ""Fish sauce (8ml)"", ""in_box"": 1}, {""name"": ""white basmati rice"", ""label"": ""White basmati rice (130g)"", ""in_box"": 1}, {""name"": ""solid creamed coconut"", ""label"": ""Solid creamed coconut (25g)"", ""in_box"": 1}, {""name"": ""dried chilli flakes"", ""label"": ""Dried chilli flakes (0.5tsp)"", ""in_box"": 1}, {""name"": ""raw peeled king prawns"", ""label"": ""Raw peeled king prawns (171g)"", ""in_box"": 1}, {""name"": ""chipotle paste"", ""label"": ""Chipotle paste (20g)"", ""in_box"": 1}, {""name"": ""garlic clove"", ""label"": ""Garlic clove x2"", ""in_box"": 2}, {""name"": ""fresh root ginger"", ""label"": ""Fresh root ginger (15g)"", ""in_box"": 1}, {""name"": ""fine green beans"", ""label"": ""Fine green beans (80g)"", ""in_box"": 1}, {""name"": ""cardamom pod"", ""label"": ""Cardamom pod"", ""in_box"": 1}, {""name"": ""red onion"", ""label"": ""Red onion x2"", ""in_box"": 2}]"
2026-10-13,2026-08-26,30613278-e095-493a-919e-787cea12f824,11316,Indonesian-Style Plant-Based Mince & Green Bean Curry,True,0.5,,585,34.7,24.6,,55.5,,14.7,2.52,,,,,,,,,2,30,full-prep,mild,Global Kitchen,Vegan; Vegetarian; Dairy Free,0,0,True,
2026-10-13,2026-08-26,e042dc10-3799-4774-b219-24bec152c97b,9079,Italian Cheese Crusted Squash Risotto With Brown Butter,False,0.0,328,492,21.7,8.7,5.5,80.6,9.8,5.3,1.71,149,6.6,2.7,1.7,24.5,3.0,1.6,0.52,2,45,full-prep,no spice,Modern Bistro,Vegetarian; Gluten Free,4.28,349,True,"[{""name"": ""seasonal squash"", ""label"": ""Seasonal squash (375g)"", ""in_box"": 1}, {""name"": ""umami seasoning"", ""label"": ""Umami seasoning (1tbsp)"", ""in_box"": 1}, {""name"": ""intense vegetable stock mix"", ""label"": ""Intense vegetable stock mix (5.5g)"", ""in_box"": 1}, {""name"": ""garlic clove"", ""label"": ""Garlic clove x2"", ""in_box"": 2}, {""name"": ""shallot"", ""label"": ""Shallot"", ""in_box"": 1}, {""name"": ""arborio rice"", ""label"": ""Arborio rice (160g)"", ""in_box"": 1}, {""name"": ""grated Italian hard cheese"", ""label"": ""Grated Italian hard cheese (30g)"", ""in_box"": 1}, {""name"": ""Italian hard cheese"", ""label"": ""Italian hard cheese (20g)"", ""in_box"": 1}, {""name"": ""Chinese rice wine"", ""label"": ""Chinese rice wine (15ml)"", ""in_box"": 1}]"
2026-10-13,2026-08-26,3d9e3d1a-ed03-4590-86c7-fa1294bc6ea7,3100,Kashmiri-Style Lamb Meatball Curry,False,0.0,380,592,35.0,19.2,8.7,75.1,9.1,3.1,0.94,155,9.2,5.0,2.3,19.7,2.4,0.8,0.25,1,35,full-prep,spicy,Global Kitchen,,4.17,1466,True,"[{""name"": ""white basmati rice"", ""label"": ""White basmati rice (130g)"", ""in_box"": 1}, {""name"": ""dried chilli flakes"", ""label"": ""Dried chilli flakes (0.5tsp)"", ""in_box"": 1}, {""name"": ""fennel seeds"", ""label"": ""Fennel seeds (1tsp)"", ""in_box"": 1}, {""name"": ""ground turmeric"", ""label"": ""Ground turmeric (1tsp)"", ""in_box"": 1}, {""name"": ""cumin seeds"", ""label"": ""Cumin seeds (1tsp)"", ""in_box"": 1}, {""name"": ""panko breadcrumbs"", ""label"": ""Panko breadcrumbs (20g)"", ""in_box"": 1}, {""name"": ""tomato"", ""label"": ""Tomato x2"", ""in_box"": 2}, {""name"": ""brown onion"", ""label"": ""Brown onion"", ""in_box"": 1}, {""name"": ""natural yoghurt"", ""label"": ""Natural yoghurt (80g)"", ""in_box"": 1}, {""name"": ""lamb mince"", ""label"": ""Lamb mince (250g)"", ""in_box"": 1}, {""name"": ""coriander"", ""label"": ""Coriander (5g)"", ""in_box"": 1}, {""name"": ""chicken stock mix"", ""label"": ""Chicken stock mix (5.5g)"", ""in_box"": 1}, {""name"": ""cardamom pod"", ""label"": ""Cardamom pod x2"", ""in_box"": 2}]"
2026-10-13,2026-08-26,6b1f514a-63b7-44a7-9e61-1680de6876c0,17607,King Prawn Arrabbiata Linguine,True,0.75,385,393,19.2,10.8,1.2,50.4,13.5,8.9,3.08,102,5.0,2.8,0.3,13.1,3.5,2.3,0.8,2,5,heat-only,mild,Heat & Eat,,0,0,True,"[{""name"": ""king prawn arrabbiata linguine"", ""label"": ""King prawn arrabbiata linguine (420g) x2"", ""in_box"": 2}]"
2026-10-13,2026-08-26,7515f6b3-0d2e-4463-b1cb-5d9905051d97,3177,King Prawn Korma With Cardamom & Green Bean Rice,False,0.0,264,419,19.2,9.9,8.4,64.5,5.3,6.5,1.16,158,7.3,3.7,3.2,24.4,2.0,2.5,0.44,1,25,full-prep,mild,20 minute meals,Gluten Free; Dairy Free,4.11,7132,True,"[{""name"": ""white long grain rice"", ""label"": ""White long grain rice (130g)"", ""in_box"": 1}, {""name"": ""solid creamed coconut"", ""label"": ""Solid creamed coconut (25g)"", ""in_box"": 1}, {""name"": ""raw peeled king prawns"", ""label"": ""Raw peeled king prawns (171g)"", ""in_box"": 1}, {""name"": ""curry powder"", ""label"": ""Curry powder (1tbsp)"", ""in_box"": 1}, {""name"": ""garlic clove"", ""label"": ""Garlic clove x2"", ""in_box"": 2}, {""name"": ""fresh root ginger"", ""label"": ""Fresh root ginger (15g)"", ""in_box"": 1}, {""name"": ""brown onion"", ""label"": ""Brown onion"", ""in_box"": 1}, {""name"": ""coriander"", ""label"": ""Coriander (5g)"", ""in_box"": 1}, {""name"": ""fine green beans"", ""label"": ""Fine green beans (80g)"", ""in_box"": 1}, {""name"": ""cardamom pod"", ""label"": ""Cardamom pod x3"", ""in_box"": 3}]"
2026-10-13,2026-08-26,59543965-4c7e-4776-b96a-e4cf3951ca23,3181,"King Prawn, Garlic & Chilli Linguine",False,0.0,352,429,26.1,2.3,0.7,74.2,6.9,4.9,0.75,121,7.4,0.7,0.2,21.1,2.0,1.4,0.21,2,25,full-prep,spicy,20 minute meals,Dairy Free,4.07,24148,True,"[{""name"": ""raw peeled king prawns"", ""label"": ""Raw peeled king prawns (171g)"", ""in_box"": 1}, {""name"": ""spring onion"", ""label"": ""Spring onion x2"", ""in_box"": 2}, {""name"": ""red chilli"", ""label"": ""Red chilli"", ""in_box"": 1}, {""name"": ""linguine"", ""label"": ""Linguine (190g)"", ""in_box"": 1}, {""name"": ""garlic clove"", ""label"": ""Garlic clove x3"", ""in_box"": 3}, {""name"": ""baby leaf salad"", ""label"": ""Baby leaf salad (50g)"", ""in_box"": 1}, {""name"": ""lemon"", ""label"": ""Lemon"", ""in_box"": 1}, {""name"": ""parsley"", ""label"": ""Parsley (10g)"", ""in_box"": 1}, {""name"": ""cherry tomatoes"", ""label"": ""Cherry tomatoes (125g)"", ""in_box"": 1}]"
2026-10-13,2026-08-26,4084507d-54bc-44e6-961d-d371bea194f2,1106,Korean-Style Beef Bibimbap With Smashed Cucumber,False,0.0,482,744,40.7,32.7,11.1,74.5,15.0,4.4,2.75,154,8.4,6.8,2.3,15.4,3.1,0.9,0.57,2,35,full-prep,mild,Global Kitchen,Dairy Free,4.29,2838,True,"[{""name"": ""white long grain rice"", ""label"": ""White long grain rice (130g)"", ""in_box"": 1}, {""name"": ""white miso paste"", ""label"": ""White miso paste (17g)"", ""in_box"": 1}, {""name"": ""beef mince"", ""label"": ""Beef mince (250g)"", ""in_box"": 1}, {""name"": ""free range egg"", ""label"": ""Free range egg x2"", ""in_box"": 2}, {""name"": ""sriracha hot chilli sauce"", ""label"": ""Sriracha hot chilli sauce (8ml)"", ""in_box"": 1}, {""name"": ""garlic clove"", ""label"": ""Garlic clove x2"", ""in_box"": 2}, {""name"": ""fresh root ginger"", ""label"": ""Fresh root ginger (15g)"", ""in_box"": 1}, {""name"": ""toasted sesame oil"", ""label"": ""Toasted sesame oil (10ml)"", ""in_box"": 1}, {""name"": ""cucumber"", ""label"": ""Cucumber (0.5pcs)"", ""in_box"": 1}, {""name"": ""rice vinegar"", ""label"": ""Rice vinegar (15ml)"", ""in_box"": 1}, {""name"": ""carrot"", ""label"": ""Carrot"", ""in_box"": 1}, {""name"": ""soy sauce"", ""label"": ""Soy sauce (15ml)"", ""in_box"": 1}, {""name"": ""spinach"", ""label"": ""Spinach (80g)"", ""in_box"": 1}, {""name"": ""honey"", ""label"": ""Honey (25g)"", ""in_box"": 1}]"
2026-10-13,2026-08-26,d75b3db9-b84c-4ccb-bc38-92b13b632a71,5394,Korean-Style Pulled Shiitake Mushroom Sandwich,False,0.0,437,744,21.4,29.6,9.9,79.4,17.7,22.7,3.2,170,4.9,6.8,2.3,18.2,4.0,5.2,0.73,1,40,full-prep,spicy,Global Kitchen,Vegan; Vegetarian; Dairy Free,4.48,1770,True,"[{""name"": ""Fable® meaty pulled mushrooms"", ""label"": ""Fable® meaty pulled mushrooms (180g)"", ""in_box"": 1}, {""name"": ""carrot & cabbage slaw mix"", ""label"": ""Carrot & cabbage slaw mix (160g)"", ""in_box"": 1}, {""name"": ""gochujang paste"", ""label"": ""Gochujang paste (30g)"", ""in_box"": 1}, {""name"": ""spring onion"", ""label"": ""Spring onion"", ""in_box"": 1}, {""name"": ""soy sauce"", ""label"": ""Soy sauce (8ml)"", ""in_box"": 1}, {""name"": ""vegan mayonnaise"", ""label"": ""Vegan mayonnaise (25ml)"", ""in_box"": 1}, {""name"": ""brioche style buns"", ""label"": ""Brioche style buns (2pcs)"", ""in_box"": 1}, {""name"": ""ginger & garlic paste"", ""label"": ""Ginger & garlic paste (15g)"", ""in_box"": 1}, {""name"": ""rice vinegar"", ""label"": ""Rice vinegar (15ml)"", ""in_box"": 1}, {""name"": ""black sesame seeds"", ""label"": ""Black sesame seeds (5g)"", ""in_box"": 1}, {""name"": ""white potato"", ""label"": ""White potato x3"", ""in_box"": 3}]"
2026-10-13,2026-08-26,baa08157-7f73-40f3-8e0c-27f107026a5c,1908,Lamb Keema Pav With Turmeric Roast Potatoes,False,0.0,510,621,36.0,21.3,8.1,74.9,13.2,11.2,1.3,121,7.1,4.2,1.6,14.7,2.6,2.2,0.25,2,45,full-prep,mild,Global Kitchen,Dairy Free,4.25,4828,True,"[{""name"": ""tomato"", ""label"": ""Tomato x2"", ""in_box"": 2}, {""name"": ""chicken stock mix"", ""label"": ""Chicken stock mix (5.5g)"", ""in_box"": 1}, {""name"": ""brioche style buns"", ""label"": ""Brioche style buns (2pcs)"", ""in_box"": 1}, {""name"": ""green chilli"", ""label"": ""Green chilli"", ""in_box"": 1}, {""name"": ""ground turmeric"", ""label"": ""Ground turmeric (0.5tsp)"", ""in_box"": 1}, {""name"": ""ground coriander"", ""label"": ""Ground coriander (2tsp)"", ""in_box"": 1}, {""name"": ""tomato paste"", ""label"": ""Tomato paste (32g)"", ""in_box"": 1}, {""name"": ""ground cumin"", ""label"": ""Ground cumin (1tsp)"", ""in_box"": 1}, {""name"": ""garlic clove"", ""label"": ""Garlic clove x2"", ""in_box"": 2}, {""name"": ""garam masala"", ""label"": ""Garam masala (1tbsp)"", ""in_box"": 1}, {""name"": ""lamb mince"", ""label"": ""Lamb mince (250g)"", ""in_box"": 1}, {""name"": ""red onion"", ""label"": ""Red onion"", ""in_box"": 1}, {""name"": ""white potato"", ""label"": ""White potato x3"", ""in_box"": 3}]"
2026-10-13,2026-08-26,ec333d53-8906-4d30-8a88-ef80aa3f8afc,6308,Lamb Rogan Roast With Bombay Potatoes & Spiced Peas,True,5.0,584,574,42.3,22.3,9.2,54.5,16.3,12.0,1.86,98,7.2,3.8,1.6,9.3,2.8,2.1,0.32,2,40,full-prep,mild,Global Kitchen,Gluten Free,4.11,434,True,"[{""name"": ""ground turmeric"", ""label"": ""Ground turmeric (1tsp)"", ""in_box"": 1}, {""name"": ""finely chopped tomatoes"", ""label"": ""Finely chopped tomatoes (200g)"", ""in_box"": 1}, {""name"": ""intense beef stock mix"", ""label"": ""Intense beef stock mix (5.5g)"", ""in_box"": 1}, {""name"": ""lamb leg joint"", ""label"": ""Lamb leg joint (300g)"", ""in_box"": 1}, {""name"": ""curry powder"", ""label"": ""Curry powder (1tbsp)"", ""in_box"": 1}, {""name"": ""garlic clove"", ""label"": ""Garlic clove"", ""in_box"": 1}, {""name"": ""fresh root ginger"", ""label"": ""Fresh root ginger (15g)"", ""in_box"": 1}, {""name"": ""garam masala"", ""label"": ""Garam masala (1tbsp)"", ""in_box"": 1}, {""name"": ""brown onion"", ""label"": ""Brown onion"", ""in_box"": 1}, {""name"": ""natural yoghurt"", ""label"": ""Natural yoghurt (80g)"", ""in_box"": 1}, {""name"": ""blanched peas"", ""label"": ""Blanched peas (160g)"", ""in_box"": 1}, {""name"": ""black mustard seeds"", ""label"": ""Black mustard seeds (1tsp)"", ""in_box"": 1}, {""name"": ""cardamom pod"", ""label"": ""Cardamom pod x3"", ""in_box"": 3}, {""name"": ""white potato"", ""label"": ""White potato x3"", ""in_box"": 3}]"
2026-10-13,2026-08-26,b56840f7-d0b8-4ce4-9c24-d01445bc6baf,13452,"Lamb, Leek & Carrot Cawl-Style Stew With Bread & Cheese",True,3.5,520,735,40.1,32.3,15.9,72.7,11.9,10.7,2.58,141,7.7,6.2,3.1,14.0,2.3,2.0,0.5,2,55,full-prep,no spice,Gastropub,,4.16,167,True,"[{""name"": ""intense beef stock mix"", ""label"": ""Intense beef stock mix (5.5g)"", ""in_box"": 1}, {""name"": ""leek"", ""label"": ""Leek"", ""in_box"": 1}, {""name"": ""diced lamb"", ""label"": ""Diced lamb (250g)"", ""in_box"": 1}, {""name"": ""ciabatta"", ""label"": ""Ciabatta x2"", ""in_box"": 2}, {""name"": ""cheddar cheese"", ""label"": ""Cheddar cheese (40g)"", ""in_box"": 1}, {""name"": ""dried thyme"", ""label"": ""Dried thyme (0.5tsp)"", ""in_box"": 1}, {""name"": ""garlic clove"", ""label"": ""Garlic clove x3"", ""in_box"": 3}, {""name"": ""Dried bay leaf"", ""label"": ""Dried bay leaf"", ""in_box"": 1}, {""name"": ""carrot"", ""label"": ""Carrot x2"", ""in_box"": 2}, {""name"": ""Marmite"", ""label"": ""Marmite (8g)"", ""in_box"": 1}, {""name"": ""white potato"", ""label"": ""White potato x2"", ""in_box"": 2}]"
2026-10-13,2026-08-26,7a112833-24a3-469e-89e4-76b9052af30e,3259,Lean Beef & Mushroom Pie With Garlicky Greens,True,0.75,381,527,37.8,24.9,10.7,37.5,7.4,5.4,2.21,138,9.9,6.5,2.8,9.9,2.0,1.4,0.58,2,45,full-prep,no spice,Modern Bistro,Dairy Free,4.37,5700,True,"[{""name"": ""intense beef stock mix"", ""label"": ""Intense beef stock mix (5.5g)"", ""in_box"": 1}, {""name"": ""lean beef mince (<5% fat)"", ""label"": ""Lean beef mince (<5% fat) (250g)"", ""in_box"": 1}, {""name"": ""soy sauce"", ""label"": ""Soy sauce (8ml)"", ""in_box"": 1}, {""name"": ""puff pastry"", ""label"": ""Puff pastry (160g)"", ""in_box"": 1}, {""name"": ""garlic clove"", ""label"": ""Garlic clove x2"", ""in_box"": 2}, {""name"": ""brown onion"", ""label"": ""Brown onion"", ""in_box"": 1}, {""name"": ""tomato paste"", ""label"": ""Tomato paste (16g)"", ""in_box"": 1}, {""name"": ""white cup mushrooms"", ""label"": ""White cup mushrooms (80g)"", ""in_box"": 1}, {""name"": ""spring greens"", ""label"": ""Spring greens (150g)"", ""in_box"": 1}]"
2026-10-13,2026-08-26,673accca-8ace-4059-92ec-0548b6e07572,6440,Leek & Triple Cheese Fondue With Fresh Tagliatelle,False,0.0,352,752,34.1,28.0,17.5,87.6,8.4,5.7,2.51,213,9.7,8.0,5.0,24.9,2.4,1.6,0.71,1,10,full-prep,no spice,Pasta Pronto,Vegetarian,4.16,8344,True,"[{""name"": ""cheddar cheese"", ""label"": ""Cheddar cheese (40g)"", ""in_box"": 1}, {""name"": ""grated Italian hard cheese"", ""label"": ""Grated Italian hard cheese (30g)"", ""in_box"": 1}, {""name"": ""leek"", ""label"": ""Leek"", ""in_box"": 1}, {""name"": ""cornflour"", ""label"": ""Cornflour (1tbsp)"", ""in_box"": 1}, {""name"": ""fresh tagliatelle"", ""label"": ""Fresh tagliatelle (250g)"", ""in_box"": 1}, {""name"": ""intense vegetable stock mix"", ""label"": ""Intense vegetable stock mix (5.5g)"", ""in_box"": 1}, {""name"": ""Chinese rice wine"", ""label"": ""Chinese rice wine (30ml)"", ""in_box"": 1}, {""name"": ""shallot"", ""label"": ""Shallot"", ""in_box"": 1}, {""name"": ""crispy onions"", ""label"": ""Crispy onions (15g)"", ""in_box"": 1}, {""name"": ""roasted garlic paste"", ""label"": ""Roasted garlic paste (15g)"", ""in_box"": 1}, {""name"": ""mozzarella"", ""label"": ""Mozzarella (125g)"", ""in_box"": 1}, {""name"": ""chives"", ""label"": ""Chives (5g)"", ""in_box"": 1}]"
2026-10-13,2026-08-26,ea6f9668-2fda-45f8-a169-69bef0f3b9dd,326,Lemon Baked Basa With Spinach Mornay,False,0.0,420,308,27.5,4.9,2.8,40.6,2.9,4.6,0.18,73,6.5,1.2,0.7,9.7,0.7,1.1,0.04,1,45,full-prep,no spice,Modern Bistro,Gluten Free,4.24,24708,True,"[{""name"": ""Italian hard cheese"", ""label"": ""Italian hard cheese (20g)"", ""in_box"": 1}, {""name"": ""basa fillets"", ""label"": ""Basa fillets (2pcs)"", ""in_box"": 1}, {""name"": ""lemon"", ""label"": ""Lemon"", ""in_box"": 1}, {""name"": ""spinach"", ""label"": ""Spinach (120g)"", ""in_box"": 1}, {""name"": ""white potato"", ""label"": ""White potato x4"", ""in_box"": 4}]"
2026-10-13,2026-08-26,7750f1ef-cf1d-48aa-8959-07902cc8c236,4637,Lemon Pepper Chicken With Sweet Potato Mash,False,0.0,509,376,35.0,4.9,1.3,49.4,12.8,8.2,2.61,73,6.9,1.0,0.2,9.7,2.5,1.6,0.51,2,45,full-prep,no spice,Modern Bistro,Dairy Free,4.24,9934,True,"[{""name"": ""intense chicken stock mix"", ""label"": ""Intense chicken stock mix (5.5g)"", ""in_box"": 1}, {""name"": ""chicken breast portions"", ""label"": ""Chicken breast portions (2pcs)"", ""in_box"": 1}, {""name"": ""brown onion"", ""label"": ""Brown onion"", ""in_box"": 1}, {""name"": ""lemon"", ""label"": ""Lemon"", ""in_box"": 1}, {""name"": ""Chinese rice wine"", ""label"": ""Chinese rice wine (15ml)"", ""in_box"": 1}, {""name"": ""soy sauce"", ""label"": ""Soy sauce (15ml)"", ""in_box"": 1}, {""name"": ""spring greens"", ""label"": ""Spring greens (150g)"", ""in_box"": 1}, {""name"": ""white potato"", ""label"": ""White potato x2"", ""in_box"": 2}, {""name"": ""cracked black pepper"", ""label"": ""Cracked black pepper (2.5g)"", ""in_box"": 1}, {""name"": ""sweet potato"", ""label"": ""Sweet potato"", ""in_box"": 1}]"
2026-10-13,2026-08-26,205ff331-4895-4497-aa96-840d4fe4625a,5815,Loaded Patatas Rancheros-Style With Greek Cheese,False,0.0,563,561,22.9,22.9,8.2,63.8,16.0,18.0,2.31,99,4.1,4.1,1.5,11.3,2.8,3.2,0.41,3,40,full-prep,spicy,Fibre Fix,Vegetarian; Gluten Free,4.51,16395,True,"[{""name"": ""Greek salad cheese"", ""label"": ""Greek salad cheese (100g)"", ""in_box"": 1}, {""name"": ""green chilli"", ""label"": ""Green chilli"", ""in_box"": 1}, {""name"": ""black beans"", ""label"": ""Black beans (380g)"", ""in_box"": 1}, {""name"": ""waxy potatoes"", ""label"": ""Waxy potatoes (350g)"", ""in_box"": 1}, {""name"": ""tomato paste"", ""label"": ""Tomato paste (32g)"", ""in_box"": 1}, {""name"": ""ground smoked paprika"", ""label"": ""Ground smoked paprika (1tsp)"", ""in_box"": 1}, {""name"": ""Sweetcorn"", ""label"": ""Sweetcorn (150g)"", ""in_box"": 1}, {""name"": ""mayonnaise"", ""label"": ""Mayonnaise (25ml)"", ""in_box"": 1}, {""name"": ""chipotle paste"", ""label"": ""Chipotle paste (20g)"", ""in_box"": 1}, {""name"": ""garlic clove"", ""label"": ""Garlic clove"", ""in_box"": 1}, {""name"": ""brown onion"", ""label"": ""Brown onion"", ""in_box"": 1}, {""name"": ""vegetable stock mix"", ""label"": ""Vegetable stock mix (5.5g)"", ""in_box"": 1}, {""name"": ""chives"", ""label"": ""Chives (5g)"", ""in_box"": 1}, {""name"": ""lime"", ""label"": ""Lime"", ""in_box"": 1}]"
2026-10-13,2026-08-26,59528c41-0432-41cf-a323-4799ce91512a,5612,Malaysian-Style Chicken Breast & Green Bean Curry,True,0.5,447,635,37.6,19.6,10.0,77.1,6.4,8.0,2.35,142,8.4,4.4,2.2,17.3,1.4,1.8,0.53,1,10,full-prep,spicy,10-Minute,Dairy Free,4.36,1230,True,"[{""name"": ""soy sauce"", ""label"": ""Soy sauce (8ml)"", ""in_box"": 1}, {""name"": ""diced chicken breast"", ""label"": ""Diced chicken breast (250g)"", ""in_box"": 1}, {""name"": ""curry powder"", ""label"": ""Curry powder (0.5tbsp)"", ""in_box"": 1}, {""name"": ""garlic clove"", ""label"": ""Garlic clove"", ""in_box"": 1}, {""name"": ""cooked white long grain rice"", ""label"": ""Cooked white long grain rice (280g)"", ""in_box"": 1}, {""name"": ""ginger & garlic paste"", ""label"": ""Ginger & garlic paste (15g)"", ""in_box"": 1}, {""name"": ""chicken stock mix"", ""label"": ""Chicken stock mix (5.5g)"", ""in_box"": 1}, {""name"": ""red Thai curry paste"", ""label"": ""Red Thai curry paste (40g)"", ""in_box"": 1}, {""name"": ""fine green beans"", ""label"": ""Fine green beans (160g)"", ""in_box"": 1}, {""name"": ""white potato"", ""label"": ""White potato"", ""in_box"": 1}, {""name"": ""solid creamed coconut"", ""label"": ""Solid creamed coconut (25g)"", ""in_box"": 1}]"
2026-10-13,2026-08-26,f1d06b91-1e41-43c1-9597-8a6198c580c7,3232,Marmite & Peanut Butter Pork Udon,False,0.0,451,685,42.2,26.6,6.6,68.1,8.6,2.6,3.37,151,9.4,5.9,1.5,15.1,1.9,0.6,0.75,1,10,full-prep,mild,10-Minute,Dairy Free,4.26,15407,True,"[{""name"": ""spring onion"", ""label"": ""Spring onion"", ""in_box"": 1}, {""name"": ""pork mince"", ""label"": ""Pork mince (250g)"", ""in_box"": 1}, {""name"": ""gluten free soy sauce"", ""label"": ""Gluten free soy sauce (15ml)"", ""in_box"": 1}, {""name"": ""udon noodles"", ""label"": ""Udon noodles (200g) x2"", ""in_box"": 2}, {""name"": ""ginger & garlic paste"", ""label"": ""Ginger & garlic paste (15g)"", ""in_box"": 1}, {""name"": ""red chilli relish"", ""label"": ""Red chilli relish (25g)"", ""in_box"": 1}, {""name"": ""Marmite"", ""label"": ""Marmite (8g) x2"", ""in_box"": 2}, {""name"": ""spinach"", ""label"": ""Spinach (120g)"", ""in_box"": 1}, {""name"": ""roasted peanuts"", ""label"": ""Roasted peanuts (25g)"", ""in_box"": 1}, {""name"": ""smooth peanut butter"", ""label"": ""Smooth peanut butter (26g)"", ""in_box"": 1}]"
2026-10-13,2026-08-26,69cc0b53-d05b-4471-942e-21479600815d,3251,Marmite Pineapple Pizza With Bacon,False,0.0,444,754,33.8,26.3,11.5,91.7,23.8,6.1,3.42,169,7.6,5.9,2.6,20.7,5.4,1.4,0.77,3,30,full-prep,no spice,Takeaway Night,,4.05,911,True,"[{""name"": ""flame-baked pizza bases"", ""label"": ""Flame-baked pizza bases (2pcs)"", ""in_box"": 1}, {""name"": ""pineapple slices"", ""label"": ""Pineapple slices (220g)"", ""in_box"": 1}, {""name"": ""tomato paste"", ""label"": ""Tomato paste (32g) x2"", ""in_box"": 2}, {""name"": ""bacon lardons"", ""label"": ""Bacon lardons (100g)"", ""in_box"": 1}, {""name"": ""garlic clove"", ""label"": ""Garlic clove"", ""in_box"": 1}, {""name"": ""mozzarella"", ""label"": ""Mozzarella (125g)"", ""in_box"": 1}, {""name"": ""Marmite"", ""label"": ""Marmite (8g)"", ""in_box"": 1}, {""name"": ""rocket"", ""label"": ""Rocket (50g)"", ""in_box"": 1}, {""name"": ""balsamic vinegar"", ""label"": ""Balsamic vinegar (15ml)"", ""in_box"": 1}]"
2026-10-13,2026-08-26,d7de605c-b843-4439-aaa4-cd056b40dbda,14363,Meat-Free Mince Lasagne With Balsamic Salad,False,0.0,494,599,39.8,15.3,3.2,72.7,21.0,15.0,2.61,121,8.1,3.1,0.7,14.7,4.2,3.0,0.53,4,55,full-prep,no spice,Everyday Favourites,Vegetarian,4.46,693,True,"[{""name"": ""Italian hard cheese"", ""label"": ""Italian hard cheese (20g)"", ""in_box"": 1}, {""name"": ""dried oregano"", ""label"": ""Dried oregano (1tsp)"", ""in_box"": 1}, {""name"": ""finely chopped tomatoes"", ""label"": ""Finely chopped tomatoes (200g)"", ""in_box"": 1}, {""name"": ""tomato paste"", ""label"": ""Tomato paste (32g)"", ""in_box"": 1}, {""name"": ""Meatless Farm mince"", ""label"": ""Meatless Farm mince (200g)"", ""in_box"": 1}, {""name"": ""intense vegetable stock mix"", ""label"": ""Intense vegetable stock mix (5.5g)"", ""in_box"": 1}, {""name"": ""garlic clove"", ""label"": ""Garlic clove x2"", ""in_box"": 2}, {""name"": ""Dried bay leaf"", ""label"": ""Dried bay leaf x2"", ""in_box"": 2}, {""name"": ""lasagne sheets"", ""label"": ""Lasagne sheets (120g)"", ""in_box"": 1}, {""name"": ""brown onion"", ""label"": ""Brown onion"", ""in_box"": 1}, {""name"": ""Henderson's Relish"", ""label"": ""Henderson's Relish (15ml)"", ""in_box"": 1}, {""name"": ""carrot"", ""label"": ""Carrot x2"", ""in_box"": 2}, {""name"": ""gem lettuce"", ""label"": ""Gem lettuce"", ""in_box"": 1}, {""name"": ""balsamic vinegar"", ""label"": ""Balsamic vinegar (15ml)"", ""in_box"": 1}]"
2026-10-13,2026-08-26,28dfa030-b9fd-454b-9ad2-9b88753c6fde,5302,Meat-Free Sloppy Joe Loaded Fries,False,0.0,474,560,32.4,20.4,1.7,61.4,14.3,13.7,2.82,118,6.8,4.3,0.4,13.0,3.0,2.9,0.59,2,35,full-prep,mild,Global Kitchen,Vegan; Vegetarian; Dairy Free; Gluten Free,4.35,872,True,"[{""name"": ""red pepper"", ""label"": ""Red pepper"", ""in_box"": 1}, {""name"": ""spring onion"", ""label"": ""Spring onion"", ""in_box"": 1}, {""name"": ""tomato paste"", ""label"": ""Tomato paste (32g)"", ""in_box"": 1}, {""name"": ""ground smoked paprika"", ""label"": ""Ground smoked paprika (1tsp)"", ""in_box"": 1}, {""name"": ""vegan mayonnaise"", ""label"": ""Vegan mayonnaise (25ml)"", ""in_box"": 1}, {""name"": ""Meatless Farm mince"", ""label"": ""Meatless Farm mince (200g)"", ""in_box"": 1}, {""name"": ""intense vegetable stock mix"", ""label"": ""Intense vegetable stock mix (5.5g)"", ""in_box"": 1}, {""name"": ""mustard ketchup"", ""label"": ""Mustard ketchup (20g)"", ""in_box"": 1}, {""name"": ""garlic clove"", ""label"": ""Garlic clove"", ""in_box"": 1}, {""name"": ""dried basil"", ""label"": ""Dried basil (1tsp)"", ""in_box"": 1}, {""name"": ""brown onion"", ""label"": ""Brown onion"", ""in_box"": 1}, {""name"": ""Henderson's Relish"", ""label"": ""Henderson's Relish (15ml)"", ""in_box"": 1}, {""name"": ""white wine vinegar"", ""label"": ""White wine vinegar (15ml)"", ""in_box"": 1}, {""name"": ""white potato"", ""label"": ""White potato x4"", ""in_box"": 4}]"
2026-10-13,2026-08-26,54aa761f-0d78-40fc-9928-3b643feb8f02,16676,Mediterranean-Style Chicken Pasta,True,0.75,394,492,29.9,16.5,3.1,52.3,9.4,7.1,2.6,125,7.6,4.2,0.8,13.3,2.4,1.8,0.66,2,7,heat-only,no spice,Heat & Eat,,4.18,745,True,"[{""name"": ""mediterranean style chicken pasta"", ""label"": ""Mediterranean style chicken pasta (420g) x2"", ""in_box"": 2}]"
2026-10-13,2026-08-26,c2629d7d-0ca1-47af-8b77-80d54fefec0e,2310,Mediterranean-Style Vegetable Gnocchi With Basil,False,0.0,510,449,19.3,12.5,5.7,66.1,8.5,5.0,2.21,87,3.8,2.4,1.1,12.9,1.7,1.0,0.43,4,10,full-prep,no spice,10-Minute,Vegetarian,4.16,24538,True,"[{""name"": ""cheddar cheese"", ""label"": ""Cheddar cheese (40g)"", ""in_box"": 1}, {""name"": ""dried oregano"", ""label"": ""Dried oregano (1tsp)"", ""in_box"": 1}, {""name"": ""finely chopped tomatoes"", ""label"": ""Finely chopped tomatoes (200g)"", ""in_box"": 1}, {""name"": ""black olives"", ""label"": ""Black olives (40g)"", ""in_box"": 1}, {""name"": ""gnocchi"", ""label"": ""Gnocchi (350g)"", ""in_box"": 1}, {""name"": ""courgette"", ""label"": ""Courgette"", ""in_box"": 1}, {""name"": ""roasted garlic paste"", ""label"": ""Roasted garlic paste (15g)"", ""in_box"": 1}, {""name"": ""basil"", ""label"": ""Basil (10g)"", ""in_box"": 1}, {""name"": ""spinach"", ""label"": ""Spinach (80g)"", ""in_box"": 1}, {""name"": ""cherry tomatoes"", ""label"": ""Cherry tomatoes (125g)"", ""in_box"": 1}]"
2026-10-13,2026-08-26,af7fd5b0-663d-465a-abf0-9728155a85df,7315,Merguez-Style Sandwich With Harissa Mayo And Cumin Salsa,False,0.0,500,835,36.2,44.1,10.6,75.8,6.7,7.3,1.26,167,7.2,8.8,2.1,15.2,1.3,1.5,0.25,1,35,full-prep,spicy,Global Kitchen,Dairy Free,4.36,1232,True,"[{""name"": ""harissa paste"", ""label"": ""Harissa paste (20g)"", ""in_box"": 1}, {""name"": ""dried chilli flakes"", ""label"": ""Dried chilli flakes (0.5tsp)"", ""in_box"": 1}, {""name"": ""beef mince"", ""label"": ""Beef mince (250g)"", ""in_box"": 1}, {""name"": ""fennel seeds"", ""label"": ""Fennel seeds (1tsp)"", ""in_box"": 1}, {""name"": ""ground paprika"", ""label"": ""Ground paprika (1tsp)"", ""in_box"": 1}, {""name"": ""ground cumin"", ""label"": ""Ground cumin (1tsp)"", ""in_box"": 1}, {""name"": ""mayonnaise"", ""label"": ""Mayonnaise (50ml)"", ""in_box"": 1}, {""name"": ""ciabatta"", ""label"": ""Ciabatta x2"", ""in_box"": 2}, {""name"": ""garlic clove"", ""label"": ""Garlic clove"", ""in_box"": 1}, {""name"": ""tomato"", ""label"": ""Tomato x2"", ""in_box"": 2}, {""name"": ""shallot"", ""label"": ""Shallot"", ""in_box"": 1}, {""name"": ""coriander"", ""label"": ""Coriander (5g)"", ""in_box"": 1}, {""name"": ""white potato"", ""label"": ""White potato x3"", ""in_box"": 3}]"
2026-10-13,2026-08-26,ac85a584-1290-4979-9dcf-7671b5712bc3,10947,Mexican-Style Creamy Corn & Greek Cheese Wholewheat Tortiglioni,False,0.0,279,579,23.5,20.1,11.6,80.7,12.8,11.0,2.74,207,8.4,7.2,4.2,28.9,4.6,3.9,0.98,1,25,full-prep,mild,20 minute meals,Vegetarian,4.1,109,True,"[{""name"": ""Greek salad cheese"", ""label"": ""Greek salad cheese (100g)"", ""in_box"": 1}, {""name"": ""Sweetcorn"", ""label"": ""Sweetcorn (150g)"", ""in_box"": 1}, {""name"": ""intense vegetable stock mix"", ""label"": ""Intense vegetable stock mix (5.5g)"", ""in_box"": 1}, {""name"": ""chipotle paste"", ""label"": ""Chipotle paste (20g)"", ""in_box"": 1}, {""name"": ""garlic clove"", ""label"": ""Garlic clove x2"", ""in_box"": 2}, {""name"": ""coriander"", ""label"": ""Coriander (10g)"", ""in_box"": 1}, {""name"": ""wholewheat tortiglioni"", ""label"": ""Wholewheat tortiglioni (190g)"", ""in_box"": 1}, {""name"": ""shallot"", ""label"": ""Shallot"", ""in_box"": 1}, {""name"": ""soft cheese"", ""label"": ""Soft cheese (50g)"", ""in_box"": 1}]"
2026-10-13,2026-08-26,e2daf5f8-a3b9-4d07-9eb3-03f6f8263094,6257,Mexican-Style Veggie Wraps With Crispy Onion Cobettes,False,0.0,438,558,19.1,19.4,9.9,76.8,15.8,9.0,1.69,127,4.4,4.4,2.3,17.5,3.6,2.1,0.38,4,35,full-prep,mild,Family Kitchen,Vegetarian,4.16,3420,True,"[{""name"": ""yellow pepper"", ""label"": ""Yellow pepper"", ""in_box"": 1}, {""name"": ""red pepper"", ""label"": ""Red pepper"", ""in_box"": 1}, {""name"": ""tomato paste"", ""label"": ""Tomato paste (32g)"", ""in_box"": 1}, {""name"": ""ground smoked paprika"", ""label"": ""Ground smoked paprika (1tsp)"", ""in_box"": 1}, {""name"": ""ground coriander"", ""label"": ""Ground coriander (1tsp)"", ""in_box"": 1}, {""name"": ""plain tortillas"", ""label"": ""Plain tortillas (6pcs)"", ""in_box"": 1}, {""name"": ""cheddar cheese"", ""label"": ""Cheddar cheese (40g)"", ""in_box"": 1}, {""name"": ""garlic clove"", ""label"": ""Garlic clove"", ""in_box"": 1}, {""name"": ""crispy onions"", ""label"": ""Crispy onions (15g)"", ""in_box"": 1}, {""name"": ""vegetable stock mix"", ""label"": ""Vegetable stock mix (5.5g)"", ""in_box"": 1}, {""name"": ""coriander"", ""label"": ""Coriander (5g)"", ""in_box"": 1}, {""name"": ""sweetcorn cobettes"", ""label"": ""Sweetcorn cobettes (2pcs)"", ""in_box"": 1}, {""name"": ""red onion"", ""label"": ""Red onion"", ""in_box"": 1}]"
2026-10-13,2026-08-26,678cf706-7ea7-4f91-801c-53b7e4a6bbed,8740,"Mezze Feast: Honey Halloumi, Whipped Feta Squash & Romesco Hispi",True,2.5,582,840,40.6,41.1,20.7,79.5,29.4,10.8,3.39,144,7.0,7.1,3.5,13.7,5.1,1.9,0.58,3,40,full-prep,spicy,Fine Dine In,Vegetarian,4.33,52,True,"[{""name"": ""hazelnuts"", ""label"": ""Hazelnuts (25g)"", ""in_box"": 1}, {""name"": ""dried oregano"", ""label"": ""Dried oregano (1tsp)"", ""in_box"": 1}, {""name"": ""dried chilli flakes"", ""label"": ""Dried chilli flakes (0.5tsp)"", ""in_box"": 1}, {""name"": ""seasonal squash"", ""label"": ""Seasonal squash (375g)"", ""in_box"": 1}, {""name"": ""ground smoked paprika"", ""label"": ""Ground smoked paprika (1tsp)"", ""in_box"": 1}, {""name"": ""hispi cabbage"", ""label"": ""Hispi cabbage (220g)"", ""in_box"": 1}, {""name"": ""sourdough pittas"", ""label"": ""Sourdough pittas (2pcs)"", ""in_box"": 1}, {""name"": ""toasted sesame seeds"", ""label"": ""Toasted sesame seeds (5g)"", ""in_box"": 1}, {""name"": ""natural yoghurt"", ""label"": ""Natural yoghurt (80g)"", ""in_box"": 1}, {""name"": ""halloumi"", ""label"": ""Halloumi (200g)"", ""in_box"": 1}, {""name"": ""feta"", ""label"": ""Feta (30g)"", ""in_box"": 1}, {""name"": ""romesco sauce"", ""label"": ""Romesco sauce (40g)"", ""in_box"": 1}, {""name"": ""honey"", ""label"": ""Honey (25g)"", ""in_box"": 1}]"
2026-10-13,2026-08-26,db8b1214-6059-4799-bfc0-fa1ac9d90aa0,7242,Moroccan Lentil & Chickpea Harira-Style Soup,False,0.0,490,547,25.7,9.9,4.6,88.9,15.6,18.6,2.4,111,5.2,2.0,0.9,18.1,3.2,3.8,0.49,4,35,full-prep,mild,Fibre Fix,Vegan; Vegetarian; Dairy Free,4.27,1045,True,"[{""name"": ""harissa paste"", ""label"": ""Harissa paste (20g)"", ""in_box"": 1}, {""name"": ""cultured coconut"", ""label"": ""Cultured coconut (80g)"", ""in_box"": 1}, {""name"": ""ground turmeric"", ""label"": ""Ground turmeric (0.5tsp)"", ""in_box"": 1}, {""name"": ""red lentils"", ""label"": ""Red lentils (100g)"", ""in_box"": 1}, {""name"": ""finely chopped tomatoes"", ""label"": ""Finely chopped tomatoes (200g)"", ""in_box"": 1}, {""name"": ""intense vegetable stock mix"", ""label"": ""Intense vegetable stock mix (5.5g)"", ""in_box"": 1}, {""name"": ""ciabatta"", ""label"": ""Ciabatta x2"", ""in_box"": 2}, {""name"": ""ground cinnamon"", ""label"": ""Ground cinnamon (0.5tsp)"", ""in_box"": 1}, {""name"": ""chickpeas"", ""label"": ""Chickpeas (185g)"", ""in_box"": 1}, {""name"": ""tomato"", ""label"": ""Tomato"", ""in_box"": 1}, {""name"": ""brown onion"", ""label"": ""Brown onion"", ""in_box"": 1}, {""name"": ""ginger paste"", ""label"": ""Ginger paste (15g)"", ""in_box"": 1}, {""name"": ""carrot"", ""label"": ""Carrot"", ""in_box"": 1}, {""name"": ""coriander & parsley"", ""label"": ""Coriander & parsley (10g)"", ""in_box"": 1}]"
2026-10-13,2026-08-26,675a0072-c912-4411-b758-d4c5ea0fd13e,595,Moroccan-Style Lamb & Sweet Potato Tagine,False,0.0,352,613,35.2,18.7,8.0,76.7,19.7,7.7,1.73,174,10.0,5.3,2.3,21.8,5.6,2.2,0.49,2,35,full-prep,mild,Global Kitchen,Dairy Free,4.19,21872,True,"[{""name"": ""intense chicken stock mix"", ""label"": ""Intense chicken stock mix (5.5g)"", ""in_box"": 1}, {""name"": ""ras el hanout"", ""label"": ""Ras el hanout (1tbsp)"", ""in_box"": 1}, {""name"": ""garlic clove"", ""label"": ""Garlic clove"", ""in_box"": 1}, {""name"": ""brown onion"", ""label"": ""Brown onion"", ""in_box"": 1}, {""name"": ""couscous"", ""label"": ""Couscous (120g)"", ""in_box"": 1}, {""name"": ""lamb mince"", ""label"": ""Lamb mince (250g)"", ""in_box"": 1}, {""name"": ""coriander"", ""label"": ""Coriander (5g)"", ""in_box"": 1}, {""name"": ""chopped dates"", ""label"": ""Chopped dates (30g)"", ""in_box"": 1}, {""name"": ""sweet potato"", ""label"": ""Sweet potato"", ""in_box"": 1}]"
2026-10-13,2026-08-26,5f3f0d64-63a0-4534-9629-a8c209b5f607,13451,NYC-Style Flat Iron Steak With Stuffed Baked Potato,True,4.0,552,606,50.0,22.2,11.9,55.5,3.4,6.5,1.37,109,9.0,4.0,2.2,10.1,0.6,1.2,0.25,1,45,full-prep,no spice,Gastropub,Gluten Free,4.39,632,True,"[{""name"": ""crème fraîche"", ""label"": ""Crème fraîche (80g)"", ""in_box"": 1}, {""name"": ""grated Italian hard cheese"", ""label"": ""Grated Italian hard cheese (30g)"", ""in_box"": 1}, {""name"": ""gravy base"", ""label"": ""Gravy base (14g)"", ""in_box"": 1}, {""name"": ""flat iron steaks"", ""label"": ""Flat iron steaks (340g)"", ""in_box"": 1}, {""name"": ""smoked sea salt flakes"", ""label"": ""Smoked sea salt flakes (1g)"", ""in_box"": 1}, {""name"": ""garlic clove"", ""label"": ""Garlic clove x2"", ""in_box"": 2}, {""name"": ""red potato"", ""label"": ""Red potato x2"", ""in_box"": 2}, {""name"": ""chives"", ""label"": ""Chives (5g)"", ""in_box"": 1}, {""name"": ""spinach"", ""label"": ""Spinach (120g)"", ""in_box"": 1}, {""name"": ""cracked black pepper"", ""label"": ""Cracked black pepper (2.5g)"", ""in_box"": 1}]"
2026-10-13,2026-08-26,4d33fe55-08cc-475f-baf1-64f2cd7190b7,6365,One Pan Alpine-Style Sausage & Waxy Potato Hash,False,0.0,361,414,20.6,22.0,10.3,36.0,6.4,6.8,1.9,114,5.7,6.1,2.8,10.0,1.8,1.9,0.53,1,10,full-prep,no spice,10-Minute,Gluten Free,4.25,8431,True,"[{""name"": ""cheddar cheese"", ""label"": ""Cheddar cheese (40g)"", ""in_box"": 1}, {""name"": ""Jolly Hog pork sausagemeat"", ""label"": ""Jolly Hog pork sausagemeat (150g)"", ""in_box"": 1}, {""name"": ""waxy potatoes"", ""label"": ""Waxy potatoes (350g)"", ""in_box"": 1}, {""name"": ""dried thyme"", ""label"": ""Dried thyme (0.5tsp)"", ""in_box"": 1}, {""name"": ""baby leaf salad"", ""label"": ""Baby leaf salad (50g)"", ""in_box"": 1}, {""name"": ""brown onion"", ""label"": ""Brown onion"", ""in_box"": 1}, {""name"": ""roasted garlic paste"", ""label"": ""Roasted garlic paste (15g)"", ""in_box"": 1}, {""name"": ""wholegrain mustard"", ""label"": ""Wholegrain mustard (42g)"", ""in_box"": 1}, {""name"": ""red wine vinegar"", ""label"": ""Red wine vinegar (15ml)"", ""in_box"": 1}]"
2026-10-13,2026-08-26,6c800aaa-b1c1-4b5d-8a02-511a5e1f69e6,1476,One Pan Cheesy Chorizo & Pea Risotto,False,0.0,316,621,26.6,22.0,7.9,77.9,10.3,7.8,2.97,196,8.4,6.9,2.5,24.6,3.2,2.5,0.94,2,45,full-prep,no spice,One Pan Wonders,Gluten Free,4.24,42307,True,"[{""name"": ""Italian hard cheese"", ""label"": ""Italian hard cheese (20g)"", ""in_box"": 1}, {""name"": ""intense chicken stock mix"", ""label"": ""Intense chicken stock mix (5.5g)"", ""in_box"": 1}, {""name"": ""diced chorizo"", ""label"": ""Diced chorizo (100g)"", ""in_box"": 1}, {""name"": ""garlic clove"", ""label"": ""Garlic clove x2"", ""in_box"": 2}, {""name"": ""brown onion"", ""label"": ""Brown onion"", ""in_box"": 1}, {""name"": ""blanched peas"", ""label"": ""Blanched peas (160g)"", ""in_box"": 1}, {""name"": ""arborio rice"", ""label"": ""Arborio rice (160g)"", ""in_box"": 1}, {""name"": ""Chinese rice wine"", ""label"": ""Chinese rice wine (15ml)"", ""in_box"": 1}, {""name"": ""sweet pea pods"", ""label"": ""Sweet pea pods (80g)"", ""in_box"": 1}]"
2026-10-13,2026-08-26,e399f4c4-0509-4e25-8131-44087dad6bb3,1152,One Pan Spiced Lamb Orzo With Crumbled Feta,False,0.0,343,705,42.6,29.2,11.9,66.7,11.0,7.8,1.72,205,12.4,8.5,3.5,19.4,3.2,2.3,0.5,2,45,full-prep,no spice,Global Kitchen,,4.23,10168,True,"[{""name"": ""tomato paste"", ""label"": ""Tomato paste (32g)"", ""in_box"": 1}, {""name"": ""dried oregano"", ""label"": ""Dried oregano (1tsp)"", ""in_box"": 1}, {""name"": ""intense chicken stock mix"", ""label"": ""Intense chicken stock mix (5.5g)"", ""in_box"": 1}, {""name"": ""ground cinnamon"", ""label"": ""Ground cinnamon (0.5tsp)"", ""in_box"": 1}, {""name"": ""garlic clove"", ""label"": ""Garlic clove"", ""in_box"": 1}, {""name"": ""Dried bay leaf"", ""label"": ""Dried bay leaf"", ""in_box"": 1}, {""name"": ""pine kernel & seed mix"", ""label"": ""Pine kernel & seed mix (30g)"", ""in_box"": 1}, {""name"": ""feta"", ""label"": ""Feta (30g)"", ""in_box"": 1}, {""name"": ""lamb mince"", ""label"": ""Lamb mince (250g)"", ""in_box"": 1}, {""name"": ""carrot"", ""label"": ""Carrot"", ""in_box"": 1}, {""name"": ""red onion"", ""label"": ""Red onion"", ""in_box"": 1}, {""name"": ""orzo"", ""label"": ""Orzo (150g)"", ""in_box"": 1}]"
2026-10-13,2026-08-26,7004c95f-b34b-49d1-9e42-a700def22d48,1853,One Pot Cheesy Tomato Gnocchi Bake,False,0.0,474,538,28.9,18.9,12.6,64.5,7.6,4.8,2.01,113,6.1,4.0,2.7,13.6,1.6,1.0,0.42,3,40,full-prep,no spice,One Pan Wonders,Vegetarian,4.09,15397,True,"[{""name"": ""cheddar cheese"", ""label"": ""Cheddar cheese (40g)"", ""in_box"": 1}, {""name"": ""finely chopped tomatoes"", ""label"": ""Finely chopped tomatoes (200g)"", ""in_box"": 1}, {""name"": ""gnocchi"", ""label"": ""Gnocchi (350g)"", ""in_box"": 1}, {""name"": ""garlic clove"", ""label"": ""Garlic clove"", ""in_box"": 1}, {""name"": ""basil"", ""label"": ""Basil (5g)"", ""in_box"": 1}, {""name"": ""mozzarella"", ""label"": ""Mozzarella (125g)"", ""in_box"": 1}, {""name"": ""tomato paste"", ""label"": ""Tomato paste (16g)"", ""in_box"": 1}, {""name"": ""spinach"", ""label"": ""Spinach (80g)"", ""in_box"": 1}, {""name"": ""cherry tomatoes"", ""label"": ""Cherry tomatoes (125g)"", ""in_box"": 1}]"
2026-10-13,2026-08-26,1497d295-86e1-4b73-a40c-4b048d5874e5,3263,One Pot Chicken Rogan Josh With Yoghurt,False,0.0,469,495,40.7,9.0,2.4,62.8,12.8,6.3,2.51,105,8.7,1.9,0.5,13.4,2.7,1.3,0.53,2,40,full-prep,spicy,Prepped in 5,,4.37,46131,True,"[{""name"": ""tomato"", ""label"": ""Tomato"", ""in_box"": 1}, {""name"": ""plain naan"", ""label"": ""Plain naan (2pcs)"", ""in_box"": 1}, {""name"": ""intense chicken stock mix"", ""label"": ""Intense chicken stock mix (5.5g)"", ""in_box"": 1}, {""name"": ""dried chilli flakes"", ""label"": ""Dried chilli flakes (0.5tsp)"", ""in_box"": 1}, {""name"": ""ground coriander"", ""label"": ""Ground coriander (1tsp)"", ""in_box"": 1}, {""name"": ""ground turmeric"", ""label"": ""Ground turmeric (1tsp)"", ""in_box"": 1}, {""name"": ""diced chicken breast"", ""label"": ""Diced chicken breast (250g)"", ""in_box"": 1}, {""name"": ""finely chopped tomatoes"", ""label"": ""Finely chopped tomatoes (200g)"", ""in_box"": 1}, {""name"": ""curry powder"", ""label"": ""Curry powder (1tbsp)"", ""in_box"": 1}, {""name"": ""garlic clove"", ""label"": ""Garlic clove x3"", ""in_box"": 3}, {""name"": ""brown onion"", ""label"": ""Brown onion"", ""in_box"": 1}, {""name"": ""natural yoghurt"", ""label"": ""Natural yoghurt (80g)"", ""in_box"": 1}, {""name"": ""cardamom pod"", ""label"": ""Cardamom pod x3"", ""in_box"": 3}]"
2026-10-13,2026-08-26,4fd36ef5-5e92-4fc4-99e4-cf50efeed430,4683,One Pot North African-Style Chicken Thigh Tagine,False,0.0,409,607,43.6,18.6,4.9,64.9,20.9,5.6,1.93,148,10.6,4.5,1.2,15.9,5.1,1.4,0.47,2,40,full-prep,mild,Prepped in 5,,4.05,8488,True,"[{""name"": ""intense chicken stock mix"", ""label"": ""Intense chicken stock mix (5.5g)"", ""in_box"": 1}, {""name"": ""skinless chicken thighs"", ""label"": ""Skinless chicken thighs (320g)"", ""in_box"": 1}, {""name"": ""ras el hanout"", ""label"": ""Ras el hanout (2tbsp)"", ""in_box"": 1}, {""name"": ""natural yoghurt"", ""label"": ""Natural yoghurt (80g)"", ""in_box"": 1}, {""name"": ""couscous"", ""label"": ""Couscous (120g)"", ""in_box"": 1}, {""name"": ""ginger & garlic paste"", ""label"": ""Ginger & garlic paste (15g)"", ""in_box"": 1}, {""name"": ""sultanas"", ""label"": ""Sultanas (30g)"", ""in_box"": 1}, {""name"": ""butternut squash cubes"", ""label"": ""Butternut squash cubes (160g)"", ""in_box"": 1}, {""name"": ""spinach"", ""label"": ""Spinach (80g)"", ""in_box"": 1}]"
2026-10-13,2026-08-26,bf174720-f3d2-44f9-a301-3ff11a8e0bf7,7628,One Tray Cheesy Venison & Pork Burger And Clotted Cream Roast Potatoes,True,2.0,427,799,34.7,38.8,15.9,79.3,19.1,8.4,1.86,187,8.1,9.1,3.7,18.6,4.5,2.0,0.44,1,35,full-prep,no spice,Gastropub,,4.39,1355,True,"[{""name"": ""cheddar cheese"", ""label"": ""Cheddar cheese (40g)"", ""in_box"": 1}, {""name"": ""Cornish clotted cream"", ""label"": ""Cornish clotted cream (40g)"", ""in_box"": 1}, {""name"": ""venison & pork burgers"", ""label"": ""Venison & pork burgers (2pcs)"", ""in_box"": 1}, {""name"": ""mayonnaise"", ""label"": ""Mayonnaise (25ml)"", ""in_box"": 1}, {""name"": ""dried thyme"", ""label"": ""Dried thyme (0.5tsp)"", ""in_box"": 1}, {""name"": ""brioche style buns"", ""label"": ""Brioche style buns (2pcs)"", ""in_box"": 1}, {""name"": ""rocket"", ""label"": ""Rocket (50g)"", ""in_box"": 1}, {""name"": ""balsamic vinegar"", ""label"": ""Balsamic vinegar (15ml)"", ""in_box"": 1}, {""name"": ""white potato"", ""label"": ""White potato x3"", ""in_box"": 3}, {""name"": ""dried cranberries"", ""label"": ""Dried cranberries (30g)"", ""in_box"": 1}]"
2026-10-13,2026-08-26,fbd0a97d-40b1-4850-a266-0063b656dd72,7831,One Tray Crispy Baked Basa Tray Bake With Tarragon Butter,False,0.0,468,422,29.7,12.8,2.2,48.6,9.7,8.4,1.05,90,6.3,2.7,0.5,10.4,2.1,1.8,0.22,2,35,full-prep,no spice,One Pan Wonders,,4.49,692,True,"[{""name"": ""parsley and tarragon pesto"", ""label"": ""Parsley and tarragon pesto (40g)"", ""in_box"": 1}, {""name"": ""waxy potatoes"", ""label"": ""Waxy potatoes (350g)"", ""in_box"": 1}, {""name"": ""basa fillets"", ""label"": ""Basa fillets (2pcs)"", ""in_box"": 1}, {""name"": ""panko breadcrumbs"", ""label"": ""Panko breadcrumbs (20g)"", ""in_box"": 1}, {""name"": ""courgette"", ""label"": ""Courgette"", ""in_box"": 1}, {""name"": ""blanched peas"", ""label"": ""Blanched peas (160g)"", ""in_box"": 1}, {""name"": ""vegetable stock mix"", ""label"": ""Vegetable stock mix (5.5g)"", ""in_box"": 1}]"
2026-10-13,2026-08-26,5beeebbc-4ea0-4655-bf8d-25feee234489,2070,One Tray Greek-Style Lamb Meatball Tray Bake With Garlic Yoghurt,False,0.0,456,476,32.9,18.7,8.7,46.4,9.2,4.8,0.93,104,7.2,4.1,1.9,10.2,2.0,1.0,0.2,1,35,full-prep,no spice,One Pan Wonders,,4.25,20471,True,"[{""name"": ""dried oregano"", ""label"": ""Dried oregano (1tsp)"", ""in_box"": 1}, {""name"": ""soy sauce"", ""label"": ""Soy sauce (8ml)"", ""in_box"": 1}, {""name"": ""panko breadcrumbs"", ""label"": ""Panko breadcrumbs (20g)"", ""in_box"": 1}, {""name"": ""ground cumin"", ""label"": ""Ground cumin (1tsp)"", ""in_box"": 1}, {""name"": ""garlic clove"", ""label"": ""Garlic clove"", ""in_box"": 1}, {""name"": ""courgette"", ""label"": ""Courgette"", ""in_box"": 1}, {""name"": ""natural yoghurt"", ""label"": ""Natural yoghurt (80g)"", ""in_box"": 1}, {""name"": ""lamb mince"", ""label"": ""Lamb mince (250g)"", ""in_box"": 1}, {""name"": ""mint"", ""label"": ""Mint (5g)"", ""in_box"": 1}, {""name"": ""red onion"", ""label"": ""Red onion"", ""in_box"": 1}, {""name"": ""white potato"", ""label"": ""White potato x3"", ""in_box"": 3}]"
2026-10-13,2026-08-26,08bb28e4-8f0a-49dd-bf8a-a887d0403876,8156,One Tray Roast Lamb With Buttered Veg And Roasties,True,5.0,,556,36.2,20.9,,59.1,,12.6,1.16,,,,,,,,,2,50,full-prep,no spice,Modern Bistro,Dairy Free,0,0,True,
2026-10-13,2026-08-26,3a9f9134-ed45-45df-b476-3b0b987116a1,2912,Open Chicken Parmigiana Sarnie With Fries,False,0.0,499,735,51.3,32.4,14.3,61.6,4.1,6.1,1.33,147,10.3,6.5,2.9,12.3,0.8,1.2,0.27,1,50,full-prep,no spice,Modern Bistro,,4.27,7456,True,"[{""name"": ""cheddar cheese"", ""label"": ""Cheddar cheese (40g)"", ""in_box"": 1}, {""name"": ""dried oregano"", ""label"": ""Dried oregano (1tsp)"", ""in_box"": 1}, {""name"": ""chicken breast portions"", ""label"": ""Chicken breast portions (2pcs)"", ""in_box"": 1}, {""name"": ""mayonnaise"", ""label"": ""Mayonnaise (25ml)"", ""in_box"": 1}, {""name"": ""ciabatta"", ""label"": ""Ciabatta"", ""in_box"": 1}, {""name"": ""garlic clove"", ""label"": ""Garlic clove"", ""in_box"": 1}, {""name"": ""baby leaf salad"", ""label"": ""Baby leaf salad (50g)"", ""in_box"": 1}, {""name"": ""basil"", ""label"": ""Basil (5g)"", ""in_box"": 1}, {""name"": ""mozzarella"", ""label"": ""Mozzarella (125g)"", ""in_box"": 1}, {""name"": ""tomato paste"", ""label"": ""Tomato paste (16g)"", ""in_box"": 1}, {""name"": ""white potato"", ""label"": ""White potato x4"", ""in_box"": 4}]"
2026-10-13,2026-08-26,17ca170a-926e-4bc0-b4b2-f15db5567bc4,7560,Oven Baked Butternut Squash & Goats' Cheese Gnocchi,False,0.0,378,546,20.2,21.0,10.6,70.5,8.8,4.6,2.59,144,5.3,5.6,2.8,18.7,2.3,1.2,0.68,1,40,full-prep,no spice,Prepped in 5,Vegetarian,4.05,1498,True,"[{""name"": ""gnocchi"", ""label"": ""Gnocchi (350g)"", ""in_box"": 1}, {""name"": ""soft goats' cheese"", ""label"": ""Soft goats' cheese (75g)"", ""in_box"": 1}, {""name"": ""pine nuts"", ""label"": ""Pine nuts (15g)"", ""in_box"": 1}, {""name"": ""roasted garlic paste"", ""label"": ""Roasted garlic paste (15g)"", ""in_box"": 1}, {""name"": ""vegetable stock mix"", ""label"": ""Vegetable stock mix (5.5g)"", ""in_box"": 1}, {""name"": ""soft cheese"", ""label"": ""Soft cheese (50g)"", ""in_box"": 1}, {""name"": ""sage"", ""label"": ""Sage (5g)"", ""in_box"": 1}, {""name"": ""butternut squash cubes"", ""label"": ""Butternut squash cubes (160g)"", ""in_box"": 1}, {""name"": ""red onion"", ""label"": ""Red onion"", ""in_box"": 1}]"
2026-10-13,2026-08-26,c2c90a28-a9c7-43be-bb3f-6780547aa01b,7947,Oven Baked Sri Lankan-Style Cauliflower & Chickpea Curry,False,0.0,411,557,16.2,19.9,16.6,79.1,13.5,11.9,2.04,135,3.9,4.8,4.0,19.2,3.3,2.9,0.49,4,40,full-prep,spicy,Prepped in 5,Vegan; Vegetarian; Dairy Free; Gluten Free,4.4,3440,True,"[{""name"": ""green chilli"", ""label"": ""Green chilli"", ""in_box"": 1}, {""name"": ""white basmati rice"", ""label"": ""White basmati rice (130g)"", ""in_box"": 1}, {""name"": ""solid creamed coconut"", ""label"": ""Solid creamed coconut (25g) x2"", ""in_box"": 2}, {""name"": ""ground turmeric"", ""label"": ""Ground turmeric (0.5tsp)"", ""in_box"": 1}, {""name"": ""finely chopped tomatoes"", ""label"": ""Finely chopped tomatoes (200g)"", ""in_box"": 1}, {""name"": ""intense vegetable stock mix"", ""label"": ""Intense vegetable stock mix (5.5g)"", ""in_box"": 1}, {""name"": ""curry powder"", ""label"": ""Curry powder (1tbsp)"", ""in_box"": 1}, {""name"": ""garlic clove"", ""label"": ""Garlic clove x2"", ""in_box"": 2}, {""name"": ""cauliflower florets"", ""label"": ""Cauliflower florets (160g)"", ""in_box"": 1}, {""name"": ""chickpeas"", ""label"": ""Chickpeas (185g)"", ""in_box"": 1}, {""name"": ""shallot"", ""label"": ""Shallot"", ""in_box"": 1}, {""name"": ""spinach"", ""label"": ""Spinach (80g)"", ""in_box"": 1}, {""name"": ""tamarind paste"", ""label"": ""Tamarind paste (15g)"", ""in_box"": 1}]"
2026-10-13,2026-08-26,b2b45c41-2947-45a2-b567-719b4ba8e6b7,5057,Oven-Baked Pulled Shiitake Mushroom BBQ Beans,False,0.0,427,707,26.6,26.6,9.8,66.4,8.7,27.6,2.42,165,6.2,6.2,2.3,15.6,2.0,6.5,0.56,3,40,full-prep,mild,Prepped in 5,Vegan; Vegetarian; Dairy Free,4.18,2378,True,"[{""name"": ""Fable® meaty pulled mushrooms"", ""label"": ""Fable® meaty pulled mushrooms (180g)"", ""in_box"": 1}, {""name"": ""ground coriander"", ""label"": ""Ground coriander (2tsp)"", ""in_box"": 1}, {""name"": ""tomato paste"", ""label"": ""Tomato paste (32g)"", ""in_box"": 1}, {""name"": ""vegan mayonnaise"", ""label"": ""Vegan mayonnaise (25ml)"", ""in_box"": 1}, {""name"": ""smoked sea salt flakes"", ""label"": ""Smoked sea salt flakes (1g)"", ""in_box"": 1}, {""name"": ""ground smoked paprika"", ""label"": ""Ground smoked paprika (2tsp)"", ""in_box"": 1}, {""name"": ""ciabatta"", ""label"": ""Ciabatta x2"", ""in_box"": 2}, {""name"": ""cannellini beans"", ""label"": ""Cannellini beans (390g)"", ""in_box"": 1}, {""name"": ""chipotle paste"", ""label"": ""Chipotle paste (20g)"", ""in_box"": 1}, {""name"": ""garlic clove"", ""label"": ""Garlic clove x2"", ""in_box"": 2}, {""name"": ""brown onion"", ""label"": ""Brown onion"", ""in_box"": 1}, {""name"": ""gem lettuce"", ""label"": ""Gem lettuce"", ""in_box"": 1}, {""name"": ""white wine vinegar"", ""label"": ""White wine vinegar (15ml)"", ""in_box"": 1}]"
2026-10-13,2026-08-26,0b4c4bfe-f3b1-4046-94df-4caad57c12a4,7246,Pan-Fried Basa With Tomato Sauce And Roast Potatoes,False,0.0,454,304,25.8,2.2,0.6,47.6,7.0,8.2,1.42,66,5.7,0.5,0.1,10.5,1.6,1.8,0.31,2,35,full-prep,spicy,Modern Bistro,Dairy Free; Gluten Free,4.37,2792,True,"[{""name"": ""dried chilli flakes"", ""label"": ""Dried chilli flakes (0.5tsp)"", ""in_box"": 1}, {""name"": ""fennel seeds"", ""label"": ""Fennel seeds (1tsp)"", ""in_box"": 1}, {""name"": ""basa fillets"", ""label"": ""Basa fillets (2pcs)"", ""in_box"": 1}, {""name"": ""intense vegetable stock mix"", ""label"": ""Intense vegetable stock mix (5.5g)"", ""in_box"": 1}, {""name"": ""garlic clove"", ""label"": ""Garlic clove x2"", ""in_box"": 2}, {""name"": ""tomato"", ""label"": ""Tomato"", ""in_box"": 1}, {""name"": ""shallot"", ""label"": ""Shallot"", ""in_box"": 1}, {""name"": ""tomato paste"", ""label"": ""Tomato paste (16g)"", ""in_box"": 1}, {""name"": ""fine green beans"", ""label"": ""Fine green beans (160g)"", ""in_box"": 1}, {""name"": ""white potato"", ""label"": ""White potato x4"", ""in_box"": 4}]"
2026-10-13,2026-08-26,e4b03002-495f-490f-854f-dadc7a78e1fb,14446,Paneer Tikka Masala With Cardamom Rice,False,0.0,316,682,27.4,33.7,21.0,71.9,11.7,3.9,2.39,215,8.6,10.6,6.6,22.7,3.7,1.2,0.75,1,30,full-prep,mild,Classic Fakeaways,Vegetarian; Gluten Free,4.51,1075,True,"[{""name"": ""paneer"", ""label"": ""Paneer (200g)"", ""in_box"": 1}, {""name"": ""white basmati rice"", ""label"": ""White basmati rice (130g)"", ""in_box"": 1}, {""name"": ""Cornish clotted cream"", ""label"": ""Cornish clotted cream (40g)"", ""in_box"": 1}, {""name"": ""ground paprika"", ""label"": ""Ground paprika (1tsp)"", ""in_box"": 1}, {""name"": ""tomato paste"", ""label"": ""Tomato paste (32g)"", ""in_box"": 1}, {""name"": ""garam masala"", ""label"": ""Garam masala (1tsp)"", ""in_box"": 1}, {""name"": ""curry powder"", ""label"": ""Curry powder (1tbsp)"", ""in_box"": 1}, {""name"": ""garlic clove"", ""label"": ""Garlic clove"", ""in_box"": 1}, {""name"": ""tomato"", ""label"": ""Tomato"", ""in_box"": 1}, {""name"": ""shallot"", ""label"": ""Shallot"", ""in_box"": 1}, {""name"": ""natural yoghurt"", ""label"": ""Natural yoghurt (80g)"", ""in_box"": 1}, {""name"": ""vegetable stock mix"", ""label"": ""Vegetable stock mix (5.5g)"", ""in_box"": 1}, {""name"": ""ginger paste"", ""label"": ""Ginger paste (15g)"", ""in_box"": 1}, {""name"": ""cardamom pod"", ""label"": ""Cardamom pod x2"", ""in_box"": 2}]"
2026-10-13,2026-08-26,0dc3c663-9c78-4f28-9efa-5402a9443cb8,4897,Peanut Butter Veg-Packed Udon,False,0.0,455,509,17.6,21.2,2.7,61.1,3.7,4.0,2.29,111,3.9,4.7,0.6,13.4,0.8,0.9,0.5,2,10,full-prep,mild,10-Minute,Vegan; Vegetarian; Dairy Free,4.31,7281,True,"[{""name"": ""sriracha hot chilli sauce"", ""label"": ""Sriracha hot chilli sauce (8ml)"", ""in_box"": 1}, {""name"": ""Tenderstem broccoli"", ""label"": ""Tenderstem broccoli (80g)"", ""in_box"": 1}, {""name"": ""toasted sesame seeds"", ""label"": ""Toasted sesame seeds (5g)"", ""in_box"": 1}, {""name"": ""toasted sesame oil"", ""label"": ""Toasted sesame oil (10ml)"", ""in_box"": 1}, {""name"": ""udon noodles"", ""label"": ""Udon noodles (200g) x2"", ""in_box"": 2}, {""name"": ""chestnut mushrooms"", ""label"": ""Chestnut mushrooms (160g)"", ""in_box"": 1}, {""name"": ""soy sauce"", ""label"": ""Soy sauce (15ml)"", ""in_box"": 1}, {""name"": ""spinach"", ""label"": ""Spinach (80g)"", ""in_box"": 1}, {""name"": ""lime"", ""label"": ""Lime"", ""in_box"": 1}, {""name"": ""smooth peanut butter"", ""label"": ""Smooth peanut butter (26g) x2"", ""in_box"": 2}]"
2026-10-13,2026-08-26,41fa5e54-0003-4259-af9b-4ab1ed72c15b,7301,Pepperoni Pizza With Hot Honey,False,0.0,376,690,27.3,24.7,11.2,87.7,19.0,7.3,2.11,183,7.3,6.6,3.0,23.3,5.0,1.9,0.56,3,35,full-prep,spicy,Family Kitchen,,4.48,10310,True,"[{""name"": ""flame-baked pizza bases"", ""label"": ""Flame-baked pizza bases (2pcs)"", ""in_box"": 1}, {""name"": ""dried oregano"", ""label"": ""Dried oregano (1tsp)"", ""in_box"": 1}, {""name"": ""red pepper"", ""label"": ""Red pepper"", ""in_box"": 1}, {""name"": ""dried chilli flakes"", ""label"": ""Dried chilli flakes (0.5tsp)"", ""in_box"": 1}, {""name"": ""sliced pepperoni"", ""label"": ""Sliced pepperoni (30g)"", ""in_box"": 1}, {""name"": ""tomato paste"", ""label"": ""Tomato paste (32g) x2"", ""in_box"": 2}, {""name"": ""garlic clove"", ""label"": ""Garlic clove"", ""in_box"": 1}, {""name"": ""baby leaf salad"", ""label"": ""Baby leaf salad (50g)"", ""in_box"": 1}, {""name"": ""mozzarella"", ""label"": ""Mozzarella (125g)"", ""in_box"": 1}, {""name"": ""balsamic vinegar"", ""label"": ""Balsamic vinegar (15ml)"", ""in_box"": 1}, {""name"": ""honey"", ""label"": ""Honey (25g)"", ""in_box"": 1}]"
2026-10-13,2026-08-26,233a0f64-0bfd-4652-a2cf-99a257d246b1,1651,Peri Peri Chicken & Pepper Rice,False,0.0,410,404,33.2,8.2,1.7,49.7,6.9,4.0,1.58,98,8.1,2.0,0.4,12.1,1.7,1.0,0.39,1,10,full-prep,spicy,10-Minute,Dairy Free; Gluten Free,4.09,22233,True,"[{""name"": ""intense chicken stock mix"", ""label"": ""Intense chicken stock mix (5.5g)"", ""in_box"": 1}, {""name"": ""cooked white long grain rice"", ""label"": ""Cooked white long grain rice (280g)"", ""in_box"": 1}, {""name"": ""dried oregano"", ""label"": ""Dried oregano (1tsp)"", ""in_box"": 1}, {""name"": ""chicken breast strips"", ""label"": ""Chicken breast strips (250g)"", ""in_box"": 1}, {""name"": ""red pepper"", ""label"": ""Red pepper"", ""in_box"": 1}, {""name"": ""cayenne pepper"", ""label"": ""Cayenne pepper (0.5tsp)"", ""in_box"": 1}, {""name"": ""spring onion"", ""label"": ""Spring onion"", ""in_box"": 1}, {""name"": ""ground smoked paprika"", ""label"": ""Ground smoked paprika (1tsp)"", ""in_box"": 1}, {""name"": ""chipotle paste"", ""label"": ""Chipotle paste (20g)"", ""in_box"": 1}, {""name"": ""lemon"", ""label"": ""Lemon"", ""in_box"": 1}, {""name"": ""roasted garlic paste"", ""label"": ""Roasted garlic paste (15g)"", ""in_box"": 1}]"
2026-10-13,2026-08-26,52d2112f-b9af-4cd1-8422-74dda540f8f5,17605,Piri Piri Chicken And Spicy Rice,True,0.75,379,455,24.3,12.1,1.5,54.6,13.7,15.9,2.05,119,6.4,3.2,0.4,14.4,3.6,4.2,0.54,2,7,heat-only,mild,Heat & Eat,,0,0,True,"[{""name"": ""piri piri chicken with spicy rice"", ""label"": ""Piri piri chicken with spicy rice (420g) x2"", ""in_box"": 2}]"
2026-10-13,2026-08-26,98d37a49-d174-4164-8526-73eb38bc2955,3357,Plant-Based Creamy Leek & Mushroom Pie,False,0.0,465,596,13.6,36.9,10.7,52.7,14.5,10.5,2.27,128,2.9,7.9,2.3,11.3,3.1,2.2,0.49,2,45,full-prep,no spice,Modern Bistro,Vegan; Vegetarian; Dairy Free,4.28,10019,True,"[{""name"": ""leek"", ""label"": ""Leek"", ""in_box"": 1}, {""name"": ""dried oregano"", ""label"": ""Dried oregano (1tsp)"", ""in_box"": 1}, {""name"": ""intense vegetable stock mix"", ""label"": ""Intense vegetable stock mix (5.5g)"", ""in_box"": 1}, {""name"": ""creamy single oat"", ""label"": ""Creamy single oat (250ml)"", ""in_box"": 1}, {""name"": ""puff pastry"", ""label"": ""Puff pastry (160g)"", ""in_box"": 1}, {""name"": ""garlic clove"", ""label"": ""Garlic clove x2"", ""in_box"": 2}, {""name"": ""blanched peas"", ""label"": ""Blanched peas (160g)"", ""in_box"": 1}, {""name"": ""wholegrain mustard"", ""label"": ""Wholegrain mustard (21g)"", ""in_box"": 1}, {""name"": ""chestnut mushrooms"", ""label"": ""Chestnut mushrooms (160g)"", ""in_box"": 1}]"
2026-10-13,2026-08-26,2d6668b9-6227-417e-aaff-4c12749b230e,5187,Plant-Based Creamy Mushroom Miso Udon,False,0.0,518,488,13.0,18.0,2.3,67.2,7.0,5.1,2.15,94,2.5,3.5,0.4,13.0,1.4,1.0,0.41,2,25,full-prep,no spice,20 minute meals,Vegan; Vegetarian; Dairy Free,4.35,11845,True,"[{""name"": ""white miso paste"", ""label"": ""White miso paste (17g)"", ""in_box"": 1}, {""name"": ""spring onion"", ""label"": ""Spring onion"", ""in_box"": 1}, {""name"": ""soy sauce"", ""label"": ""Soy sauce (8ml)"", ""in_box"": 1}, {""name"": ""Tenderstem broccoli"", ""label"": ""Tenderstem broccoli (80g) x2"", ""in_box"": 2}, {""name"": ""creamy single oat"", ""label"": ""Creamy single oat (250ml)"", ""in_box"": 1}, {""name"": ""garlic clove"", ""label"": ""Garlic clove x2"", ""in_box"": 2}, {""name"": ""shallot"", ""label"": ""Shallot"", ""in_box"": 1}, {""name"": ""udon noodles"", ""label"": ""Udon noodles (200g) x2"", ""in_box"": 2}, {""name"": ""white cup mushrooms"", ""label"": ""White cup mushrooms (160g)"", ""in_box"": 1}]"
2026-10-13,2026-08-26,5895d927-b940-4e91-90bd-f05dbdd30c57,3354,Plant-Based No Butter Chick'n With Fragrant Rice,False,0.0,400,670,25.2,28.2,10.6,77.1,11.8,12.0,3.32,167,6.3,7.0,2.6,19.3,2.9,3.0,0.83,1,35,full-prep,mild,Takeaway Night,Vegan; Vegetarian; Dairy Free,4.4,11831,True,"[{""name"": ""white basmati rice"", ""label"": ""White basmati rice (130g)"", ""in_box"": 1}, {""name"": ""solid creamed coconut"", ""label"": ""Solid creamed coconut (25g)"", ""in_box"": 1}, {""name"": ""ground paprika"", ""label"": ""Ground paprika (1tsp)"", ""in_box"": 1}, {""name"": ""meat-free chick'n"", ""label"": ""Meat-free chick'n (160g)"", ""in_box"": 1}, {""name"": ""intense vegetable stock mix"", ""label"": ""Intense vegetable stock mix (5.5g)"", ""in_box"": 1}, {""name"": ""creamy single oat"", ""label"": ""Creamy single oat (250ml)"", ""in_box"": 1}, {""name"": ""curry powder"", ""label"": ""Curry powder (1tbsp)"", ""in_box"": 1}, {""name"": ""garlic clove"", ""label"": ""Garlic clove x2"", ""in_box"": 2}, {""name"": ""tomato"", ""label"": ""Tomato"", ""in_box"": 1}, {""name"": ""brown onion"", ""label"": ""Brown onion"", ""in_box"": 1}, {""name"": ""ginger paste"", ""label"": ""Ginger paste (15g)"", ""in_box"": 1}, {""name"": ""tomato paste"", ""label"": ""Tomato paste (16g)"", ""in_box"": 1}, {""name"": ""coriander"", ""label"": ""Coriander (5g)"", ""in_box"": 1}, {""name"": ""cardamom pod"", ""label"": ""Cardamom pod x3"", ""in_box"": 3}]"
2026-10-13,2026-08-26,57acf1ef-dc6f-476a-8a27-4e947d04fe2f,4904,Plant-Based Smoky Gnocchi & Crispy Mushrooms,False,0.0,496,504,15.2,18.7,2.4,69.6,6.8,6.3,2.57,101,3.1,3.8,0.5,14.0,1.4,1.3,0.52,2,30,full-prep,mild,Modern Bistro,Vegan; Vegetarian; Dairy Free,4.12,12734,True,"[{""name"": ""ground smoked paprika"", ""label"": ""Ground smoked paprika (1tsp)"", ""in_box"": 1}, {""name"": ""creamy single oat"", ""label"": ""Creamy single oat (250ml)"", ""in_box"": 1}, {""name"": ""gnocchi"", ""label"": ""Gnocchi (350g)"", ""in_box"": 1}, {""name"": ""Dijon mustard"", ""label"": ""Dijon mustard (18g)"", ""in_box"": 1}, {""name"": ""garlic clove"", ""label"": ""Garlic clove x2"", ""in_box"": 2}, {""name"": ""flat white mushrooms"", ""label"": ""Flat white mushrooms (150g)"", ""in_box"": 1}, {""name"": ""vegetable stock mix"", ""label"": ""Vegetable stock mix (5.5g)"", ""in_box"": 1}, {""name"": ""spinach"", ""label"": ""Spinach (80g)"", ""in_box"": 1}, {""name"": ""cherry tomatoes"", ""label"": ""Cherry tomatoes (125g)"", ""in_box"": 1}]"
2026-10-13,2026-08-26,07a4cd20-a93c-4a67-8e20-fc1bb9b58428,4055,Plant-Based Smoky Mushroom Linguine,False,0.0,470,418,11.8,18.6,2.4,49.5,8.9,6.1,1.52,88,2.5,3.9,0.5,10.5,1.9,1.3,0.32,3,30,full-prep,,Calorie Controlled,Vegan; Vegetarian; Dairy Free,4.26,6585,True,"[{""name"": ""white miso paste"", ""label"": ""White miso paste (17g)"", ""in_box"": 1}, {""name"": ""soy sauce"", ""label"": ""Soy sauce (8ml)"", ""in_box"": 1}, {""name"": ""creamy single oat"", ""label"": ""Creamy single oat (250ml)"", ""in_box"": 1}, {""name"": ""ground smoked paprika"", ""label"": ""Ground smoked paprika (2tsp)"", ""in_box"": 1}, {""name"": ""garlic clove"", ""label"": ""Garlic clove"", ""in_box"": 1}, {""name"": ""flat white mushrooms"", ""label"": ""Flat white mushrooms (150g)"", ""in_box"": 1}, {""name"": ""linguine"", ""label"": ""Linguine (100g)"", ""in_box"": 1}, {""name"": ""courgette"", ""label"": ""Courgette"", ""in_box"": 1}, {""name"": ""shallot"", ""label"": ""Shallot"", ""in_box"": 1}, {""name"": ""cider vinegar"", ""label"": ""Cider vinegar (15ml)"", ""in_box"": 1}, {""name"": ""chestnut mushrooms"", ""label"": ""Chestnut mushrooms (160g)"", ""in_box"": 1}, {""name"": ""rocket"", ""label"": ""Rocket (50g)"", ""in_box"": 1}]"
2026-10-13,2026-08-26,67dfe86a-4e1b-4f08-a311-d8811d85a3e8,14520,Pork & Beef Cheeseburger With Fries,False,0.0,431,822,36.7,46.5,15.9,64.6,9.8,7.4,1.99,190,8.5,10.8,3.7,15.0,2.3,1.7,0.46,1,35,full-prep,no spice,Classic Fakeaways,,4.49,715,True,"[{""name"": ""cheddar cheese"", ""label"": ""Cheddar cheese (40g)"", ""in_box"": 1}, {""name"": ""brioche style buns"", ""label"": ""Brioche style buns (2pcs)"", ""in_box"": 1}, {""name"": ""pork & beef mince"", ""label"": ""Pork & beef mince (250g)"", ""in_box"": 1}, {""name"": ""tomato ketchup"", ""label"": ""Tomato ketchup (30ml)"", ""in_box"": 1}, {""name"": ""smoked sea salt flakes"", ""label"": ""Smoked sea salt flakes (1g)"", ""in_box"": 1}, {""name"": ""mayonnaise"", ""label"": ""Mayonnaise (25ml)"", ""in_box"": 1}, {""name"": ""gem lettuce"", ""label"": ""Gem lettuce"", ""in_box"": 1}, {""name"": ""white potato"", ""label"": ""White potato x3"", ""in_box"": 3}]"
2026-10-13,2026-08-26,d8ea1de6-4366-4695-92af-432ad65582a4,14359,Pork & Beef Lasagne With Balsamic Salad,False,0.0,520,607,39.2,21.0,9.0,65.8,19.7,9.8,1.65,116,7.5,4.0,1.7,12.7,3.8,1.9,0.32,4,55,full-prep,no spice,Everyday Favourites,,4.46,2104,True,"[{""name"": ""finely chopped tomatoes"", ""label"": ""Finely chopped tomatoes (200g)"", ""in_box"": 1}, {""name"": ""tomato paste"", ""label"": ""Tomato paste (32g)"", ""in_box"": 1}, {""name"": ""dried oregano"", ""label"": ""Dried oregano (1tsp)"", ""in_box"": 1}, {""name"": ""pork & beef mince"", ""label"": ""Pork & beef mince (250g)"", ""in_box"": 1}, {""name"": ""intense beef stock mix"", ""label"": ""Intense beef stock mix (5.5g)"", ""in_box"": 1}, {""name"": ""garlic clove"", ""label"": ""Garlic clove x2"", ""in_box"": 2}, {""name"": ""Dried bay leaf"", ""label"": ""Dried bay leaf x2"", ""in_box"": 2}, {""name"": ""lasagne sheets"", ""label"": ""Lasagne sheets (120g)"", ""in_box"": 1}, {""name"": ""brown onion"", ""label"": ""Brown onion"", ""in_box"": 1}, {""name"": ""Italian hard cheese"", ""label"": ""Italian hard cheese (20g)"", ""in_box"": 1}, {""name"": ""Henderson's Relish"", ""label"": ""Henderson's Relish (15ml)"", ""in_box"": 1}, {""name"": ""carrot"", ""label"": ""Carrot x2"", ""in_box"": 2}, {""name"": ""gem lettuce"", ""label"": ""Gem lettuce"", ""in_box"": 1}, {""name"": ""balsamic vinegar"", ""label"": ""Balsamic vinegar (15ml)"", ""in_box"": 1}]"
2026-10-13,2026-08-26,fa1fe67a-c898-4657-b453-866739568498,5671,"Pork, Fennel & Red Wine Ragù With Tortiglioni",False,0.0,382,653,42.0,17.2,6.9,87.7,9.8,5.8,2.08,171,11.0,4.5,1.8,23.0,2.6,1.5,0.55,2,25,full-prep,no spice,20 minute meals,,4.42,30260,True,"[{""name"": ""Italian hard cheese"", ""label"": ""Italian hard cheese (20g)"", ""in_box"": 1}, {""name"": ""intense beef stock mix"", ""label"": ""Intense beef stock mix (5.5g)"", ""in_box"": 1}, {""name"": ""fennel seeds"", ""label"": ""Fennel seeds (1tsp)"", ""in_box"": 1}, {""name"": ""red wine paste"", ""label"": ""Red wine paste (10g)"", ""in_box"": 1}, {""name"": ""finely chopped tomatoes"", ""label"": ""Finely chopped tomatoes (200g)"", ""in_box"": 1}, {""name"": ""tomato paste"", ""label"": ""Tomato paste (32g)"", ""in_box"": 1}, {""name"": ""pork mince"", ""label"": ""Pork mince (250g)"", ""in_box"": 1}, {""name"": ""garlic clove"", ""label"": ""Garlic clove x3"", ""in_box"": 3}, {""name"": ""parsley"", ""label"": ""Parsley (5g)"", ""in_box"": 1}, {""name"": ""shallot"", ""label"": ""Shallot"", ""in_box"": 1}, {""name"": ""tortiglioni"", ""label"": ""Tortiglioni (200g)"", ""in_box"": 1}]"
2026-10-13,2026-08-26,ecaa8ba0-71ec-4975-990a-e8f071fcfa6a,4664,Provençal-Style Crumbed Chicken With Roasted Vegetables,False,0.0,492,441,43.0,9.7,5.4,47.7,6.9,4.9,0.58,89,8.7,2.0,1.1,9.7,1.4,1.0,0.12,1,50,full-prep,no spice,Modern Bistro,,4.37,7910,True,"[{""name"": ""waxy potatoes"", ""label"": ""Waxy potatoes (350g)"", ""in_box"": 1}, {""name"": ""chicken breast portions"", ""label"": ""Chicken breast portions (2pcs)"", ""in_box"": 1}, {""name"": ""dried oregano"", ""label"": ""Dried oregano (1tsp)"", ""in_box"": 1}, {""name"": ""panko breadcrumbs"", ""label"": ""Panko breadcrumbs (40g)"", ""in_box"": 1}, {""name"": ""cheddar cheese"", ""label"": ""Cheddar cheese (40g)"", ""in_box"": 1}, {""name"": ""garlic clove"", ""label"": ""Garlic clove"", ""in_box"": 1}, {""name"": ""courgette"", ""label"": ""Courgette"", ""in_box"": 1}, {""name"": ""parsley"", ""label"": ""Parsley (10g)"", ""in_box"": 1}, {""name"": ""cherry tomatoes"", ""label"": ""Cherry tomatoes (125g)"", ""in_box"": 1}]"
2026-10-13,2026-08-26,11b30c44-1243-47ef-ab9b-98d8af849a25,13513,RE:NOURISH Chicken Soup With Pesto Cheese Toastie,True,2.25,668,884,32.0,55.2,14.1,67.7,8.7,8.3,4.32,132,4.8,8.3,2.1,10.1,1.3,1.2,0.65,1,10,full-prep,no spice,Semi-Prepped,,4.11,45,True,"[{""name"": ""cheddar cheese"", ""label"": ""Cheddar cheese (40g) x2"", ""in_box"": 2}, {""name"": ""RENOURISH Recover Classic Roast Chicken Soup 500g"", ""label"": ""RENOURISH Recover Classic Roast Chicken Soup 500g (500g) x2"", ""in_box"": 2}, {""name"": ""mayonnaise"", ""label"": ""Mayonnaise (50ml)"", ""in_box"": 1}, {""name"": ""ciabatta"", ""label"": ""Ciabatta x2"", ""in_box"": 2}, {""name"": ""traditional Italian pesto"", ""label"": ""Traditional Italian pesto (45g)"", ""in_box"": 1}]"
2026-10-13,2026-08-26,bfd282cb-7036-4279-9809-09f453e6765a,13510,RE:NOURISH Tomato & Basil Soup With Mozzarella & Pesto Toastie,True,2.25,654,557,22.0,25.9,10.6,55.1,13.3,8.0,3.37,85,3.4,4.0,1.6,8.4,2.0,1.2,0.51,3,10,full-prep,no spice,Semi-Prepped,Vegetarian,3.67,51,True,"[{""name"": ""ciabatta"", ""label"": ""Ciabatta x2"", ""in_box"": 2}, {""name"": ""RE:NOURISH Calm Tomato & Basil Soup"", ""label"": ""RE:NOURISH Calm Tomato & Basil Soup (500g) x2"", ""in_box"": 2}, {""name"": ""mozzarella"", ""label"": ""Mozzarella (125g)"", ""in_box"": 1}, {""name"": ""traditional Italian pesto"", ""label"": ""Traditional Italian pesto (45g)"", ""in_box"": 1}]"
2026-10-13,2026-08-26,1f90443a-3c33-4901-b45a-a99eb2b906c2,13560,Ready-To-Heat Chicken & Leek Pie With Mash And Peas,True,2.5,480,732,29.4,27.4,12.5,92.0,8.7,11.6,1.81,152,6.1,5.7,2.6,19.2,1.8,2.4,0.38,1,30,full-prep,no spice,Semi-Prepped,,4.24,135,True,"[{""name"": ""Higgidy Creamy Chicken & Sautéed Leek Pie with white wine"", ""label"": ""Higgidy Creamy Chicken & Saut√©ed Leek Pie with white wine (200g) x2"", ""in_box"": 2}, {""name"": ""blanched peas"", ""label"": ""Blanched peas (160g)"", ""in_box"": 1}, {""name"": ""white potato"", ""label"": ""White potato x4"", ""in_box"": 4}]"
2026-10-13,2026-08-26,1e7b79bd-046e-4498-9278-0de8a6ef5437,15543,"Ready-To-Heat Steak & Ale Pie With Cheddar Mash, Gravy & Peas",True,2.5,507,768,36.8,26.2,15.2,96.5,9.2,12.1,2.64,151,7.3,5.2,3.0,19.0,1.8,2.4,0.52,1,30,full-prep,no spice,Semi-Prepped,,4.49,149,True,"[{""name"": ""cheddar cheese"", ""label"": ""Cheddar cheese (40g)"", ""in_box"": 1}, {""name"": ""Higgidy slow-braised steak & craft ale pie with carrots"", ""label"": ""Higgidy slow-braised steak & craft ale pie with carrots (200g) x2"", ""in_box"": 2}, {""name"": ""gravy base"", ""label"": ""Gravy base (14g)"", ""in_box"": 1}, {""name"": ""blanched peas"", ""label"": ""Blanched peas (160g)"", ""in_box"": 1}, {""name"": ""white potato"", ""label"": ""White potato x4"", ""in_box"": 4}]"
2026-10-13,2026-08-26,fef451bb-241e-421d-ac99-ca5a5b64ea2d,7913,"Roast Lamb, Roasties & Cauliflower Cheese",True,5.0,467,547,40.3,27.2,13.1,37.7,5.6,6.2,1.23,117,8.6,5.8,2.8,8.1,1.2,1.3,0.26,1,45,full-prep,no spice,Gastropub,Gluten Free,4.47,203,True,"[{""name"": ""cheddar cheese"", ""label"": ""Cheddar cheese (40g)"", ""in_box"": 1}, {""name"": ""gravy base"", ""label"": ""Gravy base (14g)"", ""in_box"": 1}, {""name"": ""lamb leg joint"", ""label"": ""Lamb leg joint (300g)"", ""in_box"": 1}, {""name"": ""fine green beans"", ""label"": ""Fine green beans (80g)"", ""in_box"": 1}, {""name"": ""cauliflower"", ""label"": ""Cauliflower"", ""in_box"": 1}, {""name"": ""white potato"", ""label"": ""White potato x3"", ""in_box"": 3}]"
2026-10-13,2026-08-26,1b4a488e-8737-4bd8-9785-e8e26caa1971,10098,Roasted Paprika Squash With Coconut Dal & Rice,False,0.0,425,662,25.1,14.0,9.8,112.2,19.3,17.3,1.93,155,5.9,3.3,2.3,26.4,4.5,4.1,0.45,4,40,full-prep,mild,Global Kitchen,Vegetarian,4.22,145,True,"[{""name"": ""ground turmeric"", ""label"": ""Ground turmeric (0.5tsp)"", ""in_box"": 1}, {""name"": ""seasonal squash"", ""label"": ""Seasonal squash (375g)"", ""in_box"": 1}, {""name"": ""ground paprika"", ""label"": ""Ground paprika (1tsp)"", ""in_box"": 1}, {""name"": ""tomato paste"", ""label"": ""Tomato paste (32g)"", ""in_box"": 1}, {""name"": ""garam masala"", ""label"": ""Garam masala (1tsp)"", ""in_box"": 1}, {""name"": ""ground coriander"", ""label"": ""Ground coriander (1tsp)"", ""in_box"": 1}, {""name"": ""intense vegetable stock mix"", ""label"": ""Intense vegetable stock mix (5.5g)"", ""in_box"": 1}, {""name"": ""curry powder"", ""label"": ""Curry powder (1tbsp)"", ""in_box"": 1}, {""name"": ""brown onion"", ""label"": ""Brown onion"", ""in_box"": 1}, {""name"": ""white long grain rice"", ""label"": ""White long grain rice (130g)"", ""in_box"": 1}, {""name"": ""red lentils"", ""label"": ""Red lentils (100g)"", ""in_box"": 1}, {""name"": ""natural yoghurt"", ""label"": ""Natural yoghurt (80g)"", ""in_box"": 1}, {""name"": ""black sesame seeds"", ""label"": ""Black sesame seeds (5g)"", ""in_box"": 1}, {""name"": ""solid creamed coconut"", ""label"": ""Solid creamed coconut (25g)"", ""in_box"": 1}]"
2026-10-13,2026-08-26,1e12b6fc-6585-4c61-b35f-6368bdf88df2,2888,Saag Aloo With Peas And Pitta,False,0.0,432,488,16.2,12.9,8.7,77.6,17.4,14.0,1.53,112,3.7,3.0,2.0,18.0,4.0,3.2,0.35,3,10,full-prep,mild,10-Minute,Vegan; Vegetarian; Dairy Free,4.32,38882,True,"[{""name"": ""wholemeal pittas"", ""label"": ""Wholemeal pittas (2pcs)"", ""in_box"": 1}, {""name"": ""mango chutney"", ""label"": ""Mango chutney (20g)"", ""in_box"": 1}, {""name"": ""solid creamed coconut"", ""label"": ""Solid creamed coconut (25g)"", ""in_box"": 1}, {""name"": ""ground turmeric"", ""label"": ""Ground turmeric (0.5tsp)"", ""in_box"": 1}, {""name"": ""waxy potatoes"", ""label"": ""Waxy potatoes (350g)"", ""in_box"": 1}, {""name"": ""cumin seeds"", ""label"": ""Cumin seeds (1tsp)"", ""in_box"": 1}, {""name"": ""red chilli"", ""label"": ""Red chilli"", ""in_box"": 1}, {""name"": ""curry powder"", ""label"": ""Curry powder (0.5tbsp)"", ""in_box"": 1}, {""name"": ""blanched peas"", ""label"": ""Blanched peas (160g)"", ""in_box"": 1}, {""name"": ""vegetable stock mix"", ""label"": ""Vegetable stock mix (5.5g)"", ""in_box"": 1}, {""name"": ""ginger & garlic paste"", ""label"": ""Ginger & garlic paste (15g)"", ""in_box"": 1}, {""name"": ""tomato paste"", ""label"": ""Tomato paste (16g)"", ""in_box"": 1}, {""name"": ""black sesame seeds"", ""label"": ""Black sesame seeds (5g)"", ""in_box"": 1}, {""name"": ""spinach"", ""label"": ""Spinach (120g)"", ""in_box"": 1}]"
2026-10-13,2026-08-26,721336af-2981-4e25-a185-7f1fc935dc74,4222,Sage & Onion Meat-Free Meatballs With Apple Sauce,False,0.0,608,533,34.8,12.5,1.1,71.7,24.5,16.2,2.12,87,5.7,2.0,0.2,11.8,4.0,2.7,0.35,3,40,full-prep,no spice,Modern Bistro,Vegan; Vegetarian; Dairy Free,4.18,1422,True,"[{""name"": ""Meatless Farm mince"", ""label"": ""Meatless Farm mince (200g)"", ""in_box"": 1}, {""name"": ""brown onion"", ""label"": ""Brown onion"", ""in_box"": 1}, {""name"": ""vegetable stock mix"", ""label"": ""Vegetable stock mix (5.5g)"", ""in_box"": 1}, {""name"": ""sage"", ""label"": ""Sage (5g)"", ""in_box"": 1}, {""name"": ""carrot"", ""label"": ""Carrot"", ""in_box"": 1}, {""name"": ""Marmite"", ""label"": ""Marmite (8g)"", ""in_box"": 1}, {""name"": ""spring greens"", ""label"": ""Spring greens (150g)"", ""in_box"": 1}, {""name"": ""white potato"", ""label"": ""White potato x4"", ""in_box"": 4}, {""name"": ""apple"", ""label"": ""Apple x2"", ""in_box"": 2}]"
2026-10-13,2026-08-26,d59c3098-83a9-48c3-b25a-8fba6f05ca5e,4652,Saucy Gochujang Chicken Thigh Udon,False,0.0,453,592,33.1,19.2,4.2,71.9,9.5,1.5,3.12,130,7.3,4.2,0.9,15.9,2.1,0.3,0.69,1,10,full-prep,spicy,10-Minute,Dairy Free,4.28,14802,True,"[{""name"": ""dried chilli flakes"", ""label"": ""Dried chilli flakes (0.5tsp)"", ""in_box"": 1}, {""name"": ""gochujang paste"", ""label"": ""Gochujang paste (30g)"", ""in_box"": 1}, {""name"": ""spring onion"", ""label"": ""Spring onion"", ""in_box"": 1}, {""name"": ""diced chicken thigh"", ""label"": ""Diced chicken thigh (250g)"", ""in_box"": 1}, {""name"": ""cornflour"", ""label"": ""Cornflour (1tbsp)"", ""in_box"": 1}, {""name"": ""toasted sesame oil"", ""label"": ""Toasted sesame oil (10ml)"", ""in_box"": 1}, {""name"": ""courgette"", ""label"": ""Courgette"", ""in_box"": 1}, {""name"": ""udon noodles"", ""label"": ""Udon noodles (200g) x2"", ""in_box"": 2}, {""name"": ""ginger & garlic paste"", ""label"": ""Ginger & garlic paste (15g)"", ""in_box"": 1}, {""name"": ""black sesame seeds"", ""label"": ""Black sesame seeds (5g)"", ""in_box"": 1}, {""name"": ""soy sauce"", ""label"": ""Soy sauce (15ml)"", ""in_box"": 1}]"
2026-10-13,2026-08-26,9d2764db-61ed-4f75-9a47-e5d667f23ee8,7449,Saucy Harissa Basa With Nutty Grains & Greens,False,0.0,368,397,32.3,13.9,1.9,35.5,8.9,9.5,1.71,107,8.8,3.8,0.5,9.6,2.4,2.6,0.47,2,20,full-prep,spicy,Protein Hit,Dairy Free,4.04,289,True,"[{""name"": ""harissa paste"", ""label"": ""Harissa paste (20g)"", ""in_box"": 1}, {""name"": ""quinoa"", ""label"": ""Quinoa (70g)"", ""in_box"": 1}, {""name"": ""basa fillets"", ""label"": ""Basa fillets (2pcs)"", ""in_box"": 1}, {""name"": ""finely chopped tomatoes"", ""label"": ""Finely chopped tomatoes (200g)"", ""in_box"": 1}, {""name"": ""intense vegetable stock mix"", ""label"": ""Intense vegetable stock mix (5.5g)"", ""in_box"": 1}, {""name"": ""ground smoked paprika"", ""label"": ""Ground smoked paprika (2tsp)"", ""in_box"": 1}, {""name"": ""garlic clove"", ""label"": ""Garlic clove x2"", ""in_box"": 2}, {""name"": ""walnuts"", ""label"": ""Walnuts (25g)"", ""in_box"": 1}, {""name"": ""shredded kale"", ""label"": ""Shredded kale (80g)"", ""in_box"": 1}, {""name"": ""green lentils"", ""label"": ""Green lentils (185g)"", ""in_box"": 1}]"
2026-10-13,2026-08-26,b92b3b3f-2a39-42e1-93b7-4b1098980510,14275,"Seafood Boil-Inspired Loaded Fries, Tail On Prawns & Crispy Squid",True,2.5,628,618,32.9,22.2,2.4,68.8,5.9,7.4,2.48,98,5.2,3.5,0.4,10.9,0.9,1.2,0.39,1,35,full-prep,spicy,Ultimate Fakeaway,Dairy Free,4.46,261,True,"[{""name"": ""dried oregano"", ""label"": ""Dried oregano (1tsp)"", ""in_box"": 1}, {""name"": ""cayenne pepper"", ""label"": ""Cayenne pepper (0.5tsp)"", ""in_box"": 1}, {""name"": ""salt & pepper squid"", ""label"": ""Salt & pepper squid (160g)"", ""in_box"": 1}, {""name"": ""smoked sea salt flakes"", ""label"": ""Smoked sea salt flakes (1g)"", ""in_box"": 1}, {""name"": ""ground smoked paprika"", ""label"": ""Ground smoked paprika (2tsp)"", ""in_box"": 1}, {""name"": ""mayonnaise"", ""label"": ""Mayonnaise (25ml)"", ""in_box"": 1}, {""name"": ""tail on jumbo king prawns"", ""label"": ""Tail on jumbo king prawns (227g)"", ""in_box"": 1}, {""name"": ""garlic clove"", ""label"": ""Garlic clove x2"", ""in_box"": 2}, {""name"": ""parsley"", ""label"": ""Parsley (5g)"", ""in_box"": 1}, {""name"": ""red potato"", ""label"": ""Red potato x2"", ""in_box"": 2}, {""name"": ""lemon"", ""label"": ""Lemon"", ""in_box"": 1}, {""name"": ""sweetcorn cobettes"", ""label"": ""Sweetcorn cobettes (2pcs)"", ""in_box"": 1}]"
2026-10-13,2026-08-26,ad40bd05-de5f-453e-b004-b6436a4a3823,726,Seeded Goats' Cheese & Sweet Potato Salad,False,0.0,380,432,13.7,16.3,7.3,60.4,25.5,8.8,0.6,113,3.6,4.3,1.9,15.9,6.7,2.3,0.16,4,40,full-prep,no spice,Veg Boost,Vegetarian; Gluten Free,4.43,15668,True,"[{""name"": ""soft goats' cheese"", ""label"": ""Soft goats' cheese (75g)"", ""in_box"": 1}, {""name"": ""pine kernel & seed mix"", ""label"": ""Pine kernel & seed mix (30g)"", ""in_box"": 1}, {""name"": ""baby leaf salad"", ""label"": ""Baby leaf salad (50g)"", ""in_box"": 1}, {""name"": ""chopped dates"", ""label"": ""Chopped dates (30g)"", ""in_box"": 1}, {""name"": ""white wine vinegar"", ""label"": ""White wine vinegar (15ml)"", ""in_box"": 1}, {""name"": ""red onion"", ""label"": ""Red onion x2"", ""in_box"": 2}, {""name"": ""sweet potato"", ""label"": ""Sweet potato x2"", ""in_box"": 2}]"
2026-10-13,2026-08-26,7e3b1c23-ec8e-4567-981c-39754b0e5782,8365,Shredded Hoisin Chicken Wraps,False,0.0,374,531,39.1,12.4,4.4,64.4,11.6,3.4,2.17,141,10.5,3.3,1.2,17.2,3.1,0.9,0.58,2,20,full-prep,no spice,Protein Hit,Dairy Free,4.33,8633,True,"[{""name"": ""plain tortillas"", ""label"": ""Plain tortillas (6pcs)"", ""in_box"": 1}, {""name"": ""chicken breast strips"", ""label"": ""Chicken breast strips (250g)"", ""in_box"": 1}, {""name"": ""spring onion"", ""label"": ""Spring onion x2"", ""in_box"": 2}, {""name"": ""baby leaf salad"", ""label"": ""Baby leaf salad (50g)"", ""in_box"": 1}, {""name"": ""hoisin sauce"", ""label"": ""Hoisin sauce (40g)"", ""in_box"": 1}, {""name"": ""cucumber"", ""label"": ""Cucumber (0.5pcs)"", ""in_box"": 1}, {""name"": ""black sesame seeds"", ""label"": ""Black sesame seeds (5g)"", ""in_box"": 1}, {""name"": ""soy sauce"", ""label"": ""Soy sauce (15ml)"", ""in_box"": 1}]"
2026-10-13,2026-08-26,2d73d965-ded6-432d-8422-c95b61a27f72,1622,Simple Naan-Topped Lamb Rogan Josh Pie,False,0.0,440,596,35.2,21.2,8.3,66.4,15.9,7.4,2.29,135,8.0,4.8,1.9,15.1,3.6,1.7,0.52,2,40,full-prep,spicy,Global Kitchen,Dairy Free,4.33,6109,True,"[{""name"": ""plain naan"", ""label"": ""Plain naan (2pcs)"", ""in_box"": 1}, {""name"": ""intense chicken stock mix"", ""label"": ""Intense chicken stock mix (5.5g)"", ""in_box"": 1}, {""name"": ""mango chutney"", ""label"": ""Mango chutney (20g)"", ""in_box"": 1}, {""name"": ""cayenne pepper"", ""label"": ""Cayenne pepper (0.5tsp)"", ""in_box"": 1}, {""name"": ""cumin seeds"", ""label"": ""Cumin seeds (1tsp)"", ""in_box"": 1}, {""name"": ""garlic clove"", ""label"": ""Garlic clove x2"", ""in_box"": 2}, {""name"": ""fresh root ginger"", ""label"": ""Fresh root ginger (15g)"", ""in_box"": 1}, {""name"": ""garam masala"", ""label"": ""Garam masala (1tbsp)"", ""in_box"": 1}, {""name"": ""coriander"", ""label"": ""Coriander (10g)"", ""in_box"": 1}, {""name"": ""tomato"", ""label"": ""Tomato x2"", ""in_box"": 2}, {""name"": ""brown onion"", ""label"": ""Brown onion x2"", ""in_box"": 2}, {""name"": ""lamb mince"", ""label"": ""Lamb mince (250g)"", ""in_box"": 1}, {""name"": ""tomato paste"", ""label"": ""Tomato paste (16g)"", ""in_box"": 1}]"
2026-10-13,2026-08-26,c0182b06-f0cf-4c81-bf89-c03fa4ce4ef1,16714,Singapore Noodles With Char Siu Pork & Prawns,True,0.75,392,412,22.0,11.0,2.0,52.6,9.0,7.1,2.63,104,5.6,2.8,0.5,13.4,2.3,1.8,0.67,2,7,heat-only,mild,Heat & Eat,,3.79,410,True,"[{""name"": ""singapore noodles with char siu pork and prawns"", ""label"": ""Singapore noodles with char siu pork and prawns (420g) x2"", ""in_box"": 2}]"
2026-10-13,2026-08-26,d6d89d5b-300f-4f5e-a2fb-8d38b00f248c,2173,Singapore-Style Paneer Noodles,False,0.0,360,658,31.5,31.8,14.4,61.9,7.4,3.2,3.6,182,8.7,8.8,4.0,17.2,2.1,0.9,1.0,1,10,full-prep,no spice,10-Minute,Vegetarian,4.12,6409,True,"[{""name"": ""paneer"", ""label"": ""Paneer (200g)"", ""in_box"": 1}, {""name"": ""dried chilli flakes"", ""label"": ""Dried chilli flakes (0.5tsp)"", ""in_box"": 1}, {""name"": ""medium egg noodle nests"", ""label"": ""Medium egg noodle nests (2pcs)"", ""in_box"": 1}, {""name"": ""curry powder"", ""label"": ""Curry powder (1tbsp)"", ""in_box"": 1}, {""name"": ""pak choi"", ""label"": ""Pak choi (200g)"", ""in_box"": 1}, {""name"": ""toasted sesame oil"", ""label"": ""Toasted sesame oil (10ml)"", ""in_box"": 1}, {""name"": ""ginger & garlic paste"", ""label"": ""Ginger & garlic paste (15g)"", ""in_box"": 1}, {""name"": ""tomato paste"", ""label"": ""Tomato paste (16g)"", ""in_box"": 1}, {""name"": ""soy sauce"", ""label"": ""Soy sauce (15ml)"", ""in_box"": 1}, {""name"": ""lime"", ""label"": ""Lime"", ""in_box"": 1}, {""name"": ""roasted peanuts"", ""label"": ""Roasted peanuts (25g)"", ""in_box"": 1}]"
2026-10-13,2026-08-26,bd0c1705-1d66-439f-aaa1-5ff3268bdee5,14297,Smoky Cauliflower Steak With Giant Couscous & Coconut Yoghurt,False,0.0,390,417,16.8,15.1,5.2,54.8,12.0,11.2,1.73,106,4.3,3.9,1.3,14.0,3.1,2.9,0.44,4,25,full-prep,mild,Nutrient Rich,Vegan; Vegetarian; Dairy Free,3.91,156,True,"[{""name"": ""cultured coconut"", ""label"": ""Cultured coconut (80g)"", ""in_box"": 1}, {""name"": ""tomato paste"", ""label"": ""Tomato paste (32g)"", ""in_box"": 1}, {""name"": ""ground smoked paprika"", ""label"": ""Ground smoked paprika (1tsp)"", ""in_box"": 1}, {""name"": ""smoked sea salt flakes"", ""label"": ""Smoked sea salt flakes (1g)"", ""in_box"": 1}, {""name"": ""baharat"", ""label"": ""Baharat (1tsp)"", ""in_box"": 1}, {""name"": ""garlic clove"", ""label"": ""Garlic clove x2"", ""in_box"": 2}, {""name"": ""chickpeas"", ""label"": ""Chickpeas (185g)"", ""in_box"": 1}, {""name"": ""balsamic sun-dried tomato paste"", ""label"": ""Balsamic sun-dried tomato paste (30g)"", ""in_box"": 1}, {""name"": ""vegetable stock mix"", ""label"": ""Vegetable stock mix (5.5g)"", ""in_box"": 1}, {""name"": ""coriander"", ""label"": ""Coriander (5g)"", ""in_box"": 1}, {""name"": ""cauliflower"", ""label"": ""Cauliflower"", ""in_box"": 1}, {""name"": ""giant couscous"", ""label"": ""Giant couscous (75g)"", ""in_box"": 1}, {""name"": ""flaked almonds"", ""label"": ""Flaked almonds (15g)"", ""in_box"": 1}]"
2026-10-13,2026-08-26,3c6a958d-94fb-4efd-822c-df189264a3fb,5485,Smoky Chorizo & Pepper Farfalle,False,0.0,273,728,28.9,33.0,14.7,84.6,7.2,6.2,2.8,266,10.6,12.1,5.4,31.0,2.6,2.3,1.02,1,25,full-prep,mild,20 minute meals,,4.39,17156,True,"[{""name"": ""cheddar cheese"", ""label"": ""Cheddar cheese (40g)"", ""in_box"": 1}, {""name"": ""chicken stock mix"", ""label"": ""Chicken stock mix (5.5g)"", ""in_box"": 1}, {""name"": ""red pepper"", ""label"": ""Red pepper"", ""in_box"": 1}, {""name"": ""ground smoked paprika"", ""label"": ""Ground smoked paprika (2tsp)"", ""in_box"": 1}, {""name"": ""diced chorizo"", ""label"": ""Diced chorizo (100g)"", ""in_box"": 1}, {""name"": ""garlic clove"", ""label"": ""Garlic clove x2"", ""in_box"": 2}, {""name"": ""soft cheese"", ""label"": ""Soft cheese (50g)"", ""in_box"": 1}, {""name"": ""farfalle"", ""label"": ""Farfalle (200g)"", ""in_box"": 1}]"
2026-10-13,2026-08-26,5d89240e-4974-4cf4-a04d-9214e36fdb6e,10910,Smoky Chorizo & Pepper Farfalle,False,0.0,,728,28.9,33.0,,84.6,,6.2,2.8,,,,,,,,,1,25,full-prep,mild,20 minute meals,,4.45,2469,True,
2026-10-13,2026-08-26,fbd6d66b-ee97-411d-b761-dc51c3d5c0d1,4105,"Smoky Meat-Free Mince, Pineapple & Red Onion Tacos",False,0.0,446,817,37.7,34.1,5.3,85.9,24.2,10.8,2.98,183,8.4,7.6,1.2,19.3,5.4,2.4,0.67,2,30,full-prep,spicy,20 minute meals,Vegan; Vegetarian; Dairy Free,4.31,2148,True,"[{""name"": ""plain tortillas"", ""label"": ""Plain tortillas (6pcs)"", ""in_box"": 1}, {""name"": ""cayenne pepper"", ""label"": ""Cayenne pepper (0.5tsp)"", ""in_box"": 1}, {""name"": ""dried chilli flakes"", ""label"": ""Dried chilli flakes (1tsp)"", ""in_box"": 1}, {""name"": ""pineapple slices"", ""label"": ""Pineapple slices (220g)"", ""in_box"": 1}, {""name"": ""vegan mayonnaise"", ""label"": ""Vegan mayonnaise (25ml) x2"", ""in_box"": 2}, {""name"": ""Meatless Farm mince"", ""label"": ""Meatless Farm mince (200g)"", ""in_box"": 1}, {""name"": ""ground smoked paprika"", ""label"": ""Ground smoked paprika (2tsp)"", ""in_box"": 1}, {""name"": ""garlic clove"", ""label"": ""Garlic clove x2"", ""in_box"": 2}, {""name"": ""coriander"", ""label"": ""Coriander (5g)"", ""in_box"": 1}, {""name"": ""soy sauce"", ""label"": ""Soy sauce (15ml)"", ""in_box"": 1}, {""name"": ""gem lettuce"", ""label"": ""Gem lettuce"", ""in_box"": 1}, {""name"": ""red wine vinegar"", ""label"": ""Red wine vinegar (15ml)"", ""in_box"": 1}, {""name"": ""red onion"", ""label"": ""Red onion"", ""in_box"": 1}]"
2026-10-13,2026-08-26,cd28eef1-594e-46cd-8cd0-88778a27b1bb,7835,Smoky Sausage & Black Bean Stew With Rice,False,0.0,482,728,33.4,27.0,10.4,85.6,9.3,13.8,2.85,151,6.9,5.6,2.2,17.8,1.9,2.9,0.59,3,25,full-prep,mild,Protein Hit,Gluten Free,4.12,380,True,"[{""name"": ""intense chicken stock mix"", ""label"": ""Intense chicken stock mix (5.5g)"", ""in_box"": 1}, {""name"": ""white long grain rice"", ""label"": ""White long grain rice (130g)"", ""in_box"": 1}, {""name"": ""pork sausage"", ""label"": ""Pork sausage (200g)"", ""in_box"": 1}, {""name"": ""black beans"", ""label"": ""Black beans (380g)"", ""in_box"": 1}, {""name"": ""finely chopped tomatoes"", ""label"": ""Finely chopped tomatoes (200g)"", ""in_box"": 1}, {""name"": ""southern fried seasoning"", ""label"": ""Southern fried seasoning (1tbsp)"", ""in_box"": 1}, {""name"": ""lighter cheese"", ""label"": ""Lighter cheese (30g)"", ""in_box"": 1}, {""name"": ""spinach"", ""label"": ""Spinach (80g)"", ""in_box"": 1}, {""name"": ""red onion"", ""label"": ""Red onion"", ""in_box"": 1}]"
2026-10-13,2026-08-26,b50b621a-cd76-4b9e-848a-b2fa741e06bc,4088,Smoky Spanish-Style King Prawns & Rice,False,0.0,376,416,18.5,14.6,1.4,51.1,4.6,2.7,2.25,110,4.9,3.9,0.4,13.6,1.2,0.7,0.6,1,10,full-prep,mild,10-Minute,Dairy Free; Gluten Free,4.17,8219,True,"[{""name"": ""cooked white long grain rice"", ""label"": ""Cooked white long grain rice (280g)"", ""in_box"": 1}, {""name"": ""raw peeled king prawns"", ""label"": ""Raw peeled king prawns (171g)"", ""in_box"": 1}, {""name"": ""garden veg mix"", ""label"": ""Garden veg mix (160g)"", ""in_box"": 1}, {""name"": ""intense vegetable stock mix"", ""label"": ""Intense vegetable stock mix (5.5g)"", ""in_box"": 1}, {""name"": ""ground smoked paprika"", ""label"": ""Ground smoked paprika (2tsp)"", ""in_box"": 1}, {""name"": ""mayonnaise"", ""label"": ""Mayonnaise (25ml)"", ""in_box"": 1}, {""name"": ""garlic clove"", ""label"": ""Garlic clove"", ""in_box"": 1}, {""name"": ""lemon"", ""label"": ""Lemon"", ""in_box"": 1}]"
2026-10-13,2026-08-26,50ab31df-e85a-4924-bfe7-46970f985def,8549,Southern Fried Pork Meatballs With Smoky BBQ Beans,False,0.0,496,491,35.6,14.2,4.9,52.5,22.1,14.9,1.9,98,7.2,2.9,1.0,10.6,4.5,3.0,0.38,4,35,full-prep,mild,Fibre Fix,Dairy Free,4.46,379,True,"[{""name"": ""red pepper"", ""label"": ""Red pepper"", ""in_box"": 1}, {""name"": ""BBQ sauce"", ""label"": ""BBQ sauce (40g)"", ""in_box"": 1}, {""name"": ""spring onion"", ""label"": ""Spring onion"", ""in_box"": 1}, {""name"": ""tomato paste"", ""label"": ""Tomato paste (32g)"", ""in_box"": 1}, {""name"": ""ground smoked paprika"", ""label"": ""Ground smoked paprika (1tsp)"", ""in_box"": 1}, {""name"": ""pork mince"", ""label"": ""Pork mince (250g)"", ""in_box"": 1}, {""name"": ""cannellini beans"", ""label"": ""Cannellini beans (390g)"", ""in_box"": 1}, {""name"": ""southern fried seasoning"", ""label"": ""Southern fried seasoning (1tbsp)"", ""in_box"": 1}, {""name"": ""intense chicken stock mix"", ""label"": ""Intense chicken stock mix (5.5g)"", ""in_box"": 1}, {""name"": ""red onion"", ""label"": ""Red onion"", ""in_box"": 1}, {""name"": ""sweet potato"", ""label"": ""Sweet potato"", ""in_box"": 1}]"
2026-10-13,2026-08-26,acc2bf28-bf23-41a2-bd44-fef0b385db66,14230,Southern-Style Chicken With Sweet Potato Mash & Beans,False,0.0,368,317,32.1,5.2,1.2,37.6,8.6,7.1,0.88,86,8.7,1.4,0.3,10.2,2.4,1.9,0.24,2,25,full-prep,spicy,Nutrient Rich,Dairy Free; Gluten Free,4.34,1971,True,"[{""name"": ""gravy base"", ""label"": ""Gravy base (14g)"", ""in_box"": 1}, {""name"": ""chicken breast portions"", ""label"": ""Chicken breast portions (2pcs)"", ""in_box"": 1}, {""name"": ""ground smoked paprika"", ""label"": ""Ground smoked paprika (1tsp)"", ""in_box"": 1}, {""name"": ""southern fried seasoning"", ""label"": ""Southern fried seasoning (1tbsp)"", ""in_box"": 1}, {""name"": ""fine green beans"", ""label"": ""Fine green beans (160g)"", ""in_box"": 1}, {""name"": ""chives"", ""label"": ""Chives (5g)"", ""in_box"": 1}, {""name"": ""white potato"", ""label"": ""White potato"", ""in_box"": 1}, {""name"": ""sweet potato"", ""label"": ""Sweet potato"", ""in_box"": 1}]"
2026-10-13,2026-08-26,77377146-1ab8-420b-bca8-4b53f1b5b45c,7365,"Southern-Style Chicken, Sweet Potato Mash & Gravy",False,0.0,418,361,33.2,5.3,1.3,47.6,9.1,8.2,0.88,86,7.9,1.3,0.3,11.4,2.2,2.0,0.21,2,25,full-prep,spicy,Protein Hit,Gluten Free; Dairy Free,4.32,8670,True,"[{""name"": ""gravy base"", ""label"": ""Gravy base (14g)"", ""in_box"": 1}, {""name"": ""chicken breast portions"", ""label"": ""Chicken breast portions (2pcs)"", ""in_box"": 1}, {""name"": ""southern fried seasoning"", ""label"": ""Southern fried seasoning (1tbsp)"", ""in_box"": 1}, {""name"": ""fine green beans"", ""label"": ""Fine green beans (160g)"", ""in_box"": 1}, {""name"": ""chives"", ""label"": ""Chives (5g)"", ""in_box"": 1}, {""name"": ""white potato"", ""label"": ""White potato x2"", ""in_box"": 2}, {""name"": ""sweet potato"", ""label"": ""Sweet potato"", ""in_box"": 1}]"
2026-10-13,2026-08-26,8a181be1-0d7d-4bfb-98bc-0639bed0d909,13466,Spice Bag Pulled Shiitake Mushroom Loaded Fries With Curry Sauce,False,0.0,410,483,15.6,17.8,9.1,47.8,8.0,20.4,2.64,117,3.8,4.3,2.2,11.7,2.0,5.0,0.64,2,40,full-prep,spicy,Takeaway Night,Vegan; Vegetarian; Dairy Free,3.88,77,True,"[{""name"": ""Fable® meaty pulled mushrooms"", ""label"": ""Fable® meaty pulled mushrooms (180g)"", ""in_box"": 1}, {""name"": ""red pepper"", ""label"": ""Red pepper"", ""in_box"": 1}, {""name"": ""green pepper"", ""label"": ""Green pepper"", ""in_box"": 1}, {""name"": ""dried chilli flakes"", ""label"": ""Dried chilli flakes (0.5tsp)"", ""in_box"": 1}, {""name"": ""spring onion"", ""label"": ""Spring onion x2"", ""in_box"": 2}, {""name"": ""cornflour"", ""label"": ""Cornflour (1tbsp)"", ""in_box"": 1}, {""name"": ""intense vegetable stock mix"", ""label"": ""Intense vegetable stock mix (5.5g)"", ""in_box"": 1}, {""name"": ""curry powder"", ""label"": ""Curry powder (0.5tbsp)"", ""in_box"": 1}, {""name"": ""five-spice mix"", ""label"": ""Five-spice mix (1tsp)"", ""in_box"": 1}, {""name"": ""garlic clove"", ""label"": ""Garlic clove x2"", ""in_box"": 2}, {""name"": ""ginger & garlic paste"", ""label"": ""Ginger & garlic paste (15g)"", ""in_box"": 1}, {""name"": ""white potato"", ""label"": ""White potato x3"", ""in_box"": 3}]"
2026-10-13,2026-08-26,3bf00755-f9ce-4c9f-8730-0bce1254f4b0,2913,"Spiced Turkish-Style Beef, Spinach & Feta Flatbreads",False,0.0,382,701,39.4,32.6,14.8,63.3,8.0,5.5,2.26,183,10.3,8.5,3.9,16.6,2.1,1.4,0.59,2,35,full-prep,spicy,Global Kitchen,,4.23,5648,True,"[{""name"": ""plain tortillas"", ""label"": ""Plain tortillas (6pcs)"", ""in_box"": 1}, {""name"": ""tomato"", ""label"": ""Tomato"", ""in_box"": 1}, {""name"": ""intense beef stock mix"", ""label"": ""Intense beef stock mix (5.5g)"", ""in_box"": 1}, {""name"": ""cayenne pepper"", ""label"": ""Cayenne pepper (0.5tsp)"", ""in_box"": 1}, {""name"": ""ground coriander"", ""label"": ""Ground coriander (1tsp)"", ""in_box"": 1}, {""name"": ""beef mince"", ""label"": ""Beef mince (250g)"", ""in_box"": 1}, {""name"": ""ground cumin"", ""label"": ""Ground cumin (1tsp)"", ""in_box"": 1}, {""name"": ""ground smoked paprika"", ""label"": ""Ground smoked paprika (1tsp)"", ""in_box"": 1}, {""name"": ""garlic clove"", ""label"": ""Garlic clove"", ""in_box"": 1}, {""name"": ""feta"", ""label"": ""Feta (30g)"", ""in_box"": 1}, {""name"": ""tomato paste"", ""label"": ""Tomato paste (16g)"", ""in_box"": 1}, {""name"": ""spinach"", ""label"": ""Spinach (80g)"", ""in_box"": 1}, {""name"": ""red onion"", ""label"": ""Red onion"", ""in_box"": 1}]"
2026-10-13,2026-08-26,1f479fd0-2695-4bae-9e2d-d7a73a8b0126,6743,Spicy Arrabbiata Sauce With Fresh Tagliatelle,False,0.0,295,446,18.5,5.1,2.5,81.4,8.1,6.0,1.51,151,6.3,1.7,0.8,27.6,2.8,2.0,0.51,2,10,full-prep,spicy,Pasta Pronto,Vegetarian,4.24,11657,True,"[{""name"": ""Italian hard cheese"", ""label"": ""Italian hard cheese (20g)"", ""in_box"": 1}, {""name"": ""dried chilli flakes"", ""label"": ""Dried chilli flakes (1tsp)"", ""in_box"": 1}, {""name"": ""finely chopped tomatoes"", ""label"": ""Finely chopped tomatoes (200g)"", ""in_box"": 1}, {""name"": ""Tenderstem broccoli"", ""label"": ""Tenderstem broccoli (80g)"", ""in_box"": 1}, {""name"": ""fresh tagliatelle"", ""label"": ""Fresh tagliatelle (250g)"", ""in_box"": 1}, {""name"": ""intense vegetable stock mix"", ""label"": ""Intense vegetable stock mix (5.5g)"", ""in_box"": 1}, {""name"": ""garlic clove"", ""label"": ""Garlic clove x2"", ""in_box"": 2}, {""name"": ""basil"", ""label"": ""Basil (5g)"", ""in_box"": 1}, {""name"": ""tomato paste"", ""label"": ""Tomato paste (16g)"", ""in_box"": 1}]"
2026-10-13,2026-08-26,7a469ecd-81ec-4f48-8bac-b28b281380c1,4928,Spicy Moroccan-Style Lentil & Olive Spaghetti,False,0.0,433,500,18.9,6.1,1.1,89.7,13.0,10.2,2.18,115,4.4,1.4,0.3,20.7,3.0,2.3,0.5,4,30,full-prep,mild,Modern Bistro,Vegan; Vegetarian; Dairy Free,4.1,2693,True,"[{""name"": ""finely chopped tomatoes"", ""label"": ""Finely chopped tomatoes (200g)"", ""in_box"": 1}, {""name"": ""intense vegetable stock mix"", ""label"": ""Intense vegetable stock mix (5.5g)"", ""in_box"": 1}, {""name"": ""ras el hanout"", ""label"": ""Ras el hanout (1tbsp)"", ""in_box"": 1}, {""name"": ""black olives"", ""label"": ""Black olives (40g)"", ""in_box"": 1}, {""name"": ""garlic clove"", ""label"": ""Garlic clove x2"", ""in_box"": 2}, {""name"": ""brown onion"", ""label"": ""Brown onion"", ""in_box"": 1}, {""name"": ""basil"", ""label"": ""Basil (5g)"", ""in_box"": 1}, {""name"": ""spinach"", ""label"": ""Spinach (80g)"", ""in_box"": 1}, {""name"": ""cherry tomatoes"", ""label"": ""Cherry tomatoes (125g)"", ""in_box"": 1}, {""name"": ""green lentils"", ""label"": ""Green lentils (185g)"", ""in_box"": 1}, {""name"": ""spaghetti"", ""label"": ""Spaghetti (190g)"", ""in_box"": 1}]"
2026-10-13,2026-08-26,afb55d4c-6f61-4217-9e84-9399f1d6b311,7636,Spicy Pork Bulgogi With Rice,False,0.0,402,513,34.9,13.4,2.6,63.0,17.1,5.4,2.28,127,8.7,3.3,0.6,15.7,4.3,1.3,0.57,1,10,full-prep,spicy,10-Minute,Dairy Free; Gluten Free,4.24,1240,True,"[{""name"": ""cooked white long grain rice"", ""label"": ""Cooked white long grain rice (280g)"", ""in_box"": 1}, {""name"": ""gochujang paste"", ""label"": ""Gochujang paste (30g)"", ""in_box"": 1}, {""name"": ""spring onion"", ""label"": ""Spring onion"", ""in_box"": 1}, {""name"": ""pork strips"", ""label"": ""Pork strips (250g)"", ""in_box"": 1}, {""name"": ""toasted sesame oil"", ""label"": ""Toasted sesame oil (10ml)"", ""in_box"": 1}, {""name"": ""brown onion"", ""label"": ""Brown onion"", ""in_box"": 1}, {""name"": ""gluten free soy sauce"", ""label"": ""Gluten free soy sauce (15ml)"", ""in_box"": 1}, {""name"": ""ginger & garlic paste"", ""label"": ""Ginger & garlic paste (15g)"", ""in_box"": 1}, {""name"": ""mirin"", ""label"": ""Mirin (15ml)"", ""in_box"": 1}, {""name"": ""carrot"", ""label"": ""Carrot"", ""in_box"": 1}]"
2026-10-13,2026-08-26,c375f750-2c8b-42c6-b498-cbb0d91726e8,1894,Spicy Salmon Sushi Bowl With Sriracha Mayo,True,1.75,493,873,39.5,57.5,8.9,47.0,3.4,7.0,0.79,177,8.0,11.7,1.8,9.5,0.7,1.4,0.16,2,10,full-prep,spicy,Ultimate Fakeaway,Dairy Free; Gluten Free,4.38,7275,True,"[{""name"": ""spring onion"", ""label"": ""Spring onion"", ""in_box"": 1}, {""name"": ""red chilli"", ""label"": ""Red chilli"", ""in_box"": 1}, {""name"": ""sriracha hot chilli sauce"", ""label"": ""Sriracha hot chilli sauce (8ml) x2"", ""in_box"": 2}, {""name"": ""mayonnaise"", ""label"": ""Mayonnaise (50ml)"", ""in_box"": 1}, {""name"": ""skin-on salmon fillets"", ""label"": ""Skin-on salmon fillets (2pcs)"", ""in_box"": 1}, {""name"": ""skin on salmon fillet"", ""label"": ""Skin on salmon fillet"", ""in_box"": 1}, {""name"": ""toasted sesame oil"", ""label"": ""Toasted sesame oil (10ml)"", ""in_box"": 1}, {""name"": ""cooked brown long grain rice"", ""label"": ""Cooked brown long grain rice (280g)"", ""in_box"": 1}, {""name"": ""cucumber"", ""label"": ""Cucumber (0.5pcs)"", ""in_box"": 1}, {""name"": ""rice vinegar"", ""label"": ""Rice vinegar (15ml)"", ""in_box"": 1}, {""name"": ""black sesame seeds"", ""label"": ""Black sesame seeds (5g)"", ""in_box"": 1}, {""name"": ""spinach"", ""label"": ""Spinach (80g)"", ""in_box"": 1}]"
2026-10-13,2026-08-26,df50c711-d021-4d4b-9797-823adaa5f520,10591,Steak Wholemeal Taco Salad With Honey Chipotle Dressing,True,2.5,477,705,42.9,24.7,10.1,75.2,21.4,10.9,0.63,147,9.0,5.2,2.1,15.8,4.5,2.3,0.13,3,20,full-prep,,Gastropub,Dairy Free,0,0,True,"[{""name"": ""rump pavé steak"", ""label"": ""Rump pavé steak (300g)"", ""in_box"": 1}, {""name"": ""dried oregano"", ""label"": ""Dried oregano (1tsp)"", ""in_box"": 1}, {""name"": ""spring onion"", ""label"": ""Spring onion x2"", ""in_box"": 2}, {""name"": ""Sweetcorn"", ""label"": ""Sweetcorn (150g)"", ""in_box"": 1}, {""name"": ""chipotle paste"", ""label"": ""Chipotle paste (20g)"", ""in_box"": 1}, {""name"": ""wholemeal tortillas"", ""label"": ""Wholemeal tortillas (6pcs)"", ""in_box"": 1}, {""name"": ""coriander"", ""label"": ""Coriander (10g)"", ""in_box"": 1}, {""name"": ""gem lettuce"", ""label"": ""Gem lettuce"", ""in_box"": 1}, {""name"": ""cherry tomatoes"", ""label"": ""Cherry tomatoes (125g)"", ""in_box"": 1}, {""name"": ""red wine vinegar"", ""label"": ""Red wine vinegar (15ml)"", ""in_box"": 1}, {""name"": ""honey"", ""label"": ""Honey (25g)"", ""in_box"": 1}]"
2026-10-13,2026-08-26,5f8a9966-4107-4c13-9b2e-c6031477c46b,8359,Sticky Sweet Chilli Pork With Rice,False,0.0,440,521,34.1,13.1,4.7,69.7,11.9,5.4,2.67,118,7.7,3.0,1.1,15.8,2.7,1.2,0.61,2,25,full-prep,mild,Protein Hit,Dairy Free,4.36,4177,True,"[{""name"": ""red pepper"", ""label"": ""Red pepper"", ""in_box"": 1}, {""name"": ""white basmati rice"", ""label"": ""White basmati rice (130g)"", ""in_box"": 1}, {""name"": ""spring onion"", ""label"": ""Spring onion"", ""in_box"": 1}, {""name"": ""pork mince"", ""label"": ""Pork mince (250g)"", ""in_box"": 1}, {""name"": ""garlic clove"", ""label"": ""Garlic clove"", ""in_box"": 1}, {""name"": ""fresh root ginger"", ""label"": ""Fresh root ginger (15g)"", ""in_box"": 1}, {""name"": ""coriander"", ""label"": ""Coriander (5g)"", ""in_box"": 1}, {""name"": ""red chilli relish"", ""label"": ""Red chilli relish (25g)"", ""in_box"": 1}, {""name"": ""Chinese rice wine"", ""label"": ""Chinese rice wine (15ml)"", ""in_box"": 1}, {""name"": ""fine green beans"", ""label"": ""Fine green beans (160g)"", ""in_box"": 1}, {""name"": ""soy sauce"", ""label"": ""Soy sauce (30ml)"", ""in_box"": 1}, {""name"": ""lime"", ""label"": ""Lime"", ""in_box"": 1}]"
2026-10-13,2026-08-26,ea398b42-3262-41eb-afd2-10f4c4a6be3b,6893,Sun-Dried Tomato & Goats' Cheese Fresh Orecchiette,False,0.0,241,533,21.5,14.3,6.7,76.7,4.0,5.3,2.09,220,8.9,5.9,2.8,31.8,1.7,2.2,0.86,1,10,full-prep,no spice,Pasta Pronto,Vegetarian,4.2,5332,True,"[{""name"": ""sun-dried tomatoes"", ""label"": ""Sun-dried tomatoes (30g)"", ""in_box"": 1}, {""name"": ""intense vegetable stock mix"", ""label"": ""Intense vegetable stock mix (5.5g)"", ""in_box"": 1}, {""name"": ""soft goats' cheese"", ""label"": ""Soft goats' cheese (75g)"", ""in_box"": 1}, {""name"": ""garlic clove"", ""label"": ""Garlic clove x2"", ""in_box"": 2}, {""name"": ""fresh orecchiette"", ""label"": ""Fresh orecchiette (250g)"", ""in_box"": 1}, {""name"": ""Chinese rice wine"", ""label"": ""Chinese rice wine (15ml)"", ""in_box"": 1}, {""name"": ""spinach"", ""label"": ""Spinach (80g)"", ""in_box"": 1}, {""name"": ""flaked almonds"", ""label"": ""Flaked almonds (15g)"", ""in_box"": 1}]"
2026-10-13,2026-08-26,d5d4994c-7b61-46ae-9c05-f78b694d306a,5189,Sun-Dried Tomato & Spinach Cannelloni,False,0.0,363,530,23.5,24.8,15.8,52.1,9.2,4.7,0.99,146,6.5,6.8,4.3,14.3,2.5,1.3,0.27,3,55,full-prep,no spice,Modern Bistro,Vegetarian,4.33,4031,True,"[{""name"": ""finely chopped tomatoes"", ""label"": ""Finely chopped tomatoes (200g)"", ""in_box"": 1}, {""name"": ""sun-dried tomatoes"", ""label"": ""Sun-dried tomatoes (30g)"", ""in_box"": 1}, {""name"": ""garlic clove"", ""label"": ""Garlic clove"", ""in_box"": 1}, {""name"": ""lasagne sheets"", ""label"": ""Lasagne sheets (120g)"", ""in_box"": 1}, {""name"": ""shallot"", ""label"": ""Shallot"", ""in_box"": 1}, {""name"": ""mozzarella"", ""label"": ""Mozzarella (125g)"", ""in_box"": 1}, {""name"": ""soft cheese"", ""label"": ""Soft cheese (50g) x2"", ""in_box"": 2}, {""name"": ""basil"", ""label"": ""Basil (10g)"", ""in_box"": 1}, {""name"": ""spinach"", ""label"": ""Spinach (80g)"", ""in_box"": 1}, {""name"": ""rocket"", ""label"": ""Rocket (20g)"", ""in_box"": 1}, {""name"": ""red wine vinegar"", ""label"": ""Red wine vinegar (15ml)"", ""in_box"": 1}]"
2026-10-13,2026-08-26,5167d445-898f-4f5c-8bb6-152594be06d9,1149,"Taiwanese Five-Spice Braised Pork Belly, Pak Choi & Rice",False,0.0,380,777,39.7,37.6,12.3,70.6,9.5,3.0,2.04,204,10.4,9.9,3.2,18.6,2.5,0.8,0.54,1,65,full-prep,,Global Kitchen,Dairy Free; Gluten Free,4.27,6378,True,"[{""name"": ""pork belly"", ""label"": ""Pork belly (300g)"", ""in_box"": 1}, {""name"": ""five-spice mix"", ""label"": ""Five-spice mix (1tsp)"", ""in_box"": 1}, {""name"": ""garlic clove"", ""label"": ""Garlic clove x2"", ""in_box"": 2}, {""name"": ""fresh root ginger"", ""label"": ""Fresh root ginger (15g)"", ""in_box"": 1}, {""name"": ""pak choi"", ""label"": ""Pak choi (200g)"", ""in_box"": 1}, {""name"": ""white long grain rice"", ""label"": ""White long grain rice (130g)"", ""in_box"": 1}, {""name"": ""gluten free soy sauce"", ""label"": ""Gluten free soy sauce (15ml)"", ""in_box"": 1}, {""name"": ""hoisin sauce"", ""label"": ""Hoisin sauce (40g)"", ""in_box"": 1}, {""name"": ""coriander"", ""label"": ""Coriander (5g)"", ""in_box"": 1}, {""name"": ""rice vinegar"", ""label"": ""Rice vinegar (15ml)"", ""in_box"": 1}, {""name"": ""roasted peanuts"", ""label"": ""Roasted peanuts (25g)"", ""in_box"": 1}]"
2026-10-13,2026-08-26,00e84dbf-54f9-4933-b146-4317194d54e4,16711,Tandoori Vegetable Biryani,True,0.75,,621,19.7,23.9,,71.7,,19.7,2.47,,,,,,,,,2,7,heat-only,mild,Heat & Eat,Vegan; Vegetarian,3.79,262,True,
2026-10-13,2026-08-26,ecfd4058-c3f6-4577-9239-1883273d3ee4,4480,Tangy Tomato & Chicken Thigh Linguine,False,0.0,497,626,40.6,16.0,3.9,79.3,10.8,5.8,1.36,126,8.2,3.2,0.8,16.0,2.2,1.2,0.27,4,30,full-prep,mild,Modern Bistro,Dairy Free,3.97,3912,True,"[{""name"": ""dried chilli flakes"", ""label"": ""Dried chilli flakes (0.5tsp)"", ""in_box"": 1}, {""name"": ""diced chicken thigh"", ""label"": ""Diced chicken thigh (250g)"", ""in_box"": 1}, {""name"": ""finely chopped tomatoes"", ""label"": ""Finely chopped tomatoes (390g)"", ""in_box"": 1}, {""name"": ""linguine"", ""label"": ""Linguine (190g)"", ""in_box"": 1}, {""name"": ""intense chicken stock mix"", ""label"": ""Intense chicken stock mix (5.5g)"", ""in_box"": 1}, {""name"": ""garlic clove"", ""label"": ""Garlic clove x2"", ""in_box"": 2}, {""name"": ""toasted sesame seeds"", ""label"": ""Toasted sesame seeds (5g)"", ""in_box"": 1}, {""name"": ""black sesame seeds"", ""label"": ""Black sesame seeds (5g)"", ""in_box"": 1}, {""name"": ""spinach"", ""label"": ""Spinach (120g)"", ""in_box"": 1}, {""name"": ""red wine vinegar"", ""label"": ""Red wine vinegar (15ml)"", ""in_box"": 1}]"
2026-10-13,2026-08-26,1bf2ded1-06a5-41b8-814e-bb16c924ba3e,346,Tangy Tomato & Goats' Cheese Linguine,False,0.0,414,528,22.7,12.9,6.8,80.0,11.4,5.9,1.8,127,5.5,3.1,1.6,19.3,2.8,1.4,0.43,4,25,full-prep,no spice,20 minute meals,Vegetarian,4.26,8257,True,"[{""name"": ""dried chilli flakes"", ""label"": ""Dried chilli flakes (0.5tsp)"", ""in_box"": 1}, {""name"": ""finely chopped tomatoes"", ""label"": ""Finely chopped tomatoes (200g) x2"", ""in_box"": 2}, {""name"": ""linguine"", ""label"": ""Linguine (190g)"", ""in_box"": 1}, {""name"": ""intense vegetable stock mix"", ""label"": ""Intense vegetable stock mix (5.5g)"", ""in_box"": 1}, {""name"": ""soft goats' cheese"", ""label"": ""Soft goats' cheese (75g)"", ""in_box"": 1}, {""name"": ""garlic clove"", ""label"": ""Garlic clove x2"", ""in_box"": 2}, {""name"": ""toasted sesame seeds"", ""label"": ""Toasted sesame seeds (5g)"", ""in_box"": 1}, {""name"": ""black sesame seeds"", ""label"": ""Black sesame seeds (5g)"", ""in_box"": 1}, {""name"": ""spinach"", ""label"": ""Spinach (120g)"", ""in_box"": 1}, {""name"": ""red wine vinegar"", ""label"": ""Red wine vinegar (15ml)"", ""in_box"": 1}]"
2026-10-13,2026-08-26,e7e139a6-621a-4bc0-9d14-e8fcedb574c2,2481,Tangy Vegetable Pad Thai,False,0.0,410,456,13.1,7.4,1.4,84.0,16.2,5.9,2.96,111,3.2,1.8,0.3,20.5,4.0,1.4,0.72,3,40,full-prep,spicy,Takeaway Night,Vegan; Vegetarian; Dairy Free,4.12,27584,True,"[{""name"": ""red pepper"", ""label"": ""Red pepper"", ""in_box"": 1}, {""name"": ""sriracha hot chilli sauce"", ""label"": ""Sriracha hot chilli sauce (8ml)"", ""in_box"": 1}, {""name"": ""rice noodles"", ""label"": ""Rice noodles (150g)"", ""in_box"": 1}, {""name"": ""garlic clove"", ""label"": ""Garlic clove x2"", ""in_box"": 2}, {""name"": ""courgette"", ""label"": ""Courgette"", ""in_box"": 1}, {""name"": ""basil"", ""label"": ""Basil (5g)"", ""in_box"": 1}, {""name"": ""coriander"", ""label"": ""Coriander (5g)"", ""in_box"": 1}, {""name"": ""mirin"", ""label"": ""Mirin (15ml)"", ""in_box"": 1}, {""name"": ""butternut squash cubes"", ""label"": ""Butternut squash cubes (160g)"", ""in_box"": 1}, {""name"": ""soy sauce"", ""label"": ""Soy sauce (30ml)"", ""in_box"": 1}, {""name"": ""lime"", ""label"": ""Lime"", ""in_box"": 1}, {""name"": ""roasted peanuts"", ""label"": ""Roasted peanuts (25g)"", ""in_box"": 1}, {""name"": ""tamarind paste"", ""label"": ""Tamarind paste (15g)"", ""in_box"": 1}]"
2026-10-13,2026-08-26,0961c94f-4906-42a4-ad4c-13fb00f4387b,9808,Tarragon Chimichurri Steak Baguette With Sweet Potato Wedges & Salad,True,5.0,521,690,39.5,29.1,8.4,69.7,13.8,7.7,0.84,132,7.6,5.6,1.6,13.4,2.6,1.5,0.16,3,35,full-prep,mild,Global Kitchen,,0,0,True,"[{""name"": ""dried chilli flakes"", ""label"": ""Dried chilli flakes (0.5tsp)"", ""in_box"": 1}, {""name"": ""baguettes"", ""label"": ""Baguettes (2pcs)"", ""in_box"": 1}, {""name"": ""rump pavé steak"", ""label"": ""Rump pavé steak (300g)"", ""in_box"": 1}, {""name"": ""garlic clove"", ""label"": ""Garlic clove"", ""in_box"": 1}, {""name"": ""parsley and tarragon pesto"", ""label"": ""Parsley and tarragon pesto (40g)"", ""in_box"": 1}, {""name"": ""tomato"", ""label"": ""Tomato"", ""in_box"": 1}, {""name"": ""gem lettuce"", ""label"": ""Gem lettuce"", ""in_box"": 1}, {""name"": ""red wine vinegar"", ""label"": ""Red wine vinegar (15ml)"", ""in_box"": 1}, {""name"": ""sweet potato"", ""label"": ""Sweet potato x2"", ""in_box"": 2}]"
2026-10-13,2026-08-26,49240dfb-11fa-4160-8927-5e509d360953,16675,Thai Red Chicken Curry With Jasmine Rice,True,0.75,394,421,28.4,14.6,7.1,41.8,11.0,5.9,2.32,106,7.2,3.7,1.8,10.6,2.8,1.5,0.59,2,7,heat-only,mild,Heat & Eat,,3.89,913,True,"[{""name"": ""thai red chicken curry with jasmine rice"", ""label"": ""Thai red chicken curry with jasmine rice (420g) x2"", ""in_box"": 2}]"
2026-10-13,2026-08-26,0b75dd7b-ba6e-449c-9fa2-f7750024ac13,15156,Thai Red Chicken Thigh & Pepper Curry With Lemongrass Rice,False,0.0,373,700,32.0,31.4,19.5,69.6,10.3,7.5,2.29,187,8.6,8.4,5.2,18.7,2.7,2.0,0.61,1,30,full-prep,spicy,Classic Fakeaways,Dairy Free,4.51,158,True,"[{""name"": ""red pepper"", ""label"": ""Red pepper"", ""in_box"": 1}, {""name"": ""solid creamed coconut"", ""label"": ""Solid creamed coconut (50g)"", ""in_box"": 1}, {""name"": ""red chilli"", ""label"": ""Red chilli"", ""in_box"": 1}, {""name"": ""diced chicken thigh"", ""label"": ""Diced chicken thigh (250g)"", ""in_box"": 1}, {""name"": ""Thai basil"", ""label"": ""Thai basil (5g)"", ""in_box"": 1}, {""name"": ""fresh lemongrass stalk"", ""label"": ""Fresh lemongrass stalk"", ""in_box"": 1}, {""name"": ""brown onion"", ""label"": ""Brown onion"", ""in_box"": 1}, {""name"": ""white long grain rice"", ""label"": ""White long grain rice (130g)"", ""in_box"": 1}, {""name"": ""ginger & garlic paste"", ""label"": ""Ginger & garlic paste (15g)"", ""in_box"": 1}, {""name"": ""red Thai curry paste"", ""label"": ""Red Thai curry paste (40g)"", ""in_box"": 1}, {""name"": ""soy sauce"", ""label"": ""Soy sauce (15ml)"", ""in_box"": 1}]"
2026-10-13,2026-08-26,4046618f-ac94-4823-ab94-39419bb94f54,13891,"Thai-Style Cod, Sweet Potato Fries And Pickled Salad",True,1.0,520,551,24.2,23.2,2.0,64.8,17.5,7.8,2.27,105,4.7,4.5,0.4,12.5,3.4,1.5,0.44,3,35,full-prep,mild,Global Kitchen,Dairy Free,4.56,18,True,"[{""name"": ""dried chilli flakes"", ""label"": ""Dried chilli flakes (0.5tsp)"", ""in_box"": 1}, {""name"": ""cod fillets"", ""label"": ""Cod fillets (2pcs)"", ""in_box"": 1}, {""name"": ""mayonnaise"", ""label"": ""Mayonnaise (50ml)"", ""in_box"": 1}, {""name"": ""cornflour"", ""label"": ""Cornflour (4tbsp)"", ""in_box"": 1}, {""name"": ""coriander"", ""label"": ""Coriander (10g)"", ""in_box"": 1}, {""name"": ""ginger & garlic paste"", ""label"": ""Ginger & garlic paste (15g)"", ""in_box"": 1}, {""name"": ""cucumber"", ""label"": ""Cucumber (0.5pcs)"", ""in_box"": 1}, {""name"": ""rice vinegar"", ""label"": ""Rice vinegar (30ml)"", ""in_box"": 1}, {""name"": ""carrot"", ""label"": ""Carrot"", ""in_box"": 1}, {""name"": ""soy sauce"", ""label"": ""Soy sauce (15ml)"", ""in_box"": 1}, {""name"": ""sweet potato"", ""label"": ""Sweet potato x2"", ""in_box"": 2}]"
2026-10-13,2026-08-26,30b2c003-dc83-4784-8e71-071098a0e573,13124,Thai-Style Yellow Chicken Curry With Rice,False,0.0,354,522,34.9,13.5,9.3,67.1,7.5,5.7,2.16,147,9.9,3.8,2.6,18.9,2.1,1.6,0.61,1,30,full-prep,mild,Takeaway Night,Dairy Free; Gluten Free,4.45,3195,True,"[{""name"": ""chicken stock mix"", ""label"": ""Chicken stock mix (5.5g)"", ""in_box"": 1}, {""name"": ""white long grain rice"", ""label"": ""White long grain rice (130g)"", ""in_box"": 1}, {""name"": ""fish sauce"", ""label"": ""Fish sauce (8ml)"", ""in_box"": 1}, {""name"": ""chicken breast strips"", ""label"": ""Chicken breast strips (250g)"", ""in_box"": 1}, {""name"": ""solid creamed coconut"", ""label"": ""Solid creamed coconut (25g)"", ""in_box"": 1}, {""name"": ""ground turmeric"", ""label"": ""Ground turmeric (0.5tsp)"", ""in_box"": 1}, {""name"": ""red chilli"", ""label"": ""Red chilli"", ""in_box"": 1}, {""name"": ""curry powder"", ""label"": ""Curry powder (0.5tbsp)"", ""in_box"": 1}, {""name"": ""garlic clove"", ""label"": ""Garlic clove x2"", ""in_box"": 2}, {""name"": ""shallot"", ""label"": ""Shallot x2"", ""in_box"": 2}, {""name"": ""ginger paste"", ""label"": ""Ginger paste (15g)"", ""in_box"": 1}, {""name"": ""carrot"", ""label"": ""Carrot"", ""in_box"": 1}, {""name"": ""lime"", ""label"": ""Lime"", ""in_box"": 1}]"
2026-10-13,2026-08-26,8782b611-fd81-491f-adde-10b5c1786ab7,3547,The Fiery Marmite-Glazed Chicken Burger,False,0.0,471,658,38.0,17.1,2.2,89.1,17.9,8.1,1.22,139,8.1,3.6,0.5,18.9,3.8,1.7,0.26,1,40,full-prep,spicy,Takeaway Night,Dairy Free,4.43,12334,True,"[{""name"": ""red pepper"", ""label"": ""Red pepper"", ""in_box"": 1}, {""name"": ""cayenne pepper"", ""label"": ""Cayenne pepper (0.5tsp)"", ""in_box"": 1}, {""name"": ""red chilli"", ""label"": ""Red chilli"", ""in_box"": 1}, {""name"": ""chicken breast portions"", ""label"": ""Chicken breast portions (2pcs)"", ""in_box"": 1}, {""name"": ""cornflour"", ""label"": ""Cornflour (4tbsp)"", ""in_box"": 1}, {""name"": ""mayonnaise"", ""label"": ""Mayonnaise (25ml)"", ""in_box"": 1}, {""name"": ""brioche style buns"", ""label"": ""Brioche style buns (2pcs)"", ""in_box"": 1}, {""name"": ""Marmite"", ""label"": ""Marmite (8g)"", ""in_box"": 1}, {""name"": ""rocket"", ""label"": ""Rocket (20g)"", ""in_box"": 1}, {""name"": ""white potato"", ""label"": ""White potato x3"", ""in_box"": 3}, {""name"": ""honey"", ""label"": ""Honey (25g)"", ""in_box"": 1}]"
2026-10-13,2026-08-26,23821fd9-e232-48f5-8271-4180c463df83,4330,Tomato & King Prawn Risotto With Basil Oil,False,0.0,442,475,25.6,8.5,5.2,73.4,10.7,4.8,2.47,107,5.8,1.9,1.2,16.6,2.4,1.1,0.56,3,50,full-prep,no spice,Modern Bistro,Gluten Free,4.18,1748,True,"[{""name"": ""cheddar cheese"", ""label"": ""Cheddar cheese (40g)"", ""in_box"": 1}, {""name"": ""raw peeled king prawns"", ""label"": ""Raw peeled king prawns (171g)"", ""in_box"": 1}, {""name"": ""finely chopped tomatoes"", ""label"": ""Finely chopped tomatoes (390g)"", ""in_box"": 1}, {""name"": ""intense vegetable stock mix"", ""label"": ""Intense vegetable stock mix (5.5g)"", ""in_box"": 1}, {""name"": ""garlic clove"", ""label"": ""Garlic clove x2"", ""in_box"": 2}, {""name"": ""brown onion"", ""label"": ""Brown onion"", ""in_box"": 1}, {""name"": ""arborio rice"", ""label"": ""Arborio rice (160g)"", ""in_box"": 1}, {""name"": ""basil"", ""label"": ""Basil (10g)"", ""in_box"": 1}, {""name"": ""red wine vinegar"", ""label"": ""Red wine vinegar (15ml)"", ""in_box"": 1}]"
2026-10-13,2026-08-26,a27282ff-ea85-40c7-bcbd-8159ce0fe3f5,7503,Tteokbokki-Style Gnocchi With Sesame Broccoli,False,0.0,356,490,20.3,14.9,6.0,70.2,11.2,7.6,2.67,137,5.7,4.2,1.7,19.8,3.2,2.1,0.75,3,10,full-prep,spicy,10-Minute,Vegetarian,4.39,5786,True,"[{""name"": ""cheddar cheese"", ""label"": ""Cheddar cheese (40g)"", ""in_box"": 1}, {""name"": ""gochujang paste"", ""label"": ""Gochujang paste (30g)"", ""in_box"": 1}, {""name"": ""spring onion"", ""label"": ""Spring onion"", ""in_box"": 1}, {""name"": ""gnocchi"", ""label"": ""Gnocchi (350g)"", ""in_box"": 1}, {""name"": ""toasted sesame oil"", ""label"": ""Toasted sesame oil (10ml)"", ""in_box"": 1}, {""name"": ""roasted garlic paste"", ""label"": ""Roasted garlic paste (15g)"", ""in_box"": 1}, {""name"": ""tomato paste"", ""label"": ""Tomato paste (16g)"", ""in_box"": 1}, {""name"": ""fine green beans"", ""label"": ""Fine green beans (80g)"", ""in_box"": 1}, {""name"": ""Tenderstem broccoli"", ""label"": ""Tenderstem broccoli (160g)"", ""in_box"": 1}]"
2026-10-13,2026-08-26,0715d3a0-75c5-4ccf-8003-ec17227d3f95,13158,Turmeric Basa With Tamarind & Coconut Noodles,False,0.0,348,516,32.2,14.0,9.7,64.6,8.6,8.2,2.27,148,9.3,4.0,2.8,18.6,2.5,2.4,0.65,2,25,full-prep,mild,20 minute meals,Dairy Free,4.13,221,True,"[{""name"": ""ground turmeric"", ""label"": ""Ground turmeric (0.5tsp)"", ""in_box"": 1}, {""name"": ""basa fillets"", ""label"": ""Basa fillets (2pcs)"", ""in_box"": 1}, {""name"": ""tamarind & coconut curry paste"", ""label"": ""Tamarind & coconut curry paste (40g)"", ""in_box"": 1}, {""name"": ""tomato paste"", ""label"": ""Tomato paste (32g)"", ""in_box"": 1}, {""name"": ""garlic clove"", ""label"": ""Garlic clove x2"", ""in_box"": 2}, {""name"": ""medium egg noodle nests"", ""label"": ""Medium egg noodle nests (2pcs)"", ""in_box"": 1}, {""name"": ""brown onion"", ""label"": ""Brown onion"", ""in_box"": 1}, {""name"": ""fine green beans"", ""label"": ""Fine green beans (160g)"", ""in_box"": 1}, {""name"": ""soy sauce"", ""label"": ""Soy sauce (15ml)"", ""in_box"": 1}, {""name"": ""solid creamed coconut"", ""label"": ""Solid creamed coconut (25g)"", ""in_box"": 1}]"
2026-10-13,2026-08-26,c4d7bdbd-91d0-43e9-bfd6-29965f77c433,2931,Veg-Packed Chicken Fried Cauliflower Rice,False,0.0,494,337,38.8,10.1,2.1,24.1,14.8,10.2,2.68,68,7.8,2.1,0.4,4.9,3.0,2.1,0.54,4,25,full-prep,spicy,20 minute meals,Dairy Free,3.53,3685,True,"[{""name"": ""chicken breast strips"", ""label"": ""Chicken breast strips (250g)"", ""in_box"": 1}, {""name"": ""red chilli"", ""label"": ""Red chilli"", ""in_box"": 1}, {""name"": ""garlic clove"", ""label"": ""Garlic clove"", ""in_box"": 1}, {""name"": ""fresh root ginger"", ""label"": ""Fresh root ginger (15g)"", ""in_box"": 1}, {""name"": ""toasted sesame oil"", ""label"": ""Toasted sesame oil (10ml)"", ""in_box"": 1}, {""name"": ""blanched peas"", ""label"": ""Blanched peas (160g)"", ""in_box"": 1}, {""name"": ""carrot"", ""label"": ""Carrot"", ""in_box"": 1}, {""name"": ""soy sauce"", ""label"": ""Soy sauce (30ml)"", ""in_box"": 1}, {""name"": ""cauliflower"", ""label"": ""Cauliflower"", ""in_box"": 1}]"
2026-10-13,2026-08-26,5fab42db-c87a-4c33-ac40-e924f47187f1,2223,Venetian-Style Chicken Scaloppine With Crispy Potatoes,False,0.0,475,447,33.2,16.9,9.0,43.2,5.1,6.7,0.16,94,7.0,3.6,1.9,9.1,1.1,1.4,0.03,1,40,full-prep,no spice,Modern Bistro,Gluten Free,4.07,40387,True,"[{""name"": ""Cornish clotted cream"", ""label"": ""Cornish clotted cream (40g)"", ""in_box"": 1}, {""name"": ""chicken breast portions"", ""label"": ""Chicken breast portions (2pcs)"", ""in_box"": 1}, {""name"": ""lemon"", ""label"": ""Lemon"", ""in_box"": 1}, {""name"": ""fine green beans"", ""label"": ""Fine green beans (160g)"", ""in_box"": 1}, {""name"": ""white potato"", ""label"": ""White potato x4"", ""in_box"": 4}]"
2026-10-13,2026-08-26,3063dcfb-1ec0-488d-9699-d37210bb7519,13544,Venison & Pork Burger With Cheddar Cheese & Sticky Marmite Onions,True,3.0,583,600,37.9,17.3,7.4,74.3,14.2,10.7,2.44,102,6.5,3.0,1.3,12.8,2.4,1.8,0.42,1,45,full-prep,no spice,Ultimate Fakeaway,,4.57,124,True,"[{""name"": ""cheddar cheese"", ""label"": ""Cheddar cheese (40g)"", ""in_box"": 1}, {""name"": ""brioche style buns"", ""label"": ""Brioche style buns (2pcs)"", ""in_box"": 1}, {""name"": ""venison & pork burgers"", ""label"": ""Venison & pork burgers (2pcs)"", ""in_box"": 1}, {""name"": ""mustard ketchup"", ""label"": ""Mustard ketchup (20g)"", ""in_box"": 1}, {""name"": ""rosemary"", ""label"": ""Rosemary (5g)"", ""in_box"": 1}, {""name"": ""Marmite"", ""label"": ""Marmite (8g)"", ""in_box"": 1}, {""name"": ""gem lettuces"", ""label"": ""Gem lettuces (2pcs)"", ""in_box"": 1}, {""name"": ""red onion"", ""label"": ""Red onion"", ""in_box"": 1}, {""name"": ""white potato"", ""label"": ""White potato x3"", ""in_box"": 3}]"
