menu_week_start,scraped_at,id,core_recipe_id,name,is_surcharge,surcharge_per_portion_gbp,portion_weight_g,kcal_per_portion,protein_g_per_portion,fat_g_per_portion,fat_saturates_g_per_portion,carbs_g_per_portion,sugars_g_per_portion,fibre_g_per_portion,salt_g_per_portion,kcal_per_100g,protein_g_per_100g,fat_g_per_100g,fat_saturates_g_per_100g,carbs_g_per_100g,sugars_g_per_100g,fibre_g_per_100g,salt_g_per_100g,five_a_day,prep_time_min,preparation_type,spice_level,food_brand,dietary_claims,rating_avg,rating_count,is_available,ingredients_json
2026-07-07,2026-06-19,33fec52c-1224-42cd-86c9-276263d96e42,5167,'Cheeseburger' Pizza Feast With Chicken Dippers & Burger Sauce,True,2.75,604,1045,73.8,40.6,15.6,93.7,12.3,6.6,2.35,172,12.2,6.7,2.6,15.5,2.0,1.1,0.39,3,45,full-prep,mild,Ultimate Fakeaway,,4.14,1311,True,"[{""name"": ""chicken breast strips"", ""label"": ""Chicken breast strips (250g)"", ""in_box"": 1}, {""name"": ""beef mince"", ""label"": ""Beef mince (250g)"", ""in_box"": 1}, {""name"": ""flame-baked pizza bases"", ""label"": ""Flame-baked pizza bases (2pcs)"", ""in_box"": 1}, {""name"": ""tomato ketchup"", ""label"": ""Tomato ketchup (15ml)"", ""in_box"": 1}, {""name"": ""tomato paste"", ""label"": ""Tomato paste (32g) x2"", ""in_box"": 2}, {""name"": ""cider vinegar"", ""label"": ""Cider vinegar (30ml)"", ""in_box"": 1}, {""name"": ""ground smoked paprika"", ""label"": ""Ground smoked paprika (2tsp)"", ""in_box"": 1}, {""name"": ""panko breadcrumbs"", ""label"": ""Panko breadcrumbs (40g)"", ""in_box"": 1}, {""name"": ""mustard ketchup"", ""label"": ""Mustard ketchup (20g)"", ""in_box"": 1}, {""name"": ""cheddar cheese"", ""label"": ""Cheddar cheese (40g)"", ""in_box"": 1}, {""name"": ""garlic clove"", ""label"": ""Garlic clove"", ""in_box"": 1}, {""name"": ""shallot"", ""label"": ""Shallot"", ""in_box"": 1}, {""name"": ""cucumber"", ""label"": ""Cucumber (0.5pcs)"", ""in_box"": 1}]"
2026-07-07,2026-06-19,5d0fc972-e732-4a69-bd28-d550470795bd,8508,2 Meals: Creamy Chicken With Potatoes x Chicken & Pea Tortiglioni,True,3.5,824,1182,85.4,40.2,13.6,124.7,12.5,15.5,2.78,143,10.4,4.9,1.6,15.1,1.5,1.9,0.34,1,55,full-prep,no spice,Batch Cooking,,4.13,108,True,"[{""name"": ""crème fraîche"", ""label"": ""Crème fraîche (80g)"", ""in_box"": 1}, {""name"": ""skinless chicken thighs"", ""label"": ""Skinless chicken thighs (320g) x2"", ""in_box"": 2}, {""name"": ""intense chicken stock mix"", ""label"": ""Intense chicken stock mix (5.5g) x2"", ""in_box"": 2}, {""name"": ""garlic clove"", ""label"": ""Garlic clove x4"", ""in_box"": 4}, {""name"": ""Dried bay leaf"", ""label"": ""Dried bay leaf x4"", ""in_box"": 4}, {""name"": ""Chinese rice wine"", ""label"": ""Chinese rice wine (30ml)"", ""in_box"": 1}, {""name"": ""shallot"", ""label"": ""Shallot x2"", ""in_box"": 2}, {""name"": ""blanched peas"", ""label"": ""Blanched peas (160g)"", ""in_box"": 1}, {""name"": ""Tenderstem broccoli"", ""label"": ""Tenderstem broccoli (160g)"", ""in_box"": 1}, {""name"": ""tortiglioni"", ""label"": ""Tortiglioni (200g)"", ""in_box"": 1}, {""name"": ""white potato"", ""label"": ""White potato x3"", ""in_box"": 3}]"
2026-07-07,2026-06-19,d3a4ec4d-f79a-4c5b-8473-cc89bc3dfde6,8699,2 Meals: King Prawn Yellow Curry x Prawn Laksa,True,3.5,687,1010,43.6,23.3,17.3,156.5,15.2,14.5,4.82,146,6.3,3.4,2.5,22.8,2.2,2.1,0.7,1,45,full-prep,spicy,Batch Cooking,Dairy Free,3.98,99,True,"[{""name"": ""fish sauce"", ""label"": ""Fish sauce (8ml) x2"", ""in_box"": 2}, {""name"": ""red pepper"", ""label"": ""Red pepper"", ""in_box"": 1}, {""name"": ""solid creamed coconut"", ""label"": ""Solid creamed coconut (50g)"", ""in_box"": 1}, {""name"": ""medium egg noodle nests"", ""label"": ""Medium egg noodle nests (2pcs)"", ""in_box"": 1}, {""name"": ""raw peeled king prawns"", ""label"": ""Raw peeled king prawns (171g) x2"", ""in_box"": 2}, {""name"": ""sushi rice"", ""label"": ""Sushi rice (150g)"", ""in_box"": 1}, {""name"": ""ground turmeric"", ""label"": ""Ground turmeric (1tsp) x2"", ""in_box"": 2}, {""name"": ""red chilli"", ""label"": ""Red chilli"", ""in_box"": 1}, {""name"": ""ground coriander"", ""label"": ""Ground coriander (2tsp) x2"", ""in_box"": 2}, {""name"": ""cornflour"", ""label"": ""Cornflour (1tbsp) x2"", ""in_box"": 2}, {""name"": ""curry powder"", ""label"": ""Curry powder (1tbsp)"", ""in_box"": 1}, {""name"": ""shallot"", ""label"": ""Shallot x2"", ""in_box"": 2}, {""name"": ""ginger & garlic paste"", ""label"": ""Ginger & garlic paste (15g) x2"", ""in_box"": 2}, {""name"": ""spinach"", ""label"": ""Spinach (120g)"", ""in_box"": 1}, {""name"": ""lime"", ""label"": ""Lime"", ""in_box"": 1}, {""name"": ""sweet potato"", ""label"": ""Sweet potato"", ""in_box"": 1}]"
2026-07-07,2026-06-19,1371afd6-91b0-4f15-9d2c-e5df7f6e40a1,8757,2 Meals: Sausage & Leek Stew x Fennel & Pork Pasta,True,3.5,774,1295,55.8,64.4,25.7,128.6,14.3,16.2,5.0,167,7.2,8.3,3.3,16.6,1.8,2.1,0.65,2,50,full-prep,no spice,Batch Cooking,,4.42,88,True,"[{""name"": ""fennel seeds"", ""label"": ""Fennel seeds (1tsp)"", ""in_box"": 1}, {""name"": ""leek"", ""label"": ""Leek x2"", ""in_box"": 2}, {""name"": ""Cornish clotted cream"", ""label"": ""Cornish clotted cream (40g)"", ""in_box"": 1}, {""name"": ""cannellini beans"", ""label"": ""Cannellini beans (185g)"", ""in_box"": 1}, {""name"": ""Proper Porker sausages"", ""label"": ""Proper Porker sausages (4pcs) x2"", ""in_box"": 2}, {""name"": ""intense chicken stock mix"", ""label"": ""Intense chicken stock mix (5.5g) x2"", ""in_box"": 2}, {""name"": ""garlic clove"", ""label"": ""Garlic clove x2"", ""in_box"": 2}, {""name"": ""parsley"", ""label"": ""Parsley (5g)"", ""in_box"": 1}, {""name"": ""spinach"", ""label"": ""Spinach (80g)"", ""in_box"": 1}, {""name"": ""tortiglioni"", ""label"": ""Tortiglioni (200g)"", ""in_box"": 1}, {""name"": ""white potato"", ""label"": ""White potato x3"", ""in_box"": 3}]"
2026-07-07,2026-06-19,8bcc64f0-6458-44db-a7f7-e37fef96fe47,3096,Achari Paneer With Tomato Salad And Naan,False,0.0,492,593,30.4,23.6,13.2,64.1,15.6,6.3,2.55,120,6.2,4.8,2.7,13.0,3.2,1.3,0.52,3,30,full-prep,spicy,Global Kitchen,Vegetarian,4.44,4943,True,"[{""name"": ""dried chilli flakes"", ""label"": ""Dried chilli flakes (0.5tsp)"", ""in_box"": 1}, {""name"": ""ground turmeric"", ""label"": ""Ground turmeric (0.5tsp)"", ""in_box"": 1}, {""name"": ""tomato paste"", ""label"": ""Tomato paste (32g)"", ""in_box"": 1}, {""name"": ""ground cumin"", ""label"": ""Ground cumin (1tsp)"", ""in_box"": 1}, {""name"": ""garlic clove"", ""label"": ""Garlic clove x2"", ""in_box"": 2}, {""name"": ""fresh root ginger"", ""label"": ""Fresh root ginger (15g)"", ""in_box"": 1}, {""name"": ""tomato"", ""label"": ""Tomato x2"", ""in_box"": 2}, {""name"": ""natural yoghurt"", ""label"": ""Natural yoghurt (80g)"", ""in_box"": 1}, {""name"": ""plain naan"", ""label"": ""Plain naan (2pcs)"", ""in_box"": 1}, {""name"": ""paneer"", ""label"": ""Paneer (200g)"", ""in_box"": 1}, {""name"": ""vegetable stock mix"", ""label"": ""Vegetable stock mix (5.5g)"", ""in_box"": 1}, {""name"": ""cucumber"", ""label"": ""Cucumber (0.5pcs)"", ""in_box"": 1}, {""name"": ""coriander"", ""label"": ""Coriander (5g)"", ""in_box"": 1}, {""name"": ""red onion"", ""label"": ""Red onion"", ""in_box"": 1}]"
2026-07-07,2026-06-19,23b1621d-4e30-452c-b2eb-d6841507cc37,1246,Asparagus & Flaked Almond Risotto,False,0.0,321,426,15.3,8.9,2.9,69.4,7.1,6.0,1.47,132,4.8,2.8,0.9,21.6,2.2,1.9,0.46,2,50,full-prep,no spice,Modern Bistro,Vegetarian; Gluten Free,4.38,4358,True,"[{""name"": ""asparagus spears"", ""label"": ""Asparagus spears (120g) x2"", ""in_box"": 2}, {""name"": ""intense vegetable stock mix"", ""label"": ""Intense vegetable stock mix (5.5g)"", ""in_box"": 1}, {""name"": ""garlic clove"", ""label"": ""Garlic clove"", ""in_box"": 1}, {""name"": ""brown onion"", ""label"": ""Brown onion"", ""in_box"": 1}, {""name"": ""lemon"", ""label"": ""Lemon"", ""in_box"": 1}, {""name"": ""arborio rice"", ""label"": ""Arborio rice (160g)"", ""in_box"": 1}, {""name"": ""Italian hard cheese"", ""label"": ""Italian hard cheese (20g)"", ""in_box"": 1}, {""name"": ""Chinese rice wine"", ""label"": ""Chinese rice wine (15ml)"", ""in_box"": 1}, {""name"": ""flaked almonds"", ""label"": ""Flaked almonds (15g)"", ""in_box"": 1}]"
2026-07-07,2026-06-19,aacd7c6d-9f90-4c5b-a1e9-05febc6300c4,2892,Bacon & Creamy Tomato Aubergine Gnocchi Bake,False,0.0,550,565,27.5,20.8,10.7,68.2,11.0,7.5,2.98,102,5.0,3.8,1.9,12.4,2.0,1.4,0.54,4,45,full-prep,no spice,Modern Bistro,,4.18,2382,True,"[{""name"": ""fennel seeds"", ""label"": ""Fennel seeds (1tsp)"", ""in_box"": 1}, {""name"": ""tomato paste"", ""label"": ""Tomato paste (32g)"", ""in_box"": 1}, {""name"": ""bacon lardons"", ""label"": ""Bacon lardons (100g)"", ""in_box"": 1}, {""name"": ""gnocchi"", ""label"": ""Gnocchi (350g)"", ""in_box"": 1}, {""name"": ""grated Italian hard cheese"", ""label"": ""Grated Italian hard cheese (30g)"", ""in_box"": 1}, {""name"": ""soft cheese"", ""label"": ""Soft cheese (50g)"", ""in_box"": 1}, {""name"": ""rocket"", ""label"": ""Rocket (20g)"", ""in_box"": 1}, {""name"": ""cherry tomatoes"", ""label"": ""Cherry tomatoes (250g)"", ""in_box"": 1}, {""name"": ""aubergine"", ""label"": ""Aubergine"", ""in_box"": 1}, {""name"": ""balsamic vinegar"", ""label"": ""Balsamic vinegar (15ml)"", ""in_box"": 1}]"
2026-07-07,2026-06-19,44a1f76d-9d3c-407a-b889-208fb31a4778,11802,Bacon & Mushroom Alfredo,False,0.0,,605,26.1,21.4,,73.0,,3.5,1.9,,,,,,,,,1,10,full-prep,no spice,10-Minute,,4.4,1708,True,
2026-07-07,2026-06-19,5aea3cfb-04f9-416e-a2bc-d3c3b1483d60,548,Bacon Alfredo Linguine With Broccoli,False,0.0,370,646,33.7,21.6,11.0,78.7,7.2,10.2,2.29,174,9.1,5.8,3.0,21.3,1.9,2.8,0.62,2,25,full-prep,no spice,20 minute meals,,4.32,11058,True,"[{""name"": ""dried oregano"", ""label"": ""Dried oregano (1tsp)"", ""in_box"": 1}, {""name"": ""linguine"", ""label"": ""Linguine (190g)"", ""in_box"": 1}, {""name"": ""cornflour"", ""label"": ""Cornflour (1tsp)"", ""in_box"": 1}, {""name"": ""bacon lardons"", ""label"": ""Bacon lardons (100g)"", ""in_box"": 1}, {""name"": ""garlic clove"", ""label"": ""Garlic clove"", ""in_box"": 1}, {""name"": ""basil"", ""label"": ""Basil (5g)"", ""in_box"": 1}, {""name"": ""grated Italian hard cheese"", ""label"": ""Grated Italian hard cheese (30g)"", ""in_box"": 1}, {""name"": ""soft cheese"", ""label"": ""Soft cheese (50g)"", ""in_box"": 1}, {""name"": ""chicken stock mix"", ""label"": ""Chicken stock mix (5.5g)"", ""in_box"": 1}, {""name"": ""broccoli"", ""label"": ""Broccoli"", ""in_box"": 1}]"
2026-07-07,2026-06-19,360ddc11-5cfc-4e39-a48f-bcaad90339ff,16854,Baked Cantonese-Style Soy Double Basa With Rice,True,1.5,428,466,46.7,4.2,1.3,60.6,3.3,4.0,2.71,109,10.9,1.0,0.3,14.2,0.8,0.9,0.63,2,45,full-prep,spicy,Prepped in 5,Dairy Free,0,0,True,"[{""name"": ""white long grain rice"", ""label"": ""White long grain rice (130g)"", ""in_box"": 1}, {""name"": ""green chilli"", ""label"": ""Green chilli"", ""in_box"": 1}, {""name"": ""basa fillets"", ""label"": ""Basa fillets (2pcs) x2"", ""in_box"": 2}, {""name"": ""ginger & garlic paste"", ""label"": ""Ginger & garlic paste (15g)"", ""in_box"": 1}, {""name"": ""coriander"", ""label"": ""Coriander (5g)"", ""in_box"": 1}, {""name"": ""Chinese rice wine"", ""label"": ""Chinese rice wine (15ml)"", ""in_box"": 1}, {""name"": ""fine green beans"", ""label"": ""Fine green beans (160g)"", ""in_box"": 1}, {""name"": ""spinach"", ""label"": ""Spinach (80g)"", ""in_box"": 1}, {""name"": ""soy sauce"", ""label"": ""Soy sauce (30ml)"", ""in_box"": 1}]"
2026-07-07,2026-06-19,d1b3c5a8-322a-4dd9-a5a3-853e0fbc1563,8874,Baked Coconut & Sambal Chicken With Cauliflower Rice,True,0.5,,500,30.7,22.7,,43.8,,6.7,2.77,,,,,,,,,3,40,full-prep,mild,Prepped in 5,Dairy Free,0,0,True,
2026-07-07,2026-06-19,f86bb270-beb5-42bc-943c-c4bd52ef546a,6428,Bangin' BBQ Chicken Breast And Spicy Sweetcorn Fritters,True,0.5,361,514,37.3,32.2,6.4,20.0,9.1,4.1,0.98,142,10.3,8.9,1.8,5.5,2.5,1.1,0.27,2,35,full-prep,mild,Modern Bistro,Gluten Free,4.3,505,True,"[{""name"": ""dried chilli flakes"", ""label"": ""Dried chilli flakes (1tsp)"", ""in_box"": 1}, {""name"": ""free range egg"", ""label"": ""Free range egg"", ""in_box"": 1}, {""name"": ""chicken breast portions"", ""label"": ""Chicken breast portions (2pcs)"", ""in_box"": 1}, {""name"": ""cornflour"", ""label"": ""Cornflour (1tbsp)"", ""in_box"": 1}, {""name"": ""mayonnaise"", ""label"": ""Mayonnaise (50ml)"", ""in_box"": 1}, {""name"": ""Sweetcorn"", ""label"": ""Sweetcorn (150g)"", ""in_box"": 1}, {""name"": ""chipotle paste"", ""label"": ""Chipotle paste (20g)"", ""in_box"": 1}, {""name"": ""garlic clove"", ""label"": ""Garlic clove"", ""in_box"": 1}, {""name"": ""tomato"", ""label"": ""Tomato"", ""in_box"": 1}, {""name"": ""baby leaf salad"", ""label"": ""Baby leaf salad (50g)"", ""in_box"": 1}, {""name"": ""feta"", ""label"": ""Feta (30g)"", ""in_box"": 1}, {""name"": ""chives"", ""label"": ""Chives (5g)"", ""in_box"": 1}]"
2026-07-07,2026-06-19,b422c982-84d3-4a62-97ae-d8b033b92f26,13968,Battered Basa With Salt & Vinegar Chips And Mushy Peas,False,0.0,,489,28.1,22.3,,45.7,,7.8,1.02,,,,,,,,,1,35,full-prep,no spice,Classic Fakeaways,Dairy Free,4.43,1248,True,
2026-07-07,2026-06-19,bc5a5b25-4cb3-4b49-9e56-a746d96850d1,16871,"BBQ Special With Peri Peri Chicken, Jalapeño Hot Link Sausage & Slaw",True,1.0,,1016,60.2,60.8,,57.4,,11.3,2.94,,,,,,,,,1,35,full-prep,mild,Gastropub,,0,0,True,
2026-07-07,2026-06-19,a410bbab-bcce-4ae2-98ae-a02ccf2923a5,16467,"BBQ Special With Wagyu Burger, Peri Peri Chicken & Sausages",True,7.5,825,1440,63.1,96.4,29.6,81.0,18.2,9.8,3.38,174,7.6,11.7,3.6,9.8,2.2,1.2,0.41,1,30,full-prep,mild,Gastropub,Dairy Free,0,0,True,"[{""name"": ""wagyu beef burger"", ""label"": ""Wagyu beef burger (2pcs)"", ""in_box"": 1}, {""name"": ""waxy potatoes"", ""label"": ""Waxy potatoes (350g)"", ""in_box"": 1}, {""name"": ""tomato ketchup"", ""label"": ""Tomato ketchup (30ml)"", ""in_box"": 1}, {""name"": ""spring onion"", ""label"": ""Spring onion"", ""in_box"": 1}, {""name"": ""skinless chicken thighs"", ""label"": ""Skinless chicken thighs (160g)"", ""in_box"": 1}, {""name"": ""mayonnaise"", ""label"": ""Mayonnaise (25ml)"", ""in_box"": 1}, {""name"": ""mustard ketchup"", ""label"": ""Mustard ketchup (20g)"", ""in_box"": 1}, {""name"": ""peri peri spice mix"", ""label"": ""Peri peri spice mix (1tbsp)"", ""in_box"": 1}, {""name"": ""brioche style buns"", ""label"": ""Brioche style buns (2pcs)"", ""in_box"": 1}, {""name"": ""tomato"", ""label"": ""Tomato"", ""in_box"": 1}, {""name"": ""Proper Porker sausages"", ""label"": ""Proper Porker sausages (3pcs)"", ""in_box"": 1}, {""name"": ""lemon"", ""label"": ""Lemon"", ""in_box"": 1}, {""name"": ""sweetcorn cobettes"", ""label"": ""Sweetcorn cobettes (2pcs)"", ""in_box"": 1}]"
2026-07-07,2026-06-19,446447fe-5ef6-43f3-bb6f-7168348d890e,6298,BBQ Veggie Loaded Pizza With Salad,False,0.0,468,685,26.8,20.0,8.8,97.8,24.7,10.3,1.86,146,5.7,4.3,1.9,20.9,5.3,2.2,0.4,4,25,full-prep,no spice,20 minute meals,Vegetarian,4.27,2882,True,"[{""name"": ""dried oregano"", ""label"": ""Dried oregano (1tsp)"", ""in_box"": 1}, {""name"": ""red pepper"", ""label"": ""Red pepper"", ""in_box"": 1}, {""name"": ""BBQ sauce"", ""label"": ""BBQ sauce (40g)"", ""in_box"": 1}, {""name"": ""flame-baked pizza bases"", ""label"": ""Flame-baked pizza bases (2pcs)"", ""in_box"": 1}, {""name"": ""tomato paste"", ""label"": ""Tomato paste (32g) x2"", ""in_box"": 2}, {""name"": ""Sweetcorn"", ""label"": ""Sweetcorn (150g)"", ""in_box"": 1}, {""name"": ""garlic clove"", ""label"": ""Garlic clove"", ""in_box"": 1}, {""name"": ""mozzarella"", ""label"": ""Mozzarella (125g)"", ""in_box"": 1}, {""name"": ""rocket"", ""label"": ""Rocket (20g)"", ""in_box"": 1}, {""name"": ""white wine vinegar"", ""label"": ""White wine vinegar (15ml)"", ""in_box"": 1}, {""name"": ""red onion"", ""label"": ""Red onion"", ""in_box"": 1}]"
2026-07-07,2026-06-19,f5e9a49b-094d-4344-9753-40a241356890,8651,Brazilian-Inspired Spicy Steak With Charred Corn Salad,True,3.0,512,459,37.9,18.3,7.6,38.3,16.9,6.4,0.21,89,7.4,3.6,1.5,7.5,3.3,1.2,0.04,3,25,full-prep,spicy,Gastropub,Gluten Free,4.27,108,True,"[{""name"": ""dried oregano"", ""label"": ""Dried oregano (1tsp)"", ""in_box"": 1}, {""name"": ""dried chilli flakes"", ""label"": ""Dried chilli flakes (0.5tsp)"", ""in_box"": 1}, {""name"": ""rump pavé steak"", ""label"": ""Rump pavé steak (300g)"", ""in_box"": 1}, {""name"": ""Sweetcorn"", ""label"": ""Sweetcorn (150g)"", ""in_box"": 1}, {""name"": ""garlic clove"", ""label"": ""Garlic clove"", ""in_box"": 1}, {""name"": ""tomato"", ""label"": ""Tomato"", ""in_box"": 1}, {""name"": ""natural yoghurt"", ""label"": ""Natural yoghurt (80g)"", ""in_box"": 1}, {""name"": ""coriander"", ""label"": ""Coriander (5g)"", ""in_box"": 1}, {""name"": ""gem lettuce"", ""label"": ""Gem lettuce"", ""in_box"": 1}, {""name"": ""lime"", ""label"": ""Lime"", ""in_box"": 1}, {""name"": ""sweet potato"", ""label"": ""Sweet potato"", ""in_box"": 1}]"
2026-07-07,2026-06-19,f8c84684-d445-4589-a31f-73d610acabd4,7677,Buffalo Chicken Grain Bowl With Yoghurt Ranch,False,0.0,398,481,38.4,10.1,3.7,62.1,8.0,6.5,0.68,120,9.6,2.5,0.9,15.6,2.0,1.6,0.17,2,20,full-prep,spicy,Protein Hit,,3.97,1423,True,"[{""name"": ""sriracha hot chilli sauce"", ""label"": ""Sriracha hot chilli sauce (8ml) x3"", ""in_box"": 3}, {""name"": ""chicken breast portions"", ""label"": ""Chicken breast portions (2pcs)"", ""in_box"": 1}, {""name"": ""cider vinegar"", ""label"": ""Cider vinegar (30ml)"", ""in_box"": 1}, {""name"": ""dried oregano"", ""label"": ""Dried oregano (1tsp)"", ""in_box"": 1}, {""name"": ""garlic clove"", ""label"": ""Garlic clove"", ""in_box"": 1}, {""name"": ""natural yoghurt"", ""label"": ""Natural yoghurt (80g)"", ""in_box"": 1}, {""name"": ""crispy onions"", ""label"": ""Crispy onions (15g)"", ""in_box"": 1}, {""name"": ""cucumber"", ""label"": ""Cucumber (0.5pcs)"", ""in_box"": 1}, {""name"": ""gem lettuce"", ""label"": ""Gem lettuce"", ""in_box"": 1}, {""name"": ""bulgur wheat"", ""label"": ""Bulgur wheat (130g)"", ""in_box"": 1}]"
2026-07-07,2026-06-19,68611d2a-8126-4663-a36d-0f51fd58c98f,874,Butter Chicken With Coriander Rice,False,0.0,293,565,34.7,17.9,9.2,67.3,5.6,4.8,0.74,192,11.8,6.1,3.2,23.0,1.9,1.6,0.25,1,45,full-prep,mild,Takeaway Night,Gluten Free,4.29,82803,True,"[{""name"": ""chicken breast strips"", ""label"": ""Chicken breast strips (250g)"", ""in_box"": 1}, {""name"": ""ground coriander"", ""label"": ""Ground coriander (1tsp)"", ""in_box"": 1}, {""name"": ""ground turmeric"", ""label"": ""Ground turmeric (1tsp)"", ""in_box"": 1}, {""name"": ""Cornish clotted cream"", ""label"": ""Cornish clotted cream (40g)"", ""in_box"": 1}, {""name"": ""tomato paste"", ""label"": ""Tomato paste (32g)"", ""in_box"": 1}, {""name"": ""garlic clove"", ""label"": ""Garlic clove x2"", ""in_box"": 2}, {""name"": ""fresh root ginger"", ""label"": ""Fresh root ginger (15g)"", ""in_box"": 1}, {""name"": ""garam masala"", ""label"": ""Garam masala (1tbsp)"", ""in_box"": 1}, {""name"": ""coriander"", ""label"": ""Coriander (10g)"", ""in_box"": 1}, {""name"": ""brown onion"", ""label"": ""Brown onion"", ""in_box"": 1}, {""name"": ""white long grain rice"", ""label"": ""White long grain rice (130g)"", ""in_box"": 1}, {""name"": ""chicken stock mix"", ""label"": ""Chicken stock mix (5.5g)"", ""in_box"": 1}]"
2026-07-07,2026-06-19,adc9745a-4687-4102-b2fd-ff0474b968f0,14706,Caribbean Spiced Basa & Sweet Potato Chips With Crushed Peas,False,0.0,363,433,25.3,22.7,2.2,34.8,11.8,7.7,1.06,119,7.0,6.3,0.6,9.6,3.2,2.1,0.29,2,40,full-prep,mild,Nutrient Rich,Dairy Free; Gluten Free,4.31,369,True,"[{""name"": ""basa fillets"", ""label"": ""Basa fillets (2pcs)"", ""in_box"": 1}, {""name"": ""ground paprika"", ""label"": ""Ground paprika (1tsp)"", ""in_box"": 1}, {""name"": ""mayonnaise"", ""label"": ""Mayonnaise (50ml)"", ""in_box"": 1}, {""name"": ""ground allspice"", ""label"": ""Ground allspice (1tsp)"", ""in_box"": 1}, {""name"": ""blanched peas"", ""label"": ""Blanched peas (160g)"", ""in_box"": 1}, {""name"": ""vegetable stock mix"", ""label"": ""Vegetable stock mix (5.5g)"", ""in_box"": 1}, {""name"": ""coriander"", ""label"": ""Coriander (5g)"", ""in_box"": 1}, {""name"": ""lime"", ""label"": ""Lime"", ""in_box"": 1}, {""name"": ""sweet potato"", ""label"": ""Sweet potato"", ""in_box"": 1}]"
2026-07-07,2026-06-19,cc79d8a1-9857-4c42-a7a1-76e1ae9df222,792,Caribbean-Style Smoky Basa With Sweet Potato Mash,False,0.0,477,384,23.9,3.6,1.3,67.2,20.9,6.3,1.72,80,5.0,0.8,0.3,14.1,4.4,1.3,0.36,3,25,full-prep,spicy,20 minute meals,Dairy Free,4.22,22223,True,"[{""name"": ""mango chutney"", ""label"": ""Mango chutney (20g)"", ""in_box"": 1}, {""name"": ""cayenne pepper"", ""label"": ""Cayenne pepper (0.5tsp)"", ""in_box"": 1}, {""name"": ""spring onion"", ""label"": ""Spring onion"", ""in_box"": 1}, {""name"": ""ground allspice"", ""label"": ""Ground allspice (1tsp)"", ""in_box"": 1}, {""name"": ""panko breadcrumbs"", ""label"": ""Panko breadcrumbs (40g)"", ""in_box"": 1}, {""name"": ""tomato"", ""label"": ""Tomato x2"", ""in_box"": 2}, {""name"": ""smoked basa fillets"", ""label"": ""Smoked basa fillets (2pcs)"", ""in_box"": 1}, {""name"": ""lime"", ""label"": ""Lime"", ""in_box"": 1}, {""name"": ""sweet potato"", ""label"": ""Sweet potato x2"", ""in_box"": 2}]"
2026-07-07,2026-06-19,2a7809d2-d009-44c4-9093-191bf375f5eb,7686,"Cheesy Bacon, Egg & Avocado Folded Breakfast Wraps",False,0.0,367,895,32.7,49.7,18.0,78.0,13.9,5.7,2.57,243,8.9,13.5,4.9,21.3,3.8,1.5,0.7,1,10,full-prep,mild,Breakfast Time,,4.37,1587,True,"[{""name"": ""free range egg"", ""label"": ""Free range egg x2"", ""in_box"": 2}, {""name"": ""plain tortillas"", ""label"": ""Plain tortillas (4pcs)"", ""in_box"": 1}, {""name"": ""smoked streaky bacon"", ""label"": ""Smoked streaky bacon (90g)"", ""in_box"": 1}, {""name"": ""cheddar cheese"", ""label"": ""Cheddar cheese (40g)"", ""in_box"": 1}, {""name"": ""red chilli relish"", ""label"": ""Red chilli relish (40g)"", ""in_box"": 1}, {""name"": ""avocado"", ""label"": ""Avocado"", ""in_box"": 1}]"
2026-07-07,2026-06-19,83f734c9-a15d-421b-a026-960dbd90b617,13117,Cheesy Baked Basa And Pea Greens With Garlic Butter,False,0.0,501,464,33.6,10.0,5.6,63.1,19.8,11.7,0.68,92,6.7,2.0,1.1,12.6,3.9,2.3,0.14,2,35,full-prep,no spice,Family Kitchen,,4.47,2383,True,"[{""name"": ""leek"", ""label"": ""Leek"", ""in_box"": 1}, {""name"": ""basa fillets"", ""label"": ""Basa fillets (2pcs)"", ""in_box"": 1}, {""name"": ""panko breadcrumbs"", ""label"": ""Panko breadcrumbs (20g)"", ""in_box"": 1}, {""name"": ""cheddar cheese"", ""label"": ""Cheddar cheese (40g)"", ""in_box"": 1}, {""name"": ""garlic clove"", ""label"": ""Garlic clove x2"", ""in_box"": 2}, {""name"": ""blanched peas"", ""label"": ""Blanched peas (160g)"", ""in_box"": 1}, {""name"": ""parsley"", ""label"": ""Parsley (10g)"", ""in_box"": 1}, {""name"": ""sweet potato"", ""label"": ""Sweet potato x2"", ""in_box"": 2}]"
2026-07-07,2026-06-19,b3e6826e-79ef-42c5-9a96-28073bb8f5f2,5598,Cheesy Black Bean Enchiladas,False,0.0,334,564,24.1,16.0,8.2,76.1,7.9,14.7,2.53,168,7.2,4.8,2.5,22.8,2.4,4.4,0.76,3,35,full-prep,mild,Global Kitchen,Vegetarian,4.34,20811,True,"[{""name"": ""black beans"", ""label"": ""Black beans (380g)"", ""in_box"": 1}, {""name"": ""ground cumin"", ""label"": ""Ground cumin (1tsp)"", ""in_box"": 1}, {""name"": ""intense vegetable stock mix"", ""label"": ""Intense vegetable stock mix (5.5g)"", ""in_box"": 1}, {""name"": ""ground smoked paprika"", ""label"": ""Ground smoked paprika (2tsp)"", ""in_box"": 1}, {""name"": ""plain tortillas"", ""label"": ""Plain tortillas (6pcs)"", ""in_box"": 1}, {""name"": ""cheddar cheese"", ""label"": ""Cheddar cheese (40g)"", ""in_box"": 1}, {""name"": ""garlic clove"", ""label"": ""Garlic clove x2"", ""in_box"": 2}, {""name"": ""tomato paste"", ""label"": ""Tomato paste (16g)"", ""in_box"": 1}, {""name"": ""spinach"", ""label"": ""Spinach (80g)"", ""in_box"": 1}, {""name"": ""red onion"", ""label"": ""Red onion"", ""in_box"": 1}]"
2026-07-07,2026-06-19,8ba7b1a6-6ec4-4254-a013-41c3593f95c9,10871,Cheesy Black Bean Enchiladas,False,0.0,334,564,24.1,16.0,8.2,76.1,7.9,14.7,2.53,168,7.2,4.8,2.5,22.8,2.4,4.4,0.76,3,35,full-prep,mild,Global Kitchen,Vegetarian,4.14,2546,True,"[{""name"": ""black beans"", ""label"": ""Black beans (380g)"", ""in_box"": 1}, {""name"": ""ground cumin"", ""label"": ""Ground cumin (1tsp)"", ""in_box"": 1}, {""name"": ""intense vegetable stock mix"", ""label"": ""Intense vegetable stock mix (5.5g)"", ""in_box"": 1}, {""name"": ""ground smoked paprika"", ""label"": ""Ground smoked paprika (2tsp)"", ""in_box"": 1}, {""name"": ""plain tortillas"", ""label"": ""Plain tortillas (6pcs)"", ""in_box"": 1}, {""name"": ""cheddar cheese"", ""label"": ""Cheddar cheese (40g)"", ""in_box"": 1}, {""name"": ""garlic clove"", ""label"": ""Garlic clove x2"", ""in_box"": 2}, {""name"": ""tomato paste"", ""label"": ""Tomato paste (16g)"", ""in_box"": 1}, {""name"": ""spinach"", ""label"": ""Spinach (80g)"", ""in_box"": 1}, {""name"": ""red onion"", ""label"": ""Red onion"", ""in_box"": 1}]"
2026-07-07,2026-06-19,84e909b1-3f1b-46d8-a44c-91aab016fb18,3291,Cheesy Lentil & Tomato Stuffed Flat White Mushrooms,False,0.0,426,322,17.7,18.1,9.6,19.2,4.2,9.7,0.54,75,4.1,4.3,2.3,4.5,1.0,2.3,0.13,4,25,full-prep,no spice,20 minute meals,Vegetarian; Gluten Free,3.9,11776,True,"[{""name"": ""green lentils"", ""label"": ""Green lentils (390g)"", ""in_box"": 1}, {""name"": ""cheddar cheese"", ""label"": ""Cheddar cheese (40g)"", ""in_box"": 1}, {""name"": ""garlic clove"", ""label"": ""Garlic clove"", ""in_box"": 1}, {""name"": ""flat white mushrooms"", ""label"": ""Flat white mushrooms (150g) x2"", ""in_box"": 2}, {""name"": ""dried basil"", ""label"": ""Dried basil (1tsp)"", ""in_box"": 1}, {""name"": ""pumpkin seeds"", ""label"": ""Pumpkin seeds (15g)"", ""in_box"": 1}, {""name"": ""shallot"", ""label"": ""Shallot"", ""in_box"": 1}, {""name"": ""soft cheese"", ""label"": ""Soft cheese (50g)"", ""in_box"": 1}, {""name"": ""cider vinegar"", ""label"": ""Cider vinegar (15ml)"", ""in_box"": 1}, {""name"": ""rocket"", ""label"": ""Rocket (50g)"", ""in_box"": 1}, {""name"": ""cherry tomatoes"", ""label"": ""Cherry tomatoes (125g)"", ""in_box"": 1}]"
2026-07-07,2026-06-19,61936479-aa85-40ca-b2e4-f874545700fb,16681,Cheesy Wild Garlic Risotto With Hispi Cabbage & A Chicken Breast,True,1.5,520,718,50.3,19.4,9.0,83.1,12.2,8.7,2.27,138,9.7,3.7,1.7,16.0,2.3,1.7,0.44,2,45,full-prep,no spice,Moments,,0,0,True,"[{""name"": ""wild garlic paste"", ""label"": ""Wild garlic paste (40g)"", ""in_box"": 1}, {""name"": ""chicken breast portions"", ""label"": ""Chicken breast portions (2pcs)"", ""in_box"": 1}, {""name"": ""panko breadcrumbs"", ""label"": ""Panko breadcrumbs (20g)"", ""in_box"": 1}, {""name"": ""umami seasoning"", ""label"": ""Umami seasoning (1tbsp)"", ""in_box"": 1}, {""name"": ""hispi cabbage"", ""label"": ""Hispi cabbage (220g)"", ""in_box"": 1}, {""name"": ""intense vegetable stock mix"", ""label"": ""Intense vegetable stock mix (5.5g)"", ""in_box"": 1}, {""name"": ""baby leaf salad"", ""label"": ""Baby leaf salad (50g)"", ""in_box"": 1}, {""name"": ""brown onion"", ""label"": ""Brown onion"", ""in_box"": 1}, {""name"": ""lemon"", ""label"": ""Lemon"", ""in_box"": 1}, {""name"": ""arborio rice"", ""label"": ""Arborio rice (160g)"", ""in_box"": 1}, {""name"": ""grated Italian hard cheese"", ""label"": ""Grated Italian hard cheese (30g)"", ""in_box"": 1}, {""name"": ""soft cheese"", ""label"": ""Soft cheese (50g)"", ""in_box"": 1}, {""name"": ""Chinese rice wine"", ""label"": ""Chinese rice wine (15ml)"", ""in_box"": 1}]"
2026-07-07,2026-06-19,b1fb0f0c-f1eb-4d05-a7c0-9cb699ec0024,2561,Chermoula King Prawns With Spiced Giant Couscous,False,0.0,331,398,22.1,2.8,0.5,74.6,20.9,7.6,0.92,120,6.7,0.9,0.1,22.5,6.3,2.3,0.28,1,35,full-prep,mild,Global Kitchen,Dairy Free,4.13,9070,True,"[{""name"": ""cayenne pepper"", ""label"": ""Cayenne pepper (0.5tsp)"", ""in_box"": 1}, {""name"": ""raw peeled king prawns"", ""label"": ""Raw peeled king prawns (171g)"", ""in_box"": 1}, {""name"": ""ground paprika"", ""label"": ""Ground paprika (1tsp)"", ""in_box"": 1}, {""name"": ""ground cumin"", ""label"": ""Ground cumin (1tsp)"", ""in_box"": 1}, {""name"": ""chipotle paste"", ""label"": ""Chipotle paste (20g)"", ""in_box"": 1}, {""name"": ""garlic clove"", ""label"": ""Garlic clove x2"", ""in_box"": 2}, {""name"": ""coriander"", ""label"": ""Coriander (10g)"", ""in_box"": 1}, {""name"": ""parsley"", ""label"": ""Parsley (5g)"", ""in_box"": 1}, {""name"": ""lemon"", ""label"": ""Lemon"", ""in_box"": 1}, {""name"": ""sultanas"", ""label"": ""Sultanas (30g)"", ""in_box"": 1}, {""name"": ""giant couscous"", ""label"": ""Giant couscous (130g)"", ""in_box"": 1}, {""name"": ""carrot"", ""label"": ""Carrot"", ""in_box"": 1}, {""name"": ""red onion"", ""label"": ""Red onion"", ""in_box"": 1}]"
2026-07-07,2026-06-19,89c4ccda-f702-4b20-91a6-4c9af03c3cd9,6260,Chicken & Pea Pesto Orzo With Chilli Oil,False,0.0,349,564,48.9,12.5,3.7,64.0,7.7,8.1,1.4,161,14.0,3.6,1.1,18.3,2.2,2.3,0.4,2,35,full-prep,spicy,Family Kitchen,,4.12,8951,True,"[{""name"": ""chicken breast strips"", ""label"": ""Chicken breast strips (250g)"", ""in_box"": 1}, {""name"": ""dried chilli flakes"", ""label"": ""Dried chilli flakes (1tsp)"", ""in_box"": 1}, {""name"": ""intense chicken stock mix"", ""label"": ""Intense chicken stock mix (5.5g)"", ""in_box"": 1}, {""name"": ""garlic clove"", ""label"": ""Garlic clove"", ""in_box"": 1}, {""name"": ""blanched peas"", ""label"": ""Blanched peas (160g)"", ""in_box"": 1}, {""name"": ""Italian hard cheese"", ""label"": ""Italian hard cheese (20g)"", ""in_box"": 1}, {""name"": ""basil"", ""label"": ""Basil (10g)"", ""in_box"": 1}, {""name"": ""spinach"", ""label"": ""Spinach (80g)"", ""in_box"": 1}, {""name"": ""flaked almonds"", ""label"": ""Flaked almonds (15g)"", ""in_box"": 1}, {""name"": ""orzo"", ""label"": ""Orzo (150g)"", ""in_box"": 1}]"
2026-07-07,2026-06-19,72037de9-d77d-467e-8cfd-7e8365cfe00b,13460,Chicken & Wild Garlic Pithivier Pie With Smoked Salt Mash,False,0.0,597,833,35.2,40.5,16.1,84.7,16.2,10.2,2.61,139,5.9,6.8,2.7,14.2,2.7,1.7,0.44,1,45,full-prep,no spice,Modern Bistro,,4.44,394,True,"[{""name"": ""wild garlic paste"", ""label"": ""Wild garlic paste (40g)"", ""in_box"": 1}, {""name"": ""diced chicken thigh"", ""label"": ""Diced chicken thigh (250g)"", ""in_box"": 1}, {""name"": ""smoked sea salt flakes"", ""label"": ""Smoked sea salt flakes (1g)"", ""in_box"": 1}, {""name"": ""puff pastry"", ""label"": ""Puff pastry (160g)"", ""in_box"": 1}, {""name"": ""intense chicken stock mix"", ""label"": ""Intense chicken stock mix (5.5g)"", ""in_box"": 1}, {""name"": ""garlic clove"", ""label"": ""Garlic clove x2"", ""in_box"": 2}, {""name"": ""brown onion"", ""label"": ""Brown onion"", ""in_box"": 1}, {""name"": ""soft cheese"", ""label"": ""Soft cheese (50g)"", ""in_box"": 1}, {""name"": ""carrot"", ""label"": ""Carrot x2"", ""in_box"": 2}, {""name"": ""white potato"", ""label"": ""White potato x4"", ""in_box"": 4}]"
2026-07-07,2026-06-19,37071861-be6c-44b5-9f96-f72ca9371cd4,4101,Chicken Jalfrezi With Buttery Cardamom Rice,False,0.0,426,451,36.5,4.9,1.3,69.3,10.0,5.6,1.72,105,8.6,1.2,0.3,16.3,2.3,1.3,0.4,3,55,full-prep,spicy,Takeaway Night,Gluten Free; Dairy Free,4.4,4576,True,"[{""name"": ""chicken breast strips"", ""label"": ""Chicken breast strips (250g)"", ""in_box"": 1}, {""name"": ""green pepper"", ""label"": ""Green pepper"", ""in_box"": 1}, {""name"": ""white basmati rice"", ""label"": ""White basmati rice (130g)"", ""in_box"": 1}, {""name"": ""dried chilli flakes"", ""label"": ""Dried chilli flakes (0.5tsp)"", ""in_box"": 1}, {""name"": ""tomato paste"", ""label"": ""Tomato paste (32g)"", ""in_box"": 1}, {""name"": ""intense chicken stock mix"", ""label"": ""Intense chicken stock mix (5.5g)"", ""in_box"": 1}, {""name"": ""curry powder"", ""label"": ""Curry powder (1tbsp)"", ""in_box"": 1}, {""name"": ""garlic clove"", ""label"": ""Garlic clove x2"", ""in_box"": 2}, {""name"": ""fresh root ginger"", ""label"": ""Fresh root ginger (15g)"", ""in_box"": 1}, {""name"": ""tomato"", ""label"": ""Tomato x2"", ""in_box"": 2}, {""name"": ""brown onion"", ""label"": ""Brown onion"", ""in_box"": 1}, {""name"": ""cardamom pod"", ""label"": ""Cardamom pod x6"", ""in_box"": 6}]"
2026-07-07,2026-06-19,9b7ccab9-0073-4726-8ffe-2afb46890fed,6075,Chicken Katsu Salad With Curried Coconut Croutons,False,0.0,364,482,36.6,14.4,9.3,49.5,14.3,6.7,1.71,132,10.1,3.9,2.6,13.6,3.9,1.8,0.47,2,35,full-prep,spicy,Takeaway Night,Dairy Free,4.43,9919,True,"[{""name"": ""mango chutney"", ""label"": ""Mango chutney (20g)"", ""in_box"": 1}, {""name"": ""solid creamed coconut"", ""label"": ""Solid creamed coconut (25g)"", ""in_box"": 1}, {""name"": ""ground turmeric"", ""label"": ""Ground turmeric (0.5tsp)"", ""in_box"": 1}, {""name"": ""soy sauce"", ""label"": ""Soy sauce (8ml)"", ""in_box"": 1}, {""name"": ""red chilli"", ""label"": ""Red chilli"", ""in_box"": 1}, {""name"": ""carrot & cabbage slaw mix"", ""label"": ""Carrot & cabbage slaw mix (160g)"", ""in_box"": 1}, {""name"": ""chicken breast portions"", ""label"": ""Chicken breast portions (2pcs)"", ""in_box"": 1}, {""name"": ""panko breadcrumbs"", ""label"": ""Panko breadcrumbs (40g)"", ""in_box"": 1}, {""name"": ""ciabatta"", ""label"": ""Ciabatta"", ""in_box"": 1}, {""name"": ""curry powder"", ""label"": ""Curry powder (0.5tbsp)"", ""in_box"": 1}, {""name"": ""ginger & garlic paste"", ""label"": ""Ginger & garlic paste (15g)"", ""in_box"": 1}, {""name"": ""rice vinegar"", ""label"": ""Rice vinegar (15ml)"", ""in_box"": 1}, {""name"": ""gem lettuce"", ""label"": ""Gem lettuce"", ""in_box"": 1}]"
2026-07-07,2026-06-19,62b3d2e1-084f-4e7f-9efc-3629928f7756,2936,Chicken Linguine With Tomatoes And Chilli,False,0.0,307,516,40.7,5.4,1.5,73.2,6.4,4.4,1.27,168,13.3,1.8,0.5,23.9,2.1,1.4,0.41,1,25,full-prep,spicy,20 minute meals,Dairy Free,4.24,14149,True,"[{""name"": ""chicken breast strips"", ""label"": ""Chicken breast strips (250g)"", ""in_box"": 1}, {""name"": ""dried chilli flakes"", ""label"": ""Dried chilli flakes (0.5tsp)"", ""in_box"": 1}, {""name"": ""linguine"", ""label"": ""Linguine (190g)"", ""in_box"": 1}, {""name"": ""intense chicken stock mix"", ""label"": ""Intense chicken stock mix (5.5g)"", ""in_box"": 1}, {""name"": ""garlic clove"", ""label"": ""Garlic clove"", ""in_box"": 1}, {""name"": ""tomato paste"", ""label"": ""Tomato paste (16g)"", ""in_box"": 1}, {""name"": ""Chinese rice wine"", ""label"": ""Chinese rice wine (15ml)"", ""in_box"": 1}, {""name"": ""chives"", ""label"": ""Chives (5g)"", ""in_box"": 1}, {""name"": ""cherry tomatoes"", ""label"": ""Cherry tomatoes (125g)"", ""in_box"": 1}]"
2026-07-07,2026-06-19,ba002245-e524-47f7-a6bd-72b4083b6efc,6411,Chicken Milanese & Spaghetti Pomodoro,False,0.0,376,640,47.1,8.5,3.5,92.1,10.2,5.1,1.44,170,12.5,2.3,0.9,24.5,2.7,1.4,0.38,2,35,full-prep,no spice,Modern Bistro,,4.21,12218,True,"[{""name"": ""chicken breast portions"", ""label"": ""Chicken breast portions (2pcs)"", ""in_box"": 1}, {""name"": ""finely chopped tomatoes"", ""label"": ""Finely chopped tomatoes (200g)"", ""in_box"": 1}, {""name"": ""tomato paste"", ""label"": ""Tomato paste (32g)"", ""in_box"": 1}, {""name"": ""dried oregano"", ""label"": ""Dried oregano (1tsp)"", ""in_box"": 1}, {""name"": ""panko breadcrumbs"", ""label"": ""Panko breadcrumbs (40g)"", ""in_box"": 1}, {""name"": ""intense chicken stock mix"", ""label"": ""Intense chicken stock mix (5.5g)"", ""in_box"": 1}, {""name"": ""garlic clove"", ""label"": ""Garlic clove x2"", ""in_box"": 2}, {""name"": ""Italian hard cheese"", ""label"": ""Italian hard cheese (20g)"", ""in_box"": 1}, {""name"": ""spaghetti"", ""label"": ""Spaghetti (190g)"", ""in_box"": 1}]"
2026-07-07,2026-06-19,fa0b8f13-b770-42e7-8ead-9d0b2dd9d657,1206,Chicken Satay Curry With Brown Rice & Kale,False,0.0,363,588,40.4,21.3,10.2,60.3,6.4,7.7,2.9,161,11.1,5.9,2.8,16.6,1.8,2.1,0.8,1,40,full-prep,mild,Global Kitchen,Dairy Free; Gluten Free,4.38,10836,True,"[{""name"": ""brown long grain rice"", ""label"": ""Brown long grain rice (130g)"", ""in_box"": 1}, {""name"": ""chicken breast strips"", ""label"": ""Chicken breast strips (250g)"", ""in_box"": 1}, {""name"": ""solid creamed coconut"", ""label"": ""Solid creamed coconut (25g)"", ""in_box"": 1}, {""name"": ""intense chicken stock mix"", ""label"": ""Intense chicken stock mix (5.5g)"", ""in_box"": 1}, {""name"": ""curry powder"", ""label"": ""Curry powder (1tbsp)"", ""in_box"": 1}, {""name"": ""garlic clove"", ""label"": ""Garlic clove"", ""in_box"": 1}, {""name"": ""brown onion"", ""label"": ""Brown onion"", ""in_box"": 1}, {""name"": ""gluten free soy sauce"", ""label"": ""Gluten free soy sauce (15ml)"", ""in_box"": 1}, {""name"": ""shredded kale"", ""label"": ""Shredded kale (80g)"", ""in_box"": 1}, {""name"": ""lime"", ""label"": ""Lime"", ""in_box"": 1}, {""name"": ""smooth peanut butter"", ""label"": ""Smooth peanut butter (26g)"", ""in_box"": 1}]"
2026-07-07,2026-06-19,b650f20e-312e-45ea-8fdc-24f6c7c7f45a,15642,Chicken Thigh & Chips With Mixed Salad And Gravy Mayo,False,0.0,538,589,33.0,33.8,7.0,40.4,7.9,6.0,1.58,109,6.1,6.3,1.3,7.5,1.5,1.1,0.29,3,35,full-prep,no spice,Everyday Favourites,Dairy Free; Gluten Free,4.3,132,True,"[{""name"": ""skin-on chicken thighs"", ""label"": ""Skin-on chicken thighs (320g)"", ""in_box"": 1}, {""name"": ""smoked sea salt flakes"", ""label"": ""Smoked sea salt flakes (1g)"", ""in_box"": 1}, {""name"": ""mayonnaise"", ""label"": ""Mayonnaise (25ml)"", ""in_box"": 1}, {""name"": ""tomato"", ""label"": ""Tomato x2"", ""in_box"": 2}, {""name"": ""baby leaf salad"", ""label"": ""Baby leaf salad (50g)"", ""in_box"": 1}, {""name"": ""gravy base"", ""label"": ""Gravy base (14g)"", ""in_box"": 1}, {""name"": ""gem lettuce"", ""label"": ""Gem lettuce"", ""in_box"": 1}, {""name"": ""white wine vinegar"", ""label"": ""White wine vinegar (15ml)"", ""in_box"": 1}, {""name"": ""red onion"", ""label"": ""Red onion"", ""in_box"": 1}, {""name"": ""white potato"", ""label"": ""White potato x3"", ""in_box"": 3}]"
2026-07-07,2026-06-19,1e6a2d86-62c0-4a57-8fb6-7b73f14ba372,6320,Chicken Thigh Gyros & Hot Honey Halloumi Greek-Style Feast,True,2.75,760,1132,68.4,46.6,21.4,110.3,20.1,8.2,3.63,148,9.0,6.1,2.8,14.5,2.6,1.1,0.48,2,45,full-prep,spicy,Ultimate Fakeaway,,4.38,7281,True,"[{""name"": ""dried chilli flakes"", ""label"": ""Dried chilli flakes (0.5tsp)"", ""in_box"": 1}, {""name"": ""flame-baked pizza bases"", ""label"": ""Flame-baked pizza bases (2pcs)"", ""in_box"": 1}, {""name"": ""skinless chicken thighs"", ""label"": ""Skinless chicken thighs (320g)"", ""in_box"": 1}, {""name"": ""dried oregano"", ""label"": ""Dried oregano (1tsp)"", ""in_box"": 1}, {""name"": ""garlic clove"", ""label"": ""Garlic clove x3"", ""in_box"": 3}, {""name"": ""tomato"", ""label"": ""Tomato"", ""in_box"": 1}, {""name"": ""natural yoghurt"", ""label"": ""Natural yoghurt (80g)"", ""in_box"": 1}, {""name"": ""red wine vinegar"", ""label"": ""Red wine vinegar (30ml)"", ""in_box"": 1}, {""name"": ""halloumi"", ""label"": ""Halloumi (200g)"", ""in_box"": 1}, {""name"": ""cucumber"", ""label"": ""Cucumber (0.5pcs)"", ""in_box"": 1}, {""name"": ""mint"", ""label"": ""Mint (5g)"", ""in_box"": 1}, {""name"": ""red onion"", ""label"": ""Red onion"", ""in_box"": 1}, {""name"": ""white potato"", ""label"": ""White potato x2"", ""in_box"": 2}, {""name"": ""honey"", ""label"": ""Honey (25g)"", ""in_box"": 1}]"
2026-07-07,2026-06-19,8a9cbbee-9dc2-4d78-93a6-9a06dc5c8cd1,13316,Chicken Thigh Tikka Masala With Cardamom Rice,False,0.0,386,698,40.5,30.3,12.9,70.1,9.5,4.0,1.49,180,10.5,7.8,3.3,18.1,2.5,1.0,0.39,1,30,full-prep,mild,Classic Fakeaways,Gluten Free,4.44,660,True,"[{""name"": ""white basmati rice"", ""label"": ""White basmati rice (130g)"", ""in_box"": 1}, {""name"": ""Cornish clotted cream"", ""label"": ""Cornish clotted cream (40g)"", ""in_box"": 1}, {""name"": ""skinless chicken thighs"", ""label"": ""Skinless chicken thighs (320g)"", ""in_box"": 1}, {""name"": ""ground paprika"", ""label"": ""Ground paprika (1tsp)"", ""in_box"": 1}, {""name"": ""tomato paste"", ""label"": ""Tomato paste (32g)"", ""in_box"": 1}, {""name"": ""garam masala"", ""label"": ""Garam masala (1tsp)"", ""in_box"": 1}, {""name"": ""curry powder"", ""label"": ""Curry powder (1tbsp)"", ""in_box"": 1}, {""name"": ""garlic clove"", ""label"": ""Garlic clove"", ""in_box"": 1}, {""name"": ""tomato"", ""label"": ""Tomato"", ""in_box"": 1}, {""name"": ""shallot"", ""label"": ""Shallot x2"", ""in_box"": 2}, {""name"": ""natural yoghurt"", ""label"": ""Natural yoghurt (80g)"", ""in_box"": 1}, {""name"": ""ginger paste"", ""label"": ""Ginger paste (15g)"", ""in_box"": 1}, {""name"": ""chicken stock mix"", ""label"": ""Chicken stock mix (5.5g)"", ""in_box"": 1}, {""name"": ""cardamom pod"", ""label"": ""Cardamom pod x2"", ""in_box"": 2}]"
2026-07-07,2026-06-19,8883e493-8ce8-41c9-adf7-c60322f24a5e,16713,Chicken Tikka Masala With Saffron Rice,True,2.0,,512,29.7,20.3,,47.3,,10.6,2.89,,,,,,,,,2,7,heat-only,mild,Heat & Eat,,0,0,True,
2026-07-07,2026-06-19,35f14bbe-9a6d-4975-8b3d-e11ea4d38403,4660,Chicken Wrapped In Bacon With Creamy Potato & Leek Gratin ,True,2.25,588,570,51.2,21.1,8.2,46.7,12.0,12.7,2.34,96,8.7,3.6,1.4,7.9,2.0,2.2,0.4,2,45,full-prep,no spice,Fine Dine In,,4.32,12212,True,"[{""name"": ""leek"", ""label"": ""Leek"", ""in_box"": 1}, {""name"": ""chicken breast portions"", ""label"": ""Chicken breast portions (2pcs)"", ""in_box"": 1}, {""name"": ""smoked streaky bacon"", ""label"": ""Smoked streaky bacon (90g)"", ""in_box"": 1}, {""name"": ""garlic clove"", ""label"": ""Garlic clove"", ""in_box"": 1}, {""name"": ""shallot"", ""label"": ""Shallot"", ""in_box"": 1}, {""name"": ""blanched peas"", ""label"": ""Blanched peas (160g)"", ""in_box"": 1}, {""name"": ""grated Italian hard cheese"", ""label"": ""Grated Italian hard cheese (30g)"", ""in_box"": 1}, {""name"": ""chicken stock mix"", ""label"": ""Chicken stock mix (5.5g)"", ""in_box"": 1}, {""name"": ""spring greens"", ""label"": ""Spring greens (150g)"", ""in_box"": 1}, {""name"": ""white potato"", ""label"": ""White potato x3"", ""in_box"": 3}, {""name"": ""Dijon mustard"", ""label"": ""Dijon mustard (5.5g)"", ""in_box"": 1}]"
2026-07-07,2026-06-19,ae43bb46-ca18-4dd8-9ee2-2085d24f62df,16668,Chilli Halloumi W. Waxy Potatoes & Chunky Tzatziki & A Chicken Breast,True,1.5,608,660,54.9,28.5,17.6,47.4,20.9,4.8,2.61,108,9.0,4.7,2.9,7.8,3.4,0.8,0.43,1,30,full-prep,mild,20 minute meals,Gluten Free,0,0,True,"[{""name"": ""mini cosberg lettuce"", ""label"": ""Mini cosberg lettuce"", ""in_box"": 1}, {""name"": ""waxy potatoes"", ""label"": ""Waxy potatoes (350g)"", ""in_box"": 1}, {""name"": ""chicken breast portions"", ""label"": ""Chicken breast portions (2pcs)"", ""in_box"": 1}, {""name"": ""red chilli relish"", ""label"": ""Red chilli relish (40g)"", ""in_box"": 1}, {""name"": ""natural yoghurt"", ""label"": ""Natural yoghurt (80g)"", ""in_box"": 1}, {""name"": ""halloumi"", ""label"": ""Halloumi (200g)"", ""in_box"": 1}, {""name"": ""mint sauce"", ""label"": ""Mint sauce (20g)"", ""in_box"": 1}, {""name"": ""cucumber"", ""label"": ""Cucumber (0.5pcs)"", ""in_box"": 1}, {""name"": ""white wine vinegar"", ""label"": ""White wine vinegar (15ml)"", ""in_box"": 1}]"
2026-07-07,2026-06-19,2c2aae88-bfb1-4f87-a51c-08667052e27f,454,Chilli Lime Sweet Potato & Rice Salad,False,0.0,390,598,22.0,15.2,2.7,92.4,8.6,16.1,1.58,153,5.6,3.9,0.7,23.7,2.2,4.1,0.4,2,40,full-prep,spicy,Global Kitchen,Vegan; Vegetarian; Dairy Free,4.23,10022,True,"[{""name"": ""brown long grain rice"", ""label"": ""Brown long grain rice (130g)"", ""in_box"": 1}, {""name"": ""black beans"", ""label"": ""Black beans (380g)"", ""in_box"": 1}, {""name"": ""pumpkin seeds"", ""label"": ""Pumpkin seeds (30g)"", ""in_box"": 1}, {""name"": ""red chilli"", ""label"": ""Red chilli"", ""in_box"": 1}, {""name"": ""garlic clove"", ""label"": ""Garlic clove"", ""in_box"": 1}, {""name"": ""fresh root ginger"", ""label"": ""Fresh root ginger (15g)"", ""in_box"": 1}, {""name"": ""coriander"", ""label"": ""Coriander (10g)"", ""in_box"": 1}, {""name"": ""soy sauce"", ""label"": ""Soy sauce (15ml)"", ""in_box"": 1}, {""name"": ""lime"", ""label"": ""Lime"", ""in_box"": 1}, {""name"": ""cashew nuts"", ""label"": ""Cashew nuts (25g)"", ""in_box"": 1}, {""name"": ""sweet potato"", ""label"": ""Sweet potato"", ""in_box"": 1}]"
2026-07-07,2026-06-19,3dc0da90-5e0c-43ed-a27b-b4b5b6917ef6,14288,Chimichurri Rump Steak With Charred Vegetables & Herby Garlic Wedges,True,3.0,529,530,36.9,25.9,7.4,39.7,9.3,6.4,0.17,100,7.0,4.9,1.4,7.5,1.8,1.2,0.03,2,40,full-prep,spicy,Gastropub,Dairy Free; Gluten Free,4.54,137,True,"[{""name"": ""dried oregano"", ""label"": ""Dried oregano (1tsp)"", ""in_box"": 1}, {""name"": ""red pepper"", ""label"": ""Red pepper"", ""in_box"": 1}, {""name"": ""red chilli"", ""label"": ""Red chilli"", ""in_box"": 1}, {""name"": ""rump pavé steak"", ""label"": ""Rump pavé steak (300g)"", ""in_box"": 1}, {""name"": ""mayonnaise"", ""label"": ""Mayonnaise (25ml)"", ""in_box"": 1}, {""name"": ""garlic clove"", ""label"": ""Garlic clove x2"", ""in_box"": 2}, {""name"": ""parsley"", ""label"": ""Parsley (5g)"", ""in_box"": 1}, {""name"": ""courgette"", ""label"": ""Courgette"", ""in_box"": 1}, {""name"": ""coriander"", ""label"": ""Coriander (5g)"", ""in_box"": 1}, {""name"": ""red wine vinegar"", ""label"": ""Red wine vinegar (15ml)"", ""in_box"": 1}, {""name"": ""red onion"", ""label"": ""Red onion"", ""in_box"": 1}, {""name"": ""white potato"", ""label"": ""White potato x3"", ""in_box"": 3}]"
2026-07-07,2026-06-19,b44536bb-5ac0-4ba9-b56d-49c36a4f2ca9,7287,Chorizo Al Vino With Parsley Potatoes & Roasted Garlic Mayo,False,0.0,386,483,15.8,28.8,6.5,41.6,11.3,6.1,2.72,124,4.1,7.5,1.7,10.8,2.9,1.6,0.7,2,10,full-prep,mild,10-Minute,Gluten Free,4.21,1627,True,"[{""name"": ""red wine paste"", ""label"": ""Red wine paste (10g)"", ""in_box"": 1}, {""name"": ""waxy potatoes"", ""label"": ""Waxy potatoes (350g)"", ""in_box"": 1}, {""name"": ""mayonnaise"", ""label"": ""Mayonnaise (25ml)"", ""in_box"": 1}, {""name"": ""diced chorizo"", ""label"": ""Diced chorizo (100g)"", ""in_box"": 1}, {""name"": ""garlic clove"", ""label"": ""Garlic clove"", ""in_box"": 1}, {""name"": ""Dried bay leaf"", ""label"": ""Dried bay leaf"", ""in_box"": 1}, {""name"": ""baby leaf salad"", ""label"": ""Baby leaf salad (50g)"", ""in_box"": 1}, {""name"": ""parsley"", ""label"": ""Parsley (5g)"", ""in_box"": 1}, {""name"": ""roasted garlic paste"", ""label"": ""Roasted garlic paste (15g)"", ""in_box"": 1}, {""name"": ""tomato paste"", ""label"": ""Tomato paste (16g)"", ""in_box"": 1}, {""name"": ""sweet pointed pepper"", ""label"": ""Sweet pointed pepper"", ""in_box"": 1}, {""name"": ""white wine vinegar"", ""label"": ""White wine vinegar (15ml)"", ""in_box"": 1}, {""name"": ""red onion"", ""label"": ""Red onion"", ""in_box"": 1}]"
2026-07-07,2026-06-19,3bedf625-104b-4380-8e48-42d05c7014c5,5942,Classic Chilli Con Carne,False,0.0,486,796,45.3,31.3,14.7,82.4,10.8,10.0,1.96,163,9.3,6.4,3.0,16.9,2.2,2.1,0.4,3,30,full-prep,mild,Modern Bistro,Gluten Free,4.5,2280,True,"[{""name"": ""dried chilli flakes"", ""label"": ""Dried chilli flakes (0.5tsp)"", ""in_box"": 1}, {""name"": ""spring onion"", ""label"": ""Spring onion"", ""in_box"": 1}, {""name"": ""tomato paste"", ""label"": ""Tomato paste (32g)"", ""in_box"": 1}, {""name"": ""ground cumin"", ""label"": ""Ground cumin (1tbsp)"", ""in_box"": 1}, {""name"": ""dried oregano"", ""label"": ""Dried oregano (1tsp)"", ""in_box"": 1}, {""name"": ""intense beef stock mix"", ""label"": ""Intense beef stock mix (5.5g)"", ""in_box"": 1}, {""name"": ""ground smoked paprika"", ""label"": ""Ground smoked paprika (2tsp)"", ""in_box"": 1}, {""name"": ""cheddar cheese"", ""label"": ""Cheddar cheese (40g)"", ""in_box"": 1}, {""name"": ""black beans"", ""label"": ""Black beans (390g)"", ""in_box"": 1}, {""name"": ""brown onion"", ""label"": ""Brown onion"", ""in_box"": 1}, {""name"": ""white long grain rice"", ""label"": ""White long grain rice (130g)"", ""in_box"": 1}, {""name"": ""natural yoghurt"", ""label"": ""Natural yoghurt (80g)"", ""in_box"": 1}, {""name"": ""beef mince"", ""label"": ""Beef mince (250g)"", ""in_box"": 1}, {""name"": ""sweet pointed pepper"", ""label"": ""Sweet pointed pepper"", ""in_box"": 1}]"
2026-07-07,2026-06-19,e0f352bc-3125-4ebe-8b5b-99e81ec83650,12042,Classic King Prawn Korma With Cardamom Brown Rice,False,0.0,304,421,20.6,11.1,8.4,61.3,7.1,9.1,1.32,138,6.8,3.7,2.8,20.2,2.3,3.0,0.43,1,30,full-prep,mild,20 minute meals,Dairy Free; Gluten Free,4.02,247,True,"[{""name"": ""brown long grain rice"", ""label"": ""Brown long grain rice (130g)"", ""in_box"": 1}, {""name"": ""solid creamed coconut"", ""label"": ""Solid creamed coconut (25g)"", ""in_box"": 1}, {""name"": ""raw peeled king prawns"", ""label"": ""Raw peeled king prawns (171g)"", ""in_box"": 1}, {""name"": ""curry powder"", ""label"": ""Curry powder (1tbsp)"", ""in_box"": 1}, {""name"": ""garlic clove"", ""label"": ""Garlic clove x2"", ""in_box"": 2}, {""name"": ""brown onion"", ""label"": ""Brown onion"", ""in_box"": 1}, {""name"": ""ginger paste"", ""label"": ""Ginger paste (15g)"", ""in_box"": 1}, {""name"": ""coriander"", ""label"": ""Coriander (5g)"", ""in_box"": 1}, {""name"": ""fine green beans"", ""label"": ""Fine green beans (160g)"", ""in_box"": 1}, {""name"": ""cardamom pod"", ""label"": ""Cardamom pod x2"", ""in_box"": 2}]"
2026-07-07,2026-06-19,3971ff93-e5c0-4bae-a4eb-5964ec3a6c97,6312,Coq Au Vin Sandwich With Wedges,False,0.0,462,611,38.5,16.2,2.1,79.2,6.5,6.1,2.8,132,8.3,3.5,0.5,17.1,1.4,1.3,0.61,1,45,full-prep,no spice,Modern Bistro,Dairy Free,4.32,3328,True,"[{""name"": ""red wine paste"", ""label"": ""Red wine paste (10g)"", ""in_box"": 1}, {""name"": ""chicken breast portions"", ""label"": ""Chicken breast portions (2pcs)"", ""in_box"": 1}, {""name"": ""cornflour"", ""label"": ""Cornflour (1tbsp)"", ""in_box"": 1}, {""name"": ""mayonnaise"", ""label"": ""Mayonnaise (25ml)"", ""in_box"": 1}, {""name"": ""ciabatta"", ""label"": ""Ciabatta x2"", ""in_box"": 2}, {""name"": ""intense chicken stock mix"", ""label"": ""Intense chicken stock mix (5.5g)"", ""in_box"": 1}, {""name"": ""tomato"", ""label"": ""Tomato"", ""in_box"": 1}, {""name"": ""shallot"", ""label"": ""Shallot x2"", ""in_box"": 2}, {""name"": ""roasted garlic paste"", ""label"": ""Roasted garlic paste (15g)"", ""in_box"": 1}, {""name"": ""rocket"", ""label"": ""Rocket (20g)"", ""in_box"": 1}, {""name"": ""white potato"", ""label"": ""White potato x3"", ""in_box"": 3}]"
2026-07-07,2026-06-19,422ade59-25bc-4cfd-9f14-ad5812c3565c,11034,Creamy Bacon & Sweet Pea Wholewheat Tortiglioni W. Leafy Tomato Salad,False,0.0,308,578,29.0,21.6,10.7,71.3,7.7,9.2,2.28,187,9.4,7.0,3.5,23.2,2.5,3.0,0.74,1,25,full-prep,mild,20 minute meals,,4.13,23,True,"[{""name"": ""chicken stock mix"", ""label"": ""Chicken stock mix (5.5g)"", ""in_box"": 1}, {""name"": ""spring onion"", ""label"": ""Spring onion"", ""in_box"": 1}, {""name"": ""bacon lardons"", ""label"": ""Bacon lardons (100g)"", ""in_box"": 1}, {""name"": ""wholewheat tortiglioni"", ""label"": ""Wholewheat tortiglioni (190g)"", ""in_box"": 1}, {""name"": ""tomato"", ""label"": ""Tomato"", ""in_box"": 1}, {""name"": ""baby leaf salad"", ""label"": ""Baby leaf salad (50g)"", ""in_box"": 1}, {""name"": ""grated Italian hard cheese"", ""label"": ""Grated Italian hard cheese (30g)"", ""in_box"": 1}, {""name"": ""soft cheese"", ""label"": ""Soft cheese (50g)"", ""in_box"": 1}, {""name"": ""mint"", ""label"": ""Mint (10g)"", ""in_box"": 1}, {""name"": ""sweet pea pods"", ""label"": ""Sweet pea pods (80g)"", ""in_box"": 1}]"
2026-07-07,2026-06-19,c310aa54-d355-41c0-bf1d-8d4fbcbd6c34,11764,Creamy Bacon Alfredo Sauce With Fresh Tagliatelle,False,0.0,264,602,27.7,20.6,10.5,76.0,2.7,3.4,2.3,228,10.5,7.8,4.0,28.8,1.0,1.3,0.87,1,10,full-prep,no spice,Pasta Pronto,,4.25,3922,True,"[{""name"": ""fresh tagliatelle"", ""label"": ""Fresh tagliatelle (250g)"", ""in_box"": 1}, {""name"": ""bacon lardons"", ""label"": ""Bacon lardons (100g)"", ""in_box"": 1}, {""name"": ""garlic clove"", ""label"": ""Garlic clove x2"", ""in_box"": 2}, {""name"": ""grated Italian hard cheese"", ""label"": ""Grated Italian hard cheese (30g)"", ""in_box"": 1}, {""name"": ""soft cheese"", ""label"": ""Soft cheese (50g)"", ""in_box"": 1}, {""name"": ""chicken stock mix"", ""label"": ""Chicken stock mix (5.5g)"", ""in_box"": 1}, {""name"": ""spinach"", ""label"": ""Spinach (80g)"", ""in_box"": 1}]"
2026-07-07,2026-06-19,98ef198c-7e80-4c99-b952-b478b7335585,6836,Creamy Salmon & Courgette Sauce With Fresh Tagliatelle,False,0.0,308,558,25.1,15.8,6.5,78.2,5.0,3.9,2.23,181,8.1,5.1,2.1,25.4,1.6,1.3,0.72,1,10,full-prep,no spice,Pasta Pronto,,3.97,7689,True,"[{""name"": ""crème fraîche"", ""label"": ""Crème fraîche (80g)"", ""in_box"": 1}, {""name"": ""salmon flakes"", ""label"": ""Salmon flakes (100g)"", ""in_box"": 1}, {""name"": ""fresh tagliatelle"", ""label"": ""Fresh tagliatelle (250g)"", ""in_box"": 1}, {""name"": ""intense vegetable stock mix"", ""label"": ""Intense vegetable stock mix (5.5g)"", ""in_box"": 1}, {""name"": ""courgette"", ""label"": ""Courgette"", ""in_box"": 1}, {""name"": ""shallot"", ""label"": ""Shallot"", ""in_box"": 1}]"
2026-07-07,2026-06-19,f60c38c2-b14f-4861-84e8-283d5101809e,7626,Creamy Tuscan Tomato & Mozzarella Tortellini Soup,False,0.0,356,536,24.2,23.6,12.1,57.5,12.5,5.4,2.89,150,6.8,6.6,3.4,16.2,3.5,1.5,0.81,3,10,full-prep,no spice,10-Minute,Vegetarian,4.42,481,True,"[{""name"": ""crème fraîche"", ""label"": ""Crème fraîche (80g)"", ""in_box"": 1}, {""name"": ""finely chopped tomatoes"", ""label"": ""Finely chopped tomatoes (200g)"", ""in_box"": 1}, {""name"": ""tomato paste"", ""label"": ""Tomato paste (32g)"", ""in_box"": 1}, {""name"": ""intense vegetable stock mix"", ""label"": ""Intense vegetable stock mix (5.5g)"", ""in_box"": 1}, {""name"": ""garlic clove"", ""label"": ""Garlic clove x2"", ""in_box"": 2}, {""name"": ""dried basil"", ""label"": ""Dried basil (1tsp)"", ""in_box"": 1}, {""name"": ""tomato & mozzarella tortelloni"", ""label"": ""Tomato & mozzarella tortelloni (250g)"", ""in_box"": 1}, {""name"": ""shallot"", ""label"": ""Shallot"", ""in_box"": 1}, {""name"": ""grated Italian hard cheese"", ""label"": ""Grated Italian hard cheese (30g)"", ""in_box"": 1}, {""name"": ""spinach"", ""label"": ""Spinach (80g)"", ""in_box"": 1}]"
2026-07-07,2026-06-19,cb7cd488-ba78-4d39-b8ca-9bc25429bd66,6742,Crispy Bacon & Gremolata With Fresh Orecchiette,False,0.0,291,547,23.4,16.1,7.4,76.0,4.1,4.1,2.72,187,8.0,5.5,2.5,26.1,1.4,1.4,0.93,1,10,full-prep,no spice,Pasta Pronto,,4.36,6315,True,"[{""name"": ""bacon lardons"", ""label"": ""Bacon lardons (100g)"", ""in_box"": 1}, {""name"": ""intense chicken stock mix"", ""label"": ""Intense chicken stock mix (5.5g)"", ""in_box"": 1}, {""name"": ""garlic clove"", ""label"": ""Garlic clove"", ""in_box"": 1}, {""name"": ""parsley"", ""label"": ""Parsley (5g)"", ""in_box"": 1}, {""name"": ""fresh orecchiette"", ""label"": ""Fresh orecchiette (250g)"", ""in_box"": 1}, {""name"": ""soft cheese"", ""label"": ""Soft cheese (50g)"", ""in_box"": 1}, {""name"": ""tomato paste"", ""label"": ""Tomato paste (16g)"", ""in_box"": 1}, {""name"": ""lime"", ""label"": ""Lime"", ""in_box"": 1}, {""name"": ""rocket"", ""label"": ""Rocket (50g)"", ""in_box"": 1}]"
2026-07-07,2026-06-19,9515030b-6550-4380-b580-dc491cd5fbb5,4501,"Crispy Chicken Thigh, Thai-Style Rice And Peanut Sauce",False,0.0,340,656,34.4,24.5,4.7,79.5,5.7,5.2,1.48,192,10.1,7.2,1.4,23.4,1.7,1.5,0.43,1,40,full-prep,mild,Global Kitchen,Dairy Free; Gluten Free,4.32,8765,True,"[{""name"": ""fish sauce"", ""label"": ""Fish sauce (8ml)"", ""in_box"": 1}, {""name"": ""white basmati rice"", ""label"": ""White basmati rice (130g)"", ""in_box"": 1}, {""name"": ""red chilli"", ""label"": ""Red chilli"", ""in_box"": 1}, {""name"": ""sriracha hot chilli sauce"", ""label"": ""Sriracha hot chilli sauce (8ml)"", ""in_box"": 1}, {""name"": ""diced chicken thigh"", ""label"": ""Diced chicken thigh (250g)"", ""in_box"": 1}, {""name"": ""ground coriander"", ""label"": ""Ground coriander (2tsp)"", ""in_box"": 1}, {""name"": ""cornflour"", ""label"": ""Cornflour (4tbsp)"", ""in_box"": 1}, {""name"": ""garlic clove"", ""label"": ""Garlic clove"", ""in_box"": 1}, {""name"": ""fresh root ginger"", ""label"": ""Fresh root ginger (15g)"", ""in_box"": 1}, {""name"": ""coriander"", ""label"": ""Coriander (10g)"", ""in_box"": 1}, {""name"": ""toasted sesame oil"", ""label"": ""Toasted sesame oil (10ml)"", ""in_box"": 1}, {""name"": ""brown onion"", ""label"": ""Brown onion"", ""in_box"": 1}, {""name"": ""fine green beans"", ""label"": ""Fine green beans (80g)"", ""in_box"": 1}, {""name"": ""smooth peanut butter"", ""label"": ""Smooth peanut butter (26g)"", ""in_box"": 1}]"
2026-07-07,2026-06-19,2d08ab0e-ae04-45ef-ac0f-1921513243c6,2720,Crispy Chicken Wraps With Chilli Mayo,False,0.0,438,843,44.9,38.6,10.6,78.7,13.7,4.1,1.3,192,10.3,8.8,2.4,18.0,3.1,0.9,0.3,2,35,full-prep,mild,Takeaway Night,,4.41,34461,True,"[{""name"": ""chicken breast strips"", ""label"": ""Chicken breast strips (250g)"", ""in_box"": 1}, {""name"": ""ground paprika"", ""label"": ""Ground paprika (1tsp)"", ""in_box"": 1}, {""name"": ""mayonnaise"", ""label"": ""Mayonnaise (50ml)"", ""in_box"": 1}, {""name"": ""plain tortillas"", ""label"": ""Plain tortillas (6pcs)"", ""in_box"": 1}, {""name"": ""panko breadcrumbs"", ""label"": ""Panko breadcrumbs (40g)"", ""in_box"": 1}, {""name"": ""cheddar cheese"", ""label"": ""Cheddar cheese (40g)"", ""in_box"": 1}, {""name"": ""tomato"", ""label"": ""Tomato x2"", ""in_box"": 2}, {""name"": ""red chilli relish"", ""label"": ""Red chilli relish (25g)"", ""in_box"": 1}, {""name"": ""gem lettuce"", ""label"": ""Gem lettuce"", ""in_box"": 1}]"
2026-07-07,2026-06-19,31701510-d6ab-4362-8d35-001e61340d09,5916,Crispy Chipotle Chicken And Zingy Sweet Potato Salad,False,0.0,452,506,34.5,15.0,2.2,61.0,14.5,6.4,0.64,111,7.6,3.3,0.5,13.5,3.2,1.4,0.14,3,40,full-prep,mild,Modern Bistro,Dairy Free,4.33,1461,True,"[{""name"": ""spring onion"", ""label"": ""Spring onion"", ""in_box"": 1}, {""name"": ""chicken breast portions"", ""label"": ""Chicken breast portions (2pcs)"", ""in_box"": 1}, {""name"": ""ground smoked paprika"", ""label"": ""Ground smoked paprika (2tsp)"", ""in_box"": 1}, {""name"": ""mayonnaise"", ""label"": ""Mayonnaise (25ml)"", ""in_box"": 1}, {""name"": ""panko breadcrumbs"", ""label"": ""Panko breadcrumbs (40g)"", ""in_box"": 1}, {""name"": ""chipotle paste"", ""label"": ""Chipotle paste (20g)"", ""in_box"": 1}, {""name"": ""garlic clove"", ""label"": ""Garlic clove"", ""in_box"": 1}, {""name"": ""baby leaf salad"", ""label"": ""Baby leaf salad (50g)"", ""in_box"": 1}, {""name"": ""lime"", ""label"": ""Lime"", ""in_box"": 1}, {""name"": ""sweet potato"", ""label"": ""Sweet potato x2"", ""in_box"": 2}]"
2026-07-07,2026-06-19,fe38ee5a-4fb0-4535-bf90-0f4e24984fe9,4157,Crispy Lemon Basa With Chilli Rice,False,0.0,366,490,29.5,4.1,1.1,86.8,12.6,4.5,2.52,134,8.1,1.1,0.3,23.7,3.5,1.2,0.69,1,50,full-prep,mild,Global Kitchen,Dairy Free,4.28,5344,True,"[{""name"": ""white long grain rice"", ""label"": ""White long grain rice (130g)"", ""in_box"": 1}, {""name"": ""spring onion"", ""label"": ""Spring onion x2"", ""in_box"": 2}, {""name"": ""red chilli"", ""label"": ""Red chilli"", ""in_box"": 1}, {""name"": ""basa fillets"", ""label"": ""Basa fillets (2pcs)"", ""in_box"": 1}, {""name"": ""cornflour"", ""label"": ""Cornflour (4tbsp)"", ""in_box"": 1}, {""name"": ""five-spice mix"", ""label"": ""Five-spice mix (1tsp)"", ""in_box"": 1}, {""name"": ""garlic clove"", ""label"": ""Garlic clove"", ""in_box"": 1}, {""name"": ""toasted sesame seeds"", ""label"": ""Toasted sesame seeds (5g)"", ""in_box"": 1}, {""name"": ""lemon"", ""label"": ""Lemon"", ""in_box"": 1}, {""name"": ""Tenderstem broccoli"", ""label"": ""Tenderstem broccoli (160g)"", ""in_box"": 1}, {""name"": ""soy sauce"", ""label"": ""Soy sauce (30ml)"", ""in_box"": 1}, {""name"": ""honey"", ""label"": ""Honey (25g)"", ""in_box"": 1}]"
2026-07-07,2026-06-19,1977d3cc-e4da-4062-9e56-84df7464ec7d,13861,Crispy Pesto Cod With Cannellini Bean Stew,True,1.0,433,387,31.2,14.6,2.3,29.0,9.0,10.9,2.6,89,7.2,3.4,0.5,6.7,2.1,2.5,0.6,3,30,full-prep,no spice,Fibre Fix,,0,0,True,"[{""name"": ""cod fillets"", ""label"": ""Cod fillets (2pcs)"", ""in_box"": 1}, {""name"": ""panko breadcrumbs"", ""label"": ""Panko breadcrumbs (20g)"", ""in_box"": 1}, {""name"": ""intense vegetable stock mix"", ""label"": ""Intense vegetable stock mix (5.5g)"", ""in_box"": 1}, {""name"": ""cannellini beans"", ""label"": ""Cannellini beans (390g)"", ""in_box"": 1}, {""name"": ""garlic clove"", ""label"": ""Garlic clove"", ""in_box"": 1}, {""name"": ""brown onion"", ""label"": ""Brown onion"", ""in_box"": 1}, {""name"": ""basil"", ""label"": ""Basil (10g)"", ""in_box"": 1}, {""name"": ""traditional Italian pesto"", ""label"": ""Traditional Italian pesto (45g)"", ""in_box"": 1}, {""name"": ""cherry tomatoes"", ""label"": ""Cherry tomatoes (250g)"", ""in_box"": 1}]"
2026-07-07,2026-06-19,b7b6b5a5-b4cf-4fce-ba1a-cbb9903d8d64,3432,Crispy Soy Basa With Black Bean Greens And White Rice,False,0.0,308,484,28.7,7.9,1.6,76.7,3.9,3.4,2.4,156,9.3,2.5,0.5,24.8,1.3,1.1,0.78,1,40,full-prep,mild,Global Kitchen,Dairy Free,4.39,11837,True,"[{""name"": ""white long grain rice"", ""label"": ""White long grain rice (130g)"", ""in_box"": 1}, {""name"": ""spring onion"", ""label"": ""Spring onion"", ""in_box"": 1}, {""name"": ""soy sauce"", ""label"": ""Soy sauce (8ml)"", ""in_box"": 1}, {""name"": ""basa fillets"", ""label"": ""Basa fillets (2pcs)"", ""in_box"": 1}, {""name"": ""Tenderstem broccoli"", ""label"": ""Tenderstem broccoli (80g)"", ""in_box"": 1}, {""name"": ""cornflour"", ""label"": ""Cornflour (4tbsp)"", ""in_box"": 1}, {""name"": ""garlic clove"", ""label"": ""Garlic clove x2"", ""in_box"": 2}, {""name"": ""fresh root ginger"", ""label"": ""Fresh root ginger (15g)"", ""in_box"": 1}, {""name"": ""toasted sesame oil"", ""label"": ""Toasted sesame oil (10ml)"", ""in_box"": 1}, {""name"": ""black bean paste"", ""label"": ""Black bean paste (40g)"", ""in_box"": 1}, {""name"": ""spinach"", ""label"": ""Spinach (80g)"", ""in_box"": 1}]"
2026-07-07,2026-06-19,f1e70069-a940-4669-b44f-019407f8b37f,12196,Double Basa Tikka Masala With Rice,True,1.5,382,668,47.0,20.4,9.5,77.1,15.6,4.5,1.89,174,12.3,5.3,2.5,20.2,4.1,1.2,0.49,1,30,full-prep,mild,Takeaway Night,Gluten Free,0,0,True,"[{""name"": ""white basmati rice"", ""label"": ""White basmati rice (130g)"", ""in_box"": 1}, {""name"": ""basa fillets"", ""label"": ""Basa fillets (2pcs) x2"", ""in_box"": 2}, {""name"": ""Cornish clotted cream"", ""label"": ""Cornish clotted cream (40g)"", ""in_box"": 1}, {""name"": ""ground paprika"", ""label"": ""Ground paprika (1tsp)"", ""in_box"": 1}, {""name"": ""tomato paste"", ""label"": ""Tomato paste (32g)"", ""in_box"": 1}, {""name"": ""intense vegetable stock mix"", ""label"": ""Intense vegetable stock mix (5.5g)"", ""in_box"": 1}, {""name"": ""curry powder"", ""label"": ""Curry powder (1tbsp)"", ""in_box"": 1}, {""name"": ""garlic clove"", ""label"": ""Garlic clove x2"", ""in_box"": 2}, {""name"": ""fresh root ginger"", ""label"": ""Fresh root ginger (15g)"", ""in_box"": 1}, {""name"": ""brown onion"", ""label"": ""Brown onion"", ""in_box"": 1}, {""name"": ""flaked almonds"", ""label"": ""Flaked almonds (15g)"", ""in_box"": 1}, {""name"": ""honey"", ""label"": ""Honey (25g)"", ""in_box"": 1}]"
2026-07-07,2026-06-19,f8bb3efc-cc33-4b76-8b4f-e3a20007e518,5722,Double Cheese Taco Rice With Chipotle Crème Fraîche,False,0.0,442,599,22.1,24.5,13.6,68.2,9.6,15.0,2.67,135,5.0,5.5,3.1,15.4,2.2,3.4,0.6,3,10,full-prep,spicy,10-Minute,Vegetarian; Gluten Free,4.38,12508,True,"[{""name"": ""cooked white long grain rice"", ""label"": ""Cooked white long grain rice (280g)"", ""in_box"": 1}, {""name"": ""crème fraîche"", ""label"": ""Crème fraîche (80g)"", ""in_box"": 1}, {""name"": ""black beans"", ""label"": ""Black beans (380g)"", ""in_box"": 1}, {""name"": ""red pepper"", ""label"": ""Red pepper"", ""in_box"": 1}, {""name"": ""spring onion"", ""label"": ""Spring onion"", ""in_box"": 1}, {""name"": ""ground cumin"", ""label"": ""Ground cumin (1tsp)"", ""in_box"": 1}, {""name"": ""intense vegetable stock mix"", ""label"": ""Intense vegetable stock mix (5.5g)"", ""in_box"": 1}, {""name"": ""ground smoked paprika"", ""label"": ""Ground smoked paprika (2tsp)"", ""in_box"": 1}, {""name"": ""chipotle paste"", ""label"": ""Chipotle paste (20g)"", ""in_box"": 1}, {""name"": ""cheddar cheese"", ""label"": ""Cheddar cheese (40g)"", ""in_box"": 1}, {""name"": ""roasted garlic paste"", ""label"": ""Roasted garlic paste (15g)"", ""in_box"": 1}, {""name"": ""feta"", ""label"": ""Feta (30g)"", ""in_box"": 1}, {""name"": ""tomato paste"", ""label"": ""Tomato paste (16g) x2"", ""in_box"": 2}]"
2026-07-07,2026-06-19,070973b3-45d5-4d1f-8274-62383d3047fc,2994,Easy Chicken Biryani,False,0.0,380,509,39.2,6.5,1.9,69.8,19.7,6.3,1.8,133,10.3,1.7,0.5,18.4,5.2,1.6,0.47,2,25,full-prep,mild,20 minute meals,Gluten Free,4.34,32419,True,"[{""name"": ""chicken breast strips"", ""label"": ""Chicken breast strips (250g)"", ""in_box"": 1}, {""name"": ""white basmati rice"", ""label"": ""White basmati rice (130g)"", ""in_box"": 1}, {""name"": ""intense chicken stock mix"", ""label"": ""Intense chicken stock mix (5.5g)"", ""in_box"": 1}, {""name"": ""curry powder"", ""label"": ""Curry powder (1tbsp)"", ""in_box"": 1}, {""name"": ""brown onion"", ""label"": ""Brown onion"", ""in_box"": 1}, {""name"": ""natural yoghurt"", ""label"": ""Natural yoghurt (80g)"", ""in_box"": 1}, {""name"": ""tomato paste"", ""label"": ""Tomato paste (16g)"", ""in_box"": 1}, {""name"": ""sultanas"", ""label"": ""Sultanas (30g)"", ""in_box"": 1}, {""name"": ""fine green beans"", ""label"": ""Fine green beans (160g)"", ""in_box"": 1}]"
2026-07-07,2026-06-19,ec6d5548-6cc6-474c-a5e5-c7c1f058b7ba,4666,Easy Creamy Mushroom & Spinach Orzo,False,0.0,383,453,20.3,15.0,9.1,59.0,6.6,5.1,1.91,118,5.3,3.9,2.4,15.4,1.7,1.3,0.5,3,40,full-prep,no spice,Modern Bistro,Vegetarian,4.34,3285,True,"[{""name"": ""intense vegetable stock mix"", ""label"": ""Intense vegetable stock mix (5.5g)"", ""in_box"": 1}, {""name"": ""cheddar cheese"", ""label"": ""Cheddar cheese (40g)"", ""in_box"": 1}, {""name"": ""garlic clove"", ""label"": ""Garlic clove"", ""in_box"": 1}, {""name"": ""flat white mushrooms"", ""label"": ""Flat white mushrooms (150g)"", ""in_box"": 1}, {""name"": ""brown onion"", ""label"": ""Brown onion"", ""in_box"": 1}, {""name"": ""basil"", ""label"": ""Basil (5g)"", ""in_box"": 1}, {""name"": ""soft cheese"", ""label"": ""Soft cheese (50g)"", ""in_box"": 1}, {""name"": ""chestnut mushrooms"", ""label"": ""Chestnut mushrooms (160g)"", ""in_box"": 1}, {""name"": ""spinach"", ""label"": ""Spinach (120g)"", ""in_box"": 1}, {""name"": ""orzo"", ""label"": ""Orzo (150g)"", ""in_box"": 1}]"
2026-07-07,2026-06-19,fe3c8518-06b9-44e8-860c-673cb491bd30,15686,"Falafel & Tzatziki Bowl With Spicy Slaw, Feta & Pitta",False,0.0,,564,16.1,26.8,,60.8,,13.2,1.79,,,,,,,,,2,10,full-prep,mild,No Cook,Vegetarian,0,0,True,
2026-07-07,2026-06-19,965e09c8-546e-407e-b0b2-7638cdd132ca,5475,Five-Spiced Crispy Chicken Strips And Sesame Slaw,False,0.0,430,521,32.5,15.5,2.0,66.0,18.1,6.4,1.93,121,7.6,3.6,0.5,15.3,4.2,1.5,0.45,1,35,full-prep,mild,Takeaway Night,Dairy Free,4.15,2495,True,"[{""name"": ""chicken breast strips"", ""label"": ""Chicken breast strips (250g)"", ""in_box"": 1}, {""name"": ""tomato ketchup"", ""label"": ""Tomato ketchup (30ml)"", ""in_box"": 1}, {""name"": ""carrot & cabbage slaw mix"", ""label"": ""Carrot & cabbage slaw mix (160g)"", ""in_box"": 1}, {""name"": ""cornflour"", ""label"": ""Cornflour (4tbsp)"", ""in_box"": 1}, {""name"": ""mayonnaise"", ""label"": ""Mayonnaise (25ml)"", ""in_box"": 1}, {""name"": ""five-spice mix"", ""label"": ""Five-spice mix (1tsp)"", ""in_box"": 1}, {""name"": ""rice vinegar"", ""label"": ""Rice vinegar (15ml)"", ""in_box"": 1}, {""name"": ""black sesame seeds"", ""label"": ""Black sesame seeds (5g)"", ""in_box"": 1}, {""name"": ""soy sauce"", ""label"": ""Soy sauce (15ml)"", ""in_box"": 1}, {""name"": ""white potato"", ""label"": ""White potato x3"", ""in_box"": 3}, {""name"": ""honey"", ""label"": ""Honey (25g)"", ""in_box"": 1}]"
2026-07-07,2026-06-19,24be017a-7b34-409c-8be2-f656196a3cf5,8131,Fragrant Chicken Breast Massaman With Peanuts & Rice,True,0.5,463,663,38.4,25.6,11.6,69.4,8.0,8.5,2.67,143,8.3,5.5,2.5,15.0,1.7,1.8,0.57,1,10,full-prep,spicy,10-Minute,Dairy Free; Gluten Free,4.22,820,True,"[{""name"": ""cooked white long grain rice"", ""label"": ""Cooked white long grain rice (280g)"", ""in_box"": 1}, {""name"": ""solid creamed coconut"", ""label"": ""Solid creamed coconut (25g)"", ""in_box"": 1}, {""name"": ""red chilli"", ""label"": ""Red chilli"", ""in_box"": 1}, {""name"": ""diced chicken breast"", ""label"": ""Diced chicken breast (250g)"", ""in_box"": 1}, {""name"": ""massaman curry paste"", ""label"": ""Massaman curry paste (30g)"", ""in_box"": 1}, {""name"": ""tomato paste"", ""label"": ""Tomato paste (16g)"", ""in_box"": 1}, {""name"": ""fine green beans"", ""label"": ""Fine green beans (80g)"", ""in_box"": 1}, {""name"": ""roasted peanuts"", ""label"": ""Roasted peanuts (25g)"", ""in_box"": 1}, {""name"": ""white potato"", ""label"": ""White potato x2"", ""in_box"": 2}]"
2026-07-07,2026-06-19,39f96047-4b7d-4e56-9401-d9b3c7d3428b,14667,Fragrant Red Thai Vegetable Curry,False,0.0,,590,12.1,23.0,,82.5,,10.1,2.73,,,,,,,,,3,35,full-prep,mild,Classic Fakeaways,Vegan; Vegetarian; Dairy Free,4.36,483,True,
2026-07-07,2026-06-19,78b15749-d644-4bf1-9e0e-6c66a73118b2,8262,Fragrant Thai Green Curry Lentils With Tamarind Aubergine & Cashews,False,0.0,501,530,17.6,14.2,5.1,83.9,13.9,12.3,2.19,105,3.5,2.8,1.0,16.7,2.8,2.5,0.44,3,40,full-prep,mild,Fibre Fix,Vegan; Vegetarian; Dairy Free; Gluten Free,4.24,568,True,"[{""name"": ""brown long grain rice"", ""label"": ""Brown long grain rice (130g)"", ""in_box"": 1}, {""name"": ""green chilli"", ""label"": ""Green chilli"", ""in_box"": 1}, {""name"": ""green lentils"", ""label"": ""Green lentils (390g)"", ""in_box"": 1}, {""name"": ""cultured coconut"", ""label"": ""Cultured coconut (80g)"", ""in_box"": 1}, {""name"": ""intense vegetable stock mix"", ""label"": ""Intense vegetable stock mix (5.5g)"", ""in_box"": 1}, {""name"": ""garlic clove"", ""label"": ""Garlic clove"", ""in_box"": 1}, {""name"": ""fresh root ginger"", ""label"": ""Fresh root ginger (15g)"", ""in_box"": 1}, {""name"": ""brown onion"", ""label"": ""Brown onion"", ""in_box"": 1}, {""name"": ""Thai green curry paste"", ""label"": ""Thai green curry paste (40g)"", ""in_box"": 1}, {""name"": ""coriander"", ""label"": ""Coriander (5g)"", ""in_box"": 1}, {""name"": ""lime"", ""label"": ""Lime"", ""in_box"": 1}, {""name"": ""cashew nuts"", ""label"": ""Cashew nuts (25g)"", ""in_box"": 1}, {""name"": ""aubergine"", ""label"": ""Aubergine"", ""in_box"": 1}, {""name"": ""tamarind paste"", ""label"": ""Tamarind paste (15g)"", ""in_box"": 1}]"
2026-07-07,2026-06-19,0739d866-4bb1-4f1f-bc9a-d7d5e635f0d6,2287,Fragrant Thai Red Chicken Curry,False,0.0,322,581,35.5,17.7,11.0,68.8,7.5,5.3,1.98,180,11.0,5.5,3.4,21.3,2.3,1.6,0.61,1,35,full-prep,mild,Takeaway Night,Dairy Free,4.36,39073,True,"[{""name"": ""fish sauce"", ""label"": ""Fish sauce (8ml)"", ""in_box"": 1}, {""name"": ""chicken breast strips"", ""label"": ""Chicken breast strips (250g)"", ""in_box"": 1}, {""name"": ""solid creamed coconut"", ""label"": ""Solid creamed coconut (25g)"", ""in_box"": 1}, {""name"": ""ground paprika"", ""label"": ""Ground paprika (1tsp)"", ""in_box"": 1}, {""name"": ""fresh root ginger"", ""label"": ""Fresh root ginger (15g)"", ""in_box"": 1}, {""name"": ""brown onion"", ""label"": ""Brown onion"", ""in_box"": 1}, {""name"": ""white long grain rice"", ""label"": ""White long grain rice (130g)"", ""in_box"": 1}, {""name"": ""crispy onions"", ""label"": ""Crispy onions (15g)"", ""in_box"": 1}, {""name"": ""red Thai curry paste"", ""label"": ""Red Thai curry paste (40g)"", ""in_box"": 1}, {""name"": ""sweet pea pods"", ""label"": ""Sweet pea pods (80g)"", ""in_box"": 1}]"
2026-07-07,2026-06-19,da8f1444-1437-43aa-9f92-7e53b497b1e4,1842,Goats' Cheese & Pepper Pizza,False,0.0,386,678,30.4,26.4,14.5,77.5,10.3,7.4,1.92,175,7.9,6.9,3.8,20.1,2.7,1.9,0.5,3,35,full-prep,no spice,Modern Bistro,Vegetarian,4.39,5579,True,"[{""name"": ""dried oregano"", ""label"": ""Dried oregano (1tsp)"", ""in_box"": 1}, {""name"": ""red pepper"", ""label"": ""Red pepper"", ""in_box"": 1}, {""name"": ""flame-baked pizza bases"", ""label"": ""Flame-baked pizza bases (2pcs)"", ""in_box"": 1}, {""name"": ""soft goats' cheese"", ""label"": ""Soft goats' cheese (75g)"", ""in_box"": 1}, {""name"": ""garlic clove"", ""label"": ""Garlic clove"", ""in_box"": 1}, {""name"": ""mozzarella"", ""label"": ""Mozzarella (125g)"", ""in_box"": 1}, {""name"": ""tomato paste"", ""label"": ""Tomato paste (16g) x4"", ""in_box"": 4}, {""name"": ""rocket"", ""label"": ""Rocket (50g)"", ""in_box"": 1}, {""name"": ""balsamic vinegar"", ""label"": ""Balsamic vinegar (15ml)"", ""in_box"": 1}]"
2026-07-07,2026-06-19,4743e635-1d78-44e1-a397-87ec381722b4,4687,Golden Chicken With Balsamic Tomato Sauce And Basil Mash,False,0.0,436,357,33.6,4.2,1.1,48.2,7.4,6.4,0.73,81,7.7,1.0,0.3,11.1,1.7,1.5,0.17,2,40,full-prep,no spice,Modern Bistro,Dairy Free; Gluten Free,4.21,10022,True,"[{""name"": ""chicken breast portions"", ""label"": ""Chicken breast portions (2pcs)"", ""in_box"": 1}, {""name"": ""tomato paste"", ""label"": ""Tomato paste (32g)"", ""in_box"": 1}, {""name"": ""dried oregano"", ""label"": ""Dried oregano (1tsp)"", ""in_box"": 1}, {""name"": ""garlic clove"", ""label"": ""Garlic clove x2"", ""in_box"": 2}, {""name"": ""shallot"", ""label"": ""Shallot"", ""in_box"": 1}, {""name"": ""basil"", ""label"": ""Basil (10g)"", ""in_box"": 1}, {""name"": ""chicken stock mix"", ""label"": ""Chicken stock mix (5.5g)"", ""in_box"": 1}, {""name"": ""cherry tomatoes"", ""label"": ""Cherry tomatoes (125g)"", ""in_box"": 1}, {""name"": ""balsamic vinegar"", ""label"": ""Balsamic vinegar (15ml)"", ""in_box"": 1}, {""name"": ""white potato"", ""label"": ""White potato x4"", ""in_box"": 4}]"
2026-07-07,2026-06-19,6541d50f-a354-4af2-9040-d7b797576840,5885,Greek-Style Lamb Kebabs With Roast Potatoes & Garlic Mayo,False,0.0,442,489,28.4,27.5,8.6,34.3,4.4,4.7,0.34,110,6.4,6.2,1.9,7.8,1.0,1.1,0.08,1,35,full-prep,mild,Takeaway Night,Dairy Free; Gluten Free,4.21,5125,True,"[{""name"": ""dried oregano"", ""label"": ""Dried oregano (1tsp)"", ""in_box"": 1}, {""name"": ""mayonnaise"", ""label"": ""Mayonnaise (25ml)"", ""in_box"": 1}, {""name"": ""dried thyme"", ""label"": ""Dried thyme (0.5tsp)"", ""in_box"": 1}, {""name"": ""ground cinnamon"", ""label"": ""Ground cinnamon (0.5tsp)"", ""in_box"": 1}, {""name"": ""garlic clove"", ""label"": ""Garlic clove"", ""in_box"": 1}, {""name"": ""tomato"", ""label"": ""Tomato"", ""in_box"": 1}, {""name"": ""shallot"", ""label"": ""Shallot"", ""in_box"": 1}, {""name"": ""lamb mince"", ""label"": ""Lamb mince (250g)"", ""in_box"": 1}, {""name"": ""cucumber"", ""label"": ""Cucumber (0.5pcs)"", ""in_box"": 1}, {""name"": ""skewers"", ""label"": ""Skewers x4"", ""in_box"": 4}, {""name"": ""white wine vinegar"", ""label"": ""White wine vinegar (15ml)"", ""in_box"": 1}, {""name"": ""white potato"", ""label"": ""White potato x3"", ""in_box"": 3}]"
2026-07-07,2026-06-19,0297969f-94e2-4ab6-a919-5dbb2cfd8a4c,6487,Green Risotto With Black Sesame Crisps,False,0.0,332,497,17.2,16.6,9.4,70.1,6.0,5.4,1.92,149,5.2,5.0,2.8,21.1,1.8,1.6,0.58,2,45,full-prep,spicy,Modern Bistro,Vegetarian; Gluten Free,4.34,3984,True,"[{""name"": ""dried oregano"", ""label"": ""Dried oregano (1tsp)"", ""in_box"": 1}, {""name"": ""dried chilli flakes"", ""label"": ""Dried chilli flakes (0.5tsp)"", ""in_box"": 1}, {""name"": ""Tenderstem broccoli"", ""label"": ""Tenderstem broccoli (80g)"", ""in_box"": 1}, {""name"": ""intense vegetable stock mix"", ""label"": ""Intense vegetable stock mix (5.5g)"", ""in_box"": 1}, {""name"": ""cheddar cheese"", ""label"": ""Cheddar cheese (40g)"", ""in_box"": 1}, {""name"": ""garlic clove"", ""label"": ""Garlic clove x2"", ""in_box"": 2}, {""name"": ""brown onion"", ""label"": ""Brown onion"", ""in_box"": 1}, {""name"": ""lemon"", ""label"": ""Lemon"", ""in_box"": 1}, {""name"": ""arborio rice"", ""label"": ""Arborio rice (160g)"", ""in_box"": 1}, {""name"": ""soft cheese"", ""label"": ""Soft cheese (50g)"", ""in_box"": 1}, {""name"": ""basil"", ""label"": ""Basil (10g)"", ""in_box"": 1}, {""name"": ""black sesame seeds"", ""label"": ""Black sesame seeds (5g)"", ""in_box"": 1}, {""name"": ""spinach"", ""label"": ""Spinach (120g)"", ""in_box"": 1}]"
2026-07-07,2026-06-19,c7f6eeae-9e01-49a3-9521-327e46a271f9,2808,"Halloumi, Couscous & Orange Salad",False,0.0,346,645,31.3,25.5,16.0,71.4,30.0,7.1,2.43,186,9.0,7.3,4.6,20.6,8.7,2.0,0.7,2,10,full-prep,mild,10-Minute,Vegetarian,4.19,10824,True,"[{""name"": ""baby leaf salad"", ""label"": ""Baby leaf salad (50g)"", ""in_box"": 1}, {""name"": ""couscous"", ""label"": ""Couscous (120g)"", ""in_box"": 1}, {""name"": ""halloumi"", ""label"": ""Halloumi (200g)"", ""in_box"": 1}, {""name"": ""harissa paste"", ""label"": ""Harissa paste (20g)"", ""in_box"": 1}, {""name"": ""sultanas"", ""label"": ""Sultanas (30g)"", ""in_box"": 1}, {""name"": ""carrot"", ""label"": ""Carrot"", ""in_box"": 1}, {""name"": ""dill"", ""label"": ""Dill (5g)"", ""in_box"": 1}, {""name"": ""orange"", ""label"": ""Orange"", ""in_box"": 1}, {""name"": ""white wine vinegar"", ""label"": ""White wine vinegar (15ml)"", ""in_box"": 1}, {""name"": ""honey"", ""label"": ""Honey (25g)"", ""in_box"": 1}]"
2026-07-07,2026-06-19,bc454ef0-1ba9-485a-92be-eb7ba6c0577c,16814,Harissa & Tomato Halloumi With Couscous & A Chicken Breast,True,1.5,,778,63.2,33.8,,54.1,,7.8,2.62,,,,,,,,,2,15,full-prep,mild,10-Minute,,0,0,True,
2026-07-07,2026-06-19,69554bdb-22e9-4ed9-9938-1f58a55949e5,15250,Herby Pork Gnocchi Bolognese,False,0.0,444,582,41.9,18.1,8.0,64.4,5.0,4.5,2.2,131,9.4,4.1,1.8,14.5,1.1,1.0,0.5,1,10,full-prep,mild,10-Minute,,4.42,978,True,"[{""name"": ""dried chilli flakes"", ""label"": ""Dried chilli flakes (0.5tsp)"", ""in_box"": 1}, {""name"": ""finely chopped tomatoes"", ""label"": ""Finely chopped tomatoes (200g)"", ""in_box"": 1}, {""name"": ""dried oregano"", ""label"": ""Dried oregano (1tsp)"", ""in_box"": 1}, {""name"": ""gnocchi"", ""label"": ""Gnocchi (350g)"", ""in_box"": 1}, {""name"": ""pork mince"", ""label"": ""Pork mince (250g)"", ""in_box"": 1}, {""name"": ""dried basil"", ""label"": ""Dried basil (1tsp)"", ""in_box"": 1}, {""name"": ""roasted garlic paste"", ""label"": ""Roasted garlic paste (15g)"", ""in_box"": 1}, {""name"": ""grated Italian hard cheese"", ""label"": ""Grated Italian hard cheese (30g)"", ""in_box"": 1}, {""name"": ""basil"", ""label"": ""Basil (10g)"", ""in_box"": 1}, {""name"": ""Marmite"", ""label"": ""Marmite (8g)"", ""in_box"": 1}, {""name"": ""rocket"", ""label"": ""Rocket (20g)"", ""in_box"": 1}]"
2026-07-07,2026-06-19,0014904e-7d88-4021-b28a-d6140cfee0bc,15863,Higgidy Smoked Bacon & Cheddar Quiche With Herby Butter Potatoes,True,2.0,430,544,19.9,24.3,8.8,64.5,5.7,7.4,1.5,126,4.6,5.6,2.0,15.0,1.3,1.7,0.35,1,25,full-prep,no spice,Semi-Prepped,,4.62,29,True,"[{""name"": ""smoked bacon & extra mature cheddar quiche with ham hock"", ""label"": ""Smoked bacon & extra mature cheddar quiche with ham hock (155g) x2"", ""in_box"": 2}, {""name"": ""waxy potatoes"", ""label"": ""Waxy potatoes (350g)"", ""in_box"": 1}, {""name"": ""baby leaf salad"", ""label"": ""Baby leaf salad (50g)"", ""in_box"": 1}, {""name"": ""chives"", ""label"": ""Chives (5g)"", ""in_box"": 1}, {""name"": ""cherry tomatoes"", ""label"": ""Cherry tomatoes (125g)"", ""in_box"": 1}, {""name"": ""white wine vinegar"", ""label"": ""White wine vinegar (15ml)"", ""in_box"": 1}, {""name"": ""Dijon mustard"", ""label"": ""Dijon mustard (5.5g)"", ""in_box"": 1}]"
2026-07-07,2026-06-19,6461d808-99dd-40e7-9515-bd3e375763c1,15859,Higgidy Smoked Salmon Quiche With Asparagus & Warm Potato Salad,True,2.0,432,620,20.2,33.1,8.2,63.8,6.5,8.2,1.36,143,4.7,7.6,1.9,14.8,1.5,1.9,0.31,1,25,full-prep,no spice,Semi-Prepped,,4.38,13,True,"[{""name"": ""smoked salmon and spinach quiche"", ""label"": ""Smoked salmon and spinach quiche (155g) x2"", ""in_box"": 2}, {""name"": ""asparagus spears"", ""label"": ""Asparagus spears (120g)"", ""in_box"": 1}, {""name"": ""waxy potatoes"", ""label"": ""Waxy potatoes (350g)"", ""in_box"": 1}, {""name"": ""mayonnaise"", ""label"": ""Mayonnaise (25ml)"", ""in_box"": 1}, {""name"": ""shallot"", ""label"": ""Shallot"", ""in_box"": 1}, {""name"": ""cider vinegar"", ""label"": ""Cider vinegar (15ml)"", ""in_box"": 1}, {""name"": ""dill"", ""label"": ""Dill (5g)"", ""in_box"": 1}, {""name"": ""rocket"", ""label"": ""Rocket (20g)"", ""in_box"": 1}]"
2026-07-07,2026-06-19,1c6ccc3b-4760-4dd0-a32d-c4dbe1bcfe82,7651,Hoisin Pork Stir-Fry With Chilli & Garlic Oil And Steamed Rice,False,0.0,358,480,37.2,4.9,1.5,72.2,12.0,4.3,1.64,133,10.4,1.4,0.4,20.1,3.4,1.2,0.46,2,20,full-prep,spicy,Protein Hit,Dairy Free,4.38,8920,True,"[{""name"": ""spring onion"", ""label"": ""Spring onion"", ""in_box"": 1}, {""name"": ""red chilli"", ""label"": ""Red chilli"", ""in_box"": 1}, {""name"": ""pork strips"", ""label"": ""Pork strips (250g)"", ""in_box"": 1}, {""name"": ""garlic clove"", ""label"": ""Garlic clove x2"", ""in_box"": 2}, {""name"": ""brown onion"", ""label"": ""Brown onion"", ""in_box"": 1}, {""name"": ""white long grain rice"", ""label"": ""White long grain rice (130g)"", ""in_box"": 1}, {""name"": ""hoisin sauce"", ""label"": ""Hoisin sauce (40g)"", ""in_box"": 1}, {""name"": ""fine green beans"", ""label"": ""Fine green beans (80g)"", ""in_box"": 1}, {""name"": ""soy sauce"", ""label"": ""Soy sauce (15ml)"", ""in_box"": 1}, {""name"": ""spinach"", ""label"": ""Spinach (80g)"", ""in_box"": 1}]"
2026-07-07,2026-06-19,bde5f6c1-bd8f-4758-ac32-2d8ab0867c88,6273,Honey Sesame Chicken Skewers With Rice,False,0.0,390,602,35.0,20.9,2.9,71.4,12.5,2.5,2.87,154,9.0,5.4,0.7,18.3,3.2,0.7,0.73,1,35,full-prep,spicy,Family Kitchen,Dairy Free,4.1,18167,True,"[{""name"": ""white long grain rice"", ""label"": ""White long grain rice (130g)"", ""in_box"": 1}, {""name"": ""chicken breast strips"", ""label"": ""Chicken breast strips (250g)"", ""in_box"": 1}, {""name"": ""dried chilli flakes"", ""label"": ""Dried chilli flakes (0.5tsp)"", ""in_box"": 1}, {""name"": ""mayonnaise"", ""label"": ""Mayonnaise (25ml)"", ""in_box"": 1}, {""name"": ""toasted sesame seeds"", ""label"": ""Toasted sesame seeds (5g)"", ""in_box"": 1}, {""name"": ""toasted sesame oil"", ""label"": ""Toasted sesame oil (10ml)"", ""in_box"": 1}, {""name"": ""cucumber"", ""label"": ""Cucumber (0.5pcs)"", ""in_box"": 1}, {""name"": ""rice vinegar"", ""label"": ""Rice vinegar (30ml)"", ""in_box"": 1}, {""name"": ""skewers"", ""label"": ""Skewers x4"", ""in_box"": 4}, {""name"": ""soy sauce"", ""label"": ""Soy sauce (30ml)"", ""in_box"": 1}, {""name"": ""sweet pointed pepper"", ""label"": ""Sweet pointed pepper"", ""in_box"": 1}, {""name"": ""honey"", ""label"": ""Honey (25g)"", ""in_box"": 1}]"
2026-07-07,2026-06-19,c5ac2251-a40c-4750-8439-12dcb6449476,8212,"Honey, Garlic & Lemon Salmon Tray Bake With Tenderstem",True,2.0,436,458,28.8,19.7,2.9,43.7,14.8,6.5,0.33,105,6.6,4.5,0.7,10.0,3.4,1.5,0.07,1,40,full-prep,no spice,Fine Dine In,Dairy Free; Gluten Free,4.46,1816,True,"[{""name"": ""waxy potatoes"", ""label"": ""Waxy potatoes (350g)"", ""in_box"": 1}, {""name"": ""ground paprika"", ""label"": ""Ground paprika (1tsp)"", ""in_box"": 1}, {""name"": ""skin-on salmon fillets"", ""label"": ""Skin-on salmon fillets (2pcs)"", ""in_box"": 1}, {""name"": ""lemon"", ""label"": ""Lemon"", ""in_box"": 1}, {""name"": ""roasted garlic paste"", ""label"": ""Roasted garlic paste (15g)"", ""in_box"": 1}, {""name"": ""Tenderstem broccoli"", ""label"": ""Tenderstem broccoli (160g)"", ""in_box"": 1}, {""name"": ""honey"", ""label"": ""Honey (25g)"", ""in_box"": 1}]"
2026-07-07,2026-06-19,ece6db4f-962c-4cc1-ba24-bac852afc619,9024,Honeyed Harissa Salmon With Herby Tabbouleh & Spiced Yoghurt,True,2.0,448,617,33.7,23.0,3.7,72.3,19.1,6.5,1.89,137,7.5,5.1,0.8,16.2,4.3,1.4,0.42,1,10,full-prep,spicy,Fine Dine In,,4.32,996,True,"[{""name"": ""intense vegetable stock mix"", ""label"": ""Intense vegetable stock mix (5.5g)"", ""in_box"": 1}, {""name"": ""skin-on salmon fillets"", ""label"": ""Skin-on salmon fillets (2pcs)"", ""in_box"": 1}, {""name"": ""parsley"", ""label"": ""Parsley (5g)"", ""in_box"": 1}, {""name"": ""natural yoghurt"", ""label"": ""Natural yoghurt (80g)"", ""in_box"": 1}, {""name"": ""lemon"", ""label"": ""Lemon"", ""in_box"": 1}, {""name"": ""roasted garlic paste"", ""label"": ""Roasted garlic paste (15g)"", ""in_box"": 1}, {""name"": ""harissa paste"", ""label"": ""Harissa paste (20g)"", ""in_box"": 1}, {""name"": ""cucumber"", ""label"": ""Cucumber (0.5pcs)"", ""in_box"": 1}, {""name"": ""cherry tomatoes"", ""label"": ""Cherry tomatoes (125g)"", ""in_box"": 1}, {""name"": ""bulgur wheat"", ""label"": ""Bulgur wheat (130g)"", ""in_box"": 1}, {""name"": ""honey"", ""label"": ""Honey (25g)"", ""in_box"": 1}]"
2026-07-07,2026-06-19,754977cf-d7c0-4f23-b57c-1539cef073bb,8781,Hot Honey & Peanut Butter Wagyu Burger With Black Pepper Chips,True,3.75,542,1048,36.3,64.8,20.8,80.4,20.5,10.1,1.81,193,6.7,11.9,3.8,14.8,3.8,1.9,0.33,1,40,full-prep,spicy,Ultimate Fakeaway,Dairy Free,4.54,237,True,"[{""name"": ""wagyu beef burger"", ""label"": ""Wagyu beef burger (2pcs)"", ""in_box"": 1}, {""name"": ""sriracha hot chilli sauce"", ""label"": ""Sriracha hot chilli sauce (8ml)"", ""in_box"": 1}, {""name"": ""carrot & cabbage slaw mix"", ""label"": ""Carrot & cabbage slaw mix (160g)"", ""in_box"": 1}, {""name"": ""brioche style buns"", ""label"": ""Brioche style buns (2pcs)"", ""in_box"": 1}, {""name"": ""lime"", ""label"": ""Lime"", ""in_box"": 1}, {""name"": ""smooth peanut butter"", ""label"": ""Smooth peanut butter (26g)"", ""in_box"": 1}, {""name"": ""white potato"", ""label"": ""White potato x3"", ""in_box"": 3}, {""name"": ""honey"", ""label"": ""Honey (25g)"", ""in_box"": 1}]"
2026-07-07,2026-06-19,42f1593c-6a92-4f56-871a-977132ba1751,14234,Indian-Spiced Pea & Corn Fritters With Fried Sesame Egg,False,0.0,430,390,20.2,13.3,2.7,49.6,23.3,8.6,0.56,90,4.7,3.1,0.6,11.5,5.4,2.0,0.13,3,10,full-prep,mild,Nutrient Rich,Vegetarian; Dairy Free; Gluten Free,3.68,258,True,"[{""name"": ""ground coriander"", ""label"": ""Ground coriander (1tsp)"", ""in_box"": 1}, {""name"": ""free range egg"", ""label"": ""Free range egg x3"", ""in_box"": 3}, {""name"": ""ground turmeric"", ""label"": ""Ground turmeric (1tsp)"", ""in_box"": 1}, {""name"": ""ground cumin"", ""label"": ""Ground cumin (1tsp)"", ""in_box"": 1}, {""name"": ""Sweetcorn"", ""label"": ""Sweetcorn (150g)"", ""in_box"": 1}, {""name"": ""cornflour"", ""label"": ""Cornflour (4tbsp)"", ""in_box"": 1}, {""name"": ""red chilli relish"", ""label"": ""Red chilli relish (40g)"", ""in_box"": 1}, {""name"": ""blanched peas"", ""label"": ""Blanched peas (160g)"", ""in_box"": 1}, {""name"": ""lemon"", ""label"": ""Lemon"", ""in_box"": 1}, {""name"": ""ginger & garlic paste"", ""label"": ""Ginger & garlic paste (15g)"", ""in_box"": 1}, {""name"": ""cucumber"", ""label"": ""Cucumber (0.5pcs)"", ""in_box"": 1}, {""name"": ""black sesame seeds"", ""label"": ""Black sesame seeds (5g)"", ""in_box"": 1}]"
2026-07-07,2026-06-19,3093daa6-1b0c-4470-97c4-8fd6d9a140b3,3768,Indonesian-Style Gado Gado Salad With Peanut Dressing,False,0.0,582,422,17.4,17.6,5.5,50.8,20.3,8.7,1.76,72,3.0,3.0,0.9,8.7,3.5,1.5,0.3,3,25,full-prep,mild,20 minute meals,Vegetarian; Dairy Free; Gluten Free,4.16,2281,True,"[{""name"": ""cultured coconut"", ""label"": ""Cultured coconut (80g)"", ""in_box"": 1}, {""name"": ""free range egg"", ""label"": ""Free range egg x2"", ""in_box"": 2}, {""name"": ""waxy potatoes"", ""label"": ""Waxy potatoes (350g)"", ""in_box"": 1}, {""name"": ""garlic clove"", ""label"": ""Garlic clove"", ""in_box"": 1}, {""name"": ""cucumber"", ""label"": ""Cucumber (0.5pcs)"", ""in_box"": 1}, {""name"": ""red chilli relish"", ""label"": ""Red chilli relish (25g)"", ""in_box"": 1}, {""name"": ""ketjap manis"", ""label"": ""Ketjap manis (20g)"", ""in_box"": 1}, {""name"": ""fine green beans"", ""label"": ""Fine green beans (80g)"", ""in_box"": 1}, {""name"": ""carrot"", ""label"": ""Carrot"", ""in_box"": 1}, {""name"": ""gem lettuce"", ""label"": ""Gem lettuce"", ""in_box"": 1}, {""name"": ""lime"", ""label"": ""Lime"", ""in_box"": 1}, {""name"": ""smooth peanut butter"", ""label"": ""Smooth peanut butter (26g)"", ""in_box"": 1}]"
2026-07-07,2026-06-19,94eef764-540b-4500-82c1-ca69bb20e4c4,3225,Indonesian-Style Sweet & Spicy Pork Skewers,False,0.0,388,609,33.4,21.9,7.2,70.3,3.9,3.9,2.75,156,8.6,5.6,1.9,18.1,1.0,1.0,0.71,1,45,full-prep,spicy,Global Kitchen,Dairy Free,4.3,9195,True,"[{""name"": ""sushi rice"", ""label"": ""Sushi rice (150g)"", ""in_box"": 1}, {""name"": ""spring onion"", ""label"": ""Spring onion"", ""in_box"": 1}, {""name"": ""red chilli"", ""label"": ""Red chilli"", ""in_box"": 1}, {""name"": ""pork mince"", ""label"": ""Pork mince (250g)"", ""in_box"": 1}, {""name"": ""garlic clove"", ""label"": ""Garlic clove"", ""in_box"": 1}, {""name"": ""fresh root ginger"", ""label"": ""Fresh root ginger (15g)"", ""in_box"": 1}, {""name"": ""fresh lemongrass stalk"", ""label"": ""Fresh lemongrass stalk"", ""in_box"": 1}, {""name"": ""toasted sesame oil"", ""label"": ""Toasted sesame oil (10ml)"", ""in_box"": 1}, {""name"": ""crispy onions"", ""label"": ""Crispy onions (15g)"", ""in_box"": 1}, {""name"": ""skewers"", ""label"": ""Skewers x4"", ""in_box"": 4}, {""name"": ""fine green beans"", ""label"": ""Fine green beans (160g)"", ""in_box"": 1}, {""name"": ""soy sauce"", ""label"": ""Soy sauce (30ml)"", ""in_box"": 1}, {""name"": ""lime"", ""label"": ""Lime"", ""in_box"": 1}]"
2026-07-07,2026-06-19,3ac55ba8-b0e9-44f2-8cde-2a807e47a04b,9105,Italian-Inspired Picky Tea,True,0.5,341,615,29.2,35.6,13.6,43.9,5.9,4.3,3.53,180,8.6,10.4,4.0,12.9,1.7,1.2,1.03,1,10,full-prep,no spice,No Cook,,4.28,119,True,"[{""name"": ""sliced pepperoni"", ""label"": ""Sliced pepperoni (30g)"", ""in_box"": 1}, {""name"": ""sliced prosciutto"", ""label"": ""Sliced prosciutto (52g)"", ""in_box"": 1}, {""name"": ""ciabatta"", ""label"": ""Ciabatta x2"", ""in_box"": 2}, {""name"": ""mozzarella"", ""label"": ""Mozzarella (125g)"", ""in_box"": 1}, {""name"": ""traditional Italian pesto"", ""label"": ""Traditional Italian pesto (45g)"", ""in_box"": 1}, {""name"": ""rocket"", ""label"": ""Rocket (20g)"", ""in_box"": 1}, {""name"": ""cherry tomatoes"", ""label"": ""Cherry tomatoes (250g)"", ""in_box"": 1}]"
2026-07-07,2026-06-19,005896c3-01ef-40ba-a7a6-a3d509999bba,3133,Italian-Style Plant-Based Burger With Olive & Basil Tapenade,False,0.0,452,639,27.2,23.4,6.9,82.5,11.2,14.3,2.67,141,6.0,5.2,1.5,18.3,2.5,3.2,0.59,1,35,full-prep,no spice,Modern Bistro,Vegan; Vegetarian; Dairy Free,4.38,3388,True,"[{""name"": ""ultimate vegan burger patties"", ""label"": ""Ultimate vegan burger patties (2pcs)"", ""in_box"": 1}, {""name"": ""cheese flavour slices"", ""label"": ""Cheese flavour slices (2pcs)"", ""in_box"": 1}, {""name"": ""black olives"", ""label"": ""Black olives (40g)"", ""in_box"": 1}, {""name"": ""garlic clove"", ""label"": ""Garlic clove"", ""in_box"": 1}, {""name"": ""brioche style buns"", ""label"": ""Brioche style buns (2pcs)"", ""in_box"": 1}, {""name"": ""tomato"", ""label"": ""Tomato"", ""in_box"": 1}, {""name"": ""tomato paste"", ""label"": ""Tomato paste (16g)"", ""in_box"": 1}, {""name"": ""basil"", ""label"": ""Basil (10g)"", ""in_box"": 1}, {""name"": ""rocket"", ""label"": ""Rocket (50g)"", ""in_box"": 1}, {""name"": ""balsamic vinegar"", ""label"": ""Balsamic vinegar (15ml)"", ""in_box"": 1}, {""name"": ""white potato"", ""label"": ""White potato x3"", ""in_box"": 3}]"
2026-07-07,2026-06-19,52c1c36f-2ca5-4d74-9664-d7f65101ca4f,3833,"Jewelled Aubergine, Feta, Pistachio & Cranberry Pilaf",False,0.0,384,432,12.5,16.2,4.5,60.0,15.3,6.5,1.8,112,3.2,4.2,1.2,15.6,4.0,1.7,0.47,3,10,full-prep,no spice,10-Minute,Vegetarian,4.09,2670,True,"[{""name"": ""cooked white long grain rice"", ""label"": ""Cooked white long grain rice (280g)"", ""in_box"": 1}, {""name"": ""ground turmeric"", ""label"": ""Ground turmeric (0.5tsp)"", ""in_box"": 1}, {""name"": ""ground cumin"", ""label"": ""Ground cumin (1tsp)"", ""in_box"": 1}, {""name"": ""roasted garlic paste"", ""label"": ""Roasted garlic paste (15g)"", ""in_box"": 1}, {""name"": ""feta"", ""label"": ""Feta (30g)"", ""in_box"": 1}, {""name"": ""soy sauce"", ""label"": ""Soy sauce (15ml)"", ""in_box"": 1}, {""name"": ""spinach"", ""label"": ""Spinach (120g)"", ""in_box"": 1}, {""name"": ""pistachios"", ""label"": ""Pistachios (25g)"", ""in_box"": 1}, {""name"": ""aubergine"", ""label"": ""Aubergine"", ""in_box"": 1}, {""name"": ""dried cranberries"", ""label"": ""Dried cranberries (30g)"", ""in_box"": 1}]"
2026-07-07,2026-06-19,dc53dbb4-c802-450c-be93-67e6b6786c70,16666,Jumbo King Prawn Roll With Crispy Potatoes & Chive Gem Salad,True,1.5,462,621,24.7,27.4,4.6,71.7,9.4,5.6,1.83,134,5.4,5.9,1.0,15.5,2.0,1.2,0.4,1,30,full-prep,no spice,Modern Bistro,,4.33,3,True,"[{""name"": ""jumbo king prawns"", ""label"": ""Jumbo king prawns (212g)"", ""in_box"": 1}, {""name"": ""Brioche style hot dog buns"", ""label"": ""Brioche style hot dog buns (2pcs)"", ""in_box"": 1}, {""name"": ""mayonnaise"", ""label"": ""Mayonnaise (50ml)"", ""in_box"": 1}, {""name"": ""garlic clove"", ""label"": ""Garlic clove"", ""in_box"": 1}, {""name"": ""lemon"", ""label"": ""Lemon"", ""in_box"": 1}, {""name"": ""chives"", ""label"": ""Chives (5g)"", ""in_box"": 1}, {""name"": ""gem lettuce"", ""label"": ""Gem lettuce"", ""in_box"": 1}, {""name"": ""white potato"", ""label"": ""White potato x3"", ""in_box"": 3}]"
2026-07-07,2026-06-19,0b21c769-977f-4bed-b726-8f28662563c1,12019,Korean-Style Gochujang Pork Bibimbap With Spinach Brown Rice,False,0.0,412,633,39.9,26.0,7.0,64.1,11.2,3.9,1.67,153,9.7,6.3,1.7,15.5,2.7,0.9,0.41,2,20,full-prep,spicy,Protein Hit,Dairy Free; Gluten Free,0,0,True,"[{""name"": ""brown long grain rice"", ""label"": ""Brown long grain rice (130g)"", ""in_box"": 1}, {""name"": ""free range egg"", ""label"": ""Free range egg x2"", ""in_box"": 2}, {""name"": ""tomato ketchup"", ""label"": ""Tomato ketchup (30ml)"", ""in_box"": 1}, {""name"": ""gochujang paste"", ""label"": ""Gochujang paste (30g)"", ""in_box"": 1}, {""name"": ""pork mince"", ""label"": ""Pork mince (250g)"", ""in_box"": 1}, {""name"": ""toasted sesame seeds"", ""label"": ""Toasted sesame seeds (5g)"", ""in_box"": 1}, {""name"": ""toasted sesame oil"", ""label"": ""Toasted sesame oil (10ml)"", ""in_box"": 1}, {""name"": ""cucumber"", ""label"": ""Cucumber (0.5pcs)"", ""in_box"": 1}, {""name"": ""spinach"", ""label"": ""Spinach (80g)"", ""in_box"": 1}]"
2026-07-07,2026-06-19,4f4ae2d9-2aa5-46c2-8915-ce0d19c66dd8,1163,Lamb Meatballs With Herby Bulgur And Pepper Sauce,False,0.0,362,649,37.4,21.3,9.0,80.6,17.0,8.5,0.66,179,10.3,5.9,2.5,22.3,4.7,2.4,0.18,2,40,full-prep,spicy,Global Kitchen,,4.25,6095,True,"[{""name"": ""green pepper"", ""label"": ""Green pepper"", ""in_box"": 1}, {""name"": ""ground sumac"", ""label"": ""Ground sumac (1tsp)"", ""in_box"": 1}, {""name"": ""cayenne pepper"", ""label"": ""Cayenne pepper (0.5tsp)"", ""in_box"": 1}, {""name"": ""ground smoked paprika"", ""label"": ""Ground smoked paprika (1tsp)"", ""in_box"": 1}, {""name"": ""panko breadcrumbs"", ""label"": ""Panko breadcrumbs (30g)"", ""in_box"": 1}, {""name"": ""garlic clove"", ""label"": ""Garlic clove x2"", ""in_box"": 2}, {""name"": ""natural yoghurt"", ""label"": ""Natural yoghurt (80g)"", ""in_box"": 1}, {""name"": ""lamb mince"", ""label"": ""Lamb mince (250g)"", ""in_box"": 1}, {""name"": ""harissa paste"", ""label"": ""Harissa paste (20g)"", ""in_box"": 1}, {""name"": ""tomato paste"", ""label"": ""Tomato paste (16g)"", ""in_box"": 1}, {""name"": ""parsley"", ""label"": ""Parsley (10g)"", ""in_box"": 1}, {""name"": ""chopped dates"", ""label"": ""Chopped dates (30g)"", ""in_box"": 1}, {""name"": ""mint"", ""label"": ""Mint (5g)"", ""in_box"": 1}, {""name"": ""bulgur wheat"", ""label"": ""Bulgur wheat (130g)"", ""in_box"": 1}]"
2026-07-07,2026-06-19,23b22bf7-2af3-4551-80e0-8fd7dcc2a6f4,14147,"Lamb Mince, Crushed Potatoes And Minty Peas",False,0.0,383,437,31.7,17.9,8.0,38.8,14.2,9.1,1.02,114,8.3,4.7,2.1,10.1,3.7,2.4,0.27,2,10,full-prep,no spice,Nutrient Rich,Dairy Free; Gluten Free,4.21,1265,True,"[{""name"": ""dried thyme"", ""label"": ""Dried thyme (0.5tsp)"", ""in_box"": 1}, {""name"": ""beef stock mix"", ""label"": ""Beef stock mix (5.5g)"", ""in_box"": 1}, {""name"": ""blanched peas"", ""label"": ""Blanched peas (160g)"", ""in_box"": 1}, {""name"": ""lamb mince"", ""label"": ""Lamb mince (250g)"", ""in_box"": 1}, {""name"": ""tomato paste"", ""label"": ""Tomato paste (16g)"", ""in_box"": 1}, {""name"": ""mint sauce"", ""label"": ""Mint sauce (20g)"", ""in_box"": 1}, {""name"": ""Henderson's Relish"", ""label"": ""Henderson's Relish (15ml)"", ""in_box"": 1}, {""name"": ""carrot"", ""label"": ""Carrot"", ""in_box"": 1}, {""name"": ""white potato"", ""label"": ""White potato x2"", ""in_box"": 2}]"
2026-07-07,2026-06-19,483b8b51-f7f5-4763-8300-f89eef76cf0f,11130,Lean Beef Meatballs With Creamy Wholewheat Spaghetti,True,0.75,385,635,48.6,18.5,9.8,66.0,5.6,7.2,1.6,164,12.6,4.8,2.6,17.1,1.5,1.9,0.41,1,30,full-prep,no spice,Modern Bistro,,0,0,True,"[{""name"": ""lean beef mince (<5% fat)"", ""label"": ""Lean beef mince (<5% fat) (250g)"", ""in_box"": 1}, {""name"": ""soy sauce"", ""label"": ""Soy sauce (8ml)"", ""in_box"": 1}, {""name"": ""beef stock mix"", ""label"": ""Beef stock mix (5.5g)"", ""in_box"": 1}, {""name"": ""garlic clove"", ""label"": ""Garlic clove x2"", ""in_box"": 2}, {""name"": ""wholewheat spaghetti"", ""label"": ""Wholewheat spaghetti (190g)"", ""in_box"": 1}, {""name"": ""shallot"", ""label"": ""Shallot x2"", ""in_box"": 2}, {""name"": ""lemon"", ""label"": ""Lemon"", ""in_box"": 1}, {""name"": ""grated Italian hard cheese"", ""label"": ""Grated Italian hard cheese (30g)"", ""in_box"": 1}, {""name"": ""soft cheese"", ""label"": ""Soft cheese (50g)"", ""in_box"": 1}, {""name"": ""dill"", ""label"": ""Dill (5g)"", ""in_box"": 1}, {""name"": ""spinach"", ""label"": ""Spinach (80g)"", ""in_box"": 1}]"
2026-07-07,2026-06-19,0fb2581d-6aa1-497f-8fcd-7df870fb027e,9427,Lemongrass & Sticky Onion Pork Burger With Warm Potato Salad,False,0.0,518,591,36.2,14.6,4.9,79.9,10.4,8.9,2.58,114,7.0,2.8,0.9,15.4,2.0,1.7,0.5,2,20,full-prep,no spice,20 minute meals,Dairy Free,4.11,1813,True,"[{""name"": ""lemongrass and lime leaf paste"", ""label"": ""Lemongrass and lime leaf paste (20g)"", ""in_box"": 1}, {""name"": ""carrot & cabbage slaw mix"", ""label"": ""Carrot & cabbage slaw mix (160g)"", ""in_box"": 1}, {""name"": ""pork mince"", ""label"": ""Pork mince (250g)"", ""in_box"": 1}, {""name"": ""ciabatta"", ""label"": ""Ciabatta x2"", ""in_box"": 2}, {""name"": ""tomato paste"", ""label"": ""Tomato paste (16g)"", ""in_box"": 1}, {""name"": ""rice vinegar"", ""label"": ""Rice vinegar (15ml)"", ""in_box"": 1}, {""name"": ""soy sauce"", ""label"": ""Soy sauce (15ml)"", ""in_box"": 1}, {""name"": ""rocket"", ""label"": ""Rocket (20g)"", ""in_box"": 1}, {""name"": ""red onion"", ""label"": ""Red onion"", ""in_box"": 1}, {""name"": ""white potato"", ""label"": ""White potato x3"", ""in_box"": 3}]"
2026-07-07,2026-06-19,d02de486-ab34-4a42-a1cc-eb018a136054,4172,Manchurian-Style Chilli Paneer With Sesame Fried Rice,False,0.0,437,616,26.9,28.0,13.4,64.9,14.0,7.1,2.87,141,6.2,6.4,3.1,14.9,3.2,1.6,0.66,2,10,full-prep,spicy,10-Minute,Vegetarian,4.23,7286,True,"[{""name"": ""cooked white long grain rice"", ""label"": ""Cooked white long grain rice (280g)"", ""in_box"": 1}, {""name"": ""green pepper"", ""label"": ""Green pepper"", ""in_box"": 1}, {""name"": ""dried chilli flakes"", ""label"": ""Dried chilli flakes (0.5tsp)"", ""in_box"": 1}, {""name"": ""spring onion"", ""label"": ""Spring onion"", ""in_box"": 1}, {""name"": ""sriracha hot chilli sauce"", ""label"": ""Sriracha hot chilli sauce (8ml)"", ""in_box"": 1}, {""name"": ""tomato ketchup"", ""label"": ""Tomato ketchup (15ml) x2"", ""in_box"": 2}, {""name"": ""cornflour"", ""label"": ""Cornflour (1tbsp)"", ""in_box"": 1}, {""name"": ""toasted sesame oil"", ""label"": ""Toasted sesame oil (10ml)"", ""in_box"": 1}, {""name"": ""blanched peas"", ""label"": ""Blanched peas (160g)"", ""in_box"": 1}, {""name"": ""paneer"", ""label"": ""Paneer (200g)"", ""in_box"": 1}, {""name"": ""ginger & garlic paste"", ""label"": ""Ginger & garlic paste (15g)"", ""in_box"": 1}, {""name"": ""soy sauce"", ""label"": ""Soy sauce (15ml)"", ""in_box"": 1}]"
2026-07-07,2026-06-19,41d19b06-96c8-4efe-b186-fd31e13c95dc,3453,Meat-Free Chick'n Tom Kha Soup With Basmati Rice,False,0.0,320,544,24.1,19.6,16.4,65.8,6.3,11.4,2.72,169,7.5,6.1,5.1,20.5,2.0,3.5,0.85,1,35,full-prep,spicy,Global Kitchen,Vegan; Vegetarian; Dairy Free; Gluten Free,4.5,1344,True,"[{""name"": ""white basmati rice"", ""label"": ""White basmati rice (130g)"", ""in_box"": 1}, {""name"": ""solid creamed coconut"", ""label"": ""Solid creamed coconut (50g)"", ""in_box"": 1}, {""name"": ""dried chilli flakes"", ""label"": ""Dried chilli flakes (0.5tsp)"", ""in_box"": 1}, {""name"": ""sriracha hot chilli sauce"", ""label"": ""Sriracha hot chilli sauce (8ml)"", ""in_box"": 1}, {""name"": ""meat-free chick'n"", ""label"": ""Meat-free chick'n (160g)"", ""in_box"": 1}, {""name"": ""intense vegetable stock mix"", ""label"": ""Intense vegetable stock mix (5.5g)"", ""in_box"": 1}, {""name"": ""fresh root ginger"", ""label"": ""Fresh root ginger (15g)"", ""in_box"": 1}, {""name"": ""fresh lemongrass stalk"", ""label"": ""Fresh lemongrass stalk"", ""in_box"": 1}, {""name"": ""brown onion"", ""label"": ""Brown onion"", ""in_box"": 1}, {""name"": ""coriander"", ""label"": ""Coriander (5g)"", ""in_box"": 1}, {""name"": ""chestnut mushrooms"", ""label"": ""Chestnut mushrooms (80g)"", ""in_box"": 1}, {""name"": ""lime"", ""label"": ""Lime"", ""in_box"": 1}]"
2026-07-07,2026-06-19,9cc1d01f-9e4f-4819-a6bf-0952f5713b25,6878,Mechoui-Style Roast Lamb With Smoked Cumin Salt,True,6.0,411,627,41.6,23.0,9.1,62.7,20.0,6.0,1.96,152,10.1,5.6,2.2,15.3,4.9,1.5,0.48,1,25,full-prep,mild,Ultimate Fakeaway,,4.32,726,True,"[{""name"": ""ground cumin"", ""label"": ""Ground cumin (1tsp)"", ""in_box"": 1}, {""name"": ""smoked sea salt flakes"", ""label"": ""Smoked sea salt flakes (1g)"", ""in_box"": 1}, {""name"": ""ras el hanout"", ""label"": ""Ras el hanout (1tbsp)"", ""in_box"": 1}, {""name"": ""lamb leg joint"", ""label"": ""Lamb leg joint (300g)"", ""in_box"": 1}, {""name"": ""courgette"", ""label"": ""Courgette"", ""in_box"": 1}, {""name"": ""natural yoghurt"", ""label"": ""Natural yoghurt (80g)"", ""in_box"": 1}, {""name"": ""couscous"", ""label"": ""Couscous (120g)"", ""in_box"": 1}, {""name"": ""vegetable stock mix"", ""label"": ""Vegetable stock mix (5.5g)"", ""in_box"": 1}, {""name"": ""harissa paste"", ""label"": ""Harissa paste (20g)"", ""in_box"": 1}, {""name"": ""chopped dates"", ""label"": ""Chopped dates (30g)"", ""in_box"": 1}, {""name"": ""white wine vinegar"", ""label"": ""White wine vinegar (15ml)"", ""in_box"": 1}, {""name"": ""red onion"", ""label"": ""Red onion"", ""in_box"": 1}]"
2026-07-07,2026-06-19,54aa761f-0d78-40fc-9928-3b643feb8f02,16676,Mediterranean-Style Chicken Pasta,True,2.0,394,492,29.9,16.5,3.1,52.3,9.4,7.1,2.6,125,7.6,4.2,0.8,13.3,2.4,1.8,0.66,2,7,heat-only,no spice,Heat & Eat,,0,0,True,"[{""name"": ""mediterranean style chicken pasta"", ""label"": ""Mediterranean style chicken pasta (420g) x2"", ""in_box"": 2}]"
2026-07-07,2026-06-19,547535a3-d43d-46d5-a3cd-5e47a602f15e,969,Melty Greek-Style Lamb Moussaka,False,0.0,538,506,35.2,24.8,12.8,39.1,8.1,7.1,1.7,94,6.5,4.6,2.4,7.3,1.5,1.3,0.32,2,55,full-prep,mild,Modern Bistro,Gluten Free,4.45,26736,True,"[{""name"": ""intense beef stock mix"", ""label"": ""Intense beef stock mix (5.5g)"", ""in_box"": 1}, {""name"": ""dried oregano"", ""label"": ""Dried oregano (1tsp)"", ""in_box"": 1}, {""name"": ""finely chopped tomatoes"", ""label"": ""Finely chopped tomatoes (200g)"", ""in_box"": 1}, {""name"": ""cheddar cheese"", ""label"": ""Cheddar cheese (40g)"", ""in_box"": 1}, {""name"": ""ground cinnamon"", ""label"": ""Ground cinnamon (0.5tsp)"", ""in_box"": 1}, {""name"": ""garlic clove"", ""label"": ""Garlic clove"", ""in_box"": 1}, {""name"": ""Dried bay leaf"", ""label"": ""Dried bay leaf x2"", ""in_box"": 2}, {""name"": ""shallot"", ""label"": ""Shallot"", ""in_box"": 1}, {""name"": ""lamb mince"", ""label"": ""Lamb mince (250g)"", ""in_box"": 1}, {""name"": ""aubergine"", ""label"": ""Aubergine"", ""in_box"": 1}, {""name"": ""white potato"", ""label"": ""White potato x3"", ""in_box"": 3}]"
2026-07-07,2026-06-19,bcfd3cce-8033-4dce-ace6-517d7152015c,2523,Melty Greek-Style Lentil Moussaka,False,0.0,586,373,18.3,8.7,5.2,55.9,11.5,14.4,1.76,63,3.1,1.5,0.9,9.5,2.0,2.5,0.3,4,55,full-prep,mild,Modern Bistro,Vegetarian; Gluten Free,4.39,7330,True,"[{""name"": ""dried oregano"", ""label"": ""Dried oregano (1tsp) x2"", ""in_box"": 2}, {""name"": ""green lentils"", ""label"": ""Green lentils (390g)"", ""in_box"": 1}, {""name"": ""finely chopped tomatoes"", ""label"": ""Finely chopped tomatoes (200g)"", ""in_box"": 1}, {""name"": ""intense vegetable stock mix"", ""label"": ""Intense vegetable stock mix (5.5g)"", ""in_box"": 1}, {""name"": ""cheddar cheese"", ""label"": ""Cheddar cheese (40g)"", ""in_box"": 1}, {""name"": ""ground cinnamon"", ""label"": ""Ground cinnamon (0.5tsp)"", ""in_box"": 1}, {""name"": ""garlic clove"", ""label"": ""Garlic clove"", ""in_box"": 1}, {""name"": ""Dried bay leaf"", ""label"": ""Dried bay leaf x2"", ""in_box"": 2}, {""name"": ""baby leaf salad"", ""label"": ""Baby leaf salad (50g)"", ""in_box"": 1}, {""name"": ""parsley"", ""label"": ""Parsley (5g)"", ""in_box"": 1}, {""name"": ""aubergine"", ""label"": ""Aubergine"", ""in_box"": 1}, {""name"": ""red onion"", ""label"": ""Red onion"", ""in_box"": 1}, {""name"": ""white potato"", ""label"": ""White potato x3"", ""in_box"": 3}]"
2026-07-07,2026-06-19,190178a8-da03-4e1c-924d-fb4372991b90,6047,Mushroom Sticky Rice With Golden Five-Spice Cashews,False,0.0,349,595,16.7,21.1,3.8,84.2,16.3,6.4,2.32,170,4.8,6.1,1.1,24.1,4.7,1.8,0.67,2,30,full-prep,no spice,Global Kitchen,Vegan; Vegetarian; Dairy Free; Gluten Free,4.3,2676,True,"[{""name"": ""sushi rice"", ""label"": ""Sushi rice (150g)"", ""in_box"": 1}, {""name"": ""five-spice mix"", ""label"": ""Five-spice mix (1tsp)"", ""in_box"": 1}, {""name"": ""flat white mushrooms"", ""label"": ""Flat white mushrooms (150g)"", ""in_box"": 1}, {""name"": ""toasted sesame seeds"", ""label"": ""Toasted sesame seeds (5g)"", ""in_box"": 1}, {""name"": ""toasted sesame oil"", ""label"": ""Toasted sesame oil (10ml)"", ""in_box"": 1}, {""name"": ""brown onion"", ""label"": ""Brown onion"", ""in_box"": 1}, {""name"": ""gluten free soy sauce"", ""label"": ""Gluten free soy sauce (15ml) x2"", ""in_box"": 2}, {""name"": ""ginger & garlic paste"", ""label"": ""Ginger & garlic paste (15g)"", ""in_box"": 1}, {""name"": ""coriander"", ""label"": ""Coriander (5g)"", ""in_box"": 1}, {""name"": ""Chinese rice wine"", ""label"": ""Chinese rice wine (15ml)"", ""in_box"": 1}, {""name"": ""Tenderstem broccoli"", ""label"": ""Tenderstem broccoli (160g)"", ""in_box"": 1}, {""name"": ""cashew nuts"", ""label"": ""Cashew nuts (25g) x2"", ""in_box"": 2}, {""name"": ""agave nectar"", ""label"": ""Agave nectar (25g)"", ""in_box"": 1}]"
2026-07-07,2026-06-19,717343d6-45d8-4602-9d65-ea13f96f3ede,7962,Mussel & King Prawn Risotto Ai Frutti Di Mare,False,0.0,307,488,32.0,7.1,3.8,70.8,3.4,3.4,3.0,158,10.4,2.3,1.2,23.1,1.1,1.1,0.98,1,40,full-prep,no spice,Global Kitchen,Gluten Free,4.4,1474,True,"[{""name"": ""plain cooked mussels"", ""label"": ""Plain cooked muscles (250g)"", ""in_box"": 1}, {""name"": ""tomato paste"", ""label"": ""Tomato paste (32g)"", ""in_box"": 1}, {""name"": ""raw peeled king prawns"", ""label"": ""Raw peeled king prawns (85g)"", ""in_box"": 1}, {""name"": ""garlic clove"", ""label"": ""Garlic clove x2"", ""in_box"": 2}, {""name"": ""parsley"", ""label"": ""Parsley (5g)"", ""in_box"": 1}, {""name"": ""shallot"", ""label"": ""Shallot"", ""in_box"": 1}, {""name"": ""arborio rice"", ""label"": ""Arborio rice (160g)"", ""in_box"": 1}, {""name"": ""grated Italian hard cheese"", ""label"": ""Grated Italian hard cheese (30g)"", ""in_box"": 1}, {""name"": ""vegetable stock mix"", ""label"": ""Vegetable stock mix (5.5g)"", ""in_box"": 1}, {""name"": ""Chinese rice wine"", ""label"": ""Chinese rice wine (15ml)"", ""in_box"": 1}]"
2026-07-07,2026-06-19,5d93a46f-ecc8-4a5e-83ad-32d9d899bc15,11921,Nutty Spiced Mushroom & Pea Brown Rice,False,0.0,308,447,14.4,9.1,1.7,79.9,20.9,9.6,1.98,145,4.7,3.0,0.6,26.0,6.8,3.1,0.64,3,30,full-prep,mild,20 minute meals,Vegan; Vegetarian; Dairy Free; Gluten Free,0,0,True,"[{""name"": ""brown long grain rice"", ""label"": ""Brown long grain rice (130g)"", ""in_box"": 1}, {""name"": ""ground turmeric"", ""label"": ""Ground turmeric (0.5tsp)"", ""in_box"": 1}, {""name"": ""intense vegetable stock mix"", ""label"": ""Intense vegetable stock mix (5.5g)"", ""in_box"": 1}, {""name"": ""curry powder"", ""label"": ""Curry powder (1tbsp)"", ""in_box"": 1}, {""name"": ""brown onion"", ""label"": ""Brown onion"", ""in_box"": 1}, {""name"": ""blanched peas"", ""label"": ""Blanched peas (160g)"", ""in_box"": 1}, {""name"": ""ginger & garlic paste"", ""label"": ""Ginger & garlic paste (15g)"", ""in_box"": 1}, {""name"": ""sultanas"", ""label"": ""Sultanas (30g)"", ""in_box"": 1}, {""name"": ""white cup mushrooms"", ""label"": ""White cup mushrooms (80g) x2"", ""in_box"": 2}, {""name"": ""cashew nuts"", ""label"": ""Cashew nuts (25g)"", ""in_box"": 1}]"
2026-07-07,2026-06-19,4202b370-b6e9-4c8e-9086-713387fc1b05,7995,One Pan Crispy Potato Burger Hash,False,0.0,,662,31.5,36.2,,55.3,,7.8,1.12,,,,,,,,,2,25,full-prep,no spice,One Pan Wonders,Dairy Free,4.06,1082,True,
2026-07-07,2026-06-19,b44005b6-5112-4c12-93c3-5bbc715a2100,7212,One Pan Greek-Style Crispy Chicken Tray Bake With Feta,False,0.0,502,558,34.3,30.7,9.7,38.5,6.9,5.3,1.04,111,6.8,6.1,1.9,7.7,1.4,1.0,0.21,1,45,full-prep,no spice,One Pan Wonders,Gluten Free,4.21,3333,True,"[{""name"": ""skin-on chicken thighs"", ""label"": ""Skin-on chicken thighs (320g)"", ""in_box"": 1}, {""name"": ""dried oregano"", ""label"": ""Dried oregano (1tsp)"", ""in_box"": 1}, {""name"": ""black olives"", ""label"": ""Black olives (40g)"", ""in_box"": 1}, {""name"": ""garlic clove"", ""label"": ""Garlic clove"", ""in_box"": 1}, {""name"": ""lemon"", ""label"": ""Lemon"", ""in_box"": 1}, {""name"": ""feta"", ""label"": ""Feta (30g)"", ""in_box"": 1}, {""name"": ""cherry tomatoes"", ""label"": ""Cherry tomatoes (125g)"", ""in_box"": 1}, {""name"": ""red onion"", ""label"": ""Red onion"", ""in_box"": 1}, {""name"": ""white potato"", ""label"": ""White potato x3"", ""in_box"": 3}]"
2026-07-07,2026-06-19,99f7d4bf-058a-4660-826c-964add199374,4009,One Pot Baked Mushroom Stroganoff Tortiglioni,False,0.0,449,531,23.7,10.7,5.6,89.9,9.4,9.4,3.04,118,5.3,2.4,1.2,20.0,2.1,2.1,0.68,4,40,full-prep,mild,Prepped in 5,Vegetarian,4.07,8060,True,"[{""name"": ""crème fraîche"", ""label"": ""Crème fraîche (80g)"", ""in_box"": 1}, {""name"": ""umami seasoning"", ""label"": ""Umami seasoning (1tbsp)"", ""in_box"": 1}, {""name"": ""tomato paste"", ""label"": ""Tomato paste (32g)"", ""in_box"": 1}, {""name"": ""intense vegetable stock mix"", ""label"": ""Intense vegetable stock mix (5.5g)"", ""in_box"": 1}, {""name"": ""ground smoked paprika"", ""label"": ""Ground smoked paprika (2tsp)"", ""in_box"": 1}, {""name"": ""garlic clove"", ""label"": ""Garlic clove x2"", ""in_box"": 2}, {""name"": ""flat white mushrooms"", ""label"": ""Flat white mushrooms (150g)"", ""in_box"": 1}, {""name"": ""brown onion"", ""label"": ""Brown onion"", ""in_box"": 1}, {""name"": ""Henderson's Relish"", ""label"": ""Henderson's Relish (15ml)"", ""in_box"": 1}, {""name"": ""chestnut mushrooms"", ""label"": ""Chestnut mushrooms (160g)"", ""in_box"": 1}, {""name"": ""soy sauce"", ""label"": ""Soy sauce (15ml)"", ""in_box"": 1}, {""name"": ""spinach"", ""label"": ""Spinach (120g)"", ""in_box"": 1}, {""name"": ""tortiglioni"", ""label"": ""Tortiglioni (200g)"", ""in_box"": 1}, {""name"": ""Dijon mustard"", ""label"": ""Dijon mustard (5.5g)"", ""in_box"": 1}]"
2026-07-07,2026-06-19,ab13b978-8595-42ce-b156-1e1958dd1660,5831,One Pot Chicken Thigh Paella With Roasted Garlic Aioli,False,0.0,346,643,32.6,24.3,4.3,73.1,9.3,5.1,1.76,185,9.4,7.0,1.2,21.1,2.7,1.5,0.51,2,40,full-prep,mild,Prepped in 5,Dairy Free; Gluten Free,4.25,22110,True,"[{""name"": ""intense chicken stock mix"", ""label"": ""Intense chicken stock mix (5.5g)"", ""in_box"": 1}, {""name"": ""diced chicken thigh"", ""label"": ""Diced chicken thigh (250g)"", ""in_box"": 1}, {""name"": ""tomato paste"", ""label"": ""Tomato paste (32g)"", ""in_box"": 1}, {""name"": ""ground smoked paprika"", ""label"": ""Ground smoked paprika (2tsp)"", ""in_box"": 1}, {""name"": ""mayonnaise"", ""label"": ""Mayonnaise (25ml)"", ""in_box"": 1}, {""name"": ""parsley"", ""label"": ""Parsley (5g)"", ""in_box"": 1}, {""name"": ""brown onion"", ""label"": ""Brown onion"", ""in_box"": 1}, {""name"": ""arborio rice"", ""label"": ""Arborio rice (160g)"", ""in_box"": 1}, {""name"": ""roasted garlic paste"", ""label"": ""Roasted garlic paste (15g) x2"", ""in_box"": 2}, {""name"": ""sweet pointed pepper"", ""label"": ""Sweet pointed pepper"", ""in_box"": 1}]"
2026-07-07,2026-06-19,78289fda-d072-4431-9109-7fe706682de9,13663,One Pot Curried Double Cod & Dal With Chilli Cashew Chutney,True,2.75,415,555,58.1,18.7,10.0,39.4,7.9,14.3,2.52,133,14.0,4.5,2.4,9.5,1.9,3.4,0.61,3,50,full-prep,mild,Fibre Fix,Dairy Free; Gluten Free,0,0,True,"[{""name"": ""green chilli"", ""label"": ""Green chilli"", ""in_box"": 1}, {""name"": ""solid creamed coconut"", ""label"": ""Solid creamed coconut (25g)"", ""in_box"": 1}, {""name"": ""red lentils"", ""label"": ""Red lentils (100g)"", ""in_box"": 1}, {""name"": ""ground turmeric"", ""label"": ""Ground turmeric (1tsp)"", ""in_box"": 1}, {""name"": ""cod fillets"", ""label"": ""Cod fillets (2pcs) x2"", ""in_box"": 2}, {""name"": ""garam masala"", ""label"": ""Garam masala (1tsp)"", ""in_box"": 1}, {""name"": ""intense vegetable stock mix"", ""label"": ""Intense vegetable stock mix (5.5g)"", ""in_box"": 1}, {""name"": ""curry powder"", ""label"": ""Curry powder (1tbsp)"", ""in_box"": 1}, {""name"": ""brown onion"", ""label"": ""Brown onion"", ""in_box"": 1}, {""name"": ""ginger & garlic paste"", ""label"": ""Ginger & garlic paste (15g)"", ""in_box"": 1}, {""name"": ""tomato paste"", ""label"": ""Tomato paste (16g)"", ""in_box"": 1}, {""name"": ""spinach"", ""label"": ""Spinach (80g)"", ""in_box"": 1}, {""name"": ""coriander & mint"", ""label"": ""Coriander & mint (10g)"", ""in_box"": 1}, {""name"": ""cashew nuts"", ""label"": ""Cashew nuts (25g)"", ""in_box"": 1}]"
2026-07-07,2026-06-19,7ec12f9e-8ff6-47ab-9936-0f9c26b28c35,7657,One Pot Prosciutto & Leek Mac 'N' Cheese,False,0.0,303,521,28.7,18.4,10.0,64.0,5.7,6.0,2.34,172,9.5,6.1,3.3,21.1,1.9,2.0,0.77,2,45,full-prep,no spice,Calorie Controlled,,4.07,4867,True,"[{""name"": ""leek"", ""label"": ""Leek"", ""in_box"": 1}, {""name"": ""sliced prosciutto"", ""label"": ""Sliced prosciutto (52g)"", ""in_box"": 1}, {""name"": ""cornflour"", ""label"": ""Cornflour (1tsp)"", ""in_box"": 1}, {""name"": ""lighter cheese"", ""label"": ""Lighter cheese (30g)"", ""in_box"": 1}, {""name"": ""grated Italian hard cheese"", ""label"": ""Grated Italian hard cheese (30g)"", ""in_box"": 1}, {""name"": ""soft cheese"", ""label"": ""Soft cheese (50g)"", ""in_box"": 1}, {""name"": ""chicken stock mix"", ""label"": ""Chicken stock mix (5.5g)"", ""in_box"": 1}, {""name"": ""chives"", ""label"": ""Chives (5g)"", ""in_box"": 1}, {""name"": ""spinach"", ""label"": ""Spinach (120g)"", ""in_box"": 1}, {""name"": ""macaroni"", ""label"": ""Macaroni (150g)"", ""in_box"": 1}]"
2026-07-07,2026-06-19,49174c22-17c4-44f5-8399-663b83f3ddb8,6215,One Pot Spicy Sausage Jambalaya With Smoky Ketchup,False,0.0,484,536,24.3,15.8,5.5,73.7,17.3,11.5,2.93,110,5.0,3.3,1.1,15.2,3.6,2.4,0.61,4,40,full-prep,spicy,Prepped in 5,Gluten Free; Dairy Free,4.15,10432,True,"[{""name"": ""intense chicken stock mix"", ""label"": ""Intense chicken stock mix (5.5g)"", ""in_box"": 1}, {""name"": ""yellow pepper"", ""label"": ""Yellow pepper"", ""in_box"": 1}, {""name"": ""green pepper"", ""label"": ""Green pepper"", ""in_box"": 1}, {""name"": ""Jolly Hog pork sausagemeat"", ""label"": ""Jolly Hog pork sausagemeat (150g)"", ""in_box"": 1}, {""name"": ""tomato ketchup"", ""label"": ""Tomato ketchup (15g) x2"", ""in_box"": 2}, {""name"": ""cayenne pepper"", ""label"": ""Cayenne pepper (0.5tsp)"", ""in_box"": 1}, {""name"": ""white basmati rice"", ""label"": ""White basmati rice (130g)"", ""in_box"": 1}, {""name"": ""finely chopped tomatoes"", ""label"": ""Finely chopped tomatoes (200g)"", ""in_box"": 1}, {""name"": ""smoked sea salt flakes"", ""label"": ""Smoked sea salt flakes (1g)"", ""in_box"": 1}, {""name"": ""ground smoked paprika"", ""label"": ""Ground smoked paprika (2tsp)"", ""in_box"": 1}, {""name"": ""dried thyme"", ""label"": ""Dried thyme (0.5tsp)"", ""in_box"": 1}, {""name"": ""blanched peas"", ""label"": ""Blanched peas (160g)"", ""in_box"": 1}, {""name"": ""roasted garlic paste"", ""label"": ""Roasted garlic paste (15g)"", ""in_box"": 1}]"
2026-07-07,2026-06-19,f24e1d50-a024-490b-a3cf-6185e9f59819,15264,One Tray Chicken Parm Sharer With Pizza Fries & Garlic Dough Balls,True,2.5,,994,57.4,52.4,,74.3,,6.0,2.6,,,,,,,,,2,35,full-prep,mild,One Pan Wonders,,0,0,True,
2026-07-07,2026-06-19,a5449276-bca7-4191-9e76-841fff5af5f3,5911,One Tray Smoky Chorizo & Egg Traybake With Salad,False,0.0,403,575,22.9,33.8,7.9,48.2,10.6,6.7,2.22,142,5.7,8.4,2.0,12.0,2.6,1.7,0.55,2,35,full-prep,mild,One Pan Wonders,Gluten Free,4.4,3308,True,"[{""name"": ""free range egg"", ""label"": ""Free range egg x2"", ""in_box"": 2}, {""name"": ""ground smoked paprika"", ""label"": ""Ground smoked paprika (2tsp)"", ""in_box"": 1}, {""name"": ""mayonnaise"", ""label"": ""Mayonnaise (25ml)"", ""in_box"": 1}, {""name"": ""diced chorizo"", ""label"": ""Diced chorizo (100g)"", ""in_box"": 1}, {""name"": ""garlic clove"", ""label"": ""Garlic clove x2"", ""in_box"": 2}, {""name"": ""baby leaf salad"", ""label"": ""Baby leaf salad (50g)"", ""in_box"": 1}, {""name"": ""cider vinegar"", ""label"": ""Cider vinegar (15ml)"", ""in_box"": 1}, {""name"": ""red onion"", ""label"": ""Red onion"", ""in_box"": 1}, {""name"": ""white potato"", ""label"": ""White potato x2"", ""in_box"": 2}, {""name"": ""sweet potato"", ""label"": ""Sweet potato"", ""in_box"": 1}]"
2026-07-07,2026-06-19,99c74768-8525-44d5-96b9-f9cf18990524,3168,Onion Bhaji Burger With Coconut Raita,False,0.0,504,524,13.1,9.0,3.9,97.7,22.1,10.9,1.68,104,2.6,1.8,0.8,19.4,4.4,2.2,0.33,2,50,full-prep,mild,Takeaway Night,Vegan; Vegetarian; Dairy Free,4.17,17892,True,"[{""name"": ""cultured coconut"", ""label"": ""Cultured coconut (80g)"", ""in_box"": 1}, {""name"": ""mango chutney"", ""label"": ""Mango chutney (20g)"", ""in_box"": 1}, {""name"": ""dried chilli flakes"", ""label"": ""Dried chilli flakes (0.5tsp)"", ""in_box"": 1}, {""name"": ""cornflour"", ""label"": ""Cornflour (4tbsp)"", ""in_box"": 1}, {""name"": ""curry powder"", ""label"": ""Curry powder (2tbsp)"", ""in_box"": 1}, {""name"": ""garlic clove"", ""label"": ""Garlic clove"", ""in_box"": 1}, {""name"": ""fresh root ginger"", ""label"": ""Fresh root ginger (15g)"", ""in_box"": 1}, {""name"": ""coriander"", ""label"": ""Coriander (10g)"", ""in_box"": 1}, {""name"": ""brioche style buns"", ""label"": ""Brioche style buns (2pcs)"", ""in_box"": 1}, {""name"": ""baby leaf salad"", ""label"": ""Baby leaf salad (50g)"", ""in_box"": 1}, {""name"": ""brown onion"", ""label"": ""Brown onion x2"", ""in_box"": 2}, {""name"": ""mint sauce"", ""label"": ""Mint sauce (20g)"", ""in_box"": 1}, {""name"": ""cucumber"", ""label"": ""Cucumber (0.5pcs)"", ""in_box"": 1}, {""name"": ""white potato"", ""label"": ""White potato x3"", ""in_box"": 3}]"
2026-07-07,2026-06-19,36b485ab-453f-4345-8a2e-0d5c98625efe,4860,Oven Baked Chicken Thigh Biryani With Yoghurt,False,0.0,437,589,35.2,18.3,5.7,68.4,12.1,4.3,2.08,134,8.1,4.2,1.3,15.7,2.8,1.0,0.47,2,30,full-prep,mild,Prepped in 5,,4.39,25791,True,"[{""name"": ""green chilli"", ""label"": ""Green chilli"", ""in_box"": 1}, {""name"": ""ground turmeric"", ""label"": ""Ground turmeric (0.5tsp)"", ""in_box"": 1}, {""name"": ""white basmati rice"", ""label"": ""White basmati rice (130g)"", ""in_box"": 1}, {""name"": ""diced chicken thigh"", ""label"": ""Diced chicken thigh (250g)"", ""in_box"": 1}, {""name"": ""intense chicken stock mix"", ""label"": ""Intense chicken stock mix (5.5g)"", ""in_box"": 1}, {""name"": ""curry powder"", ""label"": ""Curry powder (1tbsp)"", ""in_box"": 1}, {""name"": ""garlic clove"", ""label"": ""Garlic clove"", ""in_box"": 1}, {""name"": ""Dried bay leaf"", ""label"": ""Dried bay leaf"", ""in_box"": 1}, {""name"": ""tomato"", ""label"": ""Tomato x2"", ""in_box"": 2}, {""name"": ""natural yoghurt"", ""label"": ""Natural yoghurt (80g)"", ""in_box"": 1}, {""name"": ""crispy onions"", ""label"": ""Crispy onions (15g)"", ""in_box"": 1}, {""name"": ""ginger paste"", ""label"": ""Ginger paste (15g)"", ""in_box"": 1}, {""name"": ""butternut squash cubes"", ""label"": ""Butternut squash cubes (160g)"", ""in_box"": 1}, {""name"": ""cardamom pod"", ""label"": ""Cardamom pod x3"", ""in_box"": 3}]"
2026-07-07,2026-06-19,46d6b685-565b-4a0f-8160-91752b20f9bb,4109,"Oven Baked Greek Cheese, Tomato & Chicken Farfalle",False,0.0,441,698,49.6,19.2,8.8,86.1,10.7,7.3,2.81,158,11.3,4.4,2.0,19.5,2.4,1.6,0.64,2,40,full-prep,no spice,Prepped in 5,,4.1,8228,True,"[{""name"": ""chicken breast strips"", ""label"": ""Chicken breast strips (250g)"", ""in_box"": 1}, {""name"": ""Greek salad cheese"", ""label"": ""Greek salad cheese (100g)"", ""in_box"": 1}, {""name"": ""tomato paste"", ""label"": ""Tomato paste (32g)"", ""in_box"": 1}, {""name"": ""intense chicken stock mix"", ""label"": ""Intense chicken stock mix (5.5g)"", ""in_box"": 1}, {""name"": ""garlic clove"", ""label"": ""Garlic clove x2"", ""in_box"": 2}, {""name"": ""dried basil"", ""label"": ""Dried basil (1tsp)"", ""in_box"": 1}, {""name"": ""balsamic sun-dried tomato paste"", ""label"": ""Balsamic sun-dried tomato paste (30g)"", ""in_box"": 1}, {""name"": ""farfalle"", ""label"": ""Farfalle (200g)"", ""in_box"": 1}, {""name"": ""cherry tomatoes"", ""label"": ""Cherry tomatoes (250g)"", ""in_box"": 1}]"
2026-07-07,2026-06-19,b97b4181-5611-4d54-acfa-e385c113f651,4219,"Oven Baked Pea, Leek & Bacon Risotto",False,0.0,340,528,25.8,14.4,6.6,73.5,8.1,9.0,2.73,155,7.6,4.2,1.9,21.6,2.4,2.7,0.8,2,50,full-prep,no spice,One Pan Wonders,Gluten Free,4.15,9661,True,"[{""name"": ""leek"", ""label"": ""Leek"", ""in_box"": 1}, {""name"": ""bacon lardons"", ""label"": ""Bacon lardons (100g)"", ""in_box"": 1}, {""name"": ""intense chicken stock mix"", ""label"": ""Intense chicken stock mix (5.5g)"", ""in_box"": 1}, {""name"": ""blanched peas"", ""label"": ""Blanched peas (160g)"", ""in_box"": 1}, {""name"": ""arborio rice"", ""label"": ""Arborio rice (160g)"", ""in_box"": 1}, {""name"": ""grated Italian hard cheese"", ""label"": ""Grated Italian hard cheese (30g)"", ""in_box"": 1}, {""name"": ""rocket"", ""label"": ""Rocket (50g)"", ""in_box"": 1}, {""name"": ""white wine vinegar"", ""label"": ""White wine vinegar (15ml)"", ""in_box"": 1}]"
2026-07-07,2026-06-19,e2ac4180-e469-4e1f-a946-5f0f22e00393,8006,Oven Baked Sardinian-Style King Prawn Fregola,False,0.0,352,373,21.9,5.3,0.8,62.3,10.4,6.3,2.52,106,6.2,1.5,0.2,17.7,3.0,1.8,0.71,2,35,full-prep,no spice,Prepped in 5,Dairy Free,4.2,470,True,"[{""name"": ""red pepper"", ""label"": ""Red pepper"", ""in_box"": 1}, {""name"": ""raw peeled king prawns"", ""label"": ""Raw peeled king prawns (171g)"", ""in_box"": 1}, {""name"": ""finely chopped tomatoes"", ""label"": ""Finely chopped tomatoes (200g)"", ""in_box"": 1}, {""name"": ""intense vegetable stock mix"", ""label"": ""Intense vegetable stock mix (5.5g)"", ""in_box"": 1}, {""name"": ""garlic clove"", ""label"": ""Garlic clove x2"", ""in_box"": 2}, {""name"": ""balsamic sun-dried tomato paste"", ""label"": ""Balsamic sun-dried tomato paste (30g)"", ""in_box"": 1}, {""name"": ""giant couscous"", ""label"": ""Giant couscous (130g)"", ""in_box"": 1}, {""name"": ""rocket"", ""label"": ""Rocket (20g)"", ""in_box"": 1}]"
2026-07-07,2026-06-19,8352d205-ceb6-400b-9150-d65f89419e6f,6017,Oven Baked Sri Lankan-Style Chicken Curry,False,0.0,393,621,38.9,22.4,17.2,60.6,10.4,7.4,1.86,158,9.9,5.7,4.4,15.4,2.6,1.9,0.47,2,45,full-prep,spicy,Prepped in 5,Dairy Free; Gluten Free,4.5,4631,True,"[{""name"": ""green chilli"", ""label"": ""Green chilli"", ""in_box"": 1}, {""name"": ""chicken breast strips"", ""label"": ""Chicken breast strips (250g)"", ""in_box"": 1}, {""name"": ""solid creamed coconut"", ""label"": ""Solid creamed coconut (50g)"", ""in_box"": 1}, {""name"": ""ground turmeric"", ""label"": ""Ground turmeric (0.5tsp)"", ""in_box"": 1}, {""name"": ""white basmati rice"", ""label"": ""White basmati rice (130g)"", ""in_box"": 1}, {""name"": ""finely chopped tomatoes"", ""label"": ""Finely chopped tomatoes (200g)"", ""in_box"": 1}, {""name"": ""intense chicken stock mix"", ""label"": ""Intense chicken stock mix (5.5g)"", ""in_box"": 1}, {""name"": ""curry powder"", ""label"": ""Curry powder (1tbsp)"", ""in_box"": 1}, {""name"": ""garlic clove"", ""label"": ""Garlic clove"", ""in_box"": 1}, {""name"": ""shallot"", ""label"": ""Shallot"", ""in_box"": 1}, {""name"": ""spinach"", ""label"": ""Spinach (80g)"", ""in_box"": 1}, {""name"": ""tamarind paste"", ""label"": ""Tamarind paste (15g)"", ""in_box"": 1}]"
2026-07-07,2026-06-19,d952b8ba-c60c-422b-a03d-99c1a218d784,5513,Pea & Potato Curry Loaded Naan,False,0.0,525,535,18.9,5.7,1.4,103.1,22.9,12.6,2.15,101,3.6,1.1,0.3,19.6,4.4,2.4,0.41,3,30,full-prep,spicy,Global Kitchen,Vegetarian,4.28,4872,True,"[{""name"": ""mango chutney"", ""label"": ""Mango chutney (20g)"", ""in_box"": 1}, {""name"": ""curry powder"", ""label"": ""Curry powder (1tbsp)"", ""in_box"": 1}, {""name"": ""tomato"", ""label"": ""Tomato x2"", ""in_box"": 2}, {""name"": ""brown onion"", ""label"": ""Brown onion"", ""in_box"": 1}, {""name"": ""natural yoghurt"", ""label"": ""Natural yoghurt (80g)"", ""in_box"": 1}, {""name"": ""blanched peas"", ""label"": ""Blanched peas (160g)"", ""in_box"": 1}, {""name"": ""plain naan"", ""label"": ""Plain naan (2pcs)"", ""in_box"": 1}, {""name"": ""vegetable stock mix"", ""label"": ""Vegetable stock mix (5.5g)"", ""in_box"": 1}, {""name"": ""tomato paste"", ""label"": ""Tomato paste (16g)"", ""in_box"": 1}, {""name"": ""white potato"", ""label"": ""White potato x3"", ""in_box"": 3}]"
2026-07-07,2026-06-19,047d926e-5546-4135-a3ed-c2c3162778e0,8531,"Peri Peri Chicken, Red Pepper & Rice With Garlic Mayo",False,0.0,308,478,25.9,19.5,2.8,48.9,5.5,4.2,0.93,154,8.4,6.3,0.9,15.9,1.8,1.4,0.3,1,10,full-prep,spicy,No Cook,Dairy Free; Gluten Free,3.98,1301,True,"[{""name"": ""cooked white long grain rice"", ""label"": ""Cooked white long grain rice (280g)"", ""in_box"": 1}, {""name"": ""tomato paste"", ""label"": ""Tomato paste (32g)"", ""in_box"": 1}, {""name"": ""mayonnaise"", ""label"": ""Mayonnaise (25ml)"", ""in_box"": 1}, {""name"": ""cooked shredded chicken thighs"", ""label"": ""Cooked shredded chicken thighs (160g)"", ""in_box"": 1}, {""name"": ""roasted red peppers"", ""label"": ""Roasted red peppers (80g)"", ""in_box"": 1}, {""name"": ""peri peri spice mix"", ""label"": ""Peri peri spice mix (1tbsp)"", ""in_box"": 1}, {""name"": ""garlic clove"", ""label"": ""Garlic clove x2"", ""in_box"": 2}, {""name"": ""rocket"", ""label"": ""Rocket (20g)"", ""in_box"": 1}]"
2026-07-07,2026-06-19,c5ddac4b-3a99-4699-acd6-0ef6463d179d,16872,Philly-Style Cheesesteak Sandwich With Mustard Potato Salad & Dessert,True,6.5,624,1123,49.3,61.7,24.2,93.9,34.4,8.9,2.06,179,7.9,9.9,3.9,15.0,5.5,1.4,0.33,1,35,full-prep,no spice,Gastropub,,0,0,True,"[{""name"": ""green pepper"", ""label"": ""Green pepper"", ""in_box"": 1}, {""name"": ""Pots & Co chocolate fudge lava cake"", ""label"": ""Pots & Co chocolate fudge lava cake (2pcs)"", ""in_box"": 1}, {""name"": ""waxy potatoes"", ""label"": ""Waxy potatoes (350g)"", ""in_box"": 1}, {""name"": ""spring onion"", ""label"": ""Spring onion"", ""in_box"": 1}, {""name"": ""soy sauce"", ""label"": ""Soy sauce (8ml)"", ""in_box"": 1}, {""name"": ""baguettes"", ""label"": ""Baguettes (2pcs)"", ""in_box"": 1}, {""name"": ""rump pavé steak"", ""label"": ""Rump pavé steak (300g)"", ""in_box"": 1}, {""name"": ""mayonnaise"", ""label"": ""Mayonnaise (25ml)"", ""in_box"": 1}, {""name"": ""cheddar cheese"", ""label"": ""Cheddar cheese (40g)"", ""in_box"": 1}, {""name"": ""brown onion"", ""label"": ""Brown onion"", ""in_box"": 1}, {""name"": ""wholegrain mustard"", ""label"": ""Wholegrain mustard (21g)"", ""in_box"": 1}]"
2026-07-07,2026-06-19,6a59456f-fde1-4309-8ab7-8978859d440b,16862,Pico De Gallo Tex Mex-Style Steak 'N' Brown Rice Bowl With Avocado,True,3.0,445,690,40.1,34.5,10.9,58.9,4.3,7.3,0.61,155,9.0,7.8,2.4,13.2,1.0,1.6,0.14,2,25,full-prep,mild,Ultimate Fakeaway,Dairy Free; Gluten Free,0,0,True,"[{""name"": ""chicken stock mix"", ""label"": ""Chicken stock mix (5.5g)"", ""in_box"": 1}, {""name"": ""brown long grain rice"", ""label"": ""Brown long grain rice (130g)"", ""in_box"": 1}, {""name"": ""dried oregano"", ""label"": ""Dried oregano (1tsp)"", ""in_box"": 1}, {""name"": ""green chilli"", ""label"": ""Green chilli"", ""in_box"": 1}, {""name"": ""ground coriander"", ""label"": ""Ground coriander (1tsp)"", ""in_box"": 1}, {""name"": ""rump pavé steak"", ""label"": ""Rump pavé steak (300g)"", ""in_box"": 1}, {""name"": ""ground cumin"", ""label"": ""Ground cumin (1tsp)"", ""in_box"": 1}, {""name"": ""ground smoked paprika"", ""label"": ""Ground smoked paprika (1tsp)"", ""in_box"": 1}, {""name"": ""tomato"", ""label"": ""Tomato"", ""in_box"": 1}, {""name"": ""avocado"", ""label"": ""Avocado"", ""in_box"": 1}, {""name"": ""shallot"", ""label"": ""Shallot"", ""in_box"": 1}, {""name"": ""tomato paste"", ""label"": ""Tomato paste (16g)"", ""in_box"": 1}, {""name"": ""lime"", ""label"": ""Lime"", ""in_box"": 1}]"
2026-07-07,2026-06-19,dd3db139-5911-4df5-9053-9a78a2f7545b,2857,Plant-Based Aubergine Pasta Bake,False,0.0,483,500,16.7,11.3,4.8,86.9,16.5,9.6,1.27,103,3.5,2.3,1.0,18.0,3.4,2.0,0.26,5,45,full-prep,no spice,Modern Bistro,Vegan; Vegetarian; Dairy Free,4.05,6802,True,"[{""name"": ""dried oregano"", ""label"": ""Dried oregano (1tsp)"", ""in_box"": 1}, {""name"": ""cheese flavour slices"", ""label"": ""Cheese flavour slices (2pcs)"", ""in_box"": 1}, {""name"": ""panko breadcrumbs"", ""label"": ""Panko breadcrumbs (20g)"", ""in_box"": 1}, {""name"": ""finely chopped tomatoes"", ""label"": ""Finely chopped tomatoes (200g)"", ""in_box"": 1}, {""name"": ""tomato paste"", ""label"": ""Tomato paste (32g)"", ""in_box"": 1}, {""name"": ""garlic clove"", ""label"": ""Garlic clove x2"", ""in_box"": 2}, {""name"": ""vegetable stock mix"", ""label"": ""Vegetable stock mix (5.5g)"", ""in_box"": 1}, {""name"": ""basil"", ""label"": ""Basil (20g)"", ""in_box"": 1}, {""name"": ""cherry tomatoes"", ""label"": ""Cherry tomatoes (125g)"", ""in_box"": 1}, {""name"": ""macaroni"", ""label"": ""Macaroni (150g)"", ""in_box"": 1}, {""name"": ""aubergine"", ""label"": ""Aubergine"", ""in_box"": 1}, {""name"": ""flaked almonds"", ""label"": ""Flaked almonds (15g)"", ""in_box"": 1}, {""name"": ""balsamic vinegar"", ""label"": ""Balsamic vinegar (15ml)"", ""in_box"": 1}, {""name"": ""red onion"", ""label"": ""Red onion"", ""in_box"": 1}]"
2026-07-07,2026-06-19,8d5c1145-c619-45ea-86ad-c30cbfd7174d,5903,Plant-Based Cottage Pie,False,0.0,504,457,24.4,12.8,2.1,68.1,14.4,14.4,2.43,90,4.8,2.5,0.4,13.5,2.9,2.9,0.48,2,45,full-prep,no spice,Modern Bistro,Vegan; Vegetarian; Dairy Free,4.3,5115,True,"[{""name"": ""ultimate vegan burger patties"", ""label"": ""2 ultimate vegan burger patties (2pcs)"", ""in_box"": 1}, {""name"": ""finely chopped tomatoes"", ""label"": ""Finely chopped tomatoes (200g)"", ""in_box"": 1}, {""name"": ""garlic clove"", ""label"": ""Garlic clove"", ""in_box"": 1}, {""name"": ""brown onion"", ""label"": ""Brown onion"", ""in_box"": 1}, {""name"": ""vegetable stock mix"", ""label"": ""Vegetable stock mix (5.5g)"", ""in_box"": 1}, {""name"": ""carrot"", ""label"": ""Carrot"", ""in_box"": 1}, {""name"": ""Marmite"", ""label"": ""Marmite (8g)"", ""in_box"": 1}, {""name"": ""white potato"", ""label"": ""White potato x4"", ""in_box"": 4}]"
2026-07-07,2026-06-19,909a0a76-4ca7-4304-9009-dffb25cab362,15742,Pork & Basil Meatballs With Tomato Sauce & Mash,False,0.0,542,476,35.2,15.8,6.7,51.3,11.4,8.1,1.46,87,6.5,2.9,1.2,9.5,2.1,1.5,0.27,3,35,full-prep,no spice,Everyday Favourites,Gluten Free,4.15,171,True,"[{""name"": ""finely chopped tomatoes"", ""label"": ""Finely chopped tomatoes (200g)"", ""in_box"": 1}, {""name"": ""tomato paste"", ""label"": ""Tomato paste (32g)"", ""in_box"": 1}, {""name"": ""pork mince"", ""label"": ""Pork mince (250g)"", ""in_box"": 1}, {""name"": ""intense chicken stock mix"", ""label"": ""Intense chicken stock mix (5.5g)"", ""in_box"": 1}, {""name"": ""garlic clove"", ""label"": ""Garlic clove x2"", ""in_box"": 2}, {""name"": ""basil"", ""label"": ""Basil (5g)"", ""in_box"": 1}, {""name"": ""Italian hard cheese"", ""label"": ""Italian hard cheese (20g)"", ""in_box"": 1}, {""name"": ""fine green beans"", ""label"": ""Fine green beans (80g)"", ""in_box"": 1}, {""name"": ""red onion"", ""label"": ""Red onion"", ""in_box"": 1}, {""name"": ""white potato"", ""label"": ""White potato x4"", ""in_box"": 4}]"
2026-07-07,2026-06-19,10e602a7-15ed-4a1b-924a-06e5c4c9e405,13317,Pork & Beef Cheeseburger With Fries,False,0.0,431,822,36.7,46.5,15.9,64.6,9.8,7.4,1.99,190,8.5,10.8,3.7,15.0,2.3,1.7,0.46,1,35,full-prep,no spice,Classic Fakeaways,,4.46,758,True,"[{""name"": ""pork & beef mince"", ""label"": ""Pork & beef mince (250g)"", ""in_box"": 1}, {""name"": ""tomato ketchup"", ""label"": ""Tomato ketchup (30ml)"", ""in_box"": 1}, {""name"": ""smoked sea salt flakes"", ""label"": ""Smoked sea salt flakes (1g)"", ""in_box"": 1}, {""name"": ""mayonnaise"", ""label"": ""Mayonnaise (25ml)"", ""in_box"": 1}, {""name"": ""cheddar cheese"", ""label"": ""Cheddar cheese (40g)"", ""in_box"": 1}, {""name"": ""brioche style buns"", ""label"": ""Brioche style buns (2pcs)"", ""in_box"": 1}, {""name"": ""gem lettuce"", ""label"": ""Gem lettuce"", ""in_box"": 1}, {""name"": ""white potato"", ""label"": ""White potato x3"", ""in_box"": 3}]"
2026-07-07,2026-06-19,f240359a-7272-4cc3-8242-47bde78b7576,3091,Pork & Hoisin Udon Noodles,False,0.0,454,486,37.1,4.8,1.4,73.7,14.9,3.6,2.46,107,8.2,1.1,0.3,16.2,3.3,0.8,0.54,1,20,full-prep,mild,20 minute meals,Dairy Free,3.96,13442,True,"[{""name"": ""spring onion"", ""label"": ""Spring onion"", ""in_box"": 1}, {""name"": ""pork strips"", ""label"": ""Pork strips (250g)"", ""in_box"": 1}, {""name"": ""brown onion"", ""label"": ""Brown onion"", ""in_box"": 1}, {""name"": ""udon noodles"", ""label"": ""Udon noodles (200g) x2"", ""in_box"": 2}, {""name"": ""hoisin sauce"", ""label"": ""Hoisin sauce (40g)"", ""in_box"": 1}, {""name"": ""ginger & garlic paste"", ""label"": ""Ginger & garlic paste (15g)"", ""in_box"": 1}, {""name"": ""carrot"", ""label"": ""Carrot"", ""in_box"": 1}, {""name"": ""soy sauce"", ""label"": ""Soy sauce (15ml)"", ""in_box"": 1}]"
2026-07-07,2026-06-19,d7f76ffd-d1db-4a13-b121-faea791bdbe4,5034,Prosciutto & Caprese-Style Sauce With Spinach & Ricotta Ravioli,False,0.0,322,560,29.7,27.1,12.8,49.0,9.6,3.4,3.49,174,9.2,8.4,4.0,15.2,3.0,1.1,1.09,1,10,full-prep,no spice,Pasta Pronto,,4.33,15806,True,"[{""name"": ""finely chopped tomatoes"", ""label"": ""Finely chopped tomatoes (200g)"", ""in_box"": 1}, {""name"": ""sliced prosciutto"", ""label"": ""Sliced prosciutto (52g)"", ""in_box"": 1}, {""name"": ""garlic clove"", ""label"": ""Garlic clove"", ""in_box"": 1}, {""name"": ""spinach & ricotta ravioli"", ""label"": ""Spinach & ricotta ravioli (250g)"", ""in_box"": 1}, {""name"": ""mozzarella"", ""label"": ""Mozzarella (125g)"", ""in_box"": 1}, {""name"": ""basil"", ""label"": ""Basil (10g)"", ""in_box"": 1}]"
2026-07-07,2026-06-19,1f1d8323-0a3f-4a68-bcc5-19fb58eabde3,6296,Pulled Pork Memphis-Style Philly With Garlic French Fries,True,1.75,550,822,48.2,31.4,13.7,90.1,22.4,7.9,2.9,149,8.8,5.7,2.5,16.4,4.1,1.4,0.53,1,50,full-prep,no spice,Ultimate Fakeaway,,4.44,2057,True,"[{""name"": ""dried oregano"", ""label"": ""Dried oregano (1tsp)"", ""in_box"": 1}, {""name"": ""green pepper"", ""label"": ""Green pepper"", ""in_box"": 1}, {""name"": ""BBQ sauce"", ""label"": ""BBQ sauce (40g)"", ""in_box"": 1}, {""name"": ""Brioche style hot dog buns"", ""label"": ""Brioche style hot dog buns (2pcs)"", ""in_box"": 1}, {""name"": ""tomato ketchup"", ""label"": ""Tomato ketchup (30ml)"", ""in_box"": 1}, {""name"": ""BBQ pulled pork"", ""label"": ""BBQ pulled pork (308g)"", ""in_box"": 1}, {""name"": ""cheddar cheese"", ""label"": ""Cheddar cheese (40g)"", ""in_box"": 1}, {""name"": ""garlic clove"", ""label"": ""Garlic clove"", ""in_box"": 1}, {""name"": ""brown onion"", ""label"": ""Brown onion"", ""in_box"": 1}, {""name"": ""white potato"", ""label"": ""White potato x3"", ""in_box"": 3}]"
2026-07-07,2026-06-19,14815ae6-737c-4ed8-95df-e7e6def1b8de,12780,Red Thai-Style Cashew Basa With Soy Greens And Fluffy Brown Rice,False,0.0,307,503,30.8,17.3,9.9,57.7,3.7,6.3,1.66,163,10.0,5.6,3.2,18.8,1.2,2.1,0.54,1,45,full-prep,spicy,Global Kitchen,Dairy Free,0,0,True,"[{""name"": ""brown long grain rice"", ""label"": ""Brown long grain rice (130g)"", ""in_box"": 1}, {""name"": ""fish sauce"", ""label"": ""Fish sauce (8ml)"", ""in_box"": 1}, {""name"": ""solid creamed coconut"", ""label"": ""Solid creamed coconut (25g)"", ""in_box"": 1}, {""name"": ""soy sauce"", ""label"": ""Soy sauce (8ml)"", ""in_box"": 1}, {""name"": ""red chilli"", ""label"": ""Red chilli"", ""in_box"": 1}, {""name"": ""basa fillets"", ""label"": ""Basa fillets (2pcs)"", ""in_box"": 1}, {""name"": ""Thai basil"", ""label"": ""Thai basil (5g)"", ""in_box"": 1}, {""name"": ""garlic clove"", ""label"": ""Garlic clove x2"", ""in_box"": 2}, {""name"": ""fresh root ginger"", ""label"": ""Fresh root ginger (15g)"", ""in_box"": 1}, {""name"": ""fresh lemongrass stalk"", ""label"": ""Fresh lemongrass stalk"", ""in_box"": 1}, {""name"": ""fine green beans"", ""label"": ""Fine green beans (80g)"", ""in_box"": 1}, {""name"": ""spinach"", ""label"": ""Spinach (80g)"", ""in_box"": 1}, {""name"": ""cashew nuts"", ""label"": ""Cashew nuts (25g)"", ""in_box"": 1}]"
2026-07-07,2026-06-19,255afd58-427a-4a7e-9482-c4c05295b89f,2577,Rich Mushroom Ragù Linguine,False,0.0,430,515,23.4,5.2,2.6,91.4,15.4,11.0,1.89,119,5.4,1.2,0.6,21.2,3.6,2.6,0.44,4,40,full-prep,no spice,Modern Bistro,Vegetarian,4.09,8220,True,"[{""name"": ""dried oregano"", ""label"": ""Dried oregano (1tsp)"", ""in_box"": 1}, {""name"": ""finely chopped tomatoes"", ""label"": ""Finely chopped tomatoes (200g)"", ""in_box"": 1}, {""name"": ""tomato paste"", ""label"": ""Tomato paste (32g)"", ""in_box"": 1}, {""name"": ""linguine"", ""label"": ""Linguine (190g)"", ""in_box"": 1}, {""name"": ""garlic clove"", ""label"": ""Garlic clove x2"", ""in_box"": 2}, {""name"": ""basil"", ""label"": ""Basil (5g)"", ""in_box"": 1}, {""name"": ""Italian hard cheese"", ""label"": ""Italian hard cheese (20g)"", ""in_box"": 1}, {""name"": ""carrot"", ""label"": ""Carrot"", ""in_box"": 1}, {""name"": ""soy sauce"", ""label"": ""Soy sauce (15ml)"", ""in_box"": 1}, {""name"": ""white cup mushrooms"", ""label"": ""White cup mushrooms (80g)"", ""in_box"": 1}, {""name"": ""Marmite"", ""label"": ""Marmite (8g)"", ""in_box"": 1}, {""name"": ""green lentils"", ""label"": ""Green lentils (185g)"", ""in_box"": 1}, {""name"": ""red onion"", ""label"": ""Red onion"", ""in_box"": 1}]"
2026-07-07,2026-06-19,d35a9c9e-cb28-40e3-ba66-51d452c7f8bd,1311,Roasted Red Pepper Orzo With Goats' Cheese,False,0.0,310,425,19.1,9.8,6.3,64.6,11.4,6.3,1.75,137,6.2,3.2,2.0,20.9,3.7,2.0,0.57,2,40,full-prep,no spice,Modern Bistro,Vegetarian,4.34,15764,True,"[{""name"": ""red pepper"", ""label"": ""Red pepper"", ""in_box"": 1}, {""name"": ""dried chilli flakes"", ""label"": ""Dried chilli flakes (1tsp)"", ""in_box"": 1}, {""name"": ""intense vegetable stock mix"", ""label"": ""Intense vegetable stock mix (5.5g)"", ""in_box"": 1}, {""name"": ""soft goats' cheese"", ""label"": ""Soft goats' cheese (75g)"", ""in_box"": 1}, {""name"": ""garlic clove"", ""label"": ""Garlic clove"", ""in_box"": 1}, {""name"": ""tomato paste"", ""label"": ""Tomato paste (16g)"", ""in_box"": 1}, {""name"": ""basil"", ""label"": ""Basil (10g)"", ""in_box"": 1}, {""name"": ""cherry tomatoes"", ""label"": ""Cherry tomatoes (125g)"", ""in_box"": 1}, {""name"": ""red wine vinegar"", ""label"": ""Red wine vinegar (15ml)"", ""in_box"": 1}, {""name"": ""red onion"", ""label"": ""Red onion"", ""in_box"": 1}, {""name"": ""orzo"", ""label"": ""Orzo (150g)"", ""in_box"": 1}]"
2026-07-07,2026-06-19,1bbd57bb-d32e-4e35-8c26-23f25e910013,2801,Saucy Halloumi & Roast Veg Bake,False,0.0,434,553,30.7,25.1,16.1,51.1,11.2,7.0,2.83,127,7.1,5.8,3.7,11.8,2.6,1.6,0.65,3,35,full-prep,no spice,Modern Bistro,Vegetarian,4.04,2141,True,"[{""name"": ""dried oregano"", ""label"": ""Dried oregano (1tsp)"", ""in_box"": 1}, {""name"": ""tomato paste"", ""label"": ""Tomato paste (32g)"", ""in_box"": 1}, {""name"": ""ciabatta"", ""label"": ""Ciabatta x2"", ""in_box"": 2}, {""name"": ""halloumi"", ""label"": ""Halloumi (200g)"", ""in_box"": 1}, {""name"": ""basil"", ""label"": ""Basil (5g)"", ""in_box"": 1}, {""name"": ""cherry tomatoes"", ""label"": ""Cherry tomatoes (125g)"", ""in_box"": 1}, {""name"": ""aubergine"", ""label"": ""Aubergine"", ""in_box"": 1}, {""name"": ""balsamic vinegar"", ""label"": ""Balsamic vinegar (15ml)"", ""in_box"": 1}, {""name"": ""red onion"", ""label"": ""Red onion"", ""in_box"": 1}]"
2026-07-07,2026-06-19,ed375e2f-3aff-470e-bf61-601b1cbd97fa,15687,Sausage & Red Onion Tomato Chutney Baguette With Chips & Salad,False,0.0,466,637,25.8,27.3,9.1,73.2,18.7,7.5,1.79,136,5.5,5.9,2.0,15.7,4.0,1.6,0.38,3,35,full-prep,no spice,Everyday Favourites,Dairy Free,4.38,453,True,"[{""name"": ""baguettes"", ""label"": ""Baguettes (2pcs)"", ""in_box"": 1}, {""name"": ""tomato paste"", ""label"": ""Tomato paste (32g)"", ""in_box"": 1}, {""name"": ""Proper Porker sausages"", ""label"": ""Proper Porker sausages (4pcs)"", ""in_box"": 1}, {""name"": ""garlic clove"", ""label"": ""Garlic clove"", ""in_box"": 1}, {""name"": ""tomato"", ""label"": ""Tomato"", ""in_box"": 1}, {""name"": ""baby leaf salad"", ""label"": ""Baby leaf salad (50g)"", ""in_box"": 1}, {""name"": ""chopped dates"", ""label"": ""Chopped dates (30g)"", ""in_box"": 1}, {""name"": ""balsamic vinegar"", ""label"": ""Balsamic vinegar (15ml)"", ""in_box"": 1}, {""name"": ""red onion"", ""label"": ""Red onion"", ""in_box"": 1}, {""name"": ""white potato"", ""label"": ""White potato x3"", ""in_box"": 3}]"
2026-07-07,2026-06-19,b7c73682-c86f-4c0d-ae9f-5e55c45f1fd4,6034,Sausage Meatball & Tomato Sauce With Fresh Orecchiette,False,0.0,241,600,28.8,18.6,8.6,79.4,4.5,6.1,2.21,248,11.9,7.7,3.6,32.9,1.9,2.5,0.92,1,10,full-prep,no spice,Pasta Pronto,,4.23,24089,True,"[{""name"": ""Jolly Hog pork sausagemeat"", ""label"": ""Jolly Hog pork sausagemeat (150g)"", ""in_box"": 1}, {""name"": ""tomato paste"", ""label"": ""Tomato paste (32g)"", ""in_box"": 1}, {""name"": ""dried oregano"", ""label"": ""Dried oregano (1tsp)"", ""in_box"": 1}, {""name"": ""intense chicken stock mix"", ""label"": ""Intense chicken stock mix (5.5g)"", ""in_box"": 1}, {""name"": ""garlic clove"", ""label"": ""Garlic clove"", ""in_box"": 1}, {""name"": ""dried basil"", ""label"": ""Dried basil (1tsp)"", ""in_box"": 1}, {""name"": ""parsley"", ""label"": ""Parsley (5g)"", ""in_box"": 1}, {""name"": ""fresh orecchiette"", ""label"": ""Fresh orecchiette (250g)"", ""in_box"": 1}, {""name"": ""grated Italian hard cheese"", ""label"": ""Grated Italian hard cheese (30g)"", ""in_box"": 1}]"
2026-07-07,2026-06-19,e4914093-5a2c-4c67-86f4-dfa7df090e9e,16846,Sausage Meatball & Tomato Sauce With Fresh Orecchiette & Side,True,1.0,341,956,38.7,32.2,13.0,127.4,8.6,7.0,3.13,280,11.4,9.4,3.8,37.3,2.5,2.0,0.92,1,10,full-prep,no spice,Pasta Pronto,,0,0,True,"[{""name"": ""sausage meat"", ""label"": ""Sausage meat (150g)"", ""in_box"": 1}, {""name"": ""tomato paste"", ""label"": ""Tomato paste (32g)"", ""in_box"": 1}, {""name"": ""2 cheese, garlic and basil baguettes"", ""label"": ""2 cheese, garlic and basil baguettes (2pcs)"", ""in_box"": 1}, {""name"": ""dried oregano"", ""label"": ""Dried oregano (1tsp)"", ""in_box"": 1}, {""name"": ""intense chicken stock mix"", ""label"": ""Intense chicken stock mix (5.5g)"", ""in_box"": 1}, {""name"": ""garlic clove"", ""label"": ""Garlic clove"", ""in_box"": 1}, {""name"": ""dried basil"", ""label"": ""Dried basil (1tsp)"", ""in_box"": 1}, {""name"": ""parsley"", ""label"": ""Parsley (5g)"", ""in_box"": 1}, {""name"": ""fresh orecchiette"", ""label"": ""Fresh orecchiette (250g)"", ""in_box"": 1}, {""name"": ""grated Italian hard cheese"", ""label"": ""Grated Italian hard cheese (30g)"", ""in_box"": 1}]"
2026-07-07,2026-06-19,05f2da7b-a15a-4d47-bd04-5c8c8fa314a8,6272,"Sausage, Pepper & Potato Hash With Herby Chilli Dressing",False,0.0,484,553,25.0,28.7,9.3,51.0,14.7,10.6,1.75,114,5.2,5.9,1.9,10.5,3.0,2.2,0.36,2,35,full-prep,mild,Family Kitchen,Dairy Free; Gluten Free,4.19,10936,True,"[{""name"": ""red pepper"", ""label"": ""Red pepper"", ""in_box"": 1}, {""name"": ""green chilli"", ""label"": ""Green chilli"", ""in_box"": 1}, {""name"": ""Proper Porker sausages"", ""label"": ""Proper Porker sausages (4pcs)"", ""in_box"": 1}, {""name"": ""garlic clove"", ""label"": ""Garlic clove x2"", ""in_box"": 2}, {""name"": ""parsley"", ""label"": ""Parsley (5g)"", ""in_box"": 1}, {""name"": ""blanched peas"", ""label"": ""Blanched peas (160g)"", ""in_box"": 1}, {""name"": ""balsamic sun-dried tomato paste"", ""label"": ""Balsamic sun-dried tomato paste (30g)"", ""in_box"": 1}, {""name"": ""white wine vinegar"", ""label"": ""White wine vinegar (15ml)"", ""in_box"": 1}, {""name"": ""red onion"", ""label"": ""Red onion"", ""in_box"": 1}, {""name"": ""white potato"", ""label"": ""White potato x3"", ""in_box"": 3}]"
2026-07-07,2026-06-19,3a412ec9-1d65-4738-8776-6f32476bd6d9,7388,Scorching Baja-Style Basa Tacos With Chipotle Hot Honey,False,0.0,403,648,29.7,18.9,4.5,88.5,19.8,6.0,1.0,160,7.4,4.7,1.1,22.0,4.9,1.5,0.25,2,25,full-prep,spicy,20 minute meals,Dairy Free,4.36,2750,True,"[{""name"": ""green chilli"", ""label"": ""Green chilli"", ""in_box"": 1}, {""name"": ""dried chilli flakes"", ""label"": ""Dried chilli flakes (0.5tsp)"", ""in_box"": 1}, {""name"": ""chipotle paste"", ""label"": ""Chipotle paste (40g)"", ""in_box"": 1}, {""name"": ""basa fillets"", ""label"": ""Basa fillets (2pcs)"", ""in_box"": 1}, {""name"": ""carrot & cabbage slaw mix"", ""label"": ""Carrot & cabbage slaw mix (160g)"", ""in_box"": 1}, {""name"": ""cornflour"", ""label"": ""Cornflour (4tbsp)"", ""in_box"": 1}, {""name"": ""mayonnaise"", ""label"": ""Mayonnaise (25ml)"", ""in_box"": 1}, {""name"": ""plain tortillas"", ""label"": ""Plain tortillas (6pcs)"", ""in_box"": 1}, {""name"": ""gem lettuce"", ""label"": ""Gem lettuce"", ""in_box"": 1}, {""name"": ""white wine vinegar"", ""label"": ""White wine vinegar (15ml)"", ""in_box"": 1}, {""name"": ""honey"", ""label"": ""Honey (25g)"", ""in_box"": 1}]"
2026-07-07,2026-06-19,95026ac1-3c59-45f3-b5cd-4a4fc48fbda0,8147,Sea Bass With Colcannon Potatoes & Creamy Sauce,True,2.25,,448,33.1,19.3,,36.5,,8.3,1.21,,,,,,,,,1,35,full-prep,no spice,Gastropub,Gluten Free,4.36,148,True,
2026-07-07,2026-06-19,0ce06713-1701-4229-a7c8-dcc6b89f6d1c,14256,Seattle Hot Dog With Pickled Chilli & Fries,False,0.0,,729,24.1,36.1,,79.6,,6.0,2.26,,,,,,,,,1,35,full-prep,spicy,Takeaway Night,,0,0,True,
2026-07-07,2026-06-19,b824d73f-2191-4e8a-a8fc-dc2f96fbd48f,15714,Seattle Meat-Free Hot Dog With Pickled Chilli & Fries,False,0.0,,622,24.5,23.4,,79.3,,9.1,2.12,,,,,,,,,1,35,full-prep,spicy,Takeaway Night,Vegetarian,0,0,True,
2026-07-07,2026-06-19,e29035ca-7a2a-495c-99aa-f53ff6262965,8282,Sesame Chicken Schnitzel With Crispy Chilli Butter And Fries,False,0.0,,376,35.2,6.0,,47.1,,4.5,0.78,,,,,,,,,1,40,full-prep,spicy,Takeaway Night,Dairy Free,0,0,True,
2026-07-07,2026-06-19,f17e25ca-a9a1-4f3c-b7ff-f667ece86198,9625,Smoked Basa & Cheddar Gratin With Chive Salad,True,0.25,,475,32.8,11.8,,62.4,,11.1,2.4,,,,,,,,,4,35,full-prep,mild,Modern Bistro,,0,0,True,
2026-07-07,2026-06-19,c27cf937-2d52-45bb-bbc8-2f95eb4d3527,10227,Smoked Basa With Cheesy Spinach Sweet Potato Mash And Poached Egg,True,0.25,456,444,34.5,15.8,7.4,44.1,11.8,5.6,2.13,97,7.6,3.5,1.6,9.7,2.6,1.2,0.47,3,30,full-prep,no spice,Modern Bistro,Gluten Free,4.37,226,True,"[{""name"": ""free range egg"", ""label"": ""Free range egg x2"", ""in_box"": 2}, {""name"": ""spring onion"", ""label"": ""Spring onion x2"", ""in_box"": 2}, {""name"": ""cheddar cheese"", ""label"": ""Cheddar cheese (40g)"", ""in_box"": 1}, {""name"": ""garlic clove"", ""label"": ""Garlic clove x2"", ""in_box"": 2}, {""name"": ""smoked basa fillets"", ""label"": ""Smoked basa fillets (2pcs)"", ""in_box"": 1}, {""name"": ""spinach"", ""label"": ""Spinach (120g)"", ""in_box"": 1}, {""name"": ""sweet potato"", ""label"": ""Sweet potato x2"", ""in_box"": 2}]"
2026-07-07,2026-06-19,4cfdc393-91c2-4207-a1b9-6415e7d01e20,3046,Smoked Basa With Creamy Lemon Sauce And Pea Mash,False,0.0,421,347,27.0,9.4,5.2,41.3,8.0,7.9,1.45,82,6.4,2.2,1.2,9.8,1.9,1.9,0.34,1,25,full-prep,no spice,20 minute meals,Gluten Free,4.23,12835,True,"[{""name"": ""garlic clove"", ""label"": ""Garlic clove x2"", ""in_box"": 2}, {""name"": ""blanched peas"", ""label"": ""Blanched peas (160g)"", ""in_box"": 1}, {""name"": ""lemon"", ""label"": ""Lemon"", ""in_box"": 1}, {""name"": ""smoked basa fillets"", ""label"": ""Smoked basa fillets (2pcs)"", ""in_box"": 1}, {""name"": ""soft cheese"", ""label"": ""Soft cheese (50g)"", ""in_box"": 1}, {""name"": ""rocket"", ""label"": ""Rocket (20g)"", ""in_box"": 1}, {""name"": ""white potato"", ""label"": ""White potato x3"", ""in_box"": 3}]"
2026-07-07,2026-06-19,1f7a8c2e-3a11-4809-9f39-4208945100ce,8884,Smoked Gammon With Dauphinoise Potatoes & Cabbage,True,3.0,596,675,49.7,28.7,14.0,58.1,16.4,7.5,5.96,113,8.3,4.8,2.3,9.7,2.7,1.3,1.0,1,70,full-prep,no spice,Gastropub,,4.31,577,True,"[{""name"": ""apple"", ""label"": ""Apple"", ""in_box"": 1}, {""name"": ""gammon joint"", ""label"": ""Gammon joint"", ""in_box"": 1}, {""name"": ""Cornish clotted cream"", ""label"": ""Cornish clotted cream (40g)"", ""in_box"": 1}, {""name"": ""garlic clove"", ""label"": ""Garlic clove x2"", ""in_box"": 2}, {""name"": ""Italian hard cheese"", ""label"": ""Italian hard cheese (20g)"", ""in_box"": 1}, {""name"": ""gravy base"", ""label"": ""Gravy base (14g)"", ""in_box"": 1}, {""name"": ""shredded red cabbage"", ""label"": ""Shredded red cabbage (150g)"", ""in_box"": 1}, {""name"": ""red wine vinegar"", ""label"": ""Red wine vinegar (15ml)"", ""in_box"": 1}, {""name"": ""white potato"", ""label"": ""White potato x4"", ""in_box"": 4}, {""name"": ""Dijon mustard"", ""label"": ""Dijon mustard (5.5g)"", ""in_box"": 1}]"
2026-07-07,2026-06-19,94ef2581-2a9e-4fdf-994a-262253c849ba,14077,Smoky Cajun-Style Chicken Breast & Crunchy Slaw,False,0.0,422,270,33.3,6.6,2.0,21.2,14.3,6.5,0.28,63,7.9,1.6,0.5,5.0,3.4,1.5,0.07,3,20,full-prep,mild,Nutrient Rich,Gluten Free,3.87,563,True,"[{""name"": ""dried oregano"", ""label"": ""Dried oregano (1tsp)"", ""in_box"": 1}, {""name"": ""carrot & cabbage slaw mix"", ""label"": ""Carrot & cabbage slaw mix (160g)"", ""in_box"": 1}, {""name"": ""chicken breast portions"", ""label"": ""Chicken breast portions (2pcs)"", ""in_box"": 1}, {""name"": ""Sweetcorn"", ""label"": ""Sweetcorn (150g)"", ""in_box"": 1}, {""name"": ""ground smoked paprika"", ""label"": ""Ground smoked paprika (2tsp)"", ""in_box"": 1}, {""name"": ""coriander"", ""label"": ""Coriander (10g)"", ""in_box"": 1}, {""name"": ""natural yoghurt"", ""label"": ""Natural yoghurt (80g)"", ""in_box"": 1}, {""name"": ""gem lettuce"", ""label"": ""Gem lettuce"", ""in_box"": 1}, {""name"": ""lime"", ""label"": ""Lime"", ""in_box"": 1}]"
2026-07-07,2026-06-19,5d89240e-4974-4cf4-a04d-9214e36fdb6e,10910,Smoky Chorizo & Pepper Farfalle,False,0.0,,727,29.0,33.0,,84.4,,6.2,2.8,,,,,,,,,1,25,full-prep,mild,20 minute meals,,4.44,2068,True,
2026-07-07,2026-06-19,2041c778-4e0b-4d5d-90da-55a5d49dc37f,15431,Smoky Honey Glazed Gammon Ploughmans Baguette With Sweet Potato Chips,True,3.25,,1072,58.4,50.6,,100.2,,8.2,6.64,,,,,,,,,3,55,full-prep,no spice,Gastropub,,0,0,True,
2026-07-07,2026-06-19,1370fe8a-8300-4f11-847f-3719f89cfd3a,15274,Smoky Sweet Potato & Black Bean Tray Bake,False,0.0,460,353,16.9,13.5,8.2,42.5,18.2,9.5,1.51,76,3.7,2.9,1.8,9.2,4.0,2.1,0.33,4,35,full-prep,mild,Nutrient Rich,Vegetarian; Gluten Free,4.17,179,True,"[{""name"": ""red pepper"", ""label"": ""Red pepper"", ""in_box"": 1}, {""name"": ""Greek salad cheese"", ""label"": ""Greek salad cheese (100g)"", ""in_box"": 1}, {""name"": ""ground smoked paprika"", ""label"": ""Ground smoked paprika (2tsp)"", ""in_box"": 1}, {""name"": ""chipotle paste"", ""label"": ""Chipotle paste (20g)"", ""in_box"": 1}, {""name"": ""ground cumin"", ""label"": ""Ground cumin (2tsp)"", ""in_box"": 1}, {""name"": ""black beans"", ""label"": ""Black beans (185g)"", ""in_box"": 1}, {""name"": ""natural yoghurt"", ""label"": ""Natural yoghurt (80g)"", ""in_box"": 1}, {""name"": ""coriander"", ""label"": ""Coriander (5g)"", ""in_box"": 1}, {""name"": ""cherry tomatoes"", ""label"": ""Cherry tomatoes (250g)"", ""in_box"": 1}, {""name"": ""sweet potato"", ""label"": ""Sweet potato"", ""in_box"": 1}]"
2026-07-07,2026-06-19,215fe384-76ea-4f2c-8182-a414b8a505b2,16856,South African-Style Lamb & Dates Sosaties & A Jalapeño Sausage,True,3.0,622,856,56.6,43.9,18.7,59.0,15.7,11.1,2.74,137,9.1,7.0,3.0,9.5,2.5,1.8,0.44,2,35,full-prep,mild,Global Kitchen,,0,0,True,"[{""name"": ""cheese and jalapeno hot link sausage"", ""label"": ""Cheese and jalapeno hot link sausage (284g)"", ""in_box"": 1}, {""name"": ""ground cumin"", ""label"": ""Ground cumin (1tsp)"", ""in_box"": 1}, {""name"": ""curry powder"", ""label"": ""Curry powder (1tbsp)"", ""in_box"": 1}, {""name"": ""baby leaf salad"", ""label"": ""Baby leaf salad (50g)"", ""in_box"": 1}, {""name"": ""brown onion"", ""label"": ""Brown onion"", ""in_box"": 1}, {""name"": ""lamb mince"", ""label"": ""Lamb mince (250g)"", ""in_box"": 1}, {""name"": ""cider vinegar"", ""label"": ""Cider vinegar (15ml)"", ""in_box"": 1}, {""name"": ""skewers"", ""label"": ""Skewers x4"", ""in_box"": 4}, {""name"": ""chopped dates"", ""label"": ""Chopped dates (30g)"", ""in_box"": 1}, {""name"": ""sweetcorn cobettes"", ""label"": ""Sweetcorn cobettes (2pcs)"", ""in_box"": 1}, {""name"": ""white potato"", ""label"": ""White potato x3"", ""in_box"": 3}]"
2026-07-07,2026-06-19,fd52a5c5-f42e-4baa-893d-e6ea84296e88,14263,Southern Fried Chicken Wraps With Thousand Island Dressing,False,0.0,,922,44.9,44.1,,84.5,,6.1,1.28,,,,,,,,,2,25,full-prep,mild,20 minute meals,Dairy Free,0,0,True,
2026-07-07,2026-06-19,c18789d7-d715-47ad-a465-0191ffc78655,1098,Southern Thai-Style Chicken Breast Panang Curry,False,0.0,359,721,39.4,32.2,19.7,70.3,9.7,8.5,1.76,201,11.0,9.0,5.5,19.6,2.7,2.4,0.49,1,35,full-prep,no spice,Global Kitchen,Dairy Free,4.5,67701,True,"[{""name"": ""fish sauce"", ""label"": ""Fish sauce (8ml)"", ""in_box"": 1}, {""name"": ""chicken breast strips"", ""label"": ""Chicken breast strips (250g)"", ""in_box"": 1}, {""name"": ""red pepper"", ""label"": ""Red pepper"", ""in_box"": 1}, {""name"": ""white basmati rice"", ""label"": ""White basmati rice (130g)"", ""in_box"": 1}, {""name"": ""solid creamed coconut"", ""label"": ""Solid creamed coconut (50g)"", ""in_box"": 1}, {""name"": ""ground turmeric"", ""label"": ""Ground turmeric (1tsp)"", ""in_box"": 1}, {""name"": ""brown onion"", ""label"": ""Brown onion"", ""in_box"": 1}, {""name"": ""crispy onions"", ""label"": ""Crispy onions (15g)"", ""in_box"": 1}, {""name"": ""red Thai curry paste"", ""label"": ""Red Thai curry paste (20g)"", ""in_box"": 1}, {""name"": ""cardamom pod"", ""label"": ""Cardamom pod x3"", ""in_box"": 3}, {""name"": ""smooth peanut butter"", ""label"": ""Smooth peanut butter (26g)"", ""in_box"": 1}]"
2026-07-07,2026-06-19,acc2bf28-bf23-41a2-bd44-fef0b385db66,14230,Southern-Style Chicken With Sweet Potato Mash & Beans,False,0.0,368,317,32.1,5.2,1.2,37.6,8.6,7.1,0.88,86,8.7,1.4,0.3,10.2,2.4,1.9,0.24,2,25,full-prep,spicy,Nutrient Rich,Dairy Free; Gluten Free,4.33,1549,True,"[{""name"": ""chicken breast portions"", ""label"": ""Chicken breast portions (2pcs)"", ""in_box"": 1}, {""name"": ""ground smoked paprika"", ""label"": ""Ground smoked paprika (1tsp)"", ""in_box"": 1}, {""name"": ""southern fried seasoning"", ""label"": ""Southern fried seasoning (1tbsp)"", ""in_box"": 1}, {""name"": ""gravy base"", ""label"": ""Gravy base (14g)"", ""in_box"": 1}, {""name"": ""fine green beans"", ""label"": ""Fine green beans (160g)"", ""in_box"": 1}, {""name"": ""chives"", ""label"": ""Chives (5g)"", ""in_box"": 1}, {""name"": ""white potato"", ""label"": ""White potato"", ""in_box"": 1}, {""name"": ""sweet potato"", ""label"": ""Sweet potato"", ""in_box"": 1}]"
2026-07-07,2026-06-19,590b37cb-e2e9-4a1c-abce-6dd095622f8e,6025,"Soy Salmon With Crispy Fried Rice, Avocado & Sriracha Mayo",True,2.25,454,835,30.9,47.4,8.8,70.0,5.8,5.3,1.43,183,6.8,10.4,1.9,15.4,1.3,1.2,0.31,2,45,full-prep,mild,Ultimate Fakeaway,Dairy Free; Gluten Free,4.41,5208,True,"[{""name"": ""sushi rice"", ""label"": ""Sushi rice (150g)"", ""in_box"": 1}, {""name"": ""skin on salmon fillets"", ""label"": ""Skin on salmon fillets (2pcs)"", ""in_box"": 1}, {""name"": ""sriracha hot chilli sauce"", ""label"": ""Sriracha hot chilli sauce (8ml)"", ""in_box"": 1}, {""name"": ""mayonnaise"", ""label"": ""Mayonnaise (25ml)"", ""in_box"": 1}, {""name"": ""avocado"", ""label"": ""Avocado"", ""in_box"": 1}, {""name"": ""gluten free soy sauce"", ""label"": ""Gluten free soy sauce (15ml)"", ""in_box"": 1}, {""name"": ""cucumber"", ""label"": ""Cucumber (0.5pcs)"", ""in_box"": 1}, {""name"": ""mirin"", ""label"": ""Mirin (15ml)"", ""in_box"": 1}, {""name"": ""black sesame seeds"", ""label"": ""Black sesame seeds (5g)"", ""in_box"": 1}, {""name"": ""lime"", ""label"": ""Lime"", ""in_box"": 1}]"
2026-07-07,2026-06-19,63c11a5f-2c80-489d-a183-749d09dd290a,6265,Spanish-Style Pork Meatballs With Tomato & Bean Stew,False,0.0,485,514,37.7,14.3,4.9,57.0,10.7,9.8,2.01,105,7.8,3.0,1.0,11.8,2.2,2.0,0.41,3,35,full-prep,no spice,Family Kitchen,Dairy Free,4.27,11154,True,"[{""name"": ""red pepper"", ""label"": ""Red pepper"", ""in_box"": 1}, {""name"": ""finely chopped tomatoes"", ""label"": ""Finely chopped tomatoes (200g)"", ""in_box"": 1}, {""name"": ""ground smoked paprika"", ""label"": ""Ground smoked paprika (1tsp)"", ""in_box"": 1}, {""name"": ""cannellini beans"", ""label"": ""Cannellini beans (185g)"", ""in_box"": 1}, {""name"": ""pork mince"", ""label"": ""Pork mince (250g)"", ""in_box"": 1}, {""name"": ""ciabatta"", ""label"": ""Ciabatta x2"", ""in_box"": 2}, {""name"": ""intense chicken stock mix"", ""label"": ""Intense chicken stock mix (5.5g)"", ""in_box"": 1}, {""name"": ""dried thyme"", ""label"": ""Dried thyme (0.5tsp)"", ""in_box"": 1}, {""name"": ""garlic clove"", ""label"": ""Garlic clove x2"", ""in_box"": 2}, {""name"": ""parsley"", ""label"": ""Parsley (5g)"", ""in_box"": 1}, {""name"": ""red onion"", ""label"": ""Red onion"", ""in_box"": 1}]"
2026-07-07,2026-06-19,b3831cb7-54aa-4717-8ea6-e91a2e7189ba,7830,Spanish-Style Romesco King Prawn & Potato Salad,False,0.0,422,336,17.3,13.5,1.3,37.7,8.3,6.8,1.13,79,4.1,3.2,0.3,8.9,2.0,1.6,0.27,2,10,full-prep,no spice,10-Minute,Dairy Free; Gluten Free,4.36,553,True,"[{""name"": ""raw peeled king prawns"", ""label"": ""Raw peeled king prawns (171g)"", ""in_box"": 1}, {""name"": ""waxy potatoes"", ""label"": ""Waxy potatoes (350g)"", ""in_box"": 1}, {""name"": ""mayonnaise"", ""label"": ""Mayonnaise (25ml)"", ""in_box"": 1}, {""name"": ""garlic clove"", ""label"": ""Garlic clove x2"", ""in_box"": 2}, {""name"": ""romesco sauce"", ""label"": ""Romesco sauce (40g)"", ""in_box"": 1}, {""name"": ""sweet pointed pepper"", ""label"": ""Sweet pointed pepper"", ""in_box"": 1}, {""name"": ""rocket"", ""label"": ""Rocket (50g)"", ""in_box"": 1}, {""name"": ""white wine vinegar"", ""label"": ""White wine vinegar (15ml)"", ""in_box"": 1}, {""name"": ""red onion"", ""label"": ""Red onion"", ""in_box"": 1}]"
2026-07-07,2026-06-19,604560d5-f52a-439f-9a0e-fb7877e7641e,5790,Spice Bag Chicken Thigh Loaded Fries With Curry Sauce,False,0.0,456,443,29.3,13.3,3.4,53.9,7.8,7.0,1.69,97,6.4,2.9,0.8,11.8,1.7,1.5,0.37,2,40,full-prep,spicy,Takeaway Night,Dairy Free; Gluten Free,4.38,7588,True,"[{""name"": ""dried chilli flakes"", ""label"": ""Dried chilli flakes (0.5tsp)"", ""in_box"": 1}, {""name"": ""red pepper"", ""label"": ""Red pepper"", ""in_box"": 1}, {""name"": ""green pepper"", ""label"": ""Green pepper"", ""in_box"": 1}, {""name"": ""spring onion"", ""label"": ""Spring onion x2"", ""in_box"": 2}, {""name"": ""diced chicken thigh"", ""label"": ""Diced chicken thigh (250g)"", ""in_box"": 1}, {""name"": ""cornflour"", ""label"": ""Cornflour (4tbsp)"", ""in_box"": 1}, {""name"": ""curry powder"", ""label"": ""Curry powder (0.5tbsp)"", ""in_box"": 1}, {""name"": ""intense chicken stock mix"", ""label"": ""Intense chicken stock mix (5.5g)"", ""in_box"": 1}, {""name"": ""five-spice mix"", ""label"": ""Five-spice mix (1tsp)"", ""in_box"": 1}, {""name"": ""garlic clove"", ""label"": ""Garlic clove x2"", ""in_box"": 2}, {""name"": ""ginger & garlic paste"", ""label"": ""Ginger & garlic paste (15g)"", ""in_box"": 1}, {""name"": ""white potato"", ""label"": ""White potato x3"", ""in_box"": 3}]"
2026-07-07,2026-06-19,1cb9ca6a-69d1-4634-ad41-293594100b68,7343,Spicy 'Nduja & Honey Sausage Roll With Garlic Potato Salad,False,0.0,448,754,22.2,42.4,17.6,72.4,14.8,7.3,2.59,168,4.9,9.5,3.9,16.2,3.3,1.6,0.58,1,40,full-prep,spicy,Modern Bistro,Dairy Free,4.38,2122,True,"[{""name"": ""Jolly Hog pork sausagemeat"", ""label"": ""Jolly Hog pork sausagemeat (150g)"", ""in_box"": 1}, {""name"": ""waxy potatoes"", ""label"": ""Waxy potatoes (350g)"", ""in_box"": 1}, {""name"": ""puff pastry"", ""label"": ""Puff pastry (160g)"", ""in_box"": 1}, {""name"": "" 'Nduja"", ""label"": ""'Nduja (40g)"", ""in_box"": 1}, {""name"": ""garlic clove"", ""label"": ""Garlic clove"", ""in_box"": 1}, {""name"": ""tomato"", ""label"": ""Tomato"", ""in_box"": 1}, {""name"": ""baby leaf salad"", ""label"": ""Baby leaf salad (50g)"", ""in_box"": 1}, {""name"": ""parsley"", ""label"": ""Parsley (5g)"", ""in_box"": 1}, {""name"": ""white wine vinegar"", ""label"": ""White wine vinegar (15ml)"", ""in_box"": 1}, {""name"": ""honey"", ""label"": ""Honey (25g)"", ""in_box"": 1}, {""name"": ""Dijon mustard"", ""label"": ""Dijon mustard (5.5g)"", ""in_box"": 1}]"
2026-07-07,2026-06-19,b6f09bd2-b001-4e48-8d77-528bcc35d3ec,6400,Spicy Dan Dan-Style Tofu Udon,False,0.0,481,643,42.8,16.4,2.6,78.9,12.8,9.8,2.38,133,8.9,3.4,0.5,16.4,2.7,2.0,0.49,1,25,full-prep,spicy,20 minute meals,Vegan; Vegetarian; Dairy Free,4.13,2349,True,"[{""name"": ""cornflour"", ""label"": ""Cornflour (1tsp)"", ""in_box"": 1}, {""name"": ""dried chilli flakes"", ""label"": ""Dried chilli flakes (1tsp)"", ""in_box"": 1}, {""name"": ""plain tofu"", ""label"": ""Plain tofu (280g)"", ""in_box"": 1}, {""name"": ""spring onion"", ""label"": ""Spring onion"", ""in_box"": 1}, {""name"": ""umami seasoning"", ""label"": ""Umami seasoning (1tbsp)"", ""in_box"": 1}, {""name"": ""five-spice mix"", ""label"": ""Five-spice mix (1tsp)"", ""in_box"": 1}, {""name"": ""blanched peas"", ""label"": ""Blanched peas (160g)"", ""in_box"": 1}, {""name"": ""udon noodles"", ""label"": ""Udon noodles (200g) x2"", ""in_box"": 2}, {""name"": ""hoisin sauce"", ""label"": ""Hoisin sauce (40g)"", ""in_box"": 1}, {""name"": ""rice vinegar"", ""label"": ""Rice vinegar (15ml)"", ""in_box"": 1}, {""name"": ""soy sauce"", ""label"": ""Soy sauce (15ml)"", ""in_box"": 1}, {""name"": ""tahini"", ""label"": ""Tahini (15g)"", ""in_box"": 1}]"
2026-07-07,2026-06-19,521dd35c-d325-4c2c-a8d1-8024c75bca04,4326,Spicy King Prawn & Cherry Tomato Spaghetti,False,0.0,385,501,29.6,7.2,3.7,78.8,9.6,5.3,1.6,130,7.7,1.9,1.0,20.5,2.5,1.4,0.42,1,10,full-prep,spicy,10-Minute,,4.33,5880,True,"[{""name"": ""dried chilli flakes"", ""label"": ""Dried chilli flakes (0.5tsp)"", ""in_box"": 1}, {""name"": ""raw peeled king prawns"", ""label"": ""Raw peeled king prawns (171g)"", ""in_box"": 1}, {""name"": ""garlic clove"", ""label"": ""Garlic clove x2"", ""in_box"": 2}, {""name"": ""lemon"", ""label"": ""Lemon"", ""in_box"": 1}, {""name"": ""grated Italian hard cheese"", ""label"": ""Grated Italian hard cheese (30g)"", ""in_box"": 1}, {""name"": ""vegetable stock mix"", ""label"": ""Vegetable stock mix (5.5g)"", ""in_box"": 1}, {""name"": ""parsley"", ""label"": ""Parsley (10g)"", ""in_box"": 1}, {""name"": ""cherry tomatoes"", ""label"": ""Cherry tomatoes (250g)"", ""in_box"": 1}, {""name"": ""spaghetti"", ""label"": ""Spaghetti (190g)"", ""in_box"": 1}]"
2026-07-07,2026-06-19,4e64c8b2-fb9b-4ab1-83b0-8915034240f9,4020,Spicy Mozzarella & Cherry Tomato Spaghetti,False,0.0,362,592,28.8,17.5,11.1,79.4,10.2,4.9,1.26,163,7.9,4.8,3.1,21.9,2.8,1.4,0.35,1,10,full-prep,spicy,10-Minute,Vegetarian,4.26,7618,True,"[{""name"": ""dried chilli flakes"", ""label"": ""Dried chilli flakes (0.5tsp)"", ""in_box"": 1}, {""name"": ""garlic clove"", ""label"": ""Garlic clove x2"", ""in_box"": 2}, {""name"": ""lemon"", ""label"": ""Lemon"", ""in_box"": 1}, {""name"": ""grated Italian hard cheese"", ""label"": ""Grated Italian hard cheese (30g)"", ""in_box"": 1}, {""name"": ""vegetable stock mix"", ""label"": ""Vegetable stock mix (5.5g)"", ""in_box"": 1}, {""name"": ""mozzarella"", ""label"": ""Mozzarella (125g)"", ""in_box"": 1}, {""name"": ""parsley"", ""label"": ""Parsley (10g)"", ""in_box"": 1}, {""name"": ""cherry tomatoes"", ""label"": ""Cherry tomatoes (250g)"", ""in_box"": 1}, {""name"": ""spaghetti"", ""label"": ""Spaghetti (190g)"", ""in_box"": 1}]"
2026-07-07,2026-06-19,2880206d-b17a-4f40-a964-70b10662031d,9874,Spinach & Feta Tart With Crispy Sweet Potatoes And Salad,True,0.25,548,742,18.4,38.3,16.8,82.5,19.7,10.7,1.5,135,3.4,7.0,3.1,15.0,3.6,2.0,0.27,5,45,full-prep,no spice,Modern Bistro,Vegetarian,0,0,True,"[{""name"": ""dried oregano"", ""label"": ""Dried oregano (1tsp)"", ""in_box"": 1}, {""name"": ""pumpkin seeds"", ""label"": ""Pumpkin seeds (30g)"", ""in_box"": 1}, {""name"": ""puff pastry"", ""label"": ""Puff pastry (160g)"", ""in_box"": 1}, {""name"": ""brown onion"", ""label"": ""Brown onion"", ""in_box"": 1}, {""name"": ""feta"", ""label"": ""Feta (30g)"", ""in_box"": 1}, {""name"": ""soft cheese"", ""label"": ""Soft cheese (50g)"", ""in_box"": 1}, {""name"": ""wholegrain mustard"", ""label"": ""Wholegrain mustard (21g)"", ""in_box"": 1}, {""name"": ""spinach"", ""label"": ""Spinach (120g)"", ""in_box"": 1}, {""name"": ""rocket"", ""label"": ""Rocket (50g)"", ""in_box"": 1}, {""name"": ""cherry tomatoes"", ""label"": ""Cherry tomatoes (125g)"", ""in_box"": 1}, {""name"": ""red wine vinegar"", ""label"": ""Red wine vinegar (15ml)"", ""in_box"": 1}, {""name"": ""balsamic vinegar"", ""label"": ""Balsamic vinegar (15ml)"", ""in_box"": 1}, {""name"": ""sweet potato"", ""label"": ""Sweet potato x2"", ""in_box"": 2}]"
2026-07-07,2026-06-19,d41e69bf-1b92-4dc1-86d8-e4e46c8cf5c6,13485,Spring Sausage Toad In The Hole With Mash & Gravy,False,0.0,432,582,28.7,28.7,9.5,55.7,8.6,8.6,2.09,134,6.6,6.6,2.2,12.9,2.0,2.0,0.48,1,45,full-prep,no spice,Modern Bistro,Dairy Free; Gluten Free,4.37,1261,True,"[{""name"": ""cornflour"", ""label"": ""Cornflour (1tsp)"", ""in_box"": 1}, {""name"": ""free range egg"", ""label"": ""Free range egg"", ""in_box"": 1}, {""name"": ""Proper Porker sausages"", ""label"": ""Proper Porker sausages (4pcs)"", ""in_box"": 1}, {""name"": ""blanched peas"", ""label"": ""Blanched peas (160g)"", ""in_box"": 1}, {""name"": ""gravy base"", ""label"": ""Gravy base (14g)"", ""in_box"": 1}, {""name"": ""white potato"", ""label"": ""White potato x4"", ""in_box"": 4}]"
2026-07-07,2026-06-19,7726ab51-78de-4e6e-875c-0f2a2244057c,3962,"Squash, Pepper & Lemongrass Curry With Rice",False,0.0,334,438,10.2,11.0,8.6,77.2,12.9,8.1,1.82,131,3.0,3.3,2.6,23.2,3.9,2.4,0.55,3,55,full-prep,no spice,Global Kitchen,Vegan; Vegetarian; Dairy Free; Gluten Free,4.21,3074,True,"[{""name"": ""white long grain rice"", ""label"": ""White long grain rice (130g)"", ""in_box"": 1}, {""name"": ""red pepper"", ""label"": ""Red pepper"", ""in_box"": 1}, {""name"": ""solid creamed coconut"", ""label"": ""Solid creamed coconut (25g)"", ""in_box"": 1}, {""name"": ""intense vegetable stock mix"", ""label"": ""Intense vegetable stock mix (5.5g)"", ""in_box"": 1}, {""name"": ""curry powder"", ""label"": ""Curry powder (1tbsp)"", ""in_box"": 1}, {""name"": ""garlic clove"", ""label"": ""Garlic clove x2"", ""in_box"": 2}, {""name"": ""fresh root ginger"", ""label"": ""Fresh root ginger (15g)"", ""in_box"": 1}, {""name"": ""fresh lemongrass stalk"", ""label"": ""Fresh lemongrass stalk"", ""in_box"": 1}, {""name"": ""coriander"", ""label"": ""Coriander (5g)"", ""in_box"": 1}, {""name"": ""black sesame seeds"", ""label"": ""Black sesame seeds (5g)"", ""in_box"": 1}, {""name"": ""butternut squash cubes"", ""label"": ""Butternut squash cubes (160g)"", ""in_box"": 1}, {""name"": ""red onion"", ""label"": ""Red onion"", ""in_box"": 1}, {""name"": ""sweet pea pods"", ""label"": ""Sweet pea pods (80g)"", ""in_box"": 1}]"
2026-07-07,2026-06-19,c0a59b60-2917-4db5-a687-b1482af55409,2328,Sticky Beef & Tenderstem Broccoli Noodle Stir-Fry,False,0.0,312,624,37.4,23.3,9.3,66.3,9.7,3.7,3.42,200,12.0,7.5,3.0,21.3,3.1,1.2,1.1,2,30,full-prep,spicy,Global Kitchen,Dairy Free,4.21,45951,True,"[{""name"": ""cornflour"", ""label"": ""Cornflour (1tsp)"", ""in_box"": 1}, {""name"": ""beef mince"", ""label"": ""Beef mince (250g)"", ""in_box"": 1}, {""name"": ""medium egg noodle nests"", ""label"": ""Medium egg noodle nests (2pcs)"", ""in_box"": 1}, {""name"": ""spring onion"", ""label"": ""Spring onion x2"", ""in_box"": 2}, {""name"": ""red chilli"", ""label"": ""Red chilli"", ""in_box"": 1}, {""name"": ""Tenderstem broccoli"", ""label"": ""Tenderstem broccoli (80g)"", ""in_box"": 1}, {""name"": ""five-spice mix"", ""label"": ""Five-spice mix (1tsp)"", ""in_box"": 1}, {""name"": ""garlic clove"", ""label"": ""Garlic clove x2"", ""in_box"": 2}, {""name"": ""fresh root ginger"", ""label"": ""Fresh root ginger (15g)"", ""in_box"": 1}, {""name"": ""toasted sesame seeds"", ""label"": ""Toasted sesame seeds (5g)"", ""in_box"": 1}, {""name"": ""hoisin sauce"", ""label"": ""Hoisin sauce (40g)"", ""in_box"": 1}, {""name"": ""rice vinegar"", ""label"": ""Rice vinegar (15ml)"", ""in_box"": 1}, {""name"": ""soy sauce"", ""label"": ""Soy sauce (30ml)"", ""in_box"": 1}]"
2026-07-07,2026-06-19,24b47242-ccd5-4c89-be8c-d5e408ff8c1a,6377,Sticky Nam Jim Pork & Orange Udon Noodles,False,0.0,472,559,33.8,14.0,4.8,74.6,16.2,2.1,2.58,118,7.2,3.0,1.0,15.8,3.4,0.4,0.55,1,25,full-prep,spicy,20 minute meals,Dairy Free,4.09,4260,True,"[{""name"": ""fish sauce"", ""label"": ""Fish sauce (8ml)"", ""in_box"": 1}, {""name"": ""dried chilli flakes"", ""label"": ""Dried chilli flakes (0.5tsp)"", ""in_box"": 1}, {""name"": ""spring onion"", ""label"": ""Spring onion"", ""in_box"": 1}, {""name"": ""soy sauce"", ""label"": ""Soy sauce (8ml)"", ""in_box"": 1}, {""name"": ""Thai basil"", ""label"": ""Thai basil (5g)"", ""in_box"": 1}, {""name"": ""pork mince"", ""label"": ""Pork mince (250g)"", ""in_box"": 1}, {""name"": ""garlic clove"", ""label"": ""Garlic clove"", ""in_box"": 1}, {""name"": ""toasted sesame seeds"", ""label"": ""Toasted sesame seeds (5g)"", ""in_box"": 1}, {""name"": ""udon noodles"", ""label"": ""Udon noodles (200g) x2"", ""in_box"": 2}, {""name"": ""spinach"", ""label"": ""Spinach (80g)"", ""in_box"": 1}, {""name"": ""orange"", ""label"": ""Orange"", ""in_box"": 1}, {""name"": ""tamarind paste"", ""label"": ""Tamarind paste (15g)"", ""in_box"": 1}, {""name"": ""honey"", ""label"": ""Honey (25g)"", ""in_box"": 1}]"
2026-07-07,2026-06-19,6eea08b5-e3bc-4aec-a812-375b1131bbbe,2842,Sticky Orange Chicken With Rice,False,0.0,426,457,33.4,7.8,1.5,62.8,7.1,3.3,2.86,107,7.8,1.8,0.4,14.7,1.7,0.8,0.67,1,10,full-prep,no spice,10-Minute,Dairy Free,4.06,15893,True,"[{""name"": ""cooked white long grain rice"", ""label"": ""Cooked white long grain rice (280g)"", ""in_box"": 1}, {""name"": ""diced chicken breast"", ""label"": ""Diced chicken breast (250g)"", ""in_box"": 1}, {""name"": ""cornflour"", ""label"": ""Cornflour (4tbsp)"", ""in_box"": 1}, {""name"": ""ginger & garlic paste"", ""label"": ""Ginger & garlic paste (15g)"", ""in_box"": 1}, {""name"": ""rice vinegar"", ""label"": ""Rice vinegar (15ml)"", ""in_box"": 1}, {""name"": ""soy sauce"", ""label"": ""Soy sauce (30ml)"", ""in_box"": 1}, {""name"": ""sweet pointed pepper"", ""label"": ""Sweet pointed pepper"", ""in_box"": 1}, {""name"": ""orange"", ""label"": ""Orange"", ""in_box"": 1}]"
2026-07-07,2026-06-19,b6482428-aca6-48a9-bcf7-bbad4ad86601,5051,Sticky Tamarind Pork & Noodle Broth,False,0.0,342,654,35.5,22.7,7.4,75.9,18.0,2.6,2.83,191,10.4,6.6,2.2,22.2,5.3,0.8,0.83,1,10,full-prep,spicy,10-Minute,Dairy Free,4.35,3934,True,"[{""name"": ""medium egg noodle nests"", ""label"": ""Medium egg noodle nests (2pcs)"", ""in_box"": 1}, {""name"": ""spring onion"", ""label"": ""Spring onion"", ""in_box"": 1}, {""name"": ""sriracha hot chilli sauce"", ""label"": ""Sriracha hot chilli sauce (8ml)"", ""in_box"": 1}, {""name"": ""pork mince"", ""label"": ""Pork mince (250g)"", ""in_box"": 1}, {""name"": ""tomato"", ""label"": ""Tomato"", ""in_box"": 1}, {""name"": ""toasted sesame oil"", ""label"": ""Toasted sesame oil (10ml)"", ""in_box"": 1}, {""name"": ""crispy onions"", ""label"": ""Crispy onions (15g)"", ""in_box"": 1}, {""name"": ""ginger & garlic paste"", ""label"": ""Ginger & garlic paste (15g)"", ""in_box"": 1}, {""name"": ""chicken stock mix"", ""label"": ""Chicken stock mix (5.5g)"", ""in_box"": 1}, {""name"": ""Chinese rice wine"", ""label"": ""Chinese rice wine (15ml)"", ""in_box"": 1}, {""name"": ""soy sauce"", ""label"": ""Soy sauce (15ml)"", ""in_box"": 1}, {""name"": ""tamarind paste"", ""label"": ""Tamarind paste (15g)"", ""in_box"": 1}, {""name"": ""honey"", ""label"": ""Honey (25g)"", ""in_box"": 1}, {""name"": ""sweet pea pods"", ""label"": ""Sweet pea pods (80g)"", ""in_box"": 1}]"
2026-07-07,2026-06-19,3fec6678-ea8e-4038-9e1e-ac2308a4ebe3,5733,Sumac-Crusted Basa With Cannellini Bean & Harissa Stew,False,0.0,420,368,32.6,7.4,3.0,37.9,8.4,11.9,2.05,87,7.8,1.8,0.7,9.0,2.0,2.8,0.49,2,35,full-prep,mild,Fibre Fix,,4.19,519,True,"[{""name"": ""ground sumac"", ""label"": ""Ground sumac (1tsp)"", ""in_box"": 1}, {""name"": ""basa fillets"", ""label"": ""Basa fillets (2pcs)"", ""in_box"": 1}, {""name"": ""panko breadcrumbs"", ""label"": ""Panko breadcrumbs (20g)"", ""in_box"": 1}, {""name"": ""intense vegetable stock mix"", ""label"": ""Intense vegetable stock mix (5.5g)"", ""in_box"": 1}, {""name"": ""cannellini beans"", ""label"": ""Cannellini beans (390g)"", ""in_box"": 1}, {""name"": ""garlic clove"", ""label"": ""Garlic clove"", ""in_box"": 1}, {""name"": ""tomato"", ""label"": ""Tomato x2"", ""in_box"": 2}, {""name"": ""shallot"", ""label"": ""Shallot"", ""in_box"": 1}, {""name"": ""Italian hard cheese"", ""label"": ""Italian hard cheese (20g)"", ""in_box"": 1}, {""name"": ""tomato paste"", ""label"": ""Tomato paste (16g)"", ""in_box"": 1}, {""name"": ""harissa paste"", ""label"": ""Harissa paste (40g)"", ""in_box"": 1}, {""name"": ""white potato"", ""label"": ""White potato"", ""in_box"": 1}]"
2026-07-07,2026-06-19,aa897613-f7f7-42e6-82cf-88acbebc4600,2802,Super Green Chicken & Spinach Orzo,False,0.0,422,595,46.8,18.5,10.1,60.1,6.6,4.6,1.23,141,11.1,4.4,2.4,14.2,1.6,1.1,0.29,2,30,full-prep,no spice,Protein Hit,,4.21,7501,True,"[{""name"": ""chicken stock mix"", ""label"": ""Chicken stock mix (5.5g)"", ""in_box"": 1}, {""name"": ""dried oregano"", ""label"": ""Dried oregano (1tsp)"", ""in_box"": 1}, {""name"": ""chicken breast portions"", ""label"": ""Chicken breast portions (2pcs)"", ""in_box"": 1}, {""name"": ""cheddar cheese"", ""label"": ""Cheddar cheese (40g)"", ""in_box"": 1}, {""name"": ""garlic clove"", ""label"": ""Garlic clove x2"", ""in_box"": 2}, {""name"": ""tomato"", ""label"": ""Tomato"", ""in_box"": 1}, {""name"": ""soft cheese"", ""label"": ""Soft cheese (50g)"", ""in_box"": 1}, {""name"": ""spinach"", ""label"": ""Spinach (120g)"", ""in_box"": 1}, {""name"": ""cherry tomatoes"", ""label"": ""Cherry tomatoes (125g)"", ""in_box"": 1}, {""name"": ""orzo"", ""label"": ""Orzo (150g)"", ""in_box"": 1}]"
2026-07-07,2026-06-19,24cfa0c2-72db-4ab1-b810-9f3b652fa524,2085,Sweet & Sour Chicken With Rice,False,0.0,394,563,35.0,4.2,1.2,97.5,22.9,3.7,2.86,142,8.9,1.1,0.3,24.7,5.8,0.9,0.72,1,40,full-prep,mild,Takeaway Night,Dairy Free,4.34,63696,True,"[{""name"": ""white long grain rice"", ""label"": ""White long grain rice (130g)"", ""in_box"": 1}, {""name"": ""chicken breast strips"", ""label"": ""Chicken breast strips (250g)"", ""in_box"": 1}, {""name"": ""yellow pepper"", ""label"": ""Yellow pepper"", ""in_box"": 1}, {""name"": ""spring onion"", ""label"": ""Spring onion"", ""in_box"": 1}, {""name"": ""tomato ketchup"", ""label"": ""Tomato ketchup (15ml)"", ""in_box"": 1}, {""name"": ""cornflour"", ""label"": ""Cornflour (4tbsp)"", ""in_box"": 1}, {""name"": ""garlic clove"", ""label"": ""Garlic clove x2"", ""in_box"": 2}, {""name"": ""fresh root ginger"", ""label"": ""Fresh root ginger (15g)"", ""in_box"": 1}, {""name"": ""brown onion"", ""label"": ""Brown onion"", ""in_box"": 1}, {""name"": ""red chilli relish"", ""label"": ""Red chilli relish (25g)"", ""in_box"": 1}, {""name"": ""Chinese rice wine"", ""label"": ""Chinese rice wine (15ml)"", ""in_box"": 1}, {""name"": ""rice vinegar"", ""label"": ""Rice vinegar (15ml)"", ""in_box"": 1}, {""name"": ""soy sauce"", ""label"": ""Soy sauce (30ml)"", ""in_box"": 1}, {""name"": ""honey"", ""label"": ""Honey (25g)"", ""in_box"": 1}]"
2026-07-07,2026-06-19,5d57f787-a7ac-4b15-897b-3a4b14df03d3,5991,Sweet 'N' Smoky BBQ Chicken Fajitas,False,0.0,,633,45.4,20.4,,68.4,,6.8,1.13,,,,,,,,,2,25,full-prep,mild,20 minute meals,,4.27,11357,True,
2026-07-07,2026-06-19,88707239-85d5-4488-992e-bc33ea779b3b,16531,Sweet Pepper & Tomato Sauce With Fresh Tagliatelle & A Chicken Breast,True,1.5,431,597,45.2,9.6,4.5,81.8,9.2,4.8,1.69,138,10.5,2.2,1.0,19.0,2.1,1.1,0.39,2,25,full-prep,no spice,20 minute meals,,4.11,37,True,"[{""name"": ""dried oregano"", ""label"": ""Dried oregano (1tsp)"", ""in_box"": 1}, {""name"": ""chicken breast portions"", ""label"": ""Chicken breast portions (2pcs)"", ""in_box"": 1}, {""name"": ""finely chopped tomatoes"", ""label"": ""Finely chopped tomatoes (200g)"", ""in_box"": 1}, {""name"": ""fresh tagliatelle"", ""label"": ""Fresh tagliatelle (250g)"", ""in_box"": 1}, {""name"": ""intense vegetable stock mix"", ""label"": ""Intense vegetable stock mix (5.5g)"", ""in_box"": 1}, {""name"": ""garlic clove"", ""label"": ""Garlic clove"", ""in_box"": 1}, {""name"": ""basil"", ""label"": ""Basil (5g)"", ""in_box"": 1}, {""name"": ""grated Italian hard cheese"", ""label"": ""Grated Italian hard cheese (30g)"", ""in_box"": 1}, {""name"": ""sweet pointed pepper"", ""label"": ""Sweet pointed pepper"", ""in_box"": 1}, {""name"": ""balsamic vinegar"", ""label"": ""Balsamic vinegar (15ml)"", ""in_box"": 1}]"
2026-07-07,2026-06-19,08495753-837e-45d7-9477-3f4ed453a0ca,739,Sweet Potato & Spinach Curry With Lemon Rice,False,0.0,532,567,13.1,11.3,8.5,102.4,20.2,11.5,2.06,106,2.5,2.1,1.6,19.3,3.8,2.2,0.39,5,40,full-prep,mild,Global Kitchen,Vegan; Vegetarian; Dairy Free; Gluten Free,4.21,13978,True,"[{""name"": ""solid creamed coconut"", ""label"": ""Solid creamed coconut (25g)"", ""in_box"": 1}, {""name"": ""white basmati rice"", ""label"": ""White basmati rice (130g)"", ""in_box"": 1}, {""name"": ""ground paprika"", ""label"": ""Ground paprika (1tsp)"", ""in_box"": 1}, {""name"": ""intense vegetable stock mix"", ""label"": ""Intense vegetable stock mix (5.5g)"", ""in_box"": 1}, {""name"": ""curry powder"", ""label"": ""Curry powder (1tbsp)"", ""in_box"": 1}, {""name"": ""garlic clove"", ""label"": ""Garlic clove x2"", ""in_box"": 2}, {""name"": ""tomato"", ""label"": ""Tomato x2"", ""in_box"": 2}, {""name"": ""brown onion"", ""label"": ""Brown onion"", ""in_box"": 1}, {""name"": ""lemon"", ""label"": ""Lemon"", ""in_box"": 1}, {""name"": ""spinach"", ""label"": ""Spinach (120g)"", ""in_box"": 1}, {""name"": ""sweet potato"", ""label"": ""Sweet potato x2"", ""in_box"": 2}]"
2026-07-07,2026-06-19,2e3b0db9-62a9-4675-b807-575dfd6eda96,5380,"Sweetcorn-Based Pizza With Chorizo, Chilli Oil & Salad",False,0.0,384,812,35.1,36.9,14.2,83.8,10.2,6.7,3.81,211,9.1,9.6,3.7,21.8,2.7,1.8,0.99,1,40,full-prep,spicy,Modern Bistro,,4.11,855,True,"[{""name"": ""dried chilli flakes"", ""label"": ""Dried chilli flakes (0.5tsp)"", ""in_box"": 1}, {""name"": ""flame-baked pizza bases"", ""label"": ""Flame-baked pizza bases (2pcs)"", ""in_box"": 1}, {""name"": ""spring onion"", ""label"": ""Spring onion"", ""in_box"": 1}, {""name"": ""Sweetcorn"", ""label"": ""Sweetcorn (150g)"", ""in_box"": 1}, {""name"": ""diced chorizo"", ""label"": ""Diced chorizo (100g)"", ""in_box"": 1}, {""name"": ""garlic clove"", ""label"": ""Garlic clove"", ""in_box"": 1}, {""name"": ""mozzarella"", ""label"": ""Mozzarella (125g)"", ""in_box"": 1}, {""name"": ""coriander"", ""label"": ""Coriander (5g)"", ""in_box"": 1}, {""name"": ""chicken stock mix"", ""label"": ""Chicken stock mix (5.5g)"", ""in_box"": 1}, {""name"": ""rocket"", ""label"": ""Rocket (50g)"", ""in_box"": 1}, {""name"": ""balsamic vinegar"", ""label"": ""Balsamic vinegar (15ml)"", ""in_box"": 1}]"
2026-07-07,2026-06-19,46e794ad-3087-404a-ad14-6c36e233b957,3848,Tabbouleh-Style Spiced Squash Salad,False,0.0,417,474,18.1,12.9,7.4,75.3,18.4,7.8,2.1,113,4.4,3.1,1.8,18.1,4.4,1.9,0.5,3,40,full-prep,mild,Global Kitchen,Vegetarian,4.18,1757,True,"[{""name"": ""Greek salad cheese"", ""label"": ""Greek salad cheese (100g)"", ""in_box"": 1}, {""name"": ""ras el hanout"", ""label"": ""Ras el hanout (1tbsp)"", ""in_box"": 1}, {""name"": ""lemon"", ""label"": ""Lemon"", ""in_box"": 1}, {""name"": ""vegetable stock mix"", ""label"": ""Vegetable stock mix (5.5g)"", ""in_box"": 1}, {""name"": ""cucumber"", ""label"": ""Cucumber (0.5pcs)"", ""in_box"": 1}, {""name"": ""parsley"", ""label"": ""Parsley (10g)"", ""in_box"": 1}, {""name"": ""butternut squash cubes"", ""label"": ""Butternut squash cubes (160g)"", ""in_box"": 1}, {""name"": ""cherry tomatoes"", ""label"": ""Cherry tomatoes (125g)"", ""in_box"": 1}, {""name"": ""bulgur wheat"", ""label"": ""Bulgur wheat (130g)"", ""in_box"": 1}, {""name"": ""honey"", ""label"": ""Honey (25g)"", ""in_box"": 1}]"
2026-07-07,2026-06-19,a70330b3-3520-40b2-b12d-4d8ebce19166,5732,Taiwanese-Style Chicken Breast Stir-Fry & Sticky Rice,True,0.5,359,547,35.8,14.6,2.8,66.6,2.3,1.1,2.75,152,10.0,4.1,0.8,18.5,0.6,0.3,0.77,1,35,full-prep,spicy,Global Kitchen,Dairy Free,4.35,3261,True,"[{""name"": ""dried chilli flakes"", ""label"": ""Dried chilli flakes (0.5tsp)"", ""in_box"": 1}, {""name"": ""sushi rice"", ""label"": ""Sushi rice (150g)"", ""in_box"": 1}, {""name"": ""diced chicken breast"", ""label"": ""Diced chicken breast (250g)"", ""in_box"": 1}, {""name"": ""Thai basil"", ""label"": ""Thai basil (5g) x2"", ""in_box"": 2}, {""name"": ""toasted sesame oil"", ""label"": ""Toasted sesame oil (20ml)"", ""in_box"": 1}, {""name"": ""garlic clove"", ""label"": ""Garlic clove x2"", ""in_box"": 2}, {""name"": ""fresh root ginger"", ""label"": ""Fresh root ginger (15g)"", ""in_box"": 1}, {""name"": ""Chinese rice wine"", ""label"": ""Chinese rice wine (30ml)"", ""in_box"": 1}, {""name"": ""pak choi"", ""label"": ""Pak choi (200g)"", ""in_box"": 1}, {""name"": ""soy sauce"", ""label"": ""Soy sauce (30ml)"", ""in_box"": 1}]"
2026-07-07,2026-06-19,514d183e-4d36-4cf0-83c1-b89ec9cc8cc4,5476,Tamarind-Glazed Aubergine With Green Bean Sambal,False,0.0,444,504,12.8,12.0,4.7,86.6,21.1,8.0,0.38,113,2.9,2.7,1.1,19.5,4.8,1.8,0.08,3,50,full-prep,spicy,Global Kitchen,Vegan; Vegetarian; Dairy Free; Gluten Free,4.14,222,True,"[{""name"": ""cultured coconut"", ""label"": ""Cultured coconut (80g)"", ""in_box"": 1}, {""name"": ""sushi rice"", ""label"": ""Sushi rice (150g)"", ""in_box"": 1}, {""name"": ""red chilli"", ""label"": ""Red chilli"", ""in_box"": 1}, {""name"": ""tomato paste"", ""label"": ""Tomato paste (32g)"", ""in_box"": 1}, {""name"": ""garlic clove"", ""label"": ""Garlic clove"", ""in_box"": 1}, {""name"": ""shallot"", ""label"": ""Shallot"", ""in_box"": 1}, {""name"": ""coriander"", ""label"": ""Coriander (5g)"", ""in_box"": 1}, {""name"": ""fine green beans"", ""label"": ""Fine green beans (160g)"", ""in_box"": 1}, {""name"": ""lime"", ""label"": ""Lime"", ""in_box"": 1}, {""name"": ""roasted peanuts"", ""label"": ""Roasted peanuts (25g)"", ""in_box"": 1}, {""name"": ""aubergine"", ""label"": ""Aubergine"", ""in_box"": 1}, {""name"": ""agave nectar"", ""label"": ""Agave nectar (25g)"", ""in_box"": 1}, {""name"": ""tamarind paste"", ""label"": ""Tamarind paste (15g)"", ""in_box"": 1}]"
2026-07-07,2026-06-19,00e84dbf-54f9-4933-b146-4317194d54e4,16711,Tandoori Vegetable Biryani,True,1.0,,621,19.7,23.9,,71.7,,19.7,2.47,,,,,,,,,2,7,heat-only,mild,Heat & Eat,Vegan; Vegetarian,0,0,True,
2026-07-07,2026-06-19,96d96757-0a5a-4b12-8223-b5c3d8697470,4039,"Tandoori-Style Paneer, Mint Raita And Kachumber Salad",False,0.0,407,579,27.6,22.9,13.1,62.9,13.7,3.8,1.62,142,6.8,5.6,3.2,15.4,3.4,0.9,0.4,2,25,full-prep,spicy,20 minute meals,Vegetarian; Gluten Free,4.37,8639,True,"[{""name"": ""dried chilli flakes"", ""label"": ""Dried chilli flakes (0.5tsp)"", ""in_box"": 1}, {""name"": ""white basmati rice"", ""label"": ""White basmati rice (130g)"", ""in_box"": 1}, {""name"": ""curry powder"", ""label"": ""Curry powder (1tbsp)"", ""in_box"": 1}, {""name"": ""tomato"", ""label"": ""Tomato x2"", ""in_box"": 2}, {""name"": ""shallot"", ""label"": ""Shallot"", ""in_box"": 1}, {""name"": ""natural yoghurt"", ""label"": ""Natural yoghurt (80g)"", ""in_box"": 1}, {""name"": ""paneer"", ""label"": ""Paneer (200g)"", ""in_box"": 1}, {""name"": ""mint sauce"", ""label"": ""Mint sauce (20g)"", ""in_box"": 1}, {""name"": ""cucumber"", ""label"": ""Cucumber (0.5pcs)"", ""in_box"": 1}, {""name"": ""black sesame seeds"", ""label"": ""Black sesame seeds (5g)"", ""in_box"": 1}]"
2026-07-07,2026-06-19,44658624-6fc9-4300-a3b2-fbe4da507292,12147,Tangy Tomato Double Basa With Cheesy Orzo,True,1.5,443,520,53.6,6.6,3.3,59.4,6.8,4.5,1.57,117,12.1,1.5,0.7,13.4,1.5,1.0,0.35,2,30,full-prep,no spice,Modern Bistro,,4,11,True,"[{""name"": ""basa fillets"", ""label"": ""Basa fillets (2pcs) x2"", ""in_box"": 2}, {""name"": ""intense vegetable stock mix"", ""label"": ""Intense vegetable stock mix (5.5g)"", ""in_box"": 1}, {""name"": ""dried thyme"", ""label"": ""Dried thyme (0.5tsp)"", ""in_box"": 1}, {""name"": ""garlic clove"", ""label"": ""Garlic clove x3"", ""in_box"": 3}, {""name"": ""tomato"", ""label"": ""Tomato x2"", ""in_box"": 2}, {""name"": ""Italian hard cheese"", ""label"": ""Italian hard cheese (20g)"", ""in_box"": 1}, {""name"": ""tomato paste"", ""label"": ""Tomato paste (16g)"", ""in_box"": 1}, {""name"": ""spinach"", ""label"": ""Spinach (80g)"", ""in_box"": 1}, {""name"": ""white wine vinegar"", ""label"": ""White wine vinegar (15ml)"", ""in_box"": 1}, {""name"": ""orzo"", ""label"": ""Orzo (150g)"", ""in_box"": 1}]"
2026-07-07,2026-06-19,253dee55-8457-4317-baa5-3e80f470992a,7458,Thai Green Chicken Curry With Brown Rice,False,0.0,350,522,36.0,16.1,9.6,60.1,8.2,6.4,2.18,149,10.3,4.6,2.7,17.2,2.4,1.8,0.62,2,35,full-prep,mild,Calorie Controlled,Dairy Free; Gluten Free,4.26,4159,True,"[{""name"": ""brown long grain rice"", ""label"": ""Brown long grain rice (130g)"", ""in_box"": 1}, {""name"": ""chicken breast strips"", ""label"": ""Chicken breast strips (250g)"", ""in_box"": 1}, {""name"": ""red pepper"", ""label"": ""Red pepper"", ""in_box"": 1}, {""name"": ""solid creamed coconut"", ""label"": ""Solid creamed coconut (25g)"", ""in_box"": 1}, {""name"": ""intense chicken stock mix"", ""label"": ""Intense chicken stock mix (5.5g)"", ""in_box"": 1}, {""name"": ""shallot"", ""label"": ""Shallot"", ""in_box"": 1}, {""name"": ""Thai green curry paste"", ""label"": ""Thai green curry paste (40g)"", ""in_box"": 1}, {""name"": ""ginger & garlic paste"", ""label"": ""Ginger & garlic paste (15g)"", ""in_box"": 1}, {""name"": ""spinach"", ""label"": ""Spinach (80g)"", ""in_box"": 1}]"
2026-07-07,2026-06-19,49240dfb-11fa-4160-8927-5e509d360953,16675,Thai Red Chicken Curry With Jasmine Rice,True,2.0,394,421,28.4,14.6,7.1,41.8,11.0,5.9,2.32,106,7.2,3.7,1.8,10.6,2.8,1.5,0.59,2,7,heat-only,mild,Heat & Eat,,0,0,True,"[{""name"": ""thai red chicken curry with jasmine rice"", ""label"": ""Thai red chicken curry with jasmine rice (420g) x2"", ""in_box"": 2}]"
2026-07-07,2026-06-19,f79d64e2-c471-4bcc-b9d5-9eeed9f80aa6,13319,Thai Red Chicken Thigh & Pepper Curry With Lemongrass Rice,False,0.0,373,700,32.0,31.4,19.5,69.6,10.3,7.5,2.29,187,8.6,8.4,5.2,18.7,2.7,2.0,0.61,1,30,full-prep,spicy,Classic Fakeaways,Dairy Free,4.44,571,True,"[{""name"": ""solid creamed coconut"", ""label"": ""Solid creamed coconut (50g)"", ""in_box"": 1}, {""name"": ""red pepper"", ""label"": ""Red pepper"", ""in_box"": 1}, {""name"": ""red chilli"", ""label"": ""Red chilli"", ""in_box"": 1}, {""name"": ""diced chicken thigh"", ""label"": ""Diced chicken thigh (250g)"", ""in_box"": 1}, {""name"": ""Thai basil"", ""label"": ""Thai basil (5g)"", ""in_box"": 1}, {""name"": ""fresh lemongrass stalk"", ""label"": ""Fresh lemongrass stalk"", ""in_box"": 1}, {""name"": ""brown onion"", ""label"": ""Brown onion"", ""in_box"": 1}, {""name"": ""white long grain rice"", ""label"": ""White long grain rice (130g)"", ""in_box"": 1}, {""name"": ""ginger & garlic paste"", ""label"": ""Ginger & garlic paste (15g)"", ""in_box"": 1}, {""name"": ""red Thai curry paste"", ""label"": ""Red Thai curry paste (40g)"", ""in_box"": 1}, {""name"": ""soy sauce"", ""label"": ""Soy sauce (15ml)"", ""in_box"": 1}]"
2026-07-07,2026-06-19,034c76cb-629f-46f5-89fd-1f205a3e99d1,888,Thai-Style Aubergine Curry With Lemongrass Rice,False,0.0,380,554,12.8,25.7,17.6,68.8,9.5,9.6,2.2,145,3.4,6.7,4.6,18.1,2.5,2.5,0.58,2,35,full-prep,spicy,Global Kitchen,Vegan; Vegetarian; Dairy Free,4.38,20278,True,"[{""name"": ""white long grain rice"", ""label"": ""White long grain rice (130g)"", ""in_box"": 1}, {""name"": ""solid creamed coconut"", ""label"": ""Solid creamed coconut (50g)"", ""in_box"": 1}, {""name"": ""red chilli"", ""label"": ""Red chilli"", ""in_box"": 1}, {""name"": ""fresh root ginger"", ""label"": ""Fresh root ginger (15g)"", ""in_box"": 1}, {""name"": ""coriander"", ""label"": ""Coriander (10g)"", ""in_box"": 1}, {""name"": ""fresh lemongrass stalk"", ""label"": ""Fresh lemongrass stalk"", ""in_box"": 1}, {""name"": ""red Thai curry paste"", ""label"": ""Red Thai curry paste (40g)"", ""in_box"": 1}, {""name"": ""soy sauce"", ""label"": ""Soy sauce (15ml)"", ""in_box"": 1}, {""name"": ""sweet pointed pepper"", ""label"": ""Sweet pointed pepper"", ""in_box"": 1}, {""name"": ""lime"", ""label"": ""Lime"", ""in_box"": 1}, {""name"": ""roasted peanuts"", ""label"": ""Roasted peanuts (25g)"", ""in_box"": 1}, {""name"": ""aubergine"", ""label"": ""Aubergine"", ""in_box"": 1}]"
2026-07-07,2026-06-19,3ffcf317-95e9-4a7f-8de0-6a3bf773a13e,4553,Thai-Style Sweet Chilli Crispy Basa With Sticky Coconut Rice,False,0.0,372,653,29.7,14.7,10.5,99.8,17.5,7.6,0.28,175,8.0,3.9,2.8,26.8,4.7,2.0,0.07,1,35,full-prep,spicy,Global Kitchen,Dairy Free,4.24,1152,True,"[{""name"": ""solid creamed coconut"", ""label"": ""Solid creamed coconut (25g)"", ""in_box"": 1}, {""name"": ""sushi rice"", ""label"": ""Sushi rice (150g)"", ""in_box"": 1}, {""name"": ""sriracha hot chilli sauce"", ""label"": ""Sriracha hot chilli sauce (8ml)"", ""in_box"": 1}, {""name"": ""basa fillets"", ""label"": ""Basa fillets (2pcs)"", ""in_box"": 1}, {""name"": ""cornflour"", ""label"": ""Cornflour (4tbsp)"", ""in_box"": 1}, {""name"": ""fresh root ginger"", ""label"": ""Fresh root ginger (15g)"", ""in_box"": 1}, {""name"": ""red chilli relish"", ""label"": ""Red chilli relish (40g)"", ""in_box"": 1}, {""name"": ""blanched peas"", ""label"": ""Blanched peas (160g)"", ""in_box"": 1}, {""name"": ""crispy onions"", ""label"": ""Crispy onions (15g)"", ""in_box"": 1}, {""name"": ""lime"", ""label"": ""Lime"", ""in_box"": 1}]"
2026-07-07,2026-06-19,82a151e8-40a3-4dc0-9fdd-971264e3607e,7332,"Thai-Style Sweetcorn Fritters, Coconut Rice & Sweet Chilli Sauce",False,0.0,372,609,14.6,19.6,9.6,90.1,21.3,7.5,2.25,163,3.9,5.3,2.6,24.2,5.7,2.0,0.6,2,30,full-prep,spicy,Global Kitchen,Vegan; Vegetarian; Dairy Free,4.35,1927,True,"[{""name"": ""solid creamed coconut"", ""label"": ""Solid creamed coconut (25g)"", ""in_box"": 1}, {""name"": ""dried chilli flakes"", ""label"": ""Dried chilli flakes (0.5tsp)"", ""in_box"": 1}, {""name"": ""white basmati rice"", ""label"": ""White basmati rice (130g)"", ""in_box"": 1}, {""name"": ""spring onion"", ""label"": ""Spring onion"", ""in_box"": 1}, {""name"": ""Sweetcorn"", ""label"": ""Sweetcorn (150g)"", ""in_box"": 1}, {""name"": ""cornflour"", ""label"": ""Cornflour (4tbsp)"", ""in_box"": 1}, {""name"": ""red chilli relish"", ""label"": ""Red chilli relish (40g)"", ""in_box"": 1}, {""name"": ""Thai green curry paste"", ""label"": ""Thai green curry paste (40g)"", ""in_box"": 1}, {""name"": ""cucumber"", ""label"": ""Cucumber (0.5pcs)"", ""in_box"": 1}, {""name"": ""coriander"", ""label"": ""Coriander (5g)"", ""in_box"": 1}, {""name"": ""soy sauce"", ""label"": ""Soy sauce (15ml)"", ""in_box"": 1}, {""name"": ""lime"", ""label"": ""Lime"", ""in_box"": 1}, {""name"": ""roasted peanuts"", ""label"": ""Roasted peanuts (25g)"", ""in_box"": 1}]"
2026-07-07,2026-06-19,b00aeda9-87fe-4366-9ad7-2f665f88a90a,13553,"The Ultimate Bacon Wrapped Hunters Chicken With Mash, Greens & Gravy",True,3.5,618,729,76.5,25.6,9.6,50.6,16.6,7.1,2.75,117,12.4,4.1,1.5,8.2,2.7,1.2,0.44,1,50,full-prep,mild,Gastropub,,4.41,94,True,"[{""name"": ""BBQ sauce"", ""label"": ""BBQ sauce (40g)"", ""in_box"": 1}, {""name"": ""chicken breast joint"", ""label"": ""Chicken breast joint x2"", ""in_box"": 2}, {""name"": ""tomato ketchup"", ""label"": ""Tomato ketchup (30ml)"", ""in_box"": 1}, {""name"": ""ground smoked paprika"", ""label"": ""Ground smoked paprika (1tsp)"", ""in_box"": 1}, {""name"": ""cheddar cheese"", ""label"": ""Cheddar cheese (40g)"", ""in_box"": 1}, {""name"": ""garlic clove"", ""label"": ""Garlic clove"", ""in_box"": 1}, {""name"": ""smoked streaky bacon"", ""label"": ""Smoked streaky bacon (45g)"", ""in_box"": 1}, {""name"": ""gravy base"", ""label"": ""Gravy base (14g)"", ""in_box"": 1}, {""name"": ""fine green beans"", ""label"": ""Fine green beans (160g)"", ""in_box"": 1}, {""name"": ""white potato"", ""label"": ""White potato x3"", ""in_box"": 3}]"
2026-07-07,2026-06-19,8ac26012-15f9-4cec-986a-a5c3328ca377,14260,The Ultimate Duck Chow Mein,True,3.0,422,678,33.6,26.0,7.0,79.3,22.6,7.2,3.65,160,8.0,6.2,1.6,18.8,5.3,1.7,0.86,2,30,full-prep,mild,Ultimate Fakeaway,Dairy Free,4.41,192,True,"[{""name"": ""red pepper"", ""label"": ""Red pepper"", ""in_box"": 1}, {""name"": ""medium egg noodle nests"", ""label"": ""Medium egg noodle nests (2pcs)"", ""in_box"": 1}, {""name"": ""spring onion"", ""label"": ""Spring onion"", ""in_box"": 1}, {""name"": ""duck breast portions"", ""label"": ""Duck breast portions (2pcs)"", ""in_box"": 1}, {""name"": ""five-spice mix"", ""label"": ""Five-spice mix (1tsp)"", ""in_box"": 1}, {""name"": ""garlic clove"", ""label"": ""Garlic clove x3"", ""in_box"": 3}, {""name"": ""brown onion"", ""label"": ""Brown onion"", ""in_box"": 1}, {""name"": ""hoisin sauce"", ""label"": ""Hoisin sauce (40g)"", ""in_box"": 1}, {""name"": ""ginger paste"", ""label"": ""Ginger paste (15g)"", ""in_box"": 1}, {""name"": ""ketjap manis"", ""label"": ""Ketjap manis (20g)"", ""in_box"": 1}, {""name"": ""carrot"", ""label"": ""Carrot"", ""in_box"": 1}, {""name"": ""soy sauce"", ""label"": ""Soy sauce (15ml)"", ""in_box"": 1}]"
2026-07-07,2026-06-19,a5284f3f-5186-4dc3-ad28-5b72ad35502c,1520,Tomato & Goats' Cheese Gnocchi,False,0.0,398,433,18.9,10.3,6.4,64.4,7.3,5.3,1.82,108,4.7,2.6,1.6,16.2,1.8,1.3,0.46,2,10,full-prep,mild,10-Minute,Vegetarian,4.22,28772,True,"[{""name"": ""dried chilli flakes"", ""label"": ""Dried chilli flakes (0.5tsp)"", ""in_box"": 1}, {""name"": ""gnocchi"", ""label"": ""Gnocchi (350g)"", ""in_box"": 1}, {""name"": ""soft goats' cheese"", ""label"": ""Soft goats' cheese (75g)"", ""in_box"": 1}, {""name"": ""Chinese rice wine"", ""label"": ""Chinese rice wine (30ml)"", ""in_box"": 1}, {""name"": ""roasted garlic paste"", ""label"": ""Roasted garlic paste (15g)"", ""in_box"": 1}, {""name"": ""tomato paste"", ""label"": ""Tomato paste (16g)"", ""in_box"": 1}, {""name"": ""basil"", ""label"": ""Basil (10g)"", ""in_box"": 1}, {""name"": ""rocket"", ""label"": ""Rocket (50g)"", ""in_box"": 1}, {""name"": ""cherry tomatoes"", ""label"": ""Cherry tomatoes (250g)"", ""in_box"": 1}]"
2026-07-07,2026-06-19,e561b390-1f58-45c1-a3a3-7b38ce9533a7,4150,Tomato & Mozzarella Tortelloni With Pistachio Pesto,False,0.0,290,547,26.9,23.2,8.0,58.3,11.6,7.7,1.43,188,9.3,8.0,2.7,20.1,4.0,2.6,0.49,1,10,full-prep,no spice,Pasta Pronto,Vegetarian,4.09,20131,True,"[{""name"": ""garlic clove"", ""label"": ""Garlic clove"", ""in_box"": 1}, {""name"": ""tomato & mozzarella tortelloni"", ""label"": ""Tomato & mozzarella tortelloni (250g)"", ""in_box"": 1}, {""name"": ""blanched peas"", ""label"": ""Blanched peas (160g)"", ""in_box"": 1}, {""name"": ""lemon"", ""label"": ""Lemon"", ""in_box"": 1}, {""name"": ""grated Italian hard cheese"", ""label"": ""Grated Italian hard cheese (30g)"", ""in_box"": 1}, {""name"": ""basil"", ""label"": ""Basil (10g)"", ""in_box"": 1}, {""name"": ""pistachios"", ""label"": ""Pistachios (25g)"", ""in_box"": 1}]"
2026-07-07,2026-06-19,a3add138-d60b-4e16-969e-4437443337b5,6256,Tomatoey Pork Meatball Sandwich With Chips,False,0.0,482,601,39.7,17.1,7.0,73.1,6.1,7.0,2.09,124,8.2,3.6,1.4,15.2,1.3,1.4,0.43,2,45,full-prep,no spice,Family Kitchen,,4.43,17317,True,"[{""name"": ""dried oregano"", ""label"": ""Dried oregano (1tsp)"", ""in_box"": 1}, {""name"": ""tomato paste"", ""label"": ""Tomato paste (32g)"", ""in_box"": 1}, {""name"": ""pork mince"", ""label"": ""Pork mince (250g)"", ""in_box"": 1}, {""name"": ""ciabatta"", ""label"": ""Ciabatta x2"", ""in_box"": 2}, {""name"": ""intense chicken stock mix"", ""label"": ""Intense chicken stock mix (5.5g)"", ""in_box"": 1}, {""name"": ""garlic clove"", ""label"": ""Garlic clove"", ""in_box"": 1}, {""name"": ""tomato"", ""label"": ""Tomato"", ""in_box"": 1}, {""name"": ""shallot"", ""label"": ""Shallot"", ""in_box"": 1}, {""name"": ""Italian hard cheese"", ""label"": ""Italian hard cheese (20g)"", ""in_box"": 1}, {""name"": ""spinach"", ""label"": ""Spinach (80g)"", ""in_box"": 1}, {""name"": ""white potato"", ""label"": ""White potato x3"", ""in_box"": 3}]"
2026-07-07,2026-06-19,9bbfd5ef-b8c4-4885-841f-fe534fd7fa6b,8300,Tuna Melt Quesadillas With Chipotle Salsa,False,0.0,423,860,53.7,37.9,10.8,74.8,10.0,4.4,2.75,203,12.7,9.0,2.6,17.7,2.4,1.0,0.65,1,10,full-prep,spicy,10-Minute,,4.2,1318,True,"[{""name"": ""plain tortillas"", ""label"": ""Plain tortillas (4pcs)"", ""in_box"": 1}, {""name"": ""chipotle paste"", ""label"": ""Chipotle paste (40g)"", ""in_box"": 1}, {""name"": ""spring onion"", ""label"": ""Spring onion"", ""in_box"": 1}, {""name"": ""tomato ketchup"", ""label"": ""Tomato ketchup (15ml)"", ""in_box"": 1}, {""name"": ""ground smoked paprika"", ""label"": ""Ground smoked paprika (1tsp)"", ""in_box"": 1}, {""name"": ""mayonnaise"", ""label"": ""Mayonnaise (50ml)"", ""in_box"": 1}, {""name"": ""tuna chunks in spring water"", ""label"": ""Tuna chunks in spring water (145g) x2"", ""in_box"": 2}, {""name"": ""cheddar cheese"", ""label"": ""Cheddar cheese (40g)"", ""in_box"": 1}, {""name"": ""tomato"", ""label"": ""Tomato"", ""in_box"": 1}, {""name"": ""baby leaf salad"", ""label"": ""Baby leaf salad (50g)"", ""in_box"": 1}, {""name"": ""white wine vinegar"", ""label"": ""White wine vinegar (15ml)"", ""in_box"": 1}]"
2026-07-07,2026-06-19,b1b41a69-228e-48f0-96d8-f2699d1b2420,3409,Ultimate Salmon & King Prawn Fish Pie With Herby Garlic Butter,True,2.5,624,494,35.2,14.7,5.4,58.7,13.4,13.0,2.35,79,5.6,2.4,0.9,9.4,2.1,2.1,0.38,2,60,full-prep,no spice,Gastropub,Gluten Free,4.29,10471,True,"[{""name"": ""raw peeled king prawns"", ""label"": ""Raw peeled king prawns (171g)"", ""in_box"": 1}, {""name"": ""salmon flakes"", ""label"": ""Salmon flakes (100g)"", ""in_box"": 1}, {""name"": ""garlic clove"", ""label"": ""Garlic clove x2"", ""in_box"": 2}, {""name"": ""parsley"", ""label"": ""Parsley (5g)"", ""in_box"": 1}, {""name"": ""brown onion"", ""label"": ""Brown onion"", ""in_box"": 1}, {""name"": ""blanched peas"", ""label"": ""Blanched peas (160g)"", ""in_box"": 1}, {""name"": ""lemon"", ""label"": ""Lemon"", ""in_box"": 1}, {""name"": ""vegetable stock mix"", ""label"": ""Vegetable stock mix (5.5g)"", ""in_box"": 1}, {""name"": ""soft cheese"", ""label"": ""Soft cheese (50g)"", ""in_box"": 1}, {""name"": ""fine green beans"", ""label"": ""Fine green beans (160g)"", ""in_box"": 1}, {""name"": ""dill"", ""label"": ""Dill (5g)"", ""in_box"": 1}, {""name"": ""white potato"", ""label"": ""White potato x4"", ""in_box"": 4}]"
2026-07-07,2026-06-19,bf2eaf19-8fae-4ac7-b7e4-639dd71fa31c,5392,Vegetable Samosas With Dal And Coriander Chutney,False,0.0,430,683,25.2,24.9,12.1,91.7,18.6,19.1,2.26,159,5.9,5.8,2.8,21.4,4.3,4.5,0.53,3,55,full-prep,spicy,Global Kitchen,Vegan; Vegetarian; Dairy Free,4.09,1468,True,"[{""name"": ""cultured coconut"", ""label"": ""Cultured coconut (80g)"", ""in_box"": 1}, {""name"": ""red lentils"", ""label"": ""Red lentils (100g)"", ""in_box"": 1}, {""name"": ""intense vegetable stock mix"", ""label"": ""Intense vegetable stock mix (5.5g)"", ""in_box"": 1}, {""name"": ""puff pastry"", ""label"": ""Puff pastry (160g)"", ""in_box"": 1}, {""name"": ""curry powder"", ""label"": ""Curry powder (1tbsp)"", ""in_box"": 1}, {""name"": ""garlic clove"", ""label"": ""Garlic clove x2"", ""in_box"": 2}, {""name"": ""fresh root ginger"", ""label"": ""Fresh root ginger (15g)"", ""in_box"": 1}, {""name"": ""brown onion"", ""label"": ""Brown onion"", ""in_box"": 1}, {""name"": ""blanched peas"", ""label"": ""Blanched peas (160g)"", ""in_box"": 1}, {""name"": ""carrot"", ""label"": ""Carrot"", ""in_box"": 1}, {""name"": ""coriander & mint"", ""label"": ""Coriander & mint (10g)"", ""in_box"": 1}, {""name"": ""white wine vinegar"", ""label"": ""White wine vinegar (15ml)"", ""in_box"": 1}, {""name"": ""white potato"", ""label"": ""White potato"", ""in_box"": 1}, {""name"": ""tamarind paste"", ""label"": ""Tamarind paste (15g)"", ""in_box"": 1}]"
2026-07-07,2026-06-19,ab5e214d-1ec7-41c0-8159-df001bce2aec,4733,Vietnamese-Style Crispy Smoked Basa Tacos ,False,0.0,458,717,28.3,30.5,5.8,82.1,15.1,6.7,2.39,156,6.2,6.6,1.3,17.9,3.3,1.5,0.52,2,30,full-prep,mild,Global Kitchen,Dairy Free,4.22,2748,True,"[{""name"": ""ground turmeric"", ""label"": ""Ground turmeric (0.5tsp)"", ""in_box"": 1}, {""name"": ""red chilli"", ""label"": ""Red chilli"", ""in_box"": 1}, {""name"": ""mayonnaise"", ""label"": ""Mayonnaise (50ml)"", ""in_box"": 1}, {""name"": ""cornflour"", ""label"": ""Cornflour (4tbsp)"", ""in_box"": 1}, {""name"": ""plain tortillas"", ""label"": ""Plain tortillas (6pcs)"", ""in_box"": 1}, {""name"": ""smoked basa fillets"", ""label"": ""Smoked basa fillets (2pcs)"", ""in_box"": 1}, {""name"": ""cucumber"", ""label"": ""Cucumber (0.5pcs)"", ""in_box"": 1}, {""name"": ""rice vinegar"", ""label"": ""Rice vinegar (30ml)"", ""in_box"": 1}, {""name"": ""carrot"", ""label"": ""Carrot x2"", ""in_box"": 2}, {""name"": ""mint"", ""label"": ""Mint (5g)"", ""in_box"": 1}, {""name"": ""tamarind paste"", ""label"": ""Tamarind paste (15g)"", ""in_box"": 1}]"
2026-07-07,2026-06-19,b364422d-54b2-407a-bddb-23c9241116d6,5454,Vietnamese-Style Pork With Sesame Tenderstem Broccoli,False,0.0,426,563,32.3,22.1,5.9,58.8,15.2,5.2,1.69,132,7.6,5.2,1.4,13.8,3.6,1.2,0.4,1,10,full-prep,mild,10-Minute,Dairy Free,4.07,8164,True,"[{""name"": ""cornflour"", ""label"": ""Cornflour (1tsp)"", ""in_box"": 1}, {""name"": ""cooked white long grain rice"", ""label"": ""Cooked white long grain rice (280g)"", ""in_box"": 1}, {""name"": ""pork mince"", ""label"": ""Pork mince (250g)"", ""in_box"": 1}, {""name"": ""red chilli relish"", ""label"": ""Red chilli relish (40g)"", ""in_box"": 1}, {""name"": ""toasted sesame oil"", ""label"": ""Toasted sesame oil (10ml)"", ""in_box"": 1}, {""name"": ""brown onion"", ""label"": ""Brown onion"", ""in_box"": 1}, {""name"": ""ginger & garlic paste"", ""label"": ""Ginger & garlic paste (15g)"", ""in_box"": 1}, {""name"": ""soy sauce"", ""label"": ""Soy sauce (15ml)"", ""in_box"": 1}, {""name"": ""Tenderstem broccoli"", ""label"": ""Tenderstem broccoli (160g)"", ""in_box"": 1}]"
2026-07-07,2026-06-19,bd6201a3-0204-42cf-98f9-02012ed2319e,8245,"Warm Harissa Prawn, Avocado & Potato Salad",False,0.0,460,469,16.8,30.7,5.3,43.2,5.5,8.2,1.54,101,3.7,6.7,1.1,9.4,1.2,1.8,0.33,2,10,full-prep,mild,No Cook,Dairy Free; Gluten Free,4.25,989,True,"[{""name"": ""waxy potatoes"", ""label"": ""Waxy potatoes (350g)"", ""in_box"": 1}, {""name"": ""mayonnaise"", ""label"": ""Mayonnaise (25ml)"", ""in_box"": 1}, {""name"": ""cooked prawns"", ""label"": ""Cooked prawns (150g)"", ""in_box"": 1}, {""name"": ""avocado"", ""label"": ""Avocado"", ""in_box"": 1}, {""name"": ""baby leaf salad"", ""label"": ""Baby leaf salad (50g)"", ""in_box"": 1}, {""name"": ""harissa paste"", ""label"": ""Harissa paste (40g)"", ""in_box"": 1}, {""name"": ""gem lettuce"", ""label"": ""Gem lettuce"", ""in_box"": 1}, {""name"": ""white wine vinegar"", ""label"": ""White wine vinegar (15ml)"", ""in_box"": 1}]"
