menu_week_start,scraped_at,id,core_recipe_id,name,is_surcharge,surcharge_per_portion_gbp,portion_weight_g,kcal_per_portion,protein_g_per_portion,fat_g_per_portion,fat_saturates_g_per_portion,carbs_g_per_portion,sugars_g_per_portion,fibre_g_per_portion,salt_g_per_portion,kcal_per_100g,protein_g_per_100g,fat_g_per_100g,fat_saturates_g_per_100g,carbs_g_per_100g,sugars_g_per_100g,fibre_g_per_100g,salt_g_per_100g,five_a_day,prep_time_min,preparation_type,spice_level,food_brand,dietary_claims,rating_avg,rating_count,is_available,ingredients_json
2026-10-20,2026-09-02,5e787ffd-93ec-45d9-bcf4-9868641460d8,8719,2 Meals: Bolognese Jacket Potato x Bolognese Conchiglie,True,4.0,1098,1527,80.2,66.4,28.6,153.5,31.0,19.2,4.53,139,7.3,6.0,2.6,14.0,2.8,1.7,0.41,3,65,full-prep,no spice,Batch Cooking,,4.48,134,True,"[{""name"": ""intense beef stock mix"", ""label"": ""Intense beef stock mix (5.5g) x2"", ""in_box"": 2}, {""name"": ""pork & beef mince"", ""label"": ""Pork & beef mince (250g) x2"", ""in_box"": 2}, {""name"": ""dried oregano"", ""label"": ""Dried oregano (1tsp)"", ""in_box"": 1}, {""name"": ""finely chopped tomatoes"", ""label"": ""Finely chopped tomatoes (390g)"", ""in_box"": 1}, {""name"": ""tomato paste"", ""label"": ""Tomato paste (32g) x2"", ""in_box"": 2}, {""name"": ""cheddar cheese"", ""label"": ""Cheddar cheese (40g)"", ""in_box"": 1}, {""name"": ""garlic clove"", ""label"": ""Garlic clove x4"", ""in_box"": 4}, {""name"": ""baby leaf salad"", ""label"": ""Baby leaf salad (50g)"", ""in_box"": 1}, {""name"": ""red potato"", ""label"": ""Red potato x2"", ""in_box"": 2}, {""name"": ""brown onion"", ""label"": ""Brown onion x2"", ""in_box"": 2}, {""name"": ""grated Italian hard cheese"", ""label"": ""Grated Italian hard cheese (30g)"", ""in_box"": 1}, {""name"": ""conchiglie"", ""label"": ""Conchiglie (200g)"", ""in_box"": 1}, {""name"": ""carrot"", ""label"": ""Carrot x2"", ""in_box"": 2}, {""name"": ""soy sauce"", ""label"": ""Soy sauce (15ml)"", ""in_box"": 1}, {""name"": ""balsamic vinegar"", ""label"": ""Balsamic vinegar (15ml)"", ""in_box"": 1}]"
2026-10-20,2026-09-02,4411cc67-afe0-4187-b0df-254a3b4b5c77,8804,2 Meals: Mexican Chicken Stew x Chicken & Bean Tacos,True,3.25,819,1307,87.6,46.8,16.4,132.7,10.2,11.1,3.82,159,10.7,5.7,2.0,16.2,1.2,1.4,0.47,1,40,full-prep,mild,Batch Cooking,,4.35,98,True,"[{""name"": ""skinless chicken thighs"", ""label"": ""Skinless chicken thighs (320g) x2"", ""in_box"": 2}, {""name"": ""ground coriander"", ""label"": ""Ground coriander (2tsp)"", ""in_box"": 1}, {""name"": ""tomato paste"", ""label"": ""Tomato paste (32g)"", ""in_box"": 1}, {""name"": ""ground smoked paprika"", ""label"": ""Ground smoked paprika (2tsp) x2"", ""in_box"": 2}, {""name"": ""plain tortillas"", ""label"": ""Plain tortillas (6pcs)"", ""in_box"": 1}, {""name"": ""chipotle paste"", ""label"": ""Chipotle paste (20g)"", ""in_box"": 1}, {""name"": ""intense chicken stock mix"", ""label"": ""Intense chicken stock mix (5.5g) x2"", ""in_box"": 2}, {""name"": ""cheddar cheese"", ""label"": ""Cheddar cheese (40g)"", ""in_box"": 1}, {""name"": ""garlic clove"", ""label"": ""Garlic clove x4"", ""in_box"": 4}, {""name"": ""black beans"", ""label"": ""Black beans (185g)"", ""in_box"": 1}, {""name"": ""white long grain rice"", ""label"": ""White long grain rice (130g)"", ""in_box"": 1}, {""name"": ""gem lettuce"", ""label"": ""Gem lettuce"", ""in_box"": 1}, {""name"": ""lime"", ""label"": ""Lime"", ""in_box"": 1}, {""name"": ""sweetcorn cobettes"", ""label"": ""Sweetcorn cobettes (2pcs)"", ""in_box"": 1}]"
2026-10-20,2026-09-02,1c3c6bab-17ab-4cb8-b28c-98b70332d446,16908,2 Meals: Pulled Shiitake Mushrooms Bourguignon x Ragù Tortiglioni,True,4.0,784,1217,42.8,34.8,18.0,147.2,24.6,41.4,7.66,155,5.5,4.4,2.3,18.8,3.1,5.3,0.98,2,45,full-prep,no spice,Batch Cooking,Vegan; Vegetarian; Dairy Free,4.3,10,True,"[{""name"": ""Fable® meaty pulled mushrooms"", ""label"": ""Fable® meaty pulled mushrooms (180g) x2"", ""in_box"": 2}, {""name"": ""red wine paste"", ""label"": ""Red wine paste (10g)"", ""in_box"": 1}, {""name"": ""panko breadcrumbs"", ""label"": ""Panko breadcrumbs (20g)"", ""in_box"": 1}, {""name"": ""finely chopped tomatoes"", ""label"": ""Finely chopped tomatoes (200g)"", ""in_box"": 1}, {""name"": ""tomato paste"", ""label"": ""Tomato paste (32g) x2"", ""in_box"": 2}, {""name"": ""intense vegetable stock mix"", ""label"": ""Intense vegetable stock mix (5.5g) x2"", ""in_box"": 2}, {""name"": ""garlic clove"", ""label"": ""Garlic clove x4"", ""in_box"": 4}, {""name"": ""Dried bay leaf"", ""label"": ""Dried bay leaf x2"", ""in_box"": 2}, {""name"": ""Chinese rice wine"", ""label"": ""Chinese rice wine (30ml)"", ""in_box"": 1}, {""name"": ""parsley"", ""label"": ""Parsley (5g)"", ""in_box"": 1}, {""name"": ""shallot"", ""label"": ""Shallot x4"", ""in_box"": 4}, {""name"": ""gluten free soy sauce"", ""label"": ""Gluten free soy sauce (15ml) x2"", ""in_box"": 2}, {""name"": ""Henderson's Relish"", ""label"": ""Henderson's Relish (15ml) x2"", ""in_box"": 2}, {""name"": ""rosemary"", ""label"": ""Rosemary (5g)"", ""in_box"": 1}, {""name"": ""carrot"", ""label"": ""Carrot x2"", ""in_box"": 2}, {""name"": ""tortiglioni"", ""label"": ""Tortiglioni (200g)"", ""in_box"": 1}, {""name"": ""white potato"", ""label"": ""White potato x3"", ""in_box"": 3}]"
2026-10-20,2026-09-02,5b868f9a-78d0-41f0-9bcf-d057dfb0565e,13130,All In One Honey Baked Greek Cheese & Crispy Gnocchi,False,0.0,474,478,20.4,11.1,7.3,75.5,16.0,5.7,2.36,100,4.3,2.3,1.5,15.9,3.4,1.2,0.5,3,40,full-prep,mild,Prepped in 5,Vegetarian,4.25,2243,True,"[{""name"": ""Greek salad cheese"", ""label"": ""Greek salad cheese (100g)"", ""in_box"": 1}, {""name"": ""dried chilli flakes"", ""label"": ""Dried chilli flakes (0.5tsp)"", ""in_box"": 1}, {""name"": ""dried oregano"", ""label"": ""Dried oregano (1tsp)"", ""in_box"": 1}, {""name"": ""gnocchi"", ""label"": ""Gnocchi (350g)"", ""in_box"": 1}, {""name"": ""courgette"", ""label"": ""Courgette"", ""in_box"": 1}, {""name"": ""gem lettuce"", ""label"": ""Gem lettuce"", ""in_box"": 1}, {""name"": ""cherry tomatoes"", ""label"": ""Cherry tomatoes (125g)"", ""in_box"": 1}, {""name"": ""red wine vinegar"", ""label"": ""Red wine vinegar (15ml)"", ""in_box"": 1}, {""name"": ""red onion"", ""label"": ""Red onion"", ""in_box"": 1}, {""name"": ""honey"", ""label"": ""Honey (25g)"", ""in_box"": 1}]"
2026-10-20,2026-09-02,84bc0788-8d2c-417c-8334-6a1efce274c4,8216,American-Style Chicken Burger With Bacon Jam & Buttery Corn,True,2.25,,998,57.1,38.3,,108.0,,10.7,3.03,,,,,,,,,2,55,full-prep,no spice,Takeaway Night,Dairy Free,0,0,True,
2026-10-20,2026-09-02,4537326e-a577-4603-b73a-3aba08fb2d5f,3160,Asian-Style Basa Goujons With Sushi Rice,False,0.0,342,655,30.6,19.4,2.3,84.2,4.5,6.2,2.3,191,8.9,5.7,0.7,24.6,1.3,1.8,0.67,1,35,full-prep,no spice,Global Kitchen,Dairy Free; Gluten Free,4.32,8290,True,"[{""name"": ""white miso paste"", ""label"": ""White miso paste (17g)"", ""in_box"": 1}, {""name"": ""sushi rice"", ""label"": ""Sushi rice (150g)"", ""in_box"": 1}, {""name"": ""blanched edamame beans"", ""label"": ""Blanched edamame beans (160g)"", ""in_box"": 1}, {""name"": ""spring onion"", ""label"": ""Spring onion"", ""in_box"": 1}, {""name"": ""basa fillets"", ""label"": ""Basa fillets (2pcs)"", ""in_box"": 1}, {""name"": ""cornflour"", ""label"": ""Cornflour (4tbsp)"", ""in_box"": 1}, {""name"": ""mayonnaise"", ""label"": ""Mayonnaise (25ml)"", ""in_box"": 1}, {""name"": ""coriander"", ""label"": ""Coriander (10g)"", ""in_box"": 1}, {""name"": ""shallot"", ""label"": ""Shallot"", ""in_box"": 1}, {""name"": ""gluten free soy sauce"", ""label"": ""Gluten free soy sauce (15ml)"", ""in_box"": 1}, {""name"": ""ginger paste"", ""label"": ""Ginger paste (15g)"", ""in_box"": 1}, {""name"": ""rice vinegar"", ""label"": ""Rice vinegar (30ml)"", ""in_box"": 1}]"
2026-10-20,2026-09-02,d63d2258-3304-4802-bc67-30741e9fab36,11892,Aubergine & Tenderstem Teriyaki With Veg-Packed Brown Rice,False,0.0,353,373,12.4,8.9,1.4,62.9,6.5,6.3,2.56,105,3.5,2.5,0.4,17.8,1.8,1.8,0.73,3,40,full-prep,mild,Global Kitchen,Vegan; Vegetarian; Dairy Free,4.13,39,True,"[{""name"": ""brown long grain rice"", ""label"": ""Brown long grain rice (130g)"", ""in_box"": 1}, {""name"": ""dried chilli flakes"", ""label"": ""Dried chilli flakes (0.5tsp)"", ""in_box"": 1}, {""name"": ""garden veg mix"", ""label"": ""Garden veg mix (160g)"", ""in_box"": 1}, {""name"": ""spring onion"", ""label"": ""Spring onion"", ""in_box"": 1}, {""name"": ""Tenderstem broccoli"", ""label"": ""Tenderstem broccoli (80g)"", ""in_box"": 1}, {""name"": ""fresh root ginger"", ""label"": ""Fresh root ginger (15g)"", ""in_box"": 1}, {""name"": ""toasted sesame seeds"", ""label"": ""Toasted sesame seeds (5g)"", ""in_box"": 1}, {""name"": ""toasted sesame oil"", ""label"": ""Toasted sesame oil (10ml)"", ""in_box"": 1}, {""name"": ""rice vinegar"", ""label"": ""Rice vinegar (15ml)"", ""in_box"": 1}, {""name"": ""soy sauce"", ""label"": ""Soy sauce (30ml)"", ""in_box"": 1}, {""name"": ""aubergine"", ""label"": ""Aubergine"", ""in_box"": 1}]"
2026-10-20,2026-09-02,2f1820af-b2a1-4639-af09-d35a3bd2233b,4882,Aubergine Thai Green Pesto Pasta,False,0.0,396,601,18.7,20.7,11.3,83.6,11.0,9.7,1.06,151,4.7,5.2,2.9,21.1,2.8,2.5,0.27,2,25,full-prep,mild,20 minute meals,Vegan; Vegetarian; Dairy Free,4.09,264,True,"[{""name"": ""green chilli"", ""label"": ""Green chilli"", ""in_box"": 1}, {""name"": ""solid creamed coconut"", ""label"": ""Solid creamed coconut (25g)"", ""in_box"": 1}, {""name"": ""Thai basil"", ""label"": ""Thai basil (5g) x2"", ""in_box"": 2}, {""name"": ""garlic clove"", ""label"": ""Garlic clove"", ""in_box"": 1}, {""name"": ""shallot"", ""label"": ""Shallot"", ""in_box"": 1}, {""name"": ""crispy onions"", ""label"": ""Crispy onions (15g)"", ""in_box"": 1}, {""name"": ""vegetable stock mix"", ""label"": ""Vegetable stock mix (5.5g)"", ""in_box"": 1}, {""name"": ""lime"", ""label"": ""Lime"", ""in_box"": 1}, {""name"": ""cherry tomatoes"", ""label"": ""Cherry tomatoes (125g)"", ""in_box"": 1}, {""name"": ""roasted peanuts"", ""label"": ""Roasted peanuts (25g)"", ""in_box"": 1}, {""name"": ""aubergine"", ""label"": ""Aubergine"", ""in_box"": 1}, {""name"": ""spaghetti"", ""label"": ""Spaghetti (190g)"", ""in_box"": 1}]"
2026-10-20,2026-09-02,21668f05-28f6-4935-80b4-46a42a313c24,7907,Bacon & Butternut Lasagne With Mushroom & Sage,False,0.0,305,434,23.3,14.1,6.5,53.2,6.1,4.1,2.72,142,7.6,4.6,2.1,17.5,2.0,1.3,0.89,2,50,full-prep,no spice,Modern Bistro,,4.11,431,True,"[{""name"": ""bacon lardons"", ""label"": ""Bacon lardons (100g)"", ""in_box"": 1}, {""name"": ""intense chicken stock mix"", ""label"": ""Intense chicken stock mix (5.5g)"", ""in_box"": 1}, {""name"": ""dried sage"", ""label"": ""Dried sage (1tsp)"", ""in_box"": 1}, {""name"": ""garlic clove"", ""label"": ""Garlic clove x2"", ""in_box"": 2}, {""name"": ""Dried bay leaf"", ""label"": ""Dried bay leaf"", ""in_box"": 1}, {""name"": ""lasagne sheets"", ""label"": ""Lasagne sheets (120g)"", ""in_box"": 1}, {""name"": ""grated Italian hard cheese"", ""label"": ""Grated Italian hard cheese (30g)"", ""in_box"": 1}, {""name"": ""white cup mushrooms"", ""label"": ""White cup mushrooms (160g)"", ""in_box"": 1}, {""name"": ""butternut squash cubes"", ""label"": ""Butternut squash cubes (160g)"", ""in_box"": 1}, {""name"": ""rocket"", ""label"": ""Rocket (20g)"", ""in_box"": 1}]"
2026-10-20,2026-09-02,2f6fabd7-9648-455d-a696-a9b51d04bc71,7521,Bacon & Egg Bao Buns With Sriracha Ketchup,False,0.0,274,523,23.1,20.6,5.4,61.4,8.3,4.4,2.0,190,8.4,7.5,2.0,22.4,3.0,1.6,0.73,0,15,full-prep,mild,Breakfast Time,Dairy Free,4.09,684,True,"[{""name"": ""free range egg"", ""label"": ""Free range egg x2"", ""in_box"": 2}, {""name"": ""tomato ketchup"", ""label"": ""Tomato ketchup (30ml)"", ""in_box"": 1}, {""name"": ""sriracha hot chilli sauce"", ""label"": ""Sriracha hot chilli sauce (8ml)"", ""in_box"": 1}, {""name"": ""smoked streaky bacon"", ""label"": ""Smoked streaky bacon (90g)"", ""in_box"": 1}, {""name"": ""bao buns"", ""label"": ""Bao buns (6pcs)"", ""in_box"": 1}, {""name"": ""tomato"", ""label"": ""Tomato"", ""in_box"": 1}]"
2026-10-20,2026-09-02,b422c982-84d3-4a62-97ae-d8b033b92f26,13968,Battered Basa With Salt & Vinegar Chips And Mushy Peas,False,0.0,,489,28.1,22.3,,45.7,,7.8,1.02,,,,,,,,,1,35,full-prep,no spice,Classic Fakeaways,Dairy Free,4.44,1821,True,
2026-10-20,2026-09-02,590a9432-48d9-44bd-ac08-0e6c321f317f,3646,BBQ Pulled Pork With Loaded Potatoes And Creamy Slaw,True,1.25,492,699,36.0,40.4,10.6,50.3,16.5,7.3,2.29,142,7.3,8.2,2.2,10.2,3.3,1.5,0.47,1,45,full-prep,mild,Gastropub,,4.49,9809,True,"[{""name"": ""cheddar cheese"", ""label"": ""Cheddar cheese (40g)"", ""in_box"": 1}, {""name"": ""BBQ sauce"", ""label"": ""BBQ sauce (40g)"", ""in_box"": 1}, {""name"": ""carrot & cabbage slaw mix"", ""label"": ""Carrot & cabbage slaw mix (160g)"", ""in_box"": 1}, {""name"": ""BBQ pulled pork"", ""label"": ""BBQ pulled pork (308g)"", ""in_box"": 1}, {""name"": ""waxy potatoes"", ""label"": ""Waxy potatoes (350g)"", ""in_box"": 1}, {""name"": ""mayonnaise"", ""label"": ""Mayonnaise (50ml)"", ""in_box"": 1}, {""name"": ""tomato paste"", ""label"": ""Tomato paste (16g)"", ""in_box"": 1}, {""name"": ""chives"", ""label"": ""Chives (5g)"", ""in_box"": 1}, {""name"": ""white wine vinegar"", ""label"": ""White wine vinegar (15ml)"", ""in_box"": 1}]"
2026-10-20,2026-09-02,ba18d9cf-5178-441b-a0b8-a9782d6d640f,13361,BBQ Pulled Pork With Loaded Potatoes And Creamy Slaw,True,2.25,492,699,36.0,40.4,10.6,50.3,16.5,7.3,2.29,142,7.3,8.2,2.2,10.2,3.3,1.5,0.47,1,45,full-prep,mild,Gastropub,,4.61,604,True,"[{""name"": ""cheddar cheese"", ""label"": ""Cheddar cheese (40g)"", ""in_box"": 1}, {""name"": ""BBQ sauce"", ""label"": ""BBQ sauce (40g)"", ""in_box"": 1}, {""name"": ""carrot & cabbage slaw mix"", ""label"": ""Carrot & cabbage slaw mix (160g)"", ""in_box"": 1}, {""name"": ""BBQ pulled pork"", ""label"": ""BBQ pulled pork (308g)"", ""in_box"": 1}, {""name"": ""waxy potatoes"", ""label"": ""Waxy potatoes (350g)"", ""in_box"": 1}, {""name"": ""mayonnaise"", ""label"": ""Mayonnaise (50ml)"", ""in_box"": 1}, {""name"": ""tomato paste"", ""label"": ""Tomato paste (16g)"", ""in_box"": 1}, {""name"": ""chives"", ""label"": ""Chives (5g)"", ""in_box"": 1}, {""name"": ""white wine vinegar"", ""label"": ""White wine vinegar (15ml)"", ""in_box"": 1}]"
2026-10-20,2026-09-02,446447fe-5ef6-43f3-bb6f-7168348d890e,6298,BBQ Veggie Loaded Pizza With Salad,False,0.0,468,685,26.8,20.0,8.8,97.8,24.7,10.3,1.86,146,5.7,4.3,1.9,20.9,5.3,2.2,0.4,4,25,full-prep,no spice,20 minute meals,Vegetarian,4.28,3483,True,"[{""name"": ""BBQ sauce"", ""label"": ""BBQ sauce (40g)"", ""in_box"": 1}, {""name"": ""flame-baked pizza bases"", ""label"": ""Flame-baked pizza bases (2pcs)"", ""in_box"": 1}, {""name"": ""dried oregano"", ""label"": ""Dried oregano (1tsp)"", ""in_box"": 1}, {""name"": ""red pepper"", ""label"": ""Red pepper"", ""in_box"": 1}, {""name"": ""tomato paste"", ""label"": ""Tomato paste (32g) x2"", ""in_box"": 2}, {""name"": ""Sweetcorn"", ""label"": ""Sweetcorn (150g)"", ""in_box"": 1}, {""name"": ""garlic clove"", ""label"": ""Garlic clove"", ""in_box"": 1}, {""name"": ""mozzarella"", ""label"": ""Mozzarella (125g)"", ""in_box"": 1}, {""name"": ""rocket"", ""label"": ""Rocket (20g)"", ""in_box"": 1}, {""name"": ""white wine vinegar"", ""label"": ""White wine vinegar (15ml)"", ""in_box"": 1}, {""name"": ""red onion"", ""label"": ""Red onion"", ""in_box"": 1}]"
2026-10-20,2026-09-02,0f3e3986-e6e9-4e6f-bfb6-6310cb41be87,17606,Beef Brisket Massaman With Coconut Rice,True,0.75,384,468,18.0,13.4,5.4,66.4,13.0,6.1,1.96,121,4.7,3.5,1.4,17.3,3.4,1.6,0.51,2,7,heat-only,mild,Heat & Eat,,0,0,True,"[{""name"": ""beef brisket massaman with coconut rice"", ""label"": ""Beef brisket massaman with coconut rice (420g) x2"", ""in_box"": 2}]"
2026-10-20,2026-09-02,c36206ef-198d-45ef-b548-2ca714500169,17604,Beef Dan Dan Udon Noodles,True,0.75,387,414,15.1,10.8,1.5,60.4,15.5,7.7,2.28,106,3.9,2.8,0.4,15.6,4.0,2.0,0.59,2,7,heat-only,no spice,Heat & Eat,,0,0,True,"[{""name"": ""beef dan dan udon noodles"", ""label"": ""Beef dan dan udon noodles (420g) x2"", ""in_box"": 2}]"
2026-10-20,2026-09-02,13fbefd8-51bd-4c78-b24a-a2c409b9c20b,13548,Beef Spaghetti Bolognese,False,0.0,445,738,42.3,25.1,11.1,84.8,15.3,7.6,2.08,165,9.5,5.6,2.5,19.0,3.4,1.7,0.47,3,30,full-prep,no spice,Everyday Favourites,,4.63,3542,True,"[{""name"": ""Italian hard cheese"", ""label"": ""Italian hard cheese (20g)"", ""in_box"": 1}, {""name"": ""intense beef stock mix"", ""label"": ""Intense beef stock mix (5.5g)"", ""in_box"": 1}, {""name"": ""dried oregano"", ""label"": ""Dried oregano (1tsp)"", ""in_box"": 1}, {""name"": ""beef mince"", ""label"": ""Beef mince (250g)"", ""in_box"": 1}, {""name"": ""soy sauce"", ""label"": ""Soy sauce (8ml)"", ""in_box"": 1}, {""name"": ""finely chopped tomatoes"", ""label"": ""Finely chopped tomatoes (200g)"", ""in_box"": 1}, {""name"": ""tomato paste"", ""label"": ""Tomato paste (32g)"", ""in_box"": 1}, {""name"": ""garlic clove"", ""label"": ""Garlic clove"", ""in_box"": 1}, {""name"": ""brown onion"", ""label"": ""Brown onion"", ""in_box"": 1}, {""name"": ""carrot"", ""label"": ""Carrot"", ""in_box"": 1}, {""name"": ""spaghetti"", ""label"": ""Spaghetti (190g)"", ""in_box"": 1}]"
2026-10-20,2026-09-02,e5720f16-9a0d-4117-b383-4e2fc095dddc,14085,Beef Wholewheat Spaghetti Bolognese,False,0.0,446,715,43.0,25.6,11.3,75.7,14.9,11.2,2.06,160,9.7,5.7,2.5,17.0,3.3,2.5,0.46,3,30,full-prep,no spice,Everyday Favourites,,4.6,45,True,"[{""name"": ""soy sauce"", ""label"": ""Soy sauce (8ml)"", ""in_box"": 1}, {""name"": ""finely chopped tomatoes"", ""label"": ""Finely chopped tomatoes (200g)"", ""in_box"": 1}, {""name"": ""tomato paste"", ""label"": ""Tomato paste (32g)"", ""in_box"": 1}, {""name"": ""dried oregano"", ""label"": ""Dried oregano (1tsp)"", ""in_box"": 1}, {""name"": ""intense beef stock mix"", ""label"": ""Intense beef stock mix (5.5g)"", ""in_box"": 1}, {""name"": ""garlic clove"", ""label"": ""Garlic clove"", ""in_box"": 1}, {""name"": ""wholewheat spaghetti"", ""label"": ""Wholewheat spaghetti (190g)"", ""in_box"": 1}, {""name"": ""brown onion"", ""label"": ""Brown onion"", ""in_box"": 1}, {""name"": ""beef mince"", ""label"": ""Beef mince (250g)"", ""in_box"": 1}, {""name"": ""Italian hard cheese"", ""label"": ""Italian hard cheese (20g)"", ""in_box"": 1}, {""name"": ""carrot"", ""label"": ""Carrot"", ""in_box"": 1}]"
2026-10-20,2026-09-02,62708fd1-bed5-4ad0-b8fe-b2ef62d3d9a3,12860,Black Pepper Tofu Stir-Fry With Brown Rice,False,0.0,394,600,37.2,13.1,2.1,83.9,12.3,8.8,2.8,152,9.4,3.3,0.5,21.3,3.1,2.2,0.71,1,30,full-prep,mild,Takeaway Night,Vegan; Vegetarian; Dairy Free,0,0,True,"[{""name"": ""brown long grain rice"", ""label"": ""Brown long grain rice (130g)"", ""in_box"": 1}, {""name"": ""green pepper"", ""label"": ""Green pepper"", ""in_box"": 1}, {""name"": ""plain tofu"", ""label"": ""Plain tofu (280g)"", ""in_box"": 1}, {""name"": ""spring onion"", ""label"": ""Spring onion"", ""in_box"": 1}, {""name"": ""umami seasoning"", ""label"": ""Umami seasoning (1tbsp)"", ""in_box"": 1}, {""name"": ""cornflour"", ""label"": ""Cornflour (4tbsp)"", ""in_box"": 1}, {""name"": ""five-spice mix"", ""label"": ""Five-spice mix (1tsp)"", ""in_box"": 1}, {""name"": ""garlic clove"", ""label"": ""Garlic clove x2"", ""in_box"": 2}, {""name"": ""brown onion"", ""label"": ""Brown onion"", ""in_box"": 1}, {""name"": ""ginger paste"", ""label"": ""Ginger paste (15g)"", ""in_box"": 1}, {""name"": ""red chilli relish"", ""label"": ""Red chilli relish (25g)"", ""in_box"": 1}, {""name"": ""Chinese rice wine"", ""label"": ""Chinese rice wine (15ml)"", ""in_box"": 1}, {""name"": ""soy sauce"", ""label"": ""Soy sauce (30ml)"", ""in_box"": 1}, {""name"": ""cracked black pepper"", ""label"": ""Cracked black pepper (2.5g)"", ""in_box"": 1}]"
2026-10-20,2026-09-02,a70d9159-c967-4ef7-8bea-81561ca0920b,3673,Brazilian-Style Black Beans With Zesty Lime Butternut Squash,False,0.0,480,468,17.1,2.9,0.4,93.9,19.4,16.2,1.29,97,3.6,0.6,0.1,19.6,4.0,3.4,0.27,3,45,full-prep,spicy,Global Kitchen,Vegan; Vegetarian; Dairy Free; Gluten Free,4.37,3817,True,"[{""name"": ""brown long grain rice"", ""label"": ""Brown long grain rice (130g)"", ""in_box"": 1}, {""name"": ""black beans"", ""label"": ""Black beans (380g)"", ""in_box"": 1}, {""name"": ""mango chutney"", ""label"": ""Mango chutney (20g)"", ""in_box"": 1}, {""name"": ""spring onion"", ""label"": ""Spring onion"", ""in_box"": 1}, {""name"": ""red chilli"", ""label"": ""Red chilli"", ""in_box"": 1}, {""name"": ""ground cumin"", ""label"": ""Ground cumin (1tsp)"", ""in_box"": 1}, {""name"": ""ground smoked paprika"", ""label"": ""Ground smoked paprika (2tsp)"", ""in_box"": 1}, {""name"": ""chipotle paste"", ""label"": ""Chipotle paste (20g)"", ""in_box"": 1}, {""name"": ""garlic clove"", ""label"": ""Garlic clove x2"", ""in_box"": 2}, {""name"": ""brown onion"", ""label"": ""Brown onion"", ""in_box"": 1}, {""name"": ""vegetable stock mix"", ""label"": ""Vegetable stock mix (5.5g)"", ""in_box"": 1}, {""name"": ""coriander"", ""label"": ""Coriander (5g)"", ""in_box"": 1}, {""name"": ""butternut squash cubes"", ""label"": ""Butternut squash cubes (160g) x2"", ""in_box"": 2}, {""name"": ""lime"", ""label"": ""Lime"", ""in_box"": 1}]"
2026-10-20,2026-09-02,e7cd914b-2b21-4cb2-98aa-de2b57d5f1de,1181,Brazilian-Style Chicken & Coriander Curry With Brown Rice,False,0.0,390,597,39.2,21.4,10.5,62.1,7.6,7.4,1.4,153,10.1,5.5,2.7,15.9,2.0,1.9,0.36,1,40,full-prep,spicy,Global Kitchen,Dairy Free; Gluten Free,4.39,25415,True,"[{""name"": ""cayenne pepper"", ""label"": ""Cayenne pepper (0.5tsp)"", ""in_box"": 1}, {""name"": ""ground turmeric"", ""label"": ""Ground turmeric (1tsp)"", ""in_box"": 1}, {""name"": ""chicken breast strips"", ""label"": ""Chicken breast strips (250g)"", ""in_box"": 1}, {""name"": ""intense chicken stock mix"", ""label"": ""Intense chicken stock mix (5.5g)"", ""in_box"": 1}, {""name"": ""coriander seeds"", ""label"": ""Coriander seeds (1tsp)"", ""in_box"": 1}, {""name"": ""garlic clove"", ""label"": ""Garlic clove"", ""in_box"": 1}, {""name"": ""fresh root ginger"", ""label"": ""Fresh root ginger (15g)"", ""in_box"": 1}, {""name"": ""coriander"", ""label"": ""Coriander (10g)"", ""in_box"": 1}, {""name"": ""brown long grain rice"", ""label"": ""Brown long grain rice (130g)"", ""in_box"": 1}, {""name"": ""brown onion"", ""label"": ""Brown onion"", ""in_box"": 1}, {""name"": ""lime"", ""label"": ""Lime"", ""in_box"": 1}, {""name"": ""cherry tomatoes"", ""label"": ""Cherry tomatoes (125g)"", ""in_box"": 1}, {""name"": ""smooth peanut butter"", ""label"": ""Smooth peanut butter (26g)"", ""in_box"": 1}, {""name"": ""solid creamed coconut"", ""label"": ""Solid creamed coconut (25g)"", ""in_box"": 1}]"
2026-10-20,2026-09-02,fd5c11ff-2d6e-4a0a-b7eb-312a225dae62,3186,Brussels Sprout & Garam Masala Tart ,False,0.0,474,622,18.6,29.0,14.0,74.2,15.6,10.8,0.95,131,3.9,6.1,3.0,15.7,3.3,2.3,0.2,2,50,full-prep,spicy,Global Kitchen,Vegetarian,4.42,1138,True,"[{""name"": ""cheddar cheese"", ""label"": ""Cheddar cheese (40g)"", ""in_box"": 1}, {""name"": ""Brussels sprouts"", ""label"": ""Brussels sprouts (100g) x2"", ""in_box"": 2}, {""name"": ""mango chutney"", ""label"": ""Mango chutney (20g)"", ""in_box"": 1}, {""name"": ""ground turmeric"", ""label"": ""Ground turmeric (1tsp)"", ""in_box"": 1}, {""name"": ""waxy potatoes"", ""label"": ""Waxy potatoes (350g)"", ""in_box"": 1}, {""name"": ""red chilli"", ""label"": ""Red chilli"", ""in_box"": 1}, {""name"": ""garam masala"", ""label"": ""Garam masala (1tsp)"", ""in_box"": 1}, {""name"": ""puff pastry"", ""label"": ""Puff pastry (160g)"", ""in_box"": 1}, {""name"": ""garlic clove"", ""label"": ""Garlic clove x2"", ""in_box"": 2}, {""name"": ""baby leaf salad"", ""label"": ""Baby leaf salad (50g)"", ""in_box"": 1}, {""name"": ""brown onion"", ""label"": ""Brown onion"", ""in_box"": 1}, {""name"": ""coriander"", ""label"": ""Coriander (5g)"", ""in_box"": 1}, {""name"": ""black sesame seeds"", ""label"": ""Black sesame seeds (5g)"", ""in_box"": 1}]"
2026-10-20,2026-09-02,55c37753-53f0-4da6-b4ed-5a9d5d5366d6,14786,Buffalo Chicken Breast Shawarma Kebab,True,0.7,429,571,36.3,24.8,2.7,51.5,10.1,5.5,1.11,133,8.5,5.8,0.6,12.0,2.4,1.3,0.26,2,30,full-prep,spicy,Classic Fakeaways,Dairy Free,4.56,451,True,"[{""name"": ""dried oregano"", ""label"": ""Dried oregano (1tsp)"", ""in_box"": 1}, {""name"": ""sriracha hot chilli sauce"", ""label"": ""Sriracha hot chilli sauce (8ml) x2"", ""in_box"": 2}, {""name"": ""chicken breast portions"", ""label"": ""Chicken breast portions (2pcs)"", ""in_box"": 1}, {""name"": ""mayonnaise"", ""label"": ""Mayonnaise (50ml)"", ""in_box"": 1}, {""name"": ""ground smoked paprika"", ""label"": ""Ground smoked paprika (2tsp)"", ""in_box"": 1}, {""name"": ""garlic clove"", ""label"": ""Garlic clove x2"", ""in_box"": 2}, {""name"": ""sourdough pittas"", ""label"": ""Sourdough pittas (2pcs)"", ""in_box"": 1}, {""name"": ""tomato"", ""label"": ""Tomato x2"", ""in_box"": 2}, {""name"": ""gem lettuce"", ""label"": ""Gem lettuce"", ""in_box"": 1}, {""name"": ""white wine vinegar"", ""label"": ""White wine vinegar (15ml)"", ""in_box"": 1}, {""name"": ""red onion"", ""label"": ""Red onion"", ""in_box"": 1}]"
2026-10-20,2026-09-02,b6576aed-3297-4bec-b368-fffcf6d22a92,8040,Buffalo Halloumi Shawarma Kebab,False,0.0,388,627,30.2,33.9,16.7,51.6,9.9,5.6,2.93,161,7.8,8.7,4.3,13.3,2.6,1.5,0.76,2,25,full-prep,spicy,Classic Fakeaways,Vegetarian,4.45,7098,True,"[{""name"": ""sriracha hot chilli sauce"", ""label"": ""Sriracha hot chilli sauce (8ml)"", ""in_box"": 1}, {""name"": ""dried oregano"", ""label"": ""Dried oregano (1tsp)"", ""in_box"": 1}, {""name"": ""ground smoked paprika"", ""label"": ""Ground smoked paprika (2tsp)"", ""in_box"": 1}, {""name"": ""mayonnaise"", ""label"": ""Mayonnaise (25ml)"", ""in_box"": 1}, {""name"": ""garlic clove"", ""label"": ""Garlic clove x2"", ""in_box"": 2}, {""name"": ""sourdough pittas"", ""label"": ""Sourdough pittas (2pcs)"", ""in_box"": 1}, {""name"": ""tomato"", ""label"": ""Tomato x2"", ""in_box"": 2}, {""name"": ""halloumi"", ""label"": ""Halloumi (200g)"", ""in_box"": 1}, {""name"": ""gem lettuce"", ""label"": ""Gem lettuce"", ""in_box"": 1}, {""name"": ""white wine vinegar"", ""label"": ""White wine vinegar (15ml)"", ""in_box"": 1}, {""name"": ""red onion"", ""label"": ""Red onion"", ""in_box"": 1}]"
2026-10-20,2026-09-02,68611d2a-8126-4663-a36d-0f51fd58c98f,874,Butter Chicken With Coriander Rice,False,0.0,293,550,34.6,17.5,9.2,67.5,5.7,4.8,0.74,187,11.8,6.0,3.2,23.1,1.9,1.6,0.25,1,45,full-prep,mild,Takeaway Night,Gluten Free,4.29,84361,True,"[{""name"": ""chicken stock mix"", ""label"": ""Chicken stock mix (5.5g)"", ""in_box"": 1}, {""name"": ""white long grain rice"", ""label"": ""White long grain rice (130g)"", ""in_box"": 1}, {""name"": ""chicken breast strips"", ""label"": ""Chicken breast strips (250g)"", ""in_box"": 1}, {""name"": ""ground coriander"", ""label"": ""Ground coriander (1tsp)"", ""in_box"": 1}, {""name"": ""ground turmeric"", ""label"": ""Ground turmeric (1tsp)"", ""in_box"": 1}, {""name"": ""Cornish clotted cream"", ""label"": ""Cornish clotted cream (40g)"", ""in_box"": 1}, {""name"": ""tomato paste"", ""label"": ""Tomato paste (32g)"", ""in_box"": 1}, {""name"": ""garlic clove"", ""label"": ""Garlic clove x2"", ""in_box"": 2}, {""name"": ""fresh root ginger"", ""label"": ""Fresh root ginger (15g)"", ""in_box"": 1}, {""name"": ""garam masala"", ""label"": ""Garam masala (1tbsp)"", ""in_box"": 1}, {""name"": ""coriander"", ""label"": ""Coriander (10g)"", ""in_box"": 1}, {""name"": ""brown onion"", ""label"": ""Brown onion"", ""in_box"": 1}]"
2026-10-20,2026-09-02,8d79884a-00e1-40d1-b164-9bdc5cae3b70,5814,"Cambodian-Style Aubergine, Fragrant Pork & Lemongrass Rice",False,0.0,484,527,32.2,13.7,5.0,72.1,12.9,6.4,1.69,108,6.7,2.8,1.0,14.9,2.7,1.3,0.35,2,40,full-prep,spicy,Global Kitchen,Dairy Free,4.26,486,True,"[{""name"": ""white long grain rice"", ""label"": ""White long grain rice (130g)"", ""in_box"": 1}, {""name"": ""dried chilli flakes"", ""label"": ""Dried chilli flakes (0.5tsp)"", ""in_box"": 1}, {""name"": ""pork mince"", ""label"": ""Pork mince (250g)"", ""in_box"": 1}, {""name"": ""garlic clove"", ""label"": ""Garlic clove"", ""in_box"": 1}, {""name"": ""fresh root ginger"", ""label"": ""Fresh root ginger (15g)"", ""in_box"": 1}, {""name"": ""fresh lemongrass stalk"", ""label"": ""Fresh lemongrass stalk"", ""in_box"": 1}, {""name"": ""hoisin sauce"", ""label"": ""Hoisin sauce (40g)"", ""in_box"": 1}, {""name"": ""coriander"", ""label"": ""Coriander (5g)"", ""in_box"": 1}, {""name"": ""soy sauce"", ""label"": ""Soy sauce (15ml)"", ""in_box"": 1}, {""name"": ""aubergine"", ""label"": ""Aubergine x2"", ""in_box"": 2}]"
2026-10-20,2026-09-02,83f734c9-a15d-421b-a026-960dbd90b617,13117,Cheesy Baked Basa And Pea Greens With Garlic Butter,False,0.0,501,464,33.6,10.0,5.6,63.1,19.8,11.7,0.68,92,6.7,2.0,1.1,12.6,3.9,2.3,0.14,2,35,full-prep,no spice,Family Kitchen,,4.47,2942,True,"[{""name"": ""cheddar cheese"", ""label"": ""Cheddar cheese (40g)"", ""in_box"": 1}, {""name"": ""leek"", ""label"": ""Leek"", ""in_box"": 1}, {""name"": ""basa fillets"", ""label"": ""Basa fillets (2pcs)"", ""in_box"": 1}, {""name"": ""panko breadcrumbs"", ""label"": ""Panko breadcrumbs (20g)"", ""in_box"": 1}, {""name"": ""garlic clove"", ""label"": ""Garlic clove x2"", ""in_box"": 2}, {""name"": ""blanched peas"", ""label"": ""Blanched peas (160g)"", ""in_box"": 1}, {""name"": ""parsley"", ""label"": ""Parsley (10g)"", ""in_box"": 1}, {""name"": ""sweet potato"", ""label"": ""Sweet potato x2"", ""in_box"": 2}]"
2026-10-20,2026-09-02,0f615417-e501-48e7-9a08-f230fac165c1,2731,Cheesy Broccoli Pasta Bake,False,0.0,328,546,27.1,17.9,9.0,72.7,7.3,9.2,1.48,166,8.2,5.5,2.7,22.1,2.2,2.8,0.45,2,35,full-prep,no spice,Modern Bistro,Vegetarian,4.2,12146,True,"[{""name"": ""cheddar cheese"", ""label"": ""Cheddar cheese (40g)"", ""in_box"": 1}, {""name"": ""grated Italian hard cheese"", ""label"": ""Grated Italian hard cheese (30g)"", ""in_box"": 1}, {""name"": ""leek"", ""label"": ""Leek"", ""in_box"": 1}, {""name"": ""panko breadcrumbs"", ""label"": ""Panko breadcrumbs (20g)"", ""in_box"": 1}, {""name"": ""garlic clove"", ""label"": ""Garlic clove"", ""in_box"": 1}, {""name"": ""pumpkin seeds"", ""label"": ""Pumpkin seeds (15g)"", ""in_box"": 1}, {""name"": ""baby leaf salad"", ""label"": ""Baby leaf salad (50g)"", ""in_box"": 1}, {""name"": ""vegetable stock mix"", ""label"": ""Vegetable stock mix (5.5g)"", ""in_box"": 1}, {""name"": ""cider vinegar"", ""label"": ""Cider vinegar (15ml)"", ""in_box"": 1}, {""name"": ""Tenderstem broccoli"", ""label"": ""Tenderstem broccoli (160g)"", ""in_box"": 1}, {""name"": ""tortiglioni"", ""label"": ""Tortiglioni (150g)"", ""in_box"": 1}, {""name"": ""Dijon mustard"", ""label"": ""Dijon mustard (5.5g)"", ""in_box"": 1}]"
2026-10-20,2026-09-02,d61c2211-660c-478f-adaf-07c8cdd28dda,16729,Cheesy Chicken Pot Pie With Jack-O’-Lantern Lid,False,0.0,,895,42.2,42.2,,90.5,,13.3,2.14,,,,,,,,,2,50,full-prep,no spice,Moments,,0,0,True,
2026-10-20,2026-09-02,2fecd3ad-3156-466e-a63a-ecb8a66936f3,1481,"Cheesy Meatballs, Garlic Ciabatta & Crunchy Lettuce",False,0.0,492,751,48.5,32.9,16.5,64.3,10.2,4.6,1.83,152,9.9,6.7,3.4,13.1,2.1,0.9,0.37,2,50,full-prep,no spice,Modern Bistro,,4.22,10963,True,"[{""name"": ""beef mince"", ""label"": ""Beef mince (250g)"", ""in_box"": 1}, {""name"": ""finely chopped tomatoes"", ""label"": ""Finely chopped tomatoes (200g)"", ""in_box"": 1}, {""name"": ""panko breadcrumbs"", ""label"": ""Panko breadcrumbs (40g)"", ""in_box"": 1}, {""name"": ""ciabatta"", ""label"": ""Ciabatta x2"", ""in_box"": 2}, {""name"": ""beef stock mix"", ""label"": ""Beef stock mix (5.5g)"", ""in_box"": 1}, {""name"": ""garlic clove"", ""label"": ""Garlic clove x3"", ""in_box"": 3}, {""name"": ""brown onion"", ""label"": ""Brown onion"", ""in_box"": 1}, {""name"": ""mozzarella"", ""label"": ""Mozzarella (125g)"", ""in_box"": 1}, {""name"": ""gem lettuce"", ""label"": ""Gem lettuce"", ""in_box"": 1}, {""name"": ""balsamic vinegar"", ""label"": ""Balsamic vinegar (15ml)"", ""in_box"": 1}]"
2026-10-20,2026-09-02,3cb05702-b828-46d4-9e84-7a1c2d9da836,4926,Cheesy Mexican-Style Rice With Crème Fraîche,False,0.0,636,675,27.9,25.2,13.6,81.0,17.8,17.6,2.35,106,4.4,4.0,2.1,12.7,2.8,2.8,0.37,4,10,full-prep,mild,10-Minute,Vegetarian; Gluten Free,4.3,5438,True,"[{""name"": ""crème fraîche"", ""label"": ""Crème fraîche (80g)"", ""in_box"": 1}, {""name"": ""cooked white long grain rice"", ""label"": ""Cooked white long grain rice (280g)"", ""in_box"": 1}, {""name"": ""black beans"", ""label"": ""Black beans (380g)"", ""in_box"": 1}, {""name"": ""red pepper"", ""label"": ""Red pepper"", ""in_box"": 1}, {""name"": ""finely chopped tomatoes"", ""label"": ""Finely chopped tomatoes (200g)"", ""in_box"": 1}, {""name"": ""ground cumin"", ""label"": ""Ground cumin (1tsp)"", ""in_box"": 1}, {""name"": ""Sweetcorn"", ""label"": ""Sweetcorn (150g)"", ""in_box"": 1}, {""name"": ""intense vegetable stock mix"", ""label"": ""Intense vegetable stock mix (5.5g)"", ""in_box"": 1}, {""name"": ""ground smoked paprika"", ""label"": ""Ground smoked paprika (2tsp)"", ""in_box"": 1}, {""name"": ""chipotle paste"", ""label"": ""Chipotle paste (20g)"", ""in_box"": 1}, {""name"": ""shallot"", ""label"": ""Shallot"", ""in_box"": 1}, {""name"": ""roasted garlic paste"", ""label"": ""Roasted garlic paste (15g)"", ""in_box"": 1}, {""name"": ""mozzarella"", ""label"": ""Mozzarella (125g)"", ""in_box"": 1}, {""name"": ""chives"", ""label"": ""Chives (5g)"", ""in_box"": 1}]"
2026-10-20,2026-09-02,ca703d3d-2f23-40c7-843e-93d5d204aa6b,2871,Cheesy Pizza-Topped Chicken With Mixed Salad,False,0.0,409,422,41.2,25.2,9.4,7.3,6.2,3.0,0.69,103,10.1,6.2,2.3,1.8,1.5,0.7,0.17,3,30,full-prep,,Modern Bistro,Gluten Free,4.09,18613,True,"[{""name"": ""dried oregano"", ""label"": ""Dried oregano (1tsp)"", ""in_box"": 1}, {""name"": ""chicken breast portions"", ""label"": ""Chicken breast portions (2pcs)"", ""in_box"": 1}, {""name"": ""tomato paste"", ""label"": ""Tomato paste (32g)"", ""in_box"": 1}, {""name"": ""mayonnaise"", ""label"": ""Mayonnaise (25ml)"", ""in_box"": 1}, {""name"": ""baby leaf salad"", ""label"": ""Baby leaf salad (50g)"", ""in_box"": 1}, {""name"": ""shallot"", ""label"": ""Shallot"", ""in_box"": 1}, {""name"": ""basil"", ""label"": ""Basil (5g)"", ""in_box"": 1}, {""name"": ""mozzarella"", ""label"": ""Mozzarella (125g)"", ""in_box"": 1}, {""name"": ""cucumber"", ""label"": ""Cucumber (0.5pcs)"", ""in_box"": 1}, {""name"": ""cherry tomatoes"", ""label"": ""Cherry tomatoes (125g)"", ""in_box"": 1}, {""name"": ""white wine vinegar"", ""label"": ""White wine vinegar (15ml)"", ""in_box"": 1}]"
2026-10-20,2026-09-02,4497fcbb-736d-4609-a9cc-92df272481e2,309,Chestnut Mushroom Bolognese With Linguine,False,0.0,371,500,20.3,9.2,5.3,82.5,12.5,7.3,2.44,134,5.5,2.5,1.4,22.2,3.4,2.0,0.66,3,45,full-prep,no spice,Modern Bistro,Vegetarian,4.36,12620,True,"[{""name"": ""cheddar cheese"", ""label"": ""Cheddar cheese (40g)"", ""in_box"": 1}, {""name"": ""linguine"", ""label"": ""Linguine (190g)"", ""in_box"": 1}, {""name"": ""garlic clove"", ""label"": ""Garlic clove x3"", ""in_box"": 3}, {""name"": ""brown onion"", ""label"": ""Brown onion"", ""in_box"": 1}, {""name"": ""vegetable stock mix"", ""label"": ""Vegetable stock mix (5.5g)"", ""in_box"": 1}, {""name"": ""tomato paste"", ""label"": ""Tomato paste (16g)"", ""in_box"": 1}, {""name"": ""Henderson's Relish"", ""label"": ""Henderson's Relish (15ml)"", ""in_box"": 1}, {""name"": ""basil"", ""label"": ""Basil (10g)"", ""in_box"": 1}, {""name"": ""carrot"", ""label"": ""Carrot"", ""in_box"": 1}, {""name"": ""chestnut mushrooms"", ""label"": ""Chestnut mushrooms (160g)"", ""in_box"": 1}, {""name"": ""baby button mushrooms"", ""label"": ""Baby button mushrooms (80g)"", ""in_box"": 1}, {""name"": ""soy sauce"", ""label"": ""Soy sauce (15ml)"", ""in_box"": 1}, {""name"": ""balsamic vinegar"", ""label"": ""Balsamic vinegar (15ml)"", ""in_box"": 1}]"
2026-10-20,2026-09-02,e1b88c1c-cd7f-4b54-8231-51e969d2ba1d,823,Chicken Karaage With Brown Rice & Japanese-Style Mayo,False,0.0,370,647,36.5,26.2,2.9,70.8,2.5,2.7,2.71,175,9.9,7.1,0.8,19.2,0.7,0.7,0.73,1,30,full-prep,mild,Global Kitchen,Dairy Free; Gluten Free,4.22,8638,True,"[{""name"": ""brown long grain rice"", ""label"": ""Brown long grain rice (130g)"", ""in_box"": 1}, {""name"": ""chicken breast strips"", ""label"": ""Chicken breast strips (250g)"", ""in_box"": 1}, {""name"": ""mayonnaise"", ""label"": ""Mayonnaise (50ml)"", ""in_box"": 1}, {""name"": ""cornflour"", ""label"": ""Cornflour (4tbsp)"", ""in_box"": 1}, {""name"": ""garlic clove"", ""label"": ""Garlic clove x2"", ""in_box"": 2}, {""name"": ""fresh root ginger"", ""label"": ""Fresh root ginger (15g)"", ""in_box"": 1}, {""name"": ""pak choi"", ""label"": ""Pak choi (200g)"", ""in_box"": 1}, {""name"": ""toasted sesame seeds"", ""label"": ""Toasted sesame seeds (5g)"", ""in_box"": 1}, {""name"": ""gluten free soy sauce"", ""label"": ""Gluten free soy sauce (15ml) x2"", ""in_box"": 2}, {""name"": ""rice vinegar"", ""label"": ""Rice vinegar (15ml)"", ""in_box"": 1}]"
2026-10-20,2026-09-02,77ea3711-c482-44e6-9c8a-d30087530a69,5582,Chicken Katsu Curry With Pickled Ginger Salad,False,0.0,349,637,40.7,16.2,10.1,80.2,4.8,5.2,1.38,182,11.7,4.7,2.9,23.0,1.4,1.5,0.4,1,40,full-prep,mild,Takeaway Night,Dairy Free,4.46,29810,True,"[{""name"": ""solid creamed coconut"", ""label"": ""Solid creamed coconut (25g)"", ""in_box"": 1}, {""name"": ""ground turmeric"", ""label"": ""Ground turmeric (0.5tsp)"", ""in_box"": 1}, {""name"": ""free range egg"", ""label"": ""Free range egg"", ""in_box"": 1}, {""name"": ""sushi rice"", ""label"": ""Sushi rice (150g)"", ""in_box"": 1}, {""name"": ""soy sauce"", ""label"": ""Soy sauce (8ml)"", ""in_box"": 1}, {""name"": ""chicken breast portions"", ""label"": ""Chicken breast portions (2pcs)"", ""in_box"": 1}, {""name"": ""panko breadcrumbs"", ""label"": ""Panko breadcrumbs (30g)"", ""in_box"": 1}, {""name"": ""curry powder"", ""label"": ""Curry powder (1tbsp)"", ""in_box"": 1}, {""name"": ""garlic clove"", ""label"": ""Garlic clove"", ""in_box"": 1}, {""name"": ""fresh root ginger"", ""label"": ""Fresh root ginger (15g)"", ""in_box"": 1}, {""name"": ""baby leaf salad"", ""label"": ""Baby leaf salad (50g)"", ""in_box"": 1}, {""name"": ""brown onion"", ""label"": ""Brown onion"", ""in_box"": 1}, {""name"": ""red wine vinegar"", ""label"": ""Red wine vinegar (15ml)"", ""in_box"": 1}]"
2026-10-20,2026-09-02,62b3d2e1-084f-4e7f-9efc-3629928f7756,2936,Chicken Linguine With Tomatoes And Chilli,False,0.0,307,516,40.7,5.4,1.5,73.4,6.4,4.4,1.26,168,13.3,1.8,0.5,23.9,2.1,1.4,0.41,1,25,full-prep,spicy,20 minute meals,Dairy Free,4.25,15425,True,"[{""name"": ""intense chicken stock mix"", ""label"": ""Intense chicken stock mix (5.5g)"", ""in_box"": 1}, {""name"": ""chicken breast strips"", ""label"": ""Chicken breast strips (250g)"", ""in_box"": 1}, {""name"": ""dried chilli flakes"", ""label"": ""Dried chilli flakes (0.5tsp)"", ""in_box"": 1}, {""name"": ""linguine"", ""label"": ""Linguine (190g)"", ""in_box"": 1}, {""name"": ""garlic clove"", ""label"": ""Garlic clove"", ""in_box"": 1}, {""name"": ""tomato paste"", ""label"": ""Tomato paste (16g)"", ""in_box"": 1}, {""name"": ""Chinese rice wine"", ""label"": ""Chinese rice wine (15ml)"", ""in_box"": 1}, {""name"": ""chives"", ""label"": ""Chives (5g)"", ""in_box"": 1}, {""name"": ""cherry tomatoes"", ""label"": ""Cherry tomatoes (125g)"", ""in_box"": 1}]"
2026-10-20,2026-09-02,6577cc3b-9e8d-4bb2-a449-dbefbb75ae5d,3207,Chicken Thigh & Butter Bean Hotpot,False,0.0,485,438,32.7,19.0,7.3,34.1,8.3,10.4,1.66,90,6.7,3.9,1.5,7.0,1.7,2.2,0.34,2,55,full-prep,no spice,Prepped in 5,,4.09,7869,True,"[{""name"": ""intense chicken stock mix"", ""label"": ""Intense chicken stock mix (5.5g)"", ""in_box"": 1}, {""name"": ""dried oregano"", ""label"": ""Dried oregano (1tsp)"", ""in_box"": 1}, {""name"": ""diced chicken thigh"", ""label"": ""Diced chicken thigh (250g)"", ""in_box"": 1}, {""name"": ""butter beans"", ""label"": ""Butter beans (185g)"", ""in_box"": 1}, {""name"": ""soft cheese"", ""label"": ""Soft cheese (50g)"", ""in_box"": 1}, {""name"": ""carrot"", ""label"": ""Carrot"", ""in_box"": 1}, {""name"": ""fine green beans"", ""label"": ""Fine green beans (160g)"", ""in_box"": 1}, {""name"": ""baby button mushrooms"", ""label"": ""Baby button mushrooms (80g)"", ""in_box"": 1}, {""name"": ""white potato"", ""label"": ""White potato x2"", ""in_box"": 2}, {""name"": ""Dijon mustard"", ""label"": ""Dijon mustard (5.5g)"", ""in_box"": 1}]"
2026-10-20,2026-09-02,a2440ed9-f604-413d-967e-6a4e028f953b,4042,Chicken Thigh Orzo Primavera With Toasted Pine Nuts,False,0.0,401,616,43.1,22.5,6.8,59.2,6.3,6.1,1.73,153,10.8,5.6,1.7,14.8,1.6,1.5,0.43,2,40,full-prep,no spice,Modern Bistro,,4.28,5959,True,"[{""name"": ""diced chicken thigh"", ""label"": ""Diced chicken thigh (250g)"", ""in_box"": 1}, {""name"": ""intense vegetable stock mix"", ""label"": ""Intense vegetable stock mix (5.5g)"", ""in_box"": 1}, {""name"": ""garlic clove"", ""label"": ""Garlic clove x2"", ""in_box"": 2}, {""name"": ""pine nuts"", ""label"": ""Pine nuts (15g)"", ""in_box"": 1}, {""name"": ""lemon"", ""label"": ""Lemon"", ""in_box"": 1}, {""name"": ""grated Italian hard cheese"", ""label"": ""Grated Italian hard cheese (30g)"", ""in_box"": 1}, {""name"": ""fine green beans"", ""label"": ""Fine green beans (160g)"", ""in_box"": 1}, {""name"": ""spinach"", ""label"": ""Spinach (80g)"", ""in_box"": 1}, {""name"": ""orzo"", ""label"": ""Orzo (150g)"", ""in_box"": 1}]"
2026-10-20,2026-09-02,26a7507d-71c2-43ac-91ea-793d28f80834,1552,Chicken Tikka Masala With Rice,False,0.0,390,516,32.6,20.9,9.6,49.9,5.0,3.3,1.32,132,8.3,5.4,2.4,12.8,1.3,0.9,0.34,1,10,full-prep,mild,10-Minute,Gluten Free,4.31,25046,True,"[{""name"": ""tomato"", ""label"": ""Tomato x2"", ""in_box"": 2}, {""name"": ""chicken stock mix"", ""label"": ""Chicken stock mix (5.5g)"", ""in_box"": 1}, {""name"": ""cooked white long grain rice"", ""label"": ""Cooked white long grain rice (280g)"", ""in_box"": 1}, {""name"": ""Cornish clotted cream"", ""label"": ""Cornish clotted cream (40g)"", ""in_box"": 1}, {""name"": ""diced chicken breast"", ""label"": ""Diced chicken breast (250g)"", ""in_box"": 1}, {""name"": ""ground paprika"", ""label"": ""Ground paprika (1tsp)"", ""in_box"": 1}, {""name"": ""curry powder"", ""label"": ""Curry powder (1tbsp)"", ""in_box"": 1}, {""name"": ""ginger & garlic paste"", ""label"": ""Ginger & garlic paste (15g)"", ""in_box"": 1}]"
2026-10-20,2026-09-02,8883e493-8ce8-41c9-adf7-c60322f24a5e,16713,Chicken Tikka Masala With Saffron Rice,True,2.0,,512,29.7,20.3,,47.3,,10.6,2.89,,,,,,,,,2,7,heat-only,mild,Heat & Eat,,4.02,511,True,
2026-10-20,2026-09-02,3925452b-6fdc-45fa-98f5-e7901f1c0011,3845,Chicken With Creamy Tomato Sauce And Harissa Mash,False,0.0,466,367,33.1,11.9,5.3,33.6,11.8,7.6,1.07,78,7.1,2.6,1.1,7.2,2.5,1.6,0.23,3,30,full-prep,spicy,Global Kitchen,Gluten Free,4,30350,True,"[{""name"": ""harissa paste"", ""label"": ""Harissa paste (20g)"", ""in_box"": 1}, {""name"": ""chicken stock mix"", ""label"": ""Chicken stock mix (5.5g)"", ""in_box"": 1}, {""name"": ""chicken breast portions"", ""label"": ""Chicken breast portions (2pcs)"", ""in_box"": 1}, {""name"": ""garlic clove"", ""label"": ""Garlic clove"", ""in_box"": 1}, {""name"": ""soft cheese"", ""label"": ""Soft cheese (50g)"", ""in_box"": 1}, {""name"": ""carrot"", ""label"": ""Carrot x2"", ""in_box"": 2}, {""name"": ""spinach"", ""label"": ""Spinach (80g)"", ""in_box"": 1}, {""name"": ""cherry tomatoes"", ""label"": ""Cherry tomatoes (125g)"", ""in_box"": 1}, {""name"": ""white potato"", ""label"": ""White potato x2"", ""in_box"": 2}]"
2026-10-20,2026-09-02,35f14bbe-9a6d-4975-8b3d-e11ea4d38403,4660,Chicken Wrapped In Bacon With Creamy Potato & Leek Gratin,True,2.0,574,566,50.8,21.3,8.2,45.4,10.8,12.0,2.36,98,8.9,3.7,1.4,7.9,1.9,2.1,0.41,2,45,full-prep,no spice,Fine Dine In,,4.32,12293,True,"[{""name"": ""chicken stock mix"", ""label"": ""Chicken stock mix (5.5g)"", ""in_box"": 1}, {""name"": ""shredded kale"", ""label"": ""Shredded kale (120g)"", ""in_box"": 1}, {""name"": ""leek"", ""label"": ""Leek"", ""in_box"": 1}, {""name"": ""chicken breast portions"", ""label"": ""Chicken breast portions (2pcs)"", ""in_box"": 1}, {""name"": ""smoked streaky bacon"", ""label"": ""Smoked streaky bacon (90g)"", ""in_box"": 1}, {""name"": ""garlic clove"", ""label"": ""Garlic clove"", ""in_box"": 1}, {""name"": ""shallot"", ""label"": ""Shallot"", ""in_box"": 1}, {""name"": ""blanched peas"", ""label"": ""Blanched peas (160g)"", ""in_box"": 1}, {""name"": ""grated Italian hard cheese"", ""label"": ""Grated Italian hard cheese (30g)"", ""in_box"": 1}, {""name"": ""white potato"", ""label"": ""White potato x3"", ""in_box"": 3}, {""name"": ""Dijon mustard"", ""label"": ""Dijon mustard (5.5g)"", ""in_box"": 1}]"
2026-10-20,2026-09-02,58a09125-9773-479a-9499-0a59338f82be,15518,"Chicken, Bacon & Red Wine Chasseur With Crushed Potatoes",True,2.0,473,439,43.1,13.7,4.4,37.7,7.3,6.8,2.9,92,9.1,2.9,0.9,8.0,1.6,1.4,0.61,1,10,full-prep,no spice,Fine Dine In,Dairy Free; Gluten Free,4.5,330,True,"[{""name"": ""gravy base"", ""label"": ""Gravy base (14g)"", ""in_box"": 1}, {""name"": ""red wine paste"", ""label"": ""Red wine paste (10g)"", ""in_box"": 1}, {""name"": ""waxy potatoes"", ""label"": ""Waxy potatoes (350g)"", ""in_box"": 1}, {""name"": ""diced chicken breast"", ""label"": ""Diced chicken breast (250g)"", ""in_box"": 1}, {""name"": ""bacon lardons"", ""label"": ""Bacon lardons (100g)"", ""in_box"": 1}, {""name"": ""garlic clove"", ""label"": ""Garlic clove"", ""in_box"": 1}, {""name"": ""shallot"", ""label"": ""Shallot x2"", ""in_box"": 2}, {""name"": ""tomato paste"", ""label"": ""Tomato paste (16g)"", ""in_box"": 1}, {""name"": ""Tenderstem broccoli"", ""label"": ""Tenderstem broccoli (160g)"", ""in_box"": 1}]"
2026-10-20,2026-09-02,2c2aae88-bfb1-4f87-a51c-08667052e27f,454,Chilli Lime Sweet Potato & Rice Salad,False,0.0,390,598,22.0,15.2,2.7,92.4,8.6,16.1,1.58,153,5.6,3.9,0.7,23.7,2.2,4.1,0.4,2,40,full-prep,spicy,Global Kitchen,Vegan; Vegetarian; Dairy Free,4.23,10172,True,"[{""name"": ""brown long grain rice"", ""label"": ""Brown long grain rice (130g)"", ""in_box"": 1}, {""name"": ""black beans"", ""label"": ""Black beans (380g)"", ""in_box"": 1}, {""name"": ""pumpkin seeds"", ""label"": ""Pumpkin seeds (30g)"", ""in_box"": 1}, {""name"": ""red chilli"", ""label"": ""Red chilli"", ""in_box"": 1}, {""name"": ""garlic clove"", ""label"": ""Garlic clove"", ""in_box"": 1}, {""name"": ""fresh root ginger"", ""label"": ""Fresh root ginger (15g)"", ""in_box"": 1}, {""name"": ""coriander"", ""label"": ""Coriander (10g)"", ""in_box"": 1}, {""name"": ""soy sauce"", ""label"": ""Soy sauce (15ml)"", ""in_box"": 1}, {""name"": ""lime"", ""label"": ""Lime"", ""in_box"": 1}, {""name"": ""cashew nuts"", ""label"": ""Cashew nuts (25g)"", ""in_box"": 1}, {""name"": ""sweet potato"", ""label"": ""Sweet potato"", ""in_box"": 1}]"
2026-10-20,2026-09-02,b1a6f1ef-8f7a-41b9-b980-885b4044229e,3121,Chilli Roasted Squash With Thai-Style Pesto Salad,False,0.0,438,610,20.6,26.1,4.4,75.8,10.8,12.5,2.08,139,4.7,6.0,1.0,17.3,2.5,2.8,0.47,2,40,full-prep,spicy,Global Kitchen,Vegan; Vegetarian; Dairy Free,4.04,6200,True,"[{""name"": ""dried chilli flakes"", ""label"": ""Dried chilli flakes (0.5tsp)"", ""in_box"": 1}, {""name"": ""Thai basil"", ""label"": ""Thai basil (5g) x2"", ""in_box"": 2}, {""name"": ""toasted sesame oil"", ""label"": ""Toasted sesame oil (20ml)"", ""in_box"": 1}, {""name"": ""chickpeas"", ""label"": ""Chickpeas (185g)"", ""in_box"": 1}, {""name"": ""shallot"", ""label"": ""Shallot"", ""in_box"": 1}, {""name"": ""ginger paste"", ""label"": ""Ginger paste (15g)"", ""in_box"": 1}, {""name"": ""rice vinegar"", ""label"": ""Rice vinegar (15ml)"", ""in_box"": 1}, {""name"": ""soy sauce"", ""label"": ""Soy sauce (15ml)"", ""in_box"": 1}, {""name"": ""butternut squash cubes"", ""label"": ""Butternut squash cubes (160g) x2"", ""in_box"": 2}, {""name"": ""lime"", ""label"": ""Lime"", ""in_box"": 1}, {""name"": ""coriander & mint"", ""label"": ""Coriander & mint (10g)"", ""in_box"": 1}, {""name"": ""rocket"", ""label"": ""Rocket (50g)"", ""in_box"": 1}, {""name"": ""roasted peanuts"", ""label"": ""Roasted peanuts (25g) x2"", ""in_box"": 2}, {""name"": ""bulgur wheat"", ""label"": ""Bulgur wheat (130g)"", ""in_box"": 1}]"
2026-10-20,2026-09-02,bd1810a4-2a9c-48e8-b8eb-a2eae05c754e,9150,Chinese-Style Five-Spice BBQ Chicken With Rice,False,0.0,380,538,34.6,10.2,2.1,80.2,21.2,6.5,0.77,141,9.1,2.7,0.6,21.1,5.6,1.7,0.2,2,25,full-prep,mild,Protein Hit,Dairy Free,3.85,630,True,"[{""name"": ""BBQ sauce"", ""label"": ""BBQ sauce (40g)"", ""in_box"": 1}, {""name"": ""white long grain rice"", ""label"": ""White long grain rice (130g)"", ""in_box"": 1}, {""name"": ""spring onion"", ""label"": ""Spring onion"", ""in_box"": 1}, {""name"": ""chicken breast portions"", ""label"": ""Chicken breast portions (2pcs)"", ""in_box"": 1}, {""name"": ""five-spice mix"", ""label"": ""Five-spice mix (1tsp)"", ""in_box"": 1}, {""name"": ""garlic clove"", ""label"": ""Garlic clove"", ""in_box"": 1}, {""name"": ""toasted sesame oil"", ""label"": ""Toasted sesame oil (10ml)"", ""in_box"": 1}, {""name"": ""tomato paste"", ""label"": ""Tomato paste (16g)"", ""in_box"": 1}, {""name"": ""carrot"", ""label"": ""Carrot x2"", ""in_box"": 2}, {""name"": ""hoisin sauce"", ""label"": ""Hoisin sauce (20g)"", ""in_box"": 1}, {""name"": ""sweet pea pods"", ""label"": ""Sweet pea pods (80g)"", ""in_box"": 1}]"
2026-10-20,2026-09-02,67296523-cc5c-46a9-b242-466fa88dd2c2,5338,Chinese-Style King Prawn & Pepper Chow Mein,False,0.0,272,403,21.5,7.1,1.3,61.6,8.5,3.2,2.68,148,7.9,2.6,0.5,22.7,3.1,1.2,0.99,1,25,full-prep,no spice,20 minute meals,Dairy Free,4.21,1255,True,"[{""name"": ""medium egg noodle nests"", ""label"": ""Medium egg noodle nests (2pcs)"", ""in_box"": 1}, {""name"": ""raw peeled king prawns"", ""label"": ""Raw peeled king prawns (171g)"", ""in_box"": 1}, {""name"": ""red pepper"", ""label"": ""Red pepper"", ""in_box"": 1}, {""name"": ""spring onion"", ""label"": ""Spring onion x2"", ""in_box"": 2}, {""name"": ""garlic clove"", ""label"": ""Garlic clove x2"", ""in_box"": 2}, {""name"": ""toasted sesame oil"", ""label"": ""Toasted sesame oil (10ml)"", ""in_box"": 1}, {""name"": ""ginger paste"", ""label"": ""Ginger paste (15g)"", ""in_box"": 1}, {""name"": ""Chinese rice wine"", ""label"": ""Chinese rice wine (15ml)"", ""in_box"": 1}, {""name"": ""soy sauce"", ""label"": ""Soy sauce (15ml)"", ""in_box"": 1}, {""name"": ""hoisin sauce"", ""label"": ""Hoisin sauce (20g)"", ""in_box"": 1}]"
2026-10-20,2026-09-02,7a943caf-e675-4b58-9aae-b11964fed9ba,1821,"Chorizo, Tomato & Tenderstem Spaghetti",False,0.0,303,716,29.4,31.2,13.1,78.1,9.6,5.6,2.24,236,9.7,10.3,4.3,25.8,3.2,1.8,0.74,1,10,full-prep,no spice,10-Minute,,4.29,40328,True,"[{""name"": ""grated Italian hard cheese"", ""label"": ""Grated Italian hard cheese (30g)"", ""in_box"": 1}, {""name"": ""Tenderstem broccoli"", ""label"": ""Tenderstem broccoli (80g)"", ""in_box"": 1}, {""name"": ""diced chorizo"", ""label"": ""Diced chorizo (100g)"", ""in_box"": 1}, {""name"": ""roasted garlic paste"", ""label"": ""Roasted garlic paste (15g)"", ""in_box"": 1}, {""name"": ""soft cheese"", ""label"": ""Soft cheese (50g)"", ""in_box"": 1}, {""name"": ""tomato paste"", ""label"": ""Tomato paste (16g)"", ""in_box"": 1}, {""name"": ""cherry tomatoes"", ""label"": ""Cherry tomatoes (125g)"", ""in_box"": 1}, {""name"": ""spaghetti"", ""label"": ""Spaghetti (190g)"", ""in_box"": 1}]"
2026-10-20,2026-09-02,ebf48b1b-31ab-4266-aa8b-14d7d825910c,14860,Classic Cottage Pie With Cheesy Mash,False,0.0,533,606,39.7,24.3,10.9,60.3,14.9,12.3,1.95,113,7.5,4.6,2.1,11.3,2.8,2.3,0.37,3,45,full-prep,no spice,Everyday Favourites,,4.43,1585,True,"[{""name"": ""Italian hard cheese"", ""label"": ""Italian hard cheese (20g)"", ""in_box"": 1}, {""name"": ""intense beef stock mix"", ""label"": ""Intense beef stock mix (5.5g)"", ""in_box"": 1}, {""name"": ""beef mince"", ""label"": ""Beef mince (250g)"", ""in_box"": 1}, {""name"": ""tomato paste"", ""label"": ""Tomato paste (32g)"", ""in_box"": 1}, {""name"": ""garlic clove"", ""label"": ""Garlic clove x2"", ""in_box"": 2}, {""name"": ""blanched peas"", ""label"": ""Blanched peas (160g)"", ""in_box"": 1}, {""name"": ""carrot"", ""label"": ""Carrot"", ""in_box"": 1}, {""name"": ""Marmite"", ""label"": ""Marmite (8g)"", ""in_box"": 1}, {""name"": ""red onion"", ""label"": ""Red onion"", ""in_box"": 1}, {""name"": ""white potato"", ""label"": ""White potato x4"", ""in_box"": 4}]"
2026-10-20,2026-09-02,654f1882-b34c-4237-851e-da1f91c4f74b,14844,Classic Lentil Cottage Pie With Cheesy Mash,False,0.0,620,435,24.0,9.1,5.4,66.0,13.9,18.1,2.47,70,3.9,1.5,0.9,10.6,2.2,2.9,0.4,4,45,full-prep,no spice,Everyday Favourites,Vegetarian,4.41,393,True,"[{""name"": ""green lentils"", ""label"": ""Green lentils (380g)"", ""in_box"": 1}, {""name"": ""cheddar cheese"", ""label"": ""Cheddar cheese (40g)"", ""in_box"": 1}, {""name"": ""intense vegetable stock mix"", ""label"": ""Intense vegetable stock mix (5.5g)"", ""in_box"": 1}, {""name"": ""garlic clove"", ""label"": ""Garlic clove x2"", ""in_box"": 2}, {""name"": ""tomato paste"", ""label"": ""Tomato paste (16g)"", ""in_box"": 1}, {""name"": ""carrot"", ""label"": ""Carrot"", ""in_box"": 1}, {""name"": ""Marmite"", ""label"": ""Marmite (8g)"", ""in_box"": 1}, {""name"": ""broccoli"", ""label"": ""Broccoli"", ""in_box"": 1}, {""name"": ""red onion"", ""label"": ""Red onion"", ""in_box"": 1}, {""name"": ""white potato"", ""label"": ""White potato x4"", ""in_box"": 4}]"
2026-10-20,2026-09-02,ff3ba2b9-d90c-4cee-b848-3ef195e8c5e9,15091,Classic Sweet 'N' Sour Chicken Thigh With Pepper & Pineapple,False,0.0,483,611,31.7,12.6,3.4,94.5,29.7,3.9,3.54,126,6.6,2.6,0.7,19.6,6.2,0.8,0.73,2,30,full-prep,no spice,Classic Fakeaways,Dairy Free,4.35,188,True,"[{""name"": ""white long grain rice"", ""label"": ""White long grain rice (130g)"", ""in_box"": 1}, {""name"": ""red pepper"", ""label"": ""Red pepper"", ""in_box"": 1}, {""name"": ""pineapple slices"", ""label"": ""Pineapple slices (220g)"", ""in_box"": 1}, {""name"": ""tomato ketchup"", ""label"": ""Tomato ketchup (30ml) x2"", ""in_box"": 2}, {""name"": ""spring onion"", ""label"": ""Spring onion"", ""in_box"": 1}, {""name"": ""diced chicken thigh"", ""label"": ""Diced chicken thigh (250g)"", ""in_box"": 1}, {""name"": ""cornflour"", ""label"": ""Cornflour (1tbsp)"", ""in_box"": 1}, {""name"": ""garlic clove"", ""label"": ""Garlic clove x2"", ""in_box"": 2}, {""name"": ""brown onion"", ""label"": ""Brown onion"", ""in_box"": 1}, {""name"": ""ginger paste"", ""label"": ""Ginger paste (15g)"", ""in_box"": 1}, {""name"": ""rice vinegar"", ""label"": ""Rice vinegar (15ml)"", ""in_box"": 1}, {""name"": ""soy sauce"", ""label"": ""Soy sauce (30ml)"", ""in_box"": 1}]"
2026-10-20,2026-09-02,65393aec-ad0f-497e-8c37-bd851564321a,13336,Classic Sweet 'N' Sour Tofu With Pepper & Pineapple,False,0.0,510,654,37.1,12.6,2.1,98.5,30.0,8.2,3.52,128,7.3,2.5,0.4,19.3,5.9,1.6,0.69,2,30,full-prep,no spice,Classic Fakeaways,Vegan; Vegetarian; Dairy Free,4.39,1164,True,"[{""name"": ""white long grain rice"", ""label"": ""White long grain rice (130g)"", ""in_box"": 1}, {""name"": ""red pepper"", ""label"": ""Red pepper"", ""in_box"": 1}, {""name"": ""ground paprika"", ""label"": ""Ground paprika (2tsp)"", ""in_box"": 1}, {""name"": ""plain tofu"", ""label"": ""Plain tofu (280g)"", ""in_box"": 1}, {""name"": ""pineapple slices"", ""label"": ""Pineapple slices (220g)"", ""in_box"": 1}, {""name"": ""tomato ketchup"", ""label"": ""Tomato ketchup (30ml) x2"", ""in_box"": 2}, {""name"": ""spring onion"", ""label"": ""Spring onion"", ""in_box"": 1}, {""name"": ""umami seasoning"", ""label"": ""Umami seasoning (1tbsp)"", ""in_box"": 1}, {""name"": ""cornflour"", ""label"": ""Cornflour (1tbsp)"", ""in_box"": 1}, {""name"": ""garlic clove"", ""label"": ""Garlic clove x2"", ""in_box"": 2}, {""name"": ""brown onion"", ""label"": ""Brown onion"", ""in_box"": 1}, {""name"": ""ginger paste"", ""label"": ""Ginger paste (15g)"", ""in_box"": 1}, {""name"": ""rice vinegar"", ""label"": ""Rice vinegar (15ml)"", ""in_box"": 1}, {""name"": ""soy sauce"", ""label"": ""Soy sauce (30ml)"", ""in_box"": 1}]"
2026-10-20,2026-09-02,15f19d3b-ce2d-42ef-91c9-7739b442c473,7139,"Courgette, Pea & Goats' Cheese Gluten Free Spaghetti",True,1.25,391,585,20.0,17.2,10.4,89.5,10.7,7.2,1.9,149,5.1,4.4,2.7,22.9,2.7,1.8,0.49,2,30,full-prep,mild,20 minute meals,Vegetarian; Gluten Free,4.1,167,True,"[{""name"": ""gluten free spaghetti"", ""label"": ""Gluten free spaghetti (190g)"", ""in_box"": 1}, {""name"": ""intense vegetable stock mix"", ""label"": ""Intense vegetable stock mix (5.5g)"", ""in_box"": 1}, {""name"": ""soft goats' cheese"", ""label"": ""Soft goats' cheese (75g)"", ""in_box"": 1}, {""name"": ""garlic clove"", ""label"": ""Garlic clove x2"", ""in_box"": 2}, {""name"": ""courgette"", ""label"": ""Courgette"", ""in_box"": 1}, {""name"": ""blanched peas"", ""label"": ""Blanched peas (160g)"", ""in_box"": 1}, {""name"": ""lemon"", ""label"": ""Lemon"", ""in_box"": 1}, {""name"": ""soft cheese"", ""label"": ""Soft cheese (50g)"", ""in_box"": 1}, {""name"": ""mint"", ""label"": ""Mint (5g) x2"", ""in_box"": 2}, {""name"": ""rocket"", ""label"": ""Rocket (20g)"", ""in_box"": 1}]"
2026-10-20,2026-09-02,c310aa54-d355-41c0-bf1d-8d4fbcbd6c34,11764,Creamy Bacon Alfredo Sauce With Fresh Tagliatelle,False,0.0,264,602,27.5,20.5,10.6,76.2,2.7,3.4,2.29,228,10.4,7.8,4.0,28.9,1.0,1.3,0.87,1,10,full-prep,no spice,Pasta Pronto,,4.24,5255,True,"[{""name"": ""chicken stock mix"", ""label"": ""Chicken stock mix (5.5g)"", ""in_box"": 1}, {""name"": ""bacon lardons"", ""label"": ""Bacon lardons (100g)"", ""in_box"": 1}, {""name"": ""garlic clove"", ""label"": ""Garlic clove x2"", ""in_box"": 2}, {""name"": ""fresh orecchiette"", ""label"": ""Fresh orecchiette (250g)"", ""in_box"": 1}, {""name"": ""grated Italian hard cheese"", ""label"": ""Grated Italian hard cheese (30g)"", ""in_box"": 1}, {""name"": ""soft cheese"", ""label"": ""Soft cheese (50g)"", ""in_box"": 1}, {""name"": ""spinach"", ""label"": ""Spinach (80g)"", ""in_box"": 1}]"
2026-10-20,2026-09-02,7999401e-1d08-4c5a-9146-35099830e5e3,4853,Creamy Butternut Squash & Miso Gnocchi,False,0.0,518,561,17.0,18.8,2.5,81.7,10.7,6.8,2.3,108,3.3,3.6,0.5,15.8,2.1,1.3,0.44,1,30,full-prep,mild,Modern Bistro,Vegan; Vegetarian; Dairy Free,3.83,4668,True,"[{""name"": ""white miso paste"", ""label"": ""White miso paste (17g)"", ""in_box"": 1}, {""name"": ""dried chilli flakes"", ""label"": ""Dried chilli flakes (0.5tsp)"", ""in_box"": 1}, {""name"": ""shredded kale"", ""label"": ""Shredded kale (120g)"", ""in_box"": 1}, {""name"": ""panko breadcrumbs"", ""label"": ""Panko breadcrumbs (20g)"", ""in_box"": 1}, {""name"": ""creamy single oat"", ""label"": ""Creamy single oat (250ml)"", ""in_box"": 1}, {""name"": ""gnocchi"", ""label"": ""Gnocchi (350g)"", ""in_box"": 1}, {""name"": ""garlic clove"", ""label"": ""Garlic clove x2"", ""in_box"": 2}, {""name"": ""lemon"", ""label"": ""Lemon"", ""in_box"": 1}, {""name"": ""basil"", ""label"": ""Basil (5g)"", ""in_box"": 1}, {""name"": ""butternut squash cubes"", ""label"": ""Butternut squash cubes (160g)"", ""in_box"": 1}]"
2026-10-20,2026-09-02,4a1e6628-b0fe-4308-85ee-7b7cfebc2310,3437,Creamy Carbonara Risotto With Balsamic Tomatoes,False,0.0,341,574,29.1,19.3,7.9,68.8,5.9,3.9,2.93,168,8.5,5.7,2.3,20.2,1.7,1.1,0.86,1,45,full-prep,mild,Modern Bistro,Gluten Free,4.32,19985,True,"[{""name"": ""grated Italian hard cheese"", ""label"": ""Grated Italian hard cheese (30g)"", ""in_box"": 1}, {""name"": ""intense chicken stock mix"", ""label"": ""Intense chicken stock mix (5.5g)"", ""in_box"": 1}, {""name"": ""free range egg"", ""label"": ""Free range egg x2"", ""in_box"": 2}, {""name"": ""bacon lardons"", ""label"": ""Bacon lardons (100g)"", ""in_box"": 1}, {""name"": ""garlic clove"", ""label"": ""Garlic clove x2"", ""in_box"": 2}, {""name"": ""brown onion"", ""label"": ""Brown onion"", ""in_box"": 1}, {""name"": ""arborio rice"", ""label"": ""Arborio rice (160g)"", ""in_box"": 1}, {""name"": ""Chinese rice wine"", ""label"": ""Chinese rice wine (15ml)"", ""in_box"": 1}, {""name"": ""rocket"", ""label"": ""Rocket (20g)"", ""in_box"": 1}, {""name"": ""cherry tomatoes"", ""label"": ""Cherry tomatoes (125g)"", ""in_box"": 1}, {""name"": ""balsamic vinegar"", ""label"": ""Balsamic vinegar (15ml)"", ""in_box"": 1}]"
2026-10-20,2026-09-02,a6d19b2e-6306-4068-849b-6fb9eb3afd59,7850,"Creamy Chicken, Bacon & Mushroom Stew",True,2.25,,514,42.4,19.2,,44.5,,6.7,2.28,,,,,,,,,2,10,full-prep,no spice,Gastropub,Gluten Free,4.61,4843,True,
2026-10-20,2026-09-02,015fa285-d628-475c-889c-b70b0b76d6dd,5855,Creamy Corn Conchiglie,False,0.0,256,595,21.0,16.5,9.4,90.3,13.1,7.1,1.9,232,8.2,6.4,3.7,35.3,5.1,2.8,0.74,2,25,full-prep,mild,20 minute meals,Vegetarian,4.44,8064,True,"[{""name"": ""cheddar cheese"", ""label"": ""Cheddar cheese (40g)"", ""in_box"": 1}, {""name"": ""dried oregano"", ""label"": ""Dried oregano (1tsp)"", ""in_box"": 1}, {""name"": ""tomato paste"", ""label"": ""Tomato paste (32g)"", ""in_box"": 1}, {""name"": ""ground smoked paprika"", ""label"": ""Ground smoked paprika (1tsp)"", ""in_box"": 1}, {""name"": ""Sweetcorn"", ""label"": ""Sweetcorn (150g)"", ""in_box"": 1}, {""name"": ""intense vegetable stock mix"", ""label"": ""Intense vegetable stock mix (5.5g)"", ""in_box"": 1}, {""name"": ""garlic clove"", ""label"": ""Garlic clove x2"", ""in_box"": 2}, {""name"": ""shallot"", ""label"": ""Shallot"", ""in_box"": 1}, {""name"": ""soft cheese"", ""label"": ""Soft cheese (50g)"", ""in_box"": 1}, {""name"": ""conchiglie"", ""label"": ""Conchiglie (200g)"", ""in_box"": 1}]"
2026-10-20,2026-09-02,e57bc177-fd9a-4dbf-940d-1b993a50f19f,17608,Creamy Garlic Mushroom Fusilli,True,0.75,412,449,20.2,14.4,6.6,55.6,3.7,6.6,2.43,109,4.9,3.5,1.6,13.5,0.9,1.6,0.59,2,7,heat-only,mild,Heat & Eat,Vegetarian,0,0,True,"[{""name"": ""creamy mushroom fusilli"", ""label"": ""Creamy mushroom fusilli (420g) x2"", ""in_box"": 2}]"
2026-10-20,2026-09-02,235f91d7-f3b5-40f5-88fc-f25b608e5d60,6142,Creamy Smoked Basa Potato-Topped Pie,False,0.0,486,385,26.1,10.3,5.3,50.4,9.9,9.2,2.37,79,5.4,2.1,1.1,10.4,2.0,1.9,0.49,1,55,full-prep,no spice,Modern Bistro,,4.39,535,True,"[{""name"": ""shredded kale"", ""label"": ""Shredded kale (120g)"", ""in_box"": 1}, {""name"": ""garlic clove"", ""label"": ""Garlic clove x2"", ""in_box"": 2}, {""name"": ""brown onion"", ""label"": ""Brown onion"", ""in_box"": 1}, {""name"": ""smoked basa fillets"", ""label"": ""Smoked basa fillets (2pcs)"", ""in_box"": 1}, {""name"": ""vegetable stock mix"", ""label"": ""Vegetable stock mix (5.5g)"", ""in_box"": 1}, {""name"": ""soft cheese"", ""label"": ""Soft cheese (50g)"", ""in_box"": 1}, {""name"": ""carrot"", ""label"": ""Carrot"", ""in_box"": 1}, {""name"": ""white potato"", ""label"": ""White potato x4"", ""in_box"": 4}, {""name"": ""Dijon mustard"", ""label"": ""Dijon mustard (5.5g)"", ""in_box"": 1}]"
2026-10-20,2026-09-02,5cc5fb20-c999-4c0b-bbd5-1e650040deaa,6540,Creamy Sun-Dried Tomato Chicken Breast Bake,True,0.5,454,448,34.1,18.5,6.9,38.6,8.3,5.6,1.25,98,7.5,4.1,1.5,8.5,1.8,1.2,0.27,1,40,full-prep,no spice,Modern Bistro,Gluten Free,4.16,1088,True,"[{""name"": ""chicken breast portions"", ""label"": ""Chicken breast portions (2pcs)"", ""in_box"": 1}, {""name"": ""dried oregano"", ""label"": ""Dried oregano (1tsp)"", ""in_box"": 1}, {""name"": ""sun-dried tomato pesto"", ""label"": ""Sun-dried tomato pesto (45g)"", ""in_box"": 1}, {""name"": ""basil"", ""label"": ""Basil (5g)"", ""in_box"": 1}, {""name"": ""soft cheese"", ""label"": ""Soft cheese (50g)"", ""in_box"": 1}, {""name"": ""chicken stock mix"", ""label"": ""Chicken stock mix (5.5g)"", ""in_box"": 1}, {""name"": ""cherry tomatoes"", ""label"": ""Cherry tomatoes (250g)"", ""in_box"": 1}, {""name"": ""white potato"", ""label"": ""White potato x3"", ""in_box"": 3}]"
2026-10-20,2026-09-02,9b23126a-00bc-4989-b655-8d011932170b,6944,Creamy Sundried Tomato & Olive Sauce With Fresh Orecchiette,False,0.0,316,612,19.4,23.0,8.8,80.7,7.0,4.9,1.93,193,6.1,7.3,2.8,25.6,2.2,1.6,0.61,1,10,full-prep,no spice,Pasta Pronto,Vegetarian,4.34,2028,True,"[{""name"": ""dried oregano"", ""label"": ""Dried oregano (1tsp)"", ""in_box"": 1}, {""name"": ""black olives"", ""label"": ""Black olives (40g)"", ""in_box"": 1}, {""name"": ""sun-dried tomato pesto"", ""label"": ""Sun-dried tomato pesto (45g)"", ""in_box"": 1}, {""name"": ""fresh orecchiette"", ""label"": ""Fresh orecchiette (250g)"", ""in_box"": 1}, {""name"": ""roasted garlic paste"", ""label"": ""Roasted garlic paste (15g)"", ""in_box"": 1}, {""name"": ""Italian hard cheese"", ""label"": ""Italian hard cheese (20g)"", ""in_box"": 1}, {""name"": ""vegetable stock mix"", ""label"": ""Vegetable stock mix (5.5g)"", ""in_box"": 1}, {""name"": ""soft cheese"", ""label"": ""Soft cheese (50g)"", ""in_box"": 1}, {""name"": ""spinach"", ""label"": ""Spinach (80g)"", ""in_box"": 1}, {""name"": ""cherry tomatoes"", ""label"": ""Cherry tomatoes (125g)"", ""in_box"": 1}]"
2026-10-20,2026-09-02,b47c5670-bb4c-40ac-8f39-f9500c96d134,5398,"Creamy Tomato, Mushroom & Tenderstem Broccoli Spaghetti",False,0.0,344,612,22.5,21.9,9.4,79.5,10.9,7.7,2.3,178,6.6,6.4,2.7,23.1,3.2,2.3,0.67,3,10,full-prep,no spice,10-Minute,Vegetarian,4.43,6829,True,"[{""name"": ""grated Italian hard cheese"", ""label"": ""Grated Italian hard cheese (30g)"", ""in_box"": 1}, {""name"": ""tomato paste"", ""label"": ""Tomato paste (32g)"", ""in_box"": 1}, {""name"": ""intense vegetable stock mix"", ""label"": ""Intense vegetable stock mix (5.5g)"", ""in_box"": 1}, {""name"": ""sun-dried tomato pesto"", ""label"": ""Sun-dried tomato pesto (45g)"", ""in_box"": 1}, {""name"": ""roasted garlic paste"", ""label"": ""Roasted garlic paste (15g)"", ""in_box"": 1}, {""name"": ""soft cheese"", ""label"": ""Soft cheese (50g)"", ""in_box"": 1}, {""name"": ""white cup mushrooms"", ""label"": ""White cup mushrooms (160g)"", ""in_box"": 1}, {""name"": ""Tenderstem broccoli"", ""label"": ""Tenderstem broccoli (160g)"", ""in_box"": 1}, {""name"": ""spaghetti"", ""label"": ""Spaghetti (190g)"", ""in_box"": 1}]"
2026-10-20,2026-09-02,083c4860-595d-4828-96f3-c1f54f76a05a,13132,Creamy Tuna Pasta Bake,False,0.0,288,598,38.5,10.3,5.4,91.1,5.1,3.9,1.69,207,13.3,3.6,1.9,31.6,1.8,1.3,0.59,1,30,full-prep,no spice,Modern Bistro,,4.15,958,True,"[{""name"": ""cheddar cheese"", ""label"": ""Cheddar cheese (40g)"", ""in_box"": 1}, {""name"": ""garden veg mix"", ""label"": ""Garden veg mix (160g)"", ""in_box"": 1}, {""name"": ""panko breadcrumbs"", ""label"": ""Panko breadcrumbs (20g)"", ""in_box"": 1}, {""name"": ""tuna chunks in spring water"", ""label"": ""Tuna chunks in spring water (145g)"", ""in_box"": 1}, {""name"": ""garlic clove"", ""label"": ""Garlic clove"", ""in_box"": 1}, {""name"": ""vegetable stock mix"", ""label"": ""Vegetable stock mix (5.5g)"", ""in_box"": 1}, {""name"": ""farfalle"", ""label"": ""Farfalle (200g)"", ""in_box"": 1}]"
2026-10-20,2026-09-02,8e1a7e07-caf5-478a-91c0-1ce265eb80ec,2226,Crispy Baked Chicken Katsu,False,0.0,434,538,40.7,8.2,2.2,76.0,16.1,5.5,1.86,124,9.4,1.9,0.5,17.5,3.7,1.3,0.43,2,30,full-prep,spicy,Global Kitchen,Dairy Free,4.14,11017,True,"[{""name"": ""intense chicken stock mix"", ""label"": ""Intense chicken stock mix (5.5g)"", ""in_box"": 1}, {""name"": ""apple"", ""label"": ""Apple"", ""in_box"": 1}, {""name"": ""free range egg"", ""label"": ""Free range egg"", ""in_box"": 1}, {""name"": ""red chilli"", ""label"": ""Red chilli"", ""in_box"": 1}, {""name"": ""chicken breast portions"", ""label"": ""Chicken breast portions (2pcs)"", ""in_box"": 1}, {""name"": ""panko breadcrumbs"", ""label"": ""Panko breadcrumbs (40g)"", ""in_box"": 1}, {""name"": ""curry powder"", ""label"": ""Curry powder (1tbsp)"", ""in_box"": 1}, {""name"": ""fresh root ginger"", ""label"": ""Fresh root ginger (15g)"", ""in_box"": 1}, {""name"": ""baby leaf salad"", ""label"": ""Baby leaf salad (50g)"", ""in_box"": 1}, {""name"": ""brown onion"", ""label"": ""Brown onion"", ""in_box"": 1}, {""name"": ""white long grain rice"", ""label"": ""White long grain rice (100g)"", ""in_box"": 1}, {""name"": ""coriander"", ""label"": ""Coriander (5g)"", ""in_box"": 1}, {""name"": ""carrot"", ""label"": ""Carrot"", ""in_box"": 1}]"
2026-10-20,2026-09-02,c777ca56-d175-4f0f-a9bc-11b7a7b78d79,5442,"Crispy Basa With Potatoes, Peas And Lemon Mayo",False,0.0,526,458,31.2,12.8,1.6,56.6,12.3,10.1,0.19,87,5.9,2.4,0.3,10.8,2.3,1.9,0.04,2,30,full-prep,no spice,Air Fryer,Dairy Free,4.38,3746,True,"[{""name"": ""waxy potatoes"", ""label"": ""Waxy potatoes (350g)"", ""in_box"": 1}, {""name"": ""leek"", ""label"": ""Leek"", ""in_box"": 1}, {""name"": ""basa fillets"", ""label"": ""Basa fillets (2pcs)"", ""in_box"": 1}, {""name"": ""mayonnaise"", ""label"": ""Mayonnaise (25ml)"", ""in_box"": 1}, {""name"": ""panko breadcrumbs"", ""label"": ""Panko breadcrumbs (40g)"", ""in_box"": 1}, {""name"": ""garlic clove"", ""label"": ""Garlic clove"", ""in_box"": 1}, {""name"": ""blanched peas"", ""label"": ""Blanched peas (160g)"", ""in_box"": 1}, {""name"": ""lemon"", ""label"": ""Lemon"", ""in_box"": 1}, {""name"": ""chives"", ""label"": ""Chives (5g) x2"", ""in_box"": 2}]"
2026-10-20,2026-09-02,2d08ab0e-ae04-45ef-ac0f-1921513243c6,2720,Crispy Chicken Wraps With Chilli Mayo,False,0.0,438,843,44.9,38.6,10.6,79.6,13.7,4.1,1.3,192,10.3,8.8,2.4,18.2,3.1,0.9,0.3,2,35,full-prep,mild,Takeaway Night,,4.41,35112,True,"[{""name"": ""plain tortillas"", ""label"": ""Plain tortillas (6pcs)"", ""in_box"": 1}, {""name"": ""cheddar cheese"", ""label"": ""Cheddar cheese (40g)"", ""in_box"": 1}, {""name"": ""tomato"", ""label"": ""Tomato x2"", ""in_box"": 2}, {""name"": ""chicken breast strips"", ""label"": ""Chicken breast strips (250g)"", ""in_box"": 1}, {""name"": ""ground paprika"", ""label"": ""Ground paprika (1tsp)"", ""in_box"": 1}, {""name"": ""mayonnaise"", ""label"": ""Mayonnaise (50ml)"", ""in_box"": 1}, {""name"": ""panko breadcrumbs"", ""label"": ""Panko breadcrumbs (40g)"", ""in_box"": 1}, {""name"": ""red chilli relish"", ""label"": ""Red chilli relish (25g)"", ""in_box"": 1}, {""name"": ""gem lettuce"", ""label"": ""Gem lettuce"", ""in_box"": 1}]"
2026-10-20,2026-09-02,4b33410d-5b6e-492b-adbf-4903f1278aab,7222,Crispy Lemon & Pepper Chicken With Roast Potatoes,False,0.0,448,449,36.0,4.8,1.2,67.4,13.6,5.3,0.59,100,8.0,1.1,0.3,15.1,3.0,1.2,0.13,1,40,full-prep,no spice,Modern Bistro,Dairy Free,4.31,6237,True,"[{""name"": ""tomato"", ""label"": ""Tomato"", ""in_box"": 1}, {""name"": ""chicken breast portions"", ""label"": ""Chicken breast portions (2pcs)"", ""in_box"": 1}, {""name"": ""dried thyme"", ""label"": ""Dried thyme (0.5tsp)"", ""in_box"": 1}, {""name"": ""garlic clove"", ""label"": ""Garlic clove x2"", ""in_box"": 2}, {""name"": ""baby leaf salad"", ""label"": ""Baby leaf salad (50g)"", ""in_box"": 1}, {""name"": ""lemon"", ""label"": ""Lemon"", ""in_box"": 1}, {""name"": ""white potato"", ""label"": ""White potato x3"", ""in_box"": 3}, {""name"": ""cracked black pepper"", ""label"": ""Cracked black pepper (2.5g)"", ""in_box"": 1}, {""name"": ""honey"", ""label"": ""Honey (25g)"", ""in_box"": 1}, {""name"": ""Dijon mustard"", ""label"": ""Dijon mustard (5.5g)"", ""in_box"": 1}, {""name"": ""panko breadcrumbs"", ""label"": ""Panko breadcrumbs (60g)"", ""in_box"": 1}]"
2026-10-20,2026-09-02,b211aa5b-ffb0-4cf6-8b81-b6bddcb948a4,5244,Crispy Pork & Corn Birria-Inspired Ramen,False,0.0,322,635,40.5,23.0,10.0,67.9,9.7,5.3,2.36,197,12.6,7.2,3.1,21.1,3.0,1.7,0.73,1,10,full-prep,spicy,10-Minute,,4.06,8629,True,"[{""name"": ""cheddar cheese"", ""label"": ""Cheddar cheese (40g)"", ""in_box"": 1}, {""name"": ""intense beef stock mix"", ""label"": ""Intense beef stock mix (5.5g)"", ""in_box"": 1}, {""name"": ""ground coriander"", ""label"": ""Ground coriander (1tsp)"", ""in_box"": 1}, {""name"": ""spring onion"", ""label"": ""Spring onion"", ""in_box"": 1}, {""name"": ""Sweetcorn"", ""label"": ""Sweetcorn (150g)"", ""in_box"": 1}, {""name"": ""ground smoked paprika"", ""label"": ""Ground smoked paprika (2tsp)"", ""in_box"": 1}, {""name"": ""pork mince"", ""label"": ""Pork mince (250g)"", ""in_box"": 1}, {""name"": ""chipotle paste"", ""label"": ""Chipotle paste (20g)"", ""in_box"": 1}, {""name"": ""fine egg noodle nests"", ""label"": ""Fine egg noodle nests (2pcs)"", ""in_box"": 1}, {""name"": ""roasted garlic paste"", ""label"": ""Roasted garlic paste (15g)"", ""in_box"": 1}, {""name"": ""tomato paste"", ""label"": ""Tomato paste (16g)"", ""in_box"": 1}]"
2026-10-20,2026-09-02,f4de75ac-f734-4f68-bb15-c8542759d36e,14437,Cumberland Sausages & Mash With Caramelised Onion Gravy,False,0.0,645,750,34.1,38.8,13.4,70.8,22.4,15.3,2.75,116,5.3,6.0,2.1,11.0,3.5,2.4,0.42,3,35,full-prep,no spice,Everyday Favourites,Dairy Free; Gluten Free,0,0,True,"[{""name"": ""gravy base"", ""label"": ""Gravy base (14g)"", ""in_box"": 1}, {""name"": ""blanched peas"", ""label"": ""Blanched peas (160g)"", ""in_box"": 1}, {""name"": ""Proper Porker sausages"", ""label"": ""Proper Porker sausages (6pcs)"", ""in_box"": 1}, {""name"": ""carrot"", ""label"": ""Carrot x3"", ""in_box"": 3}, {""name"": ""red onion"", ""label"": ""Red onion"", ""in_box"": 1}, {""name"": ""white potato"", ""label"": ""White potato x4"", ""in_box"": 4}]"
2026-10-20,2026-09-02,263b0afd-b257-4288-8908-ac42abaec53a,13699,Curried Double Cod With Rice And Chunky Salad,True,2.75,624,585,50.9,9.9,2.0,75.5,20.4,6.8,2.41,93,8.2,1.6,0.3,12.1,3.3,1.1,0.39,2,35,full-prep,mild,Takeaway Night,Gluten Free,0,0,True,"[{""name"": ""cod fillets"", ""label"": ""Cod fillets (2pcs) x2"", ""in_box"": 2}, {""name"": ""ground paprika"", ""label"": ""Ground paprika (1tsp)"", ""in_box"": 1}, {""name"": ""intense vegetable stock mix"", ""label"": ""Intense vegetable stock mix (5.5g)"", ""in_box"": 1}, {""name"": ""curry powder"", ""label"": ""Curry powder (1tbsp)"", ""in_box"": 1}, {""name"": ""garlic clove"", ""label"": ""Garlic clove x2"", ""in_box"": 2}, {""name"": ""tomato"", ""label"": ""Tomato x2"", ""in_box"": 2}, {""name"": ""natural yoghurt"", ""label"": ""Natural yoghurt (80g)"", ""in_box"": 1}, {""name"": ""cucumber"", ""label"": ""Cucumber (0.5pcs)"", ""in_box"": 1}, {""name"": ""lime"", ""label"": ""Lime"", ""in_box"": 1}, {""name"": ""flaked almonds"", ""label"": ""Flaked almonds (15g)"", ""in_box"": 1}, {""name"": ""red onion"", ""label"": ""Red onion"", ""in_box"": 1}, {""name"": ""honey"", ""label"": ""Honey (25g)"", ""in_box"": 1}, {""name"": ""brown basmati rice"", ""label"": ""Brown basmati rice (130g)"", ""in_box"": 1}]"
2026-10-20,2026-09-02,50ae00a2-7c42-4853-aa9f-ae52783224ef,12467,"Double Chicken, Date & Tamarind Curry With Brown Rice",True,1.5,538,697,63.4,17.7,10.4,73.4,19.2,7.7,1.95,129,11.8,3.3,1.9,13.6,3.6,1.4,0.36,2,45,full-prep,,Global Kitchen,Dairy Free; Gluten Free,4.5,2,True,"[{""name"": ""intense chicken stock mix"", ""label"": ""Intense chicken stock mix (5.5g)"", ""in_box"": 1}, {""name"": ""brown long grain rice"", ""label"": ""Brown long grain rice (130g)"", ""in_box"": 1}, {""name"": ""chicken breast strips"", ""label"": ""Chicken breast strips (250g) x2"", ""in_box"": 2}, {""name"": ""solid creamed coconut"", ""label"": ""Solid creamed coconut (25g)"", ""in_box"": 1}, {""name"": ""ground turmeric"", ""label"": ""Ground turmeric (1tsp)"", ""in_box"": 1}, {""name"": ""curry powder"", ""label"": ""Curry powder (1tbsp)"", ""in_box"": 1}, {""name"": ""fresh root ginger"", ""label"": ""Fresh root ginger (15g)"", ""in_box"": 1}, {""name"": ""tomato"", ""label"": ""Tomato"", ""in_box"": 1}, {""name"": ""cucumber"", ""label"": ""Cucumber (0.5pcs)"", ""in_box"": 1}, {""name"": ""coriander"", ""label"": ""Coriander (5g)"", ""in_box"": 1}, {""name"": ""chopped dates"", ""label"": ""Chopped dates (30g)"", ""in_box"": 1}, {""name"": ""red onion"", ""label"": ""Red onion"", ""in_box"": 1}, {""name"": ""tamarind paste"", ""label"": ""Tamarind paste (15g)"", ""in_box"": 1}]"
2026-10-20,2026-09-02,8ec6a644-47d8-4418-9bfa-1dcab31acbcf,13376,Duck Breast With Red Wine Jus And Thyme Potatoes,True,3.0,466,513,27.4,24.6,6.6,48.7,16.1,9.6,1.53,110,5.9,5.3,1.4,10.4,3.5,2.1,0.33,1,35,full-prep,no spice,Fine Dine In,Dairy Free; Gluten Free,4.41,112,True,"[{""name"": ""mixed berry compote"", ""label"": ""Mixed berry compote (40g)"", ""in_box"": 1}, {""name"": ""red wine paste"", ""label"": ""Red wine paste (10g)"", ""in_box"": 1}, {""name"": ""duck breast portions"", ""label"": ""Duck breast portions (2pcs)"", ""in_box"": 1}, {""name"": ""dried thyme"", ""label"": ""Dried thyme (0.5tsp)"", ""in_box"": 1}, {""name"": ""shallot"", ""label"": ""Shallot"", ""in_box"": 1}, {""name"": ""chicken stock mix"", ""label"": ""Chicken stock mix (5.5g)"", ""in_box"": 1}, {""name"": ""fine green beans"", ""label"": ""Fine green beans (80g)"", ""in_box"": 1}, {""name"": ""carrot"", ""label"": ""Carrot x2"", ""in_box"": 2}, {""name"": ""white potato"", ""label"": ""White potato x3"", ""in_box"": 3}]"
2026-10-20,2026-09-02,479c428a-6a6c-46e2-bde5-3b22e534deb0,7728,Fiery Xi’an-Inspired Salt & Pepper Fried Chicken Thigh,False,0.0,372,629,41.5,16.2,4.2,82.2,7.1,2.8,2.21,169,11.2,4.3,1.1,22.1,1.9,0.8,0.6,1,35,full-prep,spicy,Global Kitchen,Dairy Free; Gluten Free,4.34,2041,True,"[{""name"": ""white long grain rice"", ""label"": ""White long grain rice (130g)"", ""in_box"": 1}, {""name"": ""salt & chilli pepper seasoning"", ""label"": ""Salt & chilli pepper seasoning (8g)"", ""in_box"": 1}, {""name"": ""cumin seeds"", ""label"": ""Cumin seeds (1tsp)"", ""in_box"": 1}, {""name"": ""red chilli"", ""label"": ""Red chilli"", ""in_box"": 1}, {""name"": ""skinless chicken thighs"", ""label"": ""Skinless chicken thighs (320g)"", ""in_box"": 1}, {""name"": ""umami seasoning"", ""label"": ""Umami seasoning (1tbsp)"", ""in_box"": 1}, {""name"": ""cornflour"", ""label"": ""Cornflour (4tbsp)"", ""in_box"": 1}, {""name"": ""garlic clove"", ""label"": ""Garlic clove"", ""in_box"": 1}, {""name"": ""cucumber"", ""label"": ""Cucumber (0.5pcs)"", ""in_box"": 1}, {""name"": ""ketjap manis"", ""label"": ""Ketjap manis (20g)"", ""in_box"": 1}, {""name"": ""rice vinegar"", ""label"": ""Rice vinegar (15ml)"", ""in_box"": 1}]"
2026-10-20,2026-09-02,eb01d3ea-848d-48f4-9ef7-b89bf63d9b14,7751,Fiery Xi’an-Inspired Salt & Pepper Fried Tofu,False,0.0,352,579,34.9,12.5,2.0,83.3,7.1,5.5,2.06,164,9.9,3.6,0.6,23.7,2.0,1.6,0.59,1,30,full-prep,spicy,Global Kitchen,Vegan; Vegetarian; Dairy Free; Gluten Free,4.27,1841,True,"[{""name"": ""white long grain rice"", ""label"": ""White long grain rice (130g)"", ""in_box"": 1}, {""name"": ""plain tofu"", ""label"": ""Plain tofu (280g)"", ""in_box"": 1}, {""name"": ""salt & chilli pepper seasoning"", ""label"": ""Salt & chilli pepper seasoning (8g)"", ""in_box"": 1}, {""name"": ""cumin seeds"", ""label"": ""Cumin seeds (1tsp)"", ""in_box"": 1}, {""name"": ""red chilli"", ""label"": ""Red chilli"", ""in_box"": 1}, {""name"": ""umami seasoning"", ""label"": ""Umami seasoning (1tbsp)"", ""in_box"": 1}, {""name"": ""cornflour"", ""label"": ""Cornflour (4tbsp)"", ""in_box"": 1}, {""name"": ""garlic clove"", ""label"": ""Garlic clove"", ""in_box"": 1}, {""name"": ""cucumber"", ""label"": ""Cucumber (0.5pcs)"", ""in_box"": 1}, {""name"": ""ketjap manis"", ""label"": ""Ketjap manis (20g)"", ""in_box"": 1}, {""name"": ""rice vinegar"", ""label"": ""Rice vinegar (15ml)"", ""in_box"": 1}]"
2026-10-20,2026-09-02,ada943b0-83c0-4141-8062-207b752ac8da,2238,Filipino-Style Pork Belly & Pickled Cucumber,False,0.0,347,759,37.1,37.9,12.3,67.6,18.6,2.7,2.66,218,10.7,10.9,3.5,19.5,5.4,0.8,0.77,1,65,full-prep,spicy,Global Kitchen,Dairy Free,4.31,6286,True,"[{""name"": ""cornflour"", ""label"": ""Cornflour (1tsp)"", ""in_box"": 1}, {""name"": ""dried chilli flakes"", ""label"": ""Dried chilli flakes (1tsp)"", ""in_box"": 1}, {""name"": ""pork belly"", ""label"": ""Pork belly (300g)"", ""in_box"": 1}, {""name"": ""soy sauce"", ""label"": ""Soy sauce (8ml)"", ""in_box"": 1}, {""name"": ""Dried bay leaf"", ""label"": ""Dried bay leaf"", ""in_box"": 1}, {""name"": ""white long grain rice"", ""label"": ""White long grain rice (100g)"", ""in_box"": 1}, {""name"": ""cucumber"", ""label"": ""Cucumber (0.5pcs)"", ""in_box"": 1}, {""name"": ""coriander"", ""label"": ""Coriander (5g)"", ""in_box"": 1}, {""name"": ""ketjap manis"", ""label"": ""Ketjap manis (20g)"", ""in_box"": 1}, {""name"": ""rice vinegar"", ""label"": ""Rice vinegar (15ml)"", ""in_box"": 1}, {""name"": ""roasted peanuts"", ""label"": ""Roasted peanuts (25g)"", ""in_box"": 1}, {""name"": ""honey"", ""label"": ""Honey (25g)"", ""in_box"": 1}, {""name"": ""hoisin sauce"", ""label"": ""Hoisin sauce (20g)"", ""in_box"": 1}]"
2026-10-20,2026-09-02,6f71820e-3c51-4524-82ae-3a49e4404703,1542,Flat White Mushroom Rogan Josh,False,0.0,366,372,9.7,5.8,0.6,75.1,14.7,6.2,1.62,101,2.6,1.6,0.2,20.5,4.0,1.7,0.44,4,40,full-prep,mild,Global Kitchen,Vegan; Vegetarian; Dairy Free; Gluten Free,4.16,4151,True,"[{""name"": ""tomato"", ""label"": ""Tomato x2"", ""in_box"": 2}, {""name"": ""white long grain rice"", ""label"": ""White long grain rice (130g)"", ""in_box"": 1}, {""name"": ""mango chutney"", ""label"": ""Mango chutney (20g)"", ""in_box"": 1}, {""name"": ""ground turmeric"", ""label"": ""Ground turmeric (0.5tsp)"", ""in_box"": 1}, {""name"": ""red chilli"", ""label"": ""Red chilli"", ""in_box"": 1}, {""name"": ""ground coriander"", ""label"": ""Ground coriander (2tsp)"", ""in_box"": 1}, {""name"": ""tomato paste"", ""label"": ""Tomato paste (32g)"", ""in_box"": 1}, {""name"": ""ground cumin"", ""label"": ""Ground cumin (1tsp)"", ""in_box"": 1}, {""name"": ""intense vegetable stock mix"", ""label"": ""Intense vegetable stock mix (5.5g)"", ""in_box"": 1}, {""name"": ""flat white mushrooms"", ""label"": ""Flat white mushrooms (150g)"", ""in_box"": 1}, {""name"": ""coriander"", ""label"": ""Coriander (10g)"", ""in_box"": 1}, {""name"": ""brown onion"", ""label"": ""Brown onion"", ""in_box"": 1}, {""name"": ""baby button mushrooms"", ""label"": ""Baby button mushrooms (80g)"", ""in_box"": 1}, {""name"": ""flaked almonds"", ""label"": ""Flaked almonds (15g)"", ""in_box"": 1}]"
2026-10-20,2026-09-02,3e1db5e0-5e2c-428b-a0de-d2062135db6c,1733,Fruity Moroccan-Style Chicken Breast Stew With Couscous,False,0.0,477,546,39.9,10.6,1.6,73.0,31.1,7.2,2.0,114,8.4,2.2,0.3,15.3,6.5,1.5,0.42,3,10,full-prep,,10-Minute,Dairy Free,4.23,26581,True,"[{""name"": ""tomato"", ""label"": ""Tomato x2"", ""in_box"": 2}, {""name"": ""diced chicken breast"", ""label"": ""Diced chicken breast (250g)"", ""in_box"": 1}, {""name"": ""finely chopped tomatoes"", ""label"": ""Finely chopped tomatoes (200g)"", ""in_box"": 1}, {""name"": ""intense vegetable stock mix"", ""label"": ""Intense vegetable stock mix (5.5g)"", ""in_box"": 1}, {""name"": ""ras el hanout"", ""label"": ""Ras el hanout (1tbsp)"", ""in_box"": 1}, {""name"": ""lemon"", ""label"": ""Lemon"", ""in_box"": 1}, {""name"": ""couscous"", ""label"": ""Couscous (120g)"", ""in_box"": 1}, {""name"": ""roasted garlic paste"", ""label"": ""Roasted garlic paste (15g)"", ""in_box"": 1}, {""name"": ""sultanas"", ""label"": ""Sultanas (30g)"", ""in_box"": 1}, {""name"": ""chopped dates"", ""label"": ""Chopped dates (30g)"", ""in_box"": 1}, {""name"": ""flaked almonds"", ""label"": ""Flaked almonds (15g)"", ""in_box"": 1}]"
2026-10-20,2026-09-02,80be1b51-bdbf-4864-b794-0279608cd0a5,4202,German-Style Lean Meatballs & Creamy Caper Sauce With Rice,True,0.75,419,622,40.8,20.8,10.4,71.6,7.1,5.4,2.7,148,9.7,5.0,2.5,17.1,1.7,1.3,0.64,1,35,full-prep,no spice,Modern Bistro,,4.34,32,True,"[{""name"": ""intense chicken stock mix"", ""label"": ""Intense chicken stock mix (5.5g)"", ""in_box"": 1}, {""name"": ""white basmati rice"", ""label"": ""White basmati rice (130g)"", ""in_box"": 1}, {""name"": ""lean beef mince (<5% fat)"", ""label"": ""Lean beef mince (<5% fat) (250g)"", ""in_box"": 1}, {""name"": ""soy sauce"", ""label"": ""Soy sauce (8ml)"", ""in_box"": 1}, {""name"": ""Cornish clotted cream"", ""label"": ""Cornish clotted cream (40g)"", ""in_box"": 1}, {""name"": ""panko breadcrumbs"", ""label"": ""Panko breadcrumbs (20g)"", ""in_box"": 1}, {""name"": ""capers"", ""label"": ""Capers (20g)"", ""in_box"": 1}, {""name"": ""Dijon mustard"", ""label"": ""Dijon mustard (18g)"", ""in_box"": 1}, {""name"": ""garlic clove"", ""label"": ""Garlic clove x2"", ""in_box"": 2}, {""name"": ""parsley"", ""label"": ""Parsley (5g)"", ""in_box"": 1}, {""name"": ""brown onion"", ""label"": ""Brown onion"", ""in_box"": 1}, {""name"": ""lemon"", ""label"": ""Lemon"", ""in_box"": 1}, {""name"": ""spring greens"", ""label"": ""Spring greens (150g)"", ""in_box"": 1}]"
2026-10-20,2026-09-02,d063482f-445f-4bf6-a752-fb6ed274d876,9214,Gluten Free Spaghetti & Smoky Chipotle Lean Pork Meatballs,True,1.25,483,657,40.7,15.2,6.9,90.9,15.1,8.3,1.91,135,8.4,3.2,1.4,18.8,3.1,1.7,0.4,3,50,full-prep,spicy,Global Kitchen,Gluten Free,0,0,True,"[{""name"": ""red pepper"", ""label"": ""Red pepper"", ""in_box"": 1}, {""name"": ""lean pork mince (<5% fat)"", ""label"": ""Lean pork mince (<5% fat) (250g)"", ""in_box"": 1}, {""name"": ""ground smoked paprika"", ""label"": ""Ground smoked paprika (1tsp)"", ""in_box"": 1}, {""name"": ""gluten free spaghetti"", ""label"": ""Gluten free spaghetti (190g)"", ""in_box"": 1}, {""name"": ""chipotle paste"", ""label"": ""Chipotle paste (20g)"", ""in_box"": 1}, {""name"": ""intense chicken stock mix"", ""label"": ""Intense chicken stock mix (5.5g)"", ""in_box"": 1}, {""name"": ""cheddar cheese"", ""label"": ""Cheddar cheese (40g)"", ""in_box"": 1}, {""name"": ""brown onion"", ""label"": ""Brown onion"", ""in_box"": 1}, {""name"": ""tomato paste"", ""label"": ""Tomato paste (16g)"", ""in_box"": 1}, {""name"": ""coriander"", ""label"": ""Coriander (5g)"", ""in_box"": 1}, {""name"": ""carrot"", ""label"": ""Carrot"", ""in_box"": 1}, {""name"": ""cherry tomatoes"", ""label"": ""Cherry tomatoes (125g)"", ""in_box"": 1}]"
2026-10-20,2026-09-02,25e18779-fc8f-41af-ac95-299f3f79d245,6116,Gluten Free Spaghetti & Smoky Chipotle Pork Meatballs,True,1.25,483,704,38.3,22.0,9.7,90.3,14.9,7.9,1.87,145,7.9,4.5,2.0,18.7,3.1,1.6,0.39,3,50,full-prep,spicy,Global Kitchen,Gluten Free,4.04,214,True,"[{""name"": ""red pepper"", ""label"": ""Red pepper"", ""in_box"": 1}, {""name"": ""ground smoked paprika"", ""label"": ""Ground smoked paprika (1tsp)"", ""in_box"": 1}, {""name"": ""gluten free spaghetti"", ""label"": ""Gluten free spaghetti (190g)"", ""in_box"": 1}, {""name"": ""pork mince"", ""label"": ""Pork mince (250g)"", ""in_box"": 1}, {""name"": ""chipotle paste"", ""label"": ""Chipotle paste (20g)"", ""in_box"": 1}, {""name"": ""intense chicken stock mix"", ""label"": ""Intense chicken stock mix (5.5g)"", ""in_box"": 1}, {""name"": ""cheddar cheese"", ""label"": ""Cheddar cheese (40g)"", ""in_box"": 1}, {""name"": ""brown onion"", ""label"": ""Brown onion"", ""in_box"": 1}, {""name"": ""tomato paste"", ""label"": ""Tomato paste (16g)"", ""in_box"": 1}, {""name"": ""coriander"", ""label"": ""Coriander (5g)"", ""in_box"": 1}, {""name"": ""carrot"", ""label"": ""Carrot"", ""in_box"": 1}, {""name"": ""cherry tomatoes"", ""label"": ""Cherry tomatoes (125g)"", ""in_box"": 1}]"
2026-10-20,2026-09-02,6bb65e76-4417-45b2-9334-55ad797361e6,903,Goan-Style Basa & Spinach Curry With Coriander Rice,False,0.0,326,425,27.6,6.6,4.5,67.5,5.6,3.8,1.2,130,8.5,2.0,1.4,20.7,1.7,1.1,0.37,2,30,full-prep,spicy,20 minute meals,Dairy Free; Gluten Free,4.53,46544,True,"[{""name"": ""cultured coconut"", ""label"": ""Cultured coconut (80g)"", ""in_box"": 1}, {""name"": ""white basmati rice"", ""label"": ""White basmati rice (130g)"", ""in_box"": 1}, {""name"": ""ground turmeric"", ""label"": ""Ground turmeric (1tsp)"", ""in_box"": 1}, {""name"": ""red chilli"", ""label"": ""Red chilli"", ""in_box"": 1}, {""name"": ""basa fillets"", ""label"": ""Basa fillets (2pcs)"", ""in_box"": 1}, {""name"": ""curry powder"", ""label"": ""Curry powder (1tbsp)"", ""in_box"": 1}, {""name"": ""garlic clove"", ""label"": ""Garlic clove"", ""in_box"": 1}, {""name"": ""fresh root ginger"", ""label"": ""Fresh root ginger (15g)"", ""in_box"": 1}, {""name"": ""coriander"", ""label"": ""Coriander (10g)"", ""in_box"": 1}, {""name"": ""vegetable stock mix"", ""label"": ""Vegetable stock mix (5.5g)"", ""in_box"": 1}, {""name"": ""tomato paste"", ""label"": ""Tomato paste (16g)"", ""in_box"": 1}, {""name"": ""spinach"", ""label"": ""Spinach (80g)"", ""in_box"": 1}, {""name"": ""red onion"", ""label"": ""Red onion"", ""in_box"": 1}]"
2026-10-20,2026-09-02,da9e13b3-00da-4664-a910-80838a67b00c,6858,Goan-Style Spicy Vindaloo Pork With Curried Potatoes & Greens,False,0.0,460,613,36.2,34.4,12.3,41.6,8.8,8.4,1.59,133,7.9,7.5,2.7,9.0,1.9,1.8,0.34,2,45,full-prep,spicy,Global Kitchen,Dairy Free; Gluten Free,4.16,784,True,"[{""name"": ""intense chicken stock mix"", ""label"": ""Intense chicken stock mix (5.5g)"", ""in_box"": 1}, {""name"": ""pork loin steaks"", ""label"": ""Pork loin steaks (300g)"", ""in_box"": 1}, {""name"": ""dried chilli flakes"", ""label"": ""Dried chilli flakes (1tsp)"", ""in_box"": 1}, {""name"": ""cumin seeds"", ""label"": ""Cumin seeds (1tsp)"", ""in_box"": 1}, {""name"": ""tomato paste"", ""label"": ""Tomato paste (32g)"", ""in_box"": 1}, {""name"": ""curry powder"", ""label"": ""Curry powder (0.5tbsp)"", ""in_box"": 1}, {""name"": ""garlic clove"", ""label"": ""Garlic clove x2"", ""in_box"": 2}, {""name"": ""fresh root ginger"", ""label"": ""Fresh root ginger (15g)"", ""in_box"": 1}, {""name"": ""brown onion"", ""label"": ""Brown onion"", ""in_box"": 1}, {""name"": ""spring greens"", ""label"": ""Spring greens (150g)"", ""in_box"": 1}, {""name"": ""cardamom pod"", ""label"": ""Cardamom pod"", ""in_box"": 1}, {""name"": ""red wine vinegar"", ""label"": ""Red wine vinegar (15ml)"", ""in_box"": 1}, {""name"": ""white potato"", ""label"": ""White potato x3"", ""in_box"": 3}]"
2026-10-20,2026-09-02,4a4964d7-504c-49a6-bcf5-2d73ff38493d,3981,"Goats' Cheese, Chorizo & Spinach Tortiglioni",False,0.0,358,695,30.0,28.7,11.5,84.2,9.0,6.4,2.71,193,8.4,8.0,3.2,23.5,2.5,1.8,0.76,2,30,full-prep,spicy,Modern Bistro,,4.34,5553,True,"[{""name"": ""diced chorizo"", ""label"": ""1 diced chorizo"", ""in_box"": 1}, {""name"": ""soft goats' cheese"", ""label"": ""75g soft goats cheese"", ""in_box"": 1}, {""name"": ""chicken stock mix"", ""label"": ""5.5g chicken stock mix"", ""in_box"": 1}, {""name"": ""dried chilli flakes"", ""label"": ""1/2 tsp dried chilli flakes"", ""in_box"": 1}, {""name"": ""basil"", ""label"": ""5g basil"", ""in_box"": 1}, {""name"": ""spinach"", ""label"": ""80g spinach"", ""in_box"": 1}, {""name"": ""tortiglioni"", ""label"": ""200g tortiglioni"", ""in_box"": 1}, {""name"": ""cherry tomatoes"", ""label"": ""250g cherry tomatoes"", ""in_box"": 1}]"
2026-10-20,2026-09-02,7e8109e5-42e4-4b18-8ee9-dc9b938514d7,7197,"Goats' Cheese, Tomato & Pesto Orzo",False,0.0,358,568,22.8,23.7,8.5,63.8,12.2,6.2,2.39,158,6.4,6.6,2.4,17.8,3.4,1.7,0.67,4,10,full-prep,no spice,10-Minute,Vegetarian,4.39,4316,True,"[{""name"": ""intense vegetable stock mix"", ""label"": ""Intense vegetable stock mix (5.5g)"", ""in_box"": 1}, {""name"": ""sun-dried tomato pesto"", ""label"": ""Sun-dried tomato pesto (45g)"", ""in_box"": 1}, {""name"": ""soft goats' cheese"", ""label"": ""Soft goats' cheese (75g)"", ""in_box"": 1}, {""name"": ""baby leaf salad"", ""label"": ""Baby leaf salad (50g)"", ""in_box"": 1}, {""name"": ""pine nuts"", ""label"": ""Pine nuts (15g)"", ""in_box"": 1}, {""name"": ""roasted garlic paste"", ""label"": ""Roasted garlic paste (15g)"", ""in_box"": 1}, {""name"": ""tomato paste"", ""label"": ""Tomato paste (16g)"", ""in_box"": 1}, {""name"": ""spinach"", ""label"": ""Spinach (80g)"", ""in_box"": 1}, {""name"": ""cherry tomatoes"", ""label"": ""Cherry tomatoes (250g)"", ""in_box"": 1}, {""name"": ""balsamic vinegar"", ""label"": ""Balsamic vinegar (15ml)"", ""in_box"": 1}, {""name"": ""orzo"", ""label"": ""Orzo (150g)"", ""in_box"": 1}]"
2026-10-20,2026-09-02,981923a2-717e-48a0-89e8-9e971afb283b,5559,Green Tikka Masala Basa Curry With Almonds And Rice,False,0.0,350,498,29.3,15.1,9.0,64.6,5.7,5.8,1.87,142,8.4,4.3,2.6,18.4,1.6,1.6,0.53,2,30,full-prep,spicy,Takeaway Night,Gluten Free; Dairy Free,4.6,2780,True,"[{""name"": ""tomato"", ""label"": ""Tomato x2"", ""in_box"": 2}, {""name"": ""green chilli"", ""label"": ""Green chilli"", ""in_box"": 1}, {""name"": ""white basmati rice"", ""label"": ""White basmati rice (130g)"", ""in_box"": 1}, {""name"": ""solid creamed coconut"", ""label"": ""Solid creamed coconut (25g)"", ""in_box"": 1}, {""name"": ""basa fillets"", ""label"": ""Basa fillets (2pcs)"", ""in_box"": 1}, {""name"": ""intense vegetable stock mix"", ""label"": ""Intense vegetable stock mix (5.5g)"", ""in_box"": 1}, {""name"": ""curry powder"", ""label"": ""Curry powder (1tbsp)"", ""in_box"": 1}, {""name"": ""garlic clove"", ""label"": ""Garlic clove"", ""in_box"": 1}, {""name"": ""coriander"", ""label"": ""Coriander (10g)"", ""in_box"": 1}, {""name"": ""shallot"", ""label"": ""Shallot"", ""in_box"": 1}, {""name"": ""spinach"", ""label"": ""Spinach (80g)"", ""in_box"": 1}, {""name"": ""flaked almonds"", ""label"": ""Flaked almonds (15g)"", ""in_box"": 1}]"
2026-10-20,2026-09-02,981d3cbc-1584-4c70-bb5b-60fbdb11f4aa,5059,Grilled Miso Chicken Thigh With Edamame Salad,False,0.0,402,625,35.4,24.1,4.8,64.7,4.7,6.8,2.28,155,8.8,6.0,1.2,16.1,1.2,1.7,0.57,2,25,full-prep,mild,20 minute meals,Dairy Free,4.15,2786,True,"[{""name"": ""white long grain rice"", ""label"": ""White long grain rice (130g)"", ""in_box"": 1}, {""name"": ""white miso paste"", ""label"": ""White miso paste (17g)"", ""in_box"": 1}, {""name"": ""dried chilli flakes"", ""label"": ""Dried chilli flakes (0.5tsp)"", ""in_box"": 1}, {""name"": ""blanched edamame beans"", ""label"": ""Blanched edamame beans (160g)"", ""in_box"": 1}, {""name"": ""diced chicken thigh"", ""label"": ""Diced chicken thigh (250g)"", ""in_box"": 1}, {""name"": ""fresh root ginger"", ""label"": ""Fresh root ginger (15g)"", ""in_box"": 1}, {""name"": ""toasted sesame oil"", ""label"": ""Toasted sesame oil (10ml)"", ""in_box"": 1}, {""name"": ""shallot"", ""label"": ""Shallot"", ""in_box"": 1}, {""name"": ""cucumber"", ""label"": ""Cucumber (0.5pcs)"", ""in_box"": 1}, {""name"": ""rice vinegar"", ""label"": ""Rice vinegar (15ml)"", ""in_box"": 1}, {""name"": ""soy sauce"", ""label"": ""Soy sauce (15ml)"", ""in_box"": 1}]"
2026-10-20,2026-09-02,c7f6eeae-9e01-49a3-9521-327e46a271f9,2808,"Halloumi, Couscous & Orange Salad",False,0.0,346,645,31.3,25.5,16.0,71.4,30.0,7.1,2.43,186,9.0,7.3,4.6,20.6,8.7,2.0,0.7,2,10,full-prep,mild,10-Minute,Vegetarian,4.19,11304,True,"[{""name"": ""halloumi"", ""label"": ""Halloumi (200g)"", ""in_box"": 1}, {""name"": ""harissa paste"", ""label"": ""Harissa paste (20g)"", ""in_box"": 1}, {""name"": ""baby leaf salad"", ""label"": ""Baby leaf salad (50g)"", ""in_box"": 1}, {""name"": ""couscous"", ""label"": ""Couscous (120g)"", ""in_box"": 1}, {""name"": ""sultanas"", ""label"": ""Sultanas (30g)"", ""in_box"": 1}, {""name"": ""carrot"", ""label"": ""Carrot"", ""in_box"": 1}, {""name"": ""dill"", ""label"": ""Dill (5g)"", ""in_box"": 1}, {""name"": ""orange"", ""label"": ""Orange"", ""in_box"": 1}, {""name"": ""white wine vinegar"", ""label"": ""White wine vinegar (15ml)"", ""in_box"": 1}, {""name"": ""honey"", ""label"": ""Honey (25g)"", ""in_box"": 1}]"
2026-10-20,2026-09-02,3a6c2224-00d0-4b93-a6df-03c1ee866312,2660,Harissa Aubergine & Dates Tagine,False,0.0,611,495,19.3,11.3,1.5,77.8,28.6,14.5,1.23,81,3.2,1.8,0.2,12.7,4.7,2.4,0.2,5,50,full-prep,spicy,Global Kitchen,Vegan; Vegetarian; Dairy Free,4.13,2288,True,"[{""name"": ""harissa paste"", ""label"": ""Harissa paste (20g)"", ""in_box"": 1}, {""name"": ""finely chopped tomatoes"", ""label"": ""Finely chopped tomatoes (200g)"", ""in_box"": 1}, {""name"": ""ras el hanout"", ""label"": ""Ras el hanout (1tbsp)"", ""in_box"": 1}, {""name"": ""ground cinnamon"", ""label"": ""Ground cinnamon (0.5tsp)"", ""in_box"": 1}, {""name"": ""garlic clove"", ""label"": ""Garlic clove x2"", ""in_box"": 2}, {""name"": ""butter beans"", ""label"": ""Butter beans (185g)"", ""in_box"": 1}, {""name"": ""lemon"", ""label"": ""Lemon"", ""in_box"": 1}, {""name"": ""couscous"", ""label"": ""Couscous (120g)"", ""in_box"": 1}, {""name"": ""vegetable stock mix"", ""label"": ""Vegetable stock mix (5.5g)"", ""in_box"": 1}, {""name"": ""chopped dates"", ""label"": ""Chopped dates (30g)"", ""in_box"": 1}, {""name"": ""pistachios"", ""label"": ""Pistachios (25g)"", ""in_box"": 1}, {""name"": ""cherry tomatoes"", ""label"": ""Cherry tomatoes (250g)"", ""in_box"": 1}, {""name"": ""aubergine"", ""label"": ""Aubergine"", ""in_box"": 1}, {""name"": ""red onion"", ""label"": ""Red onion"", ""in_box"": 1}]"
2026-10-20,2026-09-02,7a09bb9f-e797-404b-936e-8538396f5820,14935,Herby Breaded Basa ‘N’ Chips With Lemon Mayo,False,0.0,614,563,29.2,23.3,2.4,62.6,22.2,15.2,0.49,91,4.8,3.8,0.4,10.2,3.6,2.5,0.08,3,30,full-prep,no spice,Everyday Favourites,Dairy Free,4.53,777,True,"[{""name"": ""basa fillets"", ""label"": ""Basa fillets (2pcs)"", ""in_box"": 1}, {""name"": ""panko breadcrumbs"", ""label"": ""Panko breadcrumbs (20g)"", ""in_box"": 1}, {""name"": ""mayonnaise"", ""label"": ""Mayonnaise (50ml)"", ""in_box"": 1}, {""name"": ""blanched peas"", ""label"": ""Blanched peas (160g)"", ""in_box"": 1}, {""name"": ""lemon"", ""label"": ""Lemon"", ""in_box"": 1}, {""name"": ""carrot"", ""label"": ""Carrot x4"", ""in_box"": 4}, {""name"": ""chives"", ""label"": ""Chives (5g)"", ""in_box"": 1}, {""name"": ""white potato"", ""label"": ""White potato x3"", ""in_box"": 3}]"
2026-10-20,2026-09-02,c5ce933c-d6e5-406b-90aa-2188f78ef11d,2937,Honey Hoisin Pork Noodles With Smashed Sesame Cucumber,False,0.0,326,593,34.0,19.7,5.7,69.0,15.2,1.9,2.18,182,10.4,6.0,1.7,21.2,4.7,0.6,0.67,1,10,full-prep,mild,10-Minute,Dairy Free,4.09,26400,True,"[{""name"": ""dried chilli flakes"", ""label"": ""Dried chilli flakes (0.5tsp)"", ""in_box"": 1}, {""name"": ""pork mince"", ""label"": ""Pork mince (250g)"", ""in_box"": 1}, {""name"": ""toasted sesame oil"", ""label"": ""Toasted sesame oil (10ml)"", ""in_box"": 1}, {""name"": ""fine egg noodle nests"", ""label"": ""Fine egg noodle nests (2pcs)"", ""in_box"": 1}, {""name"": ""roasted garlic paste"", ""label"": ""Roasted garlic paste (15g)"", ""in_box"": 1}, {""name"": ""cucumber"", ""label"": ""Cucumber (0.5pcs)"", ""in_box"": 1}, {""name"": ""Chinese rice wine"", ""label"": ""Chinese rice wine (15ml)"", ""in_box"": 1}, {""name"": ""soy sauce"", ""label"": ""Soy sauce (15ml)"", ""in_box"": 1}, {""name"": ""honey"", ""label"": ""Honey (25g)"", ""in_box"": 1}, {""name"": ""hoisin sauce"", ""label"": ""Hoisin sauce (20g)"", ""in_box"": 1}]"
2026-10-20,2026-09-02,bde5f6c1-bd8f-4758-ac32-2d8ab0867c88,6273,Honey Sesame Chicken Skewers With Rice,False,0.0,390,602,35.0,20.9,2.9,71.4,12.5,2.5,2.87,154,9.0,5.4,0.7,18.3,3.2,0.7,0.73,1,35,full-prep,spicy,Family Kitchen,Dairy Free,4.1,18655,True,"[{""name"": ""white long grain rice"", ""label"": ""White long grain rice (130g)"", ""in_box"": 1}, {""name"": ""chicken breast strips"", ""label"": ""Chicken breast strips (250g)"", ""in_box"": 1}, {""name"": ""dried chilli flakes"", ""label"": ""Dried chilli flakes (0.5tsp)"", ""in_box"": 1}, {""name"": ""mayonnaise"", ""label"": ""Mayonnaise (25ml)"", ""in_box"": 1}, {""name"": ""toasted sesame oil"", ""label"": ""Toasted sesame oil (10ml)"", ""in_box"": 1}, {""name"": ""cucumber"", ""label"": ""Cucumber (0.5pcs)"", ""in_box"": 1}, {""name"": ""rice vinegar"", ""label"": ""Rice vinegar (30ml)"", ""in_box"": 1}, {""name"": ""skewers"", ""label"": ""Skewers x4"", ""in_box"": 4}, {""name"": ""black sesame seeds"", ""label"": ""Black sesame seeds (5g)"", ""in_box"": 1}, {""name"": ""soy sauce"", ""label"": ""Soy sauce (30ml)"", ""in_box"": 1}, {""name"": ""sweet pointed pepper"", ""label"": ""Sweet pointed pepper"", ""in_box"": 1}, {""name"": ""honey"", ""label"": ""Honey (25g)"", ""in_box"": 1}]"
2026-10-20,2026-09-02,68c0bec2-6ae7-4fbb-844d-2d571ae2396e,6436,Honey-Lime Chicken Breast Skewers With Charred Veg Rice,True,0.5,394,659,33.7,25.5,2.8,76.0,14.4,4.7,1.08,167,8.5,6.5,0.7,19.3,3.7,1.2,0.27,1,35,full-prep,mild,Global Kitchen,Dairy Free; Gluten Free,4.29,193,True,"[{""name"": ""green pepper"", ""label"": ""Green pepper"", ""in_box"": 1}, {""name"": ""chicken breast portions"", ""label"": ""Chicken breast portions (2pcs)"", ""in_box"": 1}, {""name"": ""ground coriander"", ""label"": ""Ground coriander (2tsp)"", ""in_box"": 1}, {""name"": ""mayonnaise"", ""label"": ""Mayonnaise (50ml)"", ""in_box"": 1}, {""name"": ""ground smoked paprika"", ""label"": ""Ground smoked paprika (2tsp)"", ""in_box"": 1}, {""name"": ""white long grain rice"", ""label"": ""White long grain rice (130g)"", ""in_box"": 1}, {""name"": ""vegetable stock mix"", ""label"": ""Vegetable stock mix (5.5g)"", ""in_box"": 1}, {""name"": ""skewers"", ""label"": ""Skewers x4"", ""in_box"": 4}, {""name"": ""lime"", ""label"": ""Lime"", ""in_box"": 1}, {""name"": ""red onion"", ""label"": ""Red onion"", ""in_box"": 1}, {""name"": ""honey"", ""label"": ""Honey (25g)"", ""in_box"": 1}]"
2026-10-20,2026-09-02,61766eba-53c1-499f-8851-59f840bc9300,15267,Hot Honey Gammon With Smashed Potatoes & Apple Salad,True,3.0,523,702,44.1,32.1,5.4,62.6,31.8,4.8,5.33,134,8.4,6.1,1.0,12.0,6.1,0.9,1.02,1,50,full-prep,spicy,Gastropub,Dairy Free; Gluten Free,4.5,183,True,"[{""name"": ""gammon joint"", ""label"": ""Gammon joint"", ""in_box"": 1}, {""name"": ""apple"", ""label"": ""Apple"", ""in_box"": 1}, {""name"": ""dried chilli flakes"", ""label"": ""Dried chilli flakes (0.5tsp)"", ""in_box"": 1}, {""name"": ""waxy potatoes"", ""label"": ""Waxy potatoes (350g)"", ""in_box"": 1}, {""name"": ""mayonnaise"", ""label"": ""Mayonnaise (50ml)"", ""in_box"": 1}, {""name"": ""parsley"", ""label"": ""Parsley (5g)"", ""in_box"": 1}, {""name"": ""shallot"", ""label"": ""Shallot"", ""in_box"": 1}, {""name"": ""rocket"", ""label"": ""Rocket (20g)"", ""in_box"": 1}, {""name"": ""white wine vinegar"", ""label"": ""White wine vinegar (15ml)"", ""in_box"": 1}, {""name"": ""honey"", ""label"": ""Honey (25g) x2"", ""in_box"": 2}]"
2026-10-20,2026-09-02,313c729c-0280-4193-a8ab-4741cb54e6b4,1489,Kashmiri Lamb Meatballs With Raita & Naan,False,0.0,401,630,37.4,22.5,9.1,69.5,14.5,5.3,1.86,157,9.3,5.6,2.3,17.3,3.6,1.3,0.46,1,30,full-prep,mild,Global Kitchen,,4.41,6208,True,"[{""name"": ""soy sauce"", ""label"": ""Soy sauce (8ml)"", ""in_box"": 1}, {""name"": ""panko breadcrumbs"", ""label"": ""Panko breadcrumbs (20g)"", ""in_box"": 1}, {""name"": ""ground cumin"", ""label"": ""Ground cumin (1tsp)"", ""in_box"": 1}, {""name"": ""garam masala"", ""label"": ""Garam masala (1tbsp)"", ""in_box"": 1}, {""name"": ""natural yoghurt"", ""label"": ""Natural yoghurt (80g)"", ""in_box"": 1}, {""name"": ""plain naan"", ""label"": ""Plain naan (2pcs)"", ""in_box"": 1}, {""name"": ""mango chutney"", ""label"": ""Mango chutney (20g)"", ""in_box"": 1}, {""name"": ""lamb mince"", ""label"": ""Lamb mince (250g)"", ""in_box"": 1}, {""name"": ""coriander & mint"", ""label"": ""Coriander & mint (10g)"", ""in_box"": 1}, {""name"": ""cherry tomatoes"", ""label"": ""Cherry tomatoes (125g)"", ""in_box"": 1}, {""name"": ""red onion"", ""label"": ""Red onion"", ""in_box"": 1}]"
2026-10-20,2026-09-02,315b678e-6204-42f8-9680-31533cd83f6f,1816,King Prawn & Courgette Noodle Soup,False,0.0,330,444,22.8,12.0,8.7,59.5,5.7,4.7,3.2,134,6.9,3.6,2.6,18.0,1.7,1.4,0.97,1,10,full-prep,spicy,10-Minute,Dairy Free,4.14,4812,True,"[{""name"": ""red Thai curry paste"", ""label"": ""Red Thai curry paste (40g)"", ""in_box"": 1}, {""name"": ""solid creamed coconut"", ""label"": ""Solid creamed coconut (25g)"", ""in_box"": 1}, {""name"": ""dried chilli flakes"", ""label"": ""Dried chilli flakes (1tsp)"", ""in_box"": 1}, {""name"": ""raw peeled king prawns"", ""label"": ""Raw peeled king prawns (171g)"", ""in_box"": 1}, {""name"": ""ground turmeric"", ""label"": ""Ground turmeric (1tsp)"", ""in_box"": 1}, {""name"": ""courgette"", ""label"": ""Courgette"", ""in_box"": 1}, {""name"": ""fine egg noodle nests"", ""label"": ""Fine egg noodle nests (2pcs)"", ""in_box"": 1}, {""name"": ""ginger paste"", ""label"": ""Ginger paste (15g)"", ""in_box"": 1}, {""name"": ""soy sauce"", ""label"": ""Soy sauce (15ml)"", ""in_box"": 1}, {""name"": ""lime"", ""label"": ""Lime"", ""in_box"": 1}]"
2026-10-20,2026-09-02,6b1f514a-63b7-44a7-9e61-1680de6876c0,17607,King Prawn Arrabbiata Linguine,True,0.75,385,393,19.2,10.8,1.2,50.4,13.5,8.9,3.08,102,5.0,2.8,0.3,13.1,3.5,2.3,0.8,2,7,heat-only,mild,Heat & Eat,,0,0,True,"[{""name"": ""king prawn arrabbiata linguine"", ""label"": ""King prawn arrabbiata linguine (420g) x2"", ""in_box"": 2}]"
2026-10-20,2026-09-02,27f1acf4-3beb-4f70-b684-4f02c23b71c3,5797,King Prawn Soup With Orzo And Garlic Aioli,False,0.0,322,464,23.9,12.3,1.1,62.1,10.0,5.8,2.37,143,7.4,3.8,0.4,19.3,3.1,1.8,0.74,2,25,full-prep,mild,20 minute meals,Dairy Free,3.84,1029,True,"[{""name"": ""red pepper"", ""label"": ""Red pepper"", ""in_box"": 1}, {""name"": ""raw peeled king prawns"", ""label"": ""Raw peeled king prawns (171g)"", ""in_box"": 1}, {""name"": ""ground smoked paprika"", ""label"": ""Ground smoked paprika (1tsp)"", ""in_box"": 1}, {""name"": ""intense vegetable stock mix"", ""label"": ""Intense vegetable stock mix (5.5g)"", ""in_box"": 1}, {""name"": ""mayonnaise"", ""label"": ""Mayonnaise (25ml)"", ""in_box"": 1}, {""name"": ""tomato"", ""label"": ""Tomato"", ""in_box"": 1}, {""name"": ""shallot"", ""label"": ""Shallot"", ""in_box"": 1}, {""name"": ""roasted garlic paste"", ""label"": ""Roasted garlic paste (15g)"", ""in_box"": 1}, {""name"": ""tomato paste"", ""label"": ""Tomato paste (16g)"", ""in_box"": 1}, {""name"": ""Chinese rice wine"", ""label"": ""Chinese rice wine (15ml)"", ""in_box"": 1}, {""name"": ""orzo"", ""label"": ""Orzo (150g)"", ""in_box"": 1}]"
2026-10-20,2026-09-02,4cf9e076-ff1a-4c4b-aaad-327ef6971d52,8184,Korean-Style Fried Chicken Bao Buns,True,2.0,,826,40.1,19.3,,126.1,,10.4,1.99,,,,,,,,,1,35,full-prep,mild,Ultimate Fakeaway,Dairy Free,4.46,1063,True,
2026-10-20,2026-09-02,0de13cff-d010-4cfe-b577-1c6068e97e2b,2427,Lamb & Pistachio Tagine ,False,0.0,323,621,38.0,25.7,8.9,58.4,16.0,6.5,1.66,192,11.8,8.0,2.8,18.1,5.0,2.0,0.51,2,10,full-prep,no spice,10-Minute,Dairy Free,4.26,21880,True,"[{""name"": ""intense beef stock mix"", ""label"": ""Intense beef stock mix (5.5g)"", ""in_box"": 1}, {""name"": ""tomato paste"", ""label"": ""Tomato paste (32g)"", ""in_box"": 1}, {""name"": ""ground cumin"", ""label"": ""Ground cumin (1tsp)"", ""in_box"": 1}, {""name"": ""ras el hanout"", ""label"": ""Ras el hanout (1tbsp)"", ""in_box"": 1}, {""name"": ""garlic clove"", ""label"": ""Garlic clove x2"", ""in_box"": 2}, {""name"": ""courgette"", ""label"": ""Courgette"", ""in_box"": 1}, {""name"": ""couscous"", ""label"": ""Couscous (120g)"", ""in_box"": 1}, {""name"": ""lamb mince"", ""label"": ""Lamb mince (250g)"", ""in_box"": 1}, {""name"": ""chopped dates"", ""label"": ""Chopped dates (30g)"", ""in_box"": 1}, {""name"": ""pistachios"", ""label"": ""Pistachios (25g)"", ""in_box"": 1}]"
2026-10-20,2026-09-02,4e4d9bf1-ec89-4423-b766-93b0915bb298,2125,Leek & Potato Soup With Cheesy Marmite Toasties,False,0.0,454,535,21.2,15.5,9.2,79.8,9.7,9.8,3.33,117,4.7,3.4,2.0,17.6,2.1,2.2,0.73,1,30,full-prep,no spice,Modern Bistro,Vegetarian,4.36,13677,True,"[{""name"": ""cheddar cheese"", ""label"": ""Cheddar cheese (40g)"", ""in_box"": 1}, {""name"": ""leek"", ""label"": ""Leek x2"", ""in_box"": 2}, {""name"": ""intense vegetable stock mix"", ""label"": ""Intense vegetable stock mix (5.5g)"", ""in_box"": 1}, {""name"": ""ciabatta"", ""label"": ""Ciabatta x2"", ""in_box"": 2}, {""name"": ""garlic clove"", ""label"": ""Garlic clove x2"", ""in_box"": 2}, {""name"": ""soft cheese"", ""label"": ""Soft cheese (50g)"", ""in_box"": 1}, {""name"": ""Marmite"", ""label"": ""Marmite (8g) x2"", ""in_box"": 2}, {""name"": ""chives"", ""label"": ""Chives (5g)"", ""in_box"": 1}, {""name"": ""white potato"", ""label"": ""White potato x3"", ""in_box"": 3}]"
2026-10-20,2026-09-02,eb9755c0-423b-49b4-b236-de4d20626944,2649,Leek & Roasted Tomato Mac 'N' Cheese,False,0.0,398,526,19.5,17.4,10.3,77.0,11.9,8.0,1.36,132,4.9,4.4,2.6,19.3,3.0,2.0,0.34,3,50,full-prep,no spice,Modern Bistro,Vegetarian,4.32,15035,True,"[{""name"": ""cheddar cheese"", ""label"": ""Cheddar cheese (40g)"", ""in_box"": 1}, {""name"": ""crème fraîche"", ""label"": ""Crème fraîche (80g)"", ""in_box"": 1}, {""name"": ""leek"", ""label"": ""Leek"", ""in_box"": 1}, {""name"": ""panko breadcrumbs"", ""label"": ""Panko breadcrumbs (20g)"", ""in_box"": 1}, {""name"": ""shallot"", ""label"": ""Shallot"", ""in_box"": 1}, {""name"": ""vegetable stock mix"", ""label"": ""Vegetable stock mix (5.5g)"", ""in_box"": 1}, {""name"": ""rocket"", ""label"": ""Rocket (50g)"", ""in_box"": 1}, {""name"": ""macaroni"", ""label"": ""Macaroni (150g)"", ""in_box"": 1}, {""name"": ""cherry tomatoes"", ""label"": ""Cherry tomatoes (250g)"", ""in_box"": 1}, {""name"": ""balsamic vinegar"", ""label"": ""Balsamic vinegar (15ml)"", ""in_box"": 1}, {""name"": ""Dijon mustard"", ""label"": ""Dijon mustard (5.5g)"", ""in_box"": 1}]"
2026-10-20,2026-09-02,75e072bd-ac85-418b-9bc8-666fad8937ff,14010,Lemongrass & Sticky Onion Pork Burger With Warm Potato Salad,False,0.0,518,591,36.2,14.6,4.9,79.9,10.4,8.9,2.58,114,7.0,2.8,0.9,15.4,2.0,1.7,0.5,2,20,full-prep,no spice,20 minute meals,Dairy Free,4.09,1158,True,"[{""name"": ""lemongrass and lime leaf paste"", ""label"": ""Lemongrass and lime leaf paste (20g)"", ""in_box"": 1}, {""name"": ""carrot & cabbage slaw mix"", ""label"": ""Carrot & cabbage slaw mix (160g)"", ""in_box"": 1}, {""name"": ""pork mince"", ""label"": ""Pork mince (250g)"", ""in_box"": 1}, {""name"": ""ciabatta"", ""label"": ""Ciabatta x2"", ""in_box"": 2}, {""name"": ""tomato paste"", ""label"": ""Tomato paste (16g)"", ""in_box"": 1}, {""name"": ""rice vinegar"", ""label"": ""Rice vinegar (15ml)"", ""in_box"": 1}, {""name"": ""soy sauce"", ""label"": ""Soy sauce (15ml)"", ""in_box"": 1}, {""name"": ""rocket"", ""label"": ""Rocket (20g)"", ""in_box"": 1}, {""name"": ""red onion"", ""label"": ""Red onion"", ""in_box"": 1}, {""name"": ""white potato"", ""label"": ""White potato x3"", ""in_box"": 3}]"
2026-10-20,2026-09-02,f5aa6d83-98c9-4076-a662-d53f64a113bf,915,Lemony Courgette & King Prawn Risotto,False,0.0,367,455,24.8,8.6,5.2,68.7,6.2,3.7,2.46,124,6.8,2.4,1.4,18.7,1.7,1.0,0.67,1,40,full-prep,no spice,Modern Bistro,Gluten Free,4.39,11867,True,"[{""name"": ""cheddar cheese"", ""label"": ""Cheddar cheese (40g)"", ""in_box"": 1}, {""name"": ""raw peeled king prawns"", ""label"": ""Raw peeled king prawns (171g)"", ""in_box"": 1}, {""name"": ""intense vegetable stock mix"", ""label"": ""Intense vegetable stock mix (5.5g)"", ""in_box"": 1}, {""name"": ""garlic clove"", ""label"": ""Garlic clove x2"", ""in_box"": 2}, {""name"": ""parsley"", ""label"": ""Parsley (5g)"", ""in_box"": 1}, {""name"": ""courgette"", ""label"": ""Courgette"", ""in_box"": 1}, {""name"": ""brown onion"", ""label"": ""Brown onion"", ""in_box"": 1}, {""name"": ""lemon"", ""label"": ""Lemon"", ""in_box"": 1}, {""name"": ""arborio rice"", ""label"": ""Arborio rice (160g)"", ""in_box"": 1}]"
2026-10-20,2026-09-02,302cf0c2-4444-4335-a33c-65a3a2244527,3562,Lentil & Mushroom Pie With Garlicky Greens,False,0.0,356,430,13.6,20.1,8.7,46.4,7.7,8.3,2.53,120,3.8,5.6,2.5,13.0,2.2,2.3,0.71,3,40,full-prep,no spice,Modern Bistro,Vegan; Vegetarian; Dairy Free,4.2,1246,True,"[{""name"": ""green lentils"", ""label"": ""Green lentils (380g)"", ""in_box"": 1}, {""name"": ""shredded kale"", ""label"": ""Shredded kale (120g)"", ""in_box"": 1}, {""name"": ""soy sauce"", ""label"": ""Soy sauce (8ml)"", ""in_box"": 1}, {""name"": ""intense vegetable stock mix"", ""label"": ""Intense vegetable stock mix (5.5g)"", ""in_box"": 1}, {""name"": ""puff pastry"", ""label"": ""Puff pastry (160g)"", ""in_box"": 1}, {""name"": ""garlic clove"", ""label"": ""Garlic clove x2"", ""in_box"": 2}, {""name"": ""brown onion"", ""label"": ""Brown onion"", ""in_box"": 1}, {""name"": ""tomato paste"", ""label"": ""Tomato paste (16g)"", ""in_box"": 1}, {""name"": ""chestnut mushrooms"", ""label"": ""Chestnut mushrooms (80g)"", ""in_box"": 1}]"
2026-10-20,2026-09-02,83b59b70-a672-4a7e-977d-cddc3ad822a4,4868,Masala Smoked Basa With Crispy Gnocchi ,False,0.0,404,533,31.2,16.4,9.3,66.2,5.9,6.1,3.02,132,7.7,4.1,2.3,16.4,1.5,1.5,0.75,2,30,full-prep,mild,Protein Hit,,4.32,10678,True,"[{""name"": ""Cornish clotted cream"", ""label"": ""Cornish clotted cream (40g)"", ""in_box"": 1}, {""name"": ""ground paprika"", ""label"": ""Ground paprika (1tsp)"", ""in_box"": 1}, {""name"": ""tomato paste"", ""label"": ""Tomato paste (32g)"", ""in_box"": 1}, {""name"": ""garam masala"", ""label"": ""Garam masala (1tsp)"", ""in_box"": 1}, {""name"": ""gnocchi"", ""label"": ""Gnocchi (350g)"", ""in_box"": 1}, {""name"": ""curry powder"", ""label"": ""Curry powder (1tbsp)"", ""in_box"": 1}, {""name"": ""garlic clove"", ""label"": ""Garlic clove x2"", ""in_box"": 2}, {""name"": ""brown onion"", ""label"": ""Brown onion"", ""in_box"": 1}, {""name"": ""smoked basa fillets"", ""label"": ""Smoked basa fillets (2pcs)"", ""in_box"": 1}, {""name"": ""spinach"", ""label"": ""Spinach (80g)"", ""in_box"": 1}]"
2026-10-20,2026-09-02,60804e4e-bb33-4678-bd1f-b3c289da8109,3631,Meat-Free Mince Keema With Lime And Coriander,False,0.0,394,557,34.1,12.1,1.1,79.6,14.1,12.9,2.81,141,8.6,3.1,0.3,20.2,3.6,3.3,0.71,2,30,full-prep,mild,20 minute meals,Vegan; Vegetarian; Dairy Free; Gluten Free,4.11,5462,True,"[{""name"": ""white basmati rice"", ""label"": ""White basmati rice (130g)"", ""in_box"": 1}, {""name"": ""tomato paste"", ""label"": ""Tomato paste (32g)"", ""in_box"": 1}, {""name"": ""Meatless Farm mince"", ""label"": ""Meatless Farm mince (200g)"", ""in_box"": 1}, {""name"": ""intense vegetable stock mix"", ""label"": ""Intense vegetable stock mix (5.5g)"", ""in_box"": 1}, {""name"": ""curry powder"", ""label"": ""Curry powder (1tbsp)"", ""in_box"": 1}, {""name"": ""garlic clove"", ""label"": ""Garlic clove x2"", ""in_box"": 2}, {""name"": ""fresh root ginger"", ""label"": ""Fresh root ginger (15g)"", ""in_box"": 1}, {""name"": ""coriander"", ""label"": ""Coriander (10g)"", ""in_box"": 1}, {""name"": ""brown onion"", ""label"": ""Brown onion"", ""in_box"": 1}, {""name"": ""carrot"", ""label"": ""Carrot x2"", ""in_box"": 2}, {""name"": ""lime"", ""label"": ""Lime"", ""in_box"": 1}]"
2026-10-20,2026-09-02,d31899bd-c6ea-419b-b23b-34564349f59f,14378,Meat-Free Wholewheat Spaghetti Bolognese,False,0.0,420,667,43.2,15.9,3.5,82.6,16.2,16.4,2.98,158,10.3,3.8,0.8,19.6,3.8,3.9,0.71,3,35,full-prep,no spice,Everyday Favourites,Vegetarian,4.44,124,True,"[{""name"": ""Italian hard cheese"", ""label"": ""Italian hard cheese (20g)"", ""in_box"": 1}, {""name"": ""dried oregano"", ""label"": ""Dried oregano (1tsp)"", ""in_box"": 1}, {""name"": ""soy sauce"", ""label"": ""Soy sauce (8ml)"", ""in_box"": 1}, {""name"": ""finely chopped tomatoes"", ""label"": ""Finely chopped tomatoes (200g)"", ""in_box"": 1}, {""name"": ""tomato paste"", ""label"": ""Tomato paste (32g)"", ""in_box"": 1}, {""name"": ""Meatless Farm mince"", ""label"": ""Meatless Farm mince (200g)"", ""in_box"": 1}, {""name"": ""intense vegetable stock mix"", ""label"": ""Intense vegetable stock mix (5.5g)"", ""in_box"": 1}, {""name"": ""garlic clove"", ""label"": ""Garlic clove"", ""in_box"": 1}, {""name"": ""wholewheat spaghetti"", ""label"": ""Wholewheat spaghetti (190g)"", ""in_box"": 1}, {""name"": ""brown onion"", ""label"": ""Brown onion"", ""in_box"": 1}, {""name"": ""carrot"", ""label"": ""Carrot"", ""in_box"": 1}]"
2026-10-20,2026-09-02,54aa761f-0d78-40fc-9928-3b643feb8f02,16676,Mediterranean-Style Chicken Pasta,True,0.75,394,492,29.9,16.5,3.1,52.3,9.4,7.1,2.6,125,7.6,4.2,0.8,13.3,2.4,1.8,0.66,2,7,heat-only,no spice,Heat & Eat,,4.18,753,True,"[{""name"": ""mediterranean style chicken pasta"", ""label"": ""Mediterranean style chicken pasta (420g) x2"", ""in_box"": 2}]"
2026-10-20,2026-09-02,7f739831-0d47-441c-8585-4e0688a60a24,3613,Mediterranean-Style Vegetable Panzanella,False,0.0,456,363,14.7,10.1,1.7,52.3,10.8,9.8,0.81,79,3.2,2.2,0.4,11.5,2.4,2.2,0.18,4,40,full-prep,no spice,Prepped in 5,Vegan; Vegetarian; Dairy Free,4.28,11956,True,"[{""name"": ""red pepper"", ""label"": ""Red pepper"", ""in_box"": 1}, {""name"": ""pumpkin seeds"", ""label"": ""Pumpkin seeds (30g)"", ""in_box"": 1}, {""name"": ""ciabatta"", ""label"": ""Ciabatta x2"", ""in_box"": 2}, {""name"": ""garlic clove"", ""label"": ""Garlic clove x2"", ""in_box"": 2}, {""name"": ""basil"", ""label"": ""Basil (5g)"", ""in_box"": 1}, {""name"": ""rocket"", ""label"": ""Rocket (50g)"", ""in_box"": 1}, {""name"": ""cherry tomatoes"", ""label"": ""Cherry tomatoes (250g)"", ""in_box"": 1}, {""name"": ""aubergine"", ""label"": ""Aubergine"", ""in_box"": 1}, {""name"": ""red wine vinegar"", ""label"": ""Red wine vinegar (15ml)"", ""in_box"": 1}, {""name"": ""Dijon mustard"", ""label"": ""Dijon mustard (5.5g)"", ""in_box"": 1}]"
2026-10-20,2026-09-02,bcfd3cce-8033-4dce-ace6-517d7152015c,2523,Melty Greek-Style Lentil Moussaka,False,0.0,586,348,16.7,8.6,5.2,52.7,11.8,12.1,1.99,59,2.8,1.5,0.9,9.0,2.0,2.1,0.34,3,55,full-prep,mild,Modern Bistro,Vegetarian,4.39,7606,True,"[{""name"": ""green lentils"", ""label"": ""Green lentils (380g)"", ""in_box"": 1}, {""name"": ""cheddar cheese"", ""label"": ""Cheddar cheese (40g)"", ""in_box"": 1}, {""name"": ""dried oregano"", ""label"": ""Dried oregano (1tsp) x2"", ""in_box"": 2}, {""name"": ""finely chopped tomatoes"", ""label"": ""Finely chopped tomatoes (200g)"", ""in_box"": 1}, {""name"": ""intense vegetable stock mix"", ""label"": ""Intense vegetable stock mix (5.5g)"", ""in_box"": 1}, {""name"": ""ground cinnamon"", ""label"": ""Ground cinnamon (0.5tsp)"", ""in_box"": 1}, {""name"": ""garlic clove"", ""label"": ""Garlic clove"", ""in_box"": 1}, {""name"": ""Dried bay leaf"", ""label"": ""Dried bay leaf x2"", ""in_box"": 2}, {""name"": ""baby leaf salad"", ""label"": ""Baby leaf salad (50g)"", ""in_box"": 1}, {""name"": ""parsley"", ""label"": ""Parsley (5g)"", ""in_box"": 1}, {""name"": ""aubergine"", ""label"": ""Aubergine"", ""in_box"": 1}, {""name"": ""red onion"", ""label"": ""Red onion"", ""in_box"": 1}, {""name"": ""white potato"", ""label"": ""White potato x3"", ""in_box"": 3}]"
2026-10-20,2026-09-02,12140516-3d60-4092-84f7-d41f93464676,8098,"Mexican-Style Lean Pork & Pineapple Burger, Chips & Mayo",True,0.75,546,714,40.4,19.6,3.0,93.8,24.4,8.1,2.14,130,7.4,3.6,0.5,17.2,4.5,1.5,0.39,2,40,full-prep,spicy,Takeaway Night,Dairy Free,4.16,67,True,"[{""name"": ""cayenne pepper"", ""label"": ""Cayenne pepper (0.5tsp)"", ""in_box"": 1}, {""name"": ""pineapple slices"", ""label"": ""Pineapple slices (220g)"", ""in_box"": 1}, {""name"": ""lean pork mince (<5% fat)"", ""label"": ""Lean pork mince (<5% fat) (250g)"", ""in_box"": 1}, {""name"": ""cumin seeds"", ""label"": ""Cumin seeds (1tsp)"", ""in_box"": 1}, {""name"": ""spring onion"", ""label"": ""Spring onion x2"", ""in_box"": 2}, {""name"": ""ground smoked paprika"", ""label"": ""Ground smoked paprika (1tsp)"", ""in_box"": 1}, {""name"": ""mayonnaise"", ""label"": ""Mayonnaise (25ml)"", ""in_box"": 1}, {""name"": ""panko breadcrumbs"", ""label"": ""Panko breadcrumbs (40g)"", ""in_box"": 1}, {""name"": ""brioche style buns"", ""label"": ""Brioche style buns (2pcs)"", ""in_box"": 1}, {""name"": ""soy sauce"", ""label"": ""Soy sauce (15ml)"", ""in_box"": 1}, {""name"": ""gem lettuce"", ""label"": ""Gem lettuce"", ""in_box"": 1}, {""name"": ""white potato"", ""label"": ""White potato x3"", ""in_box"": 3}]"
2026-10-20,2026-09-02,be8ccad1-5956-4895-859f-6737ece483e2,8283,Mexican-Style Mixed Beans Loaded Sweet Potato Fries,False,0.0,573,599,21.9,19.7,6.2,84.8,23.7,18.5,2.21,104,3.8,3.4,1.1,14.8,4.1,3.2,0.38,5,35,full-prep,spicy,Fibre Fix,Vegetarian,4.41,504,True,"[{""name"": ""cheddar cheese"", ""label"": ""Cheddar cheese (40g)"", ""in_box"": 1}, {""name"": ""tomato"", ""label"": ""Tomato"", ""in_box"": 1}, {""name"": ""green chilli"", ""label"": ""Green chilli"", ""in_box"": 1}, {""name"": ""ground coriander"", ""label"": ""Ground coriander (1tsp)"", ""in_box"": 1}, {""name"": ""tomato paste"", ""label"": ""Tomato paste (32g)"", ""in_box"": 1}, {""name"": ""vegan mayonnaise"", ""label"": ""Vegan mayonnaise (25ml)"", ""in_box"": 1}, {""name"": ""Sweetcorn"", ""label"": ""Sweetcorn (150g)"", ""in_box"": 1}, {""name"": ""ground smoked paprika"", ""label"": ""Ground smoked paprika (2tsp)"", ""in_box"": 1}, {""name"": ""5 bean medley"", ""label"": ""5 bean medley (240g)"", ""in_box"": 1}, {""name"": ""garlic clove"", ""label"": ""Garlic clove x2"", ""in_box"": 2}, {""name"": ""shallot"", ""label"": ""Shallot"", ""in_box"": 1}, {""name"": ""vegetable stock mix"", ""label"": ""Vegetable stock mix (5.5g)"", ""in_box"": 1}, {""name"": ""coriander"", ""label"": ""Coriander (5g)"", ""in_box"": 1}, {""name"": ""lime"", ""label"": ""Lime"", ""in_box"": 1}, {""name"": ""sweet potato"", ""label"": ""Sweet potato x2"", ""in_box"": 2}]"
2026-10-20,2026-09-02,db4c5b42-3af3-4438-bf63-4c4a2b7986f9,1698,"Mexican-Style Pork & Pineapple Burger, Chips & Spicy Mayo",False,0.0,546,762,38.0,26.3,5.7,93.2,24.2,7.7,2.1,139,7.0,4.8,1.0,17.1,4.4,1.4,0.38,2,40,full-prep,spicy,Takeaway Night,Dairy Free,4.19,2275,True,"[{""name"": ""cayenne pepper"", ""label"": ""Cayenne pepper (0.5tsp)"", ""in_box"": 1}, {""name"": ""pineapple slices"", ""label"": ""Pineapple slices (220g)"", ""in_box"": 1}, {""name"": ""cumin seeds"", ""label"": ""Cumin seeds (1tsp)"", ""in_box"": 1}, {""name"": ""spring onion"", ""label"": ""Spring onion x2"", ""in_box"": 2}, {""name"": ""ground smoked paprika"", ""label"": ""Ground smoked paprika (1tsp)"", ""in_box"": 1}, {""name"": ""mayonnaise"", ""label"": ""Mayonnaise (25ml)"", ""in_box"": 1}, {""name"": ""panko breadcrumbs"", ""label"": ""Panko breadcrumbs (40g)"", ""in_box"": 1}, {""name"": ""pork mince"", ""label"": ""Pork mince (250g)"", ""in_box"": 1}, {""name"": ""brioche style buns"", ""label"": ""Brioche style buns (2pcs)"", ""in_box"": 1}, {""name"": ""soy sauce"", ""label"": ""Soy sauce (15ml)"", ""in_box"": 1}, {""name"": ""gem lettuce"", ""label"": ""Gem lettuce"", ""in_box"": 1}, {""name"": ""white potato"", ""label"": ""White potato x3"", ""in_box"": 3}]"
2026-10-20,2026-09-02,61076a65-cc65-4dcb-b7b2-c16bf114689b,2688,Minted Pea Soup With Cheese & Bacon Toastie,False,0.0,406,590,30.0,21.0,9.0,71.9,13.9,12.9,3.65,145,7.4,5.2,2.2,17.7,3.4,3.2,0.9,1,40,full-prep,no spice,Modern Bistro,,4.33,4904,True,"[{""name"": ""cheddar cheese"", ""label"": ""Cheddar cheese (40g)"", ""in_box"": 1}, {""name"": ""intense vegetable stock mix"", ""label"": ""Intense vegetable stock mix (5.5g)"", ""in_box"": 1}, {""name"": ""smoked streaky bacon"", ""label"": ""Smoked streaky bacon (90g)"", ""in_box"": 1}, {""name"": ""ciabatta"", ""label"": ""Ciabatta x2"", ""in_box"": 2}, {""name"": ""garlic clove"", ""label"": ""Garlic clove"", ""in_box"": 1}, {""name"": ""Dried bay leaf"", ""label"": ""Dried bay leaf"", ""in_box"": 1}, {""name"": ""brown onion"", ""label"": ""Brown onion"", ""in_box"": 1}, {""name"": ""blanched peas"", ""label"": ""Blanched peas (160g) x2"", ""in_box"": 2}, {""name"": ""mint"", ""label"": ""Mint (5g) x2"", ""in_box"": 2}, {""name"": ""white potato"", ""label"": ""White potato"", ""in_box"": 1}]"
2026-10-20,2026-09-02,32143027-b1e8-4b2d-8651-1790ccdeb7be,5400,Miso Cacio E Pepe Udon With Crispy Fried Egg,False,0.0,405,490,22.5,17.3,8.7,61.1,2.3,1.7,2.67,120,5.6,4.3,2.1,15.1,0.6,0.4,0.66,1,10,full-prep,no spice,10-Minute,Vegetarian,4.38,5485,True,"[{""name"": ""grated Italian hard cheese"", ""label"": ""Grated Italian hard cheese (30g)"", ""in_box"": 1}, {""name"": ""cornflour"", ""label"": ""Cornflour (1tsp)"", ""in_box"": 1}, {""name"": ""white miso paste"", ""label"": ""White miso paste (17g)"", ""in_box"": 1}, {""name"": ""free range egg"", ""label"": ""Free range egg x2"", ""in_box"": 2}, {""name"": ""spring onion"", ""label"": ""Spring onion"", ""in_box"": 1}, {""name"": ""garlic clove"", ""label"": ""Garlic clove x2"", ""in_box"": 2}, {""name"": ""udon noodles"", ""label"": ""Udon noodles (200g) x2"", ""in_box"": 2}, {""name"": ""vegetable stock mix"", ""label"": ""Vegetable stock mix (5.5g)"", ""in_box"": 1}, {""name"": ""soft cheese"", ""label"": ""Soft cheese (50g)"", ""in_box"": 1}, {""name"": ""white cup mushrooms"", ""label"": ""White cup mushrooms (80g)"", ""in_box"": 1}, {""name"": ""spinach"", ""label"": ""Spinach (80g)"", ""in_box"": 1}, {""name"": ""cracked black pepper"", ""label"": ""Cracked black pepper (2.5g)"", ""in_box"": 1}]"
2026-10-20,2026-09-02,d01b4a96-6122-4f4f-a6fc-dec8f0538428,1392,Mozzarella & Red Pesto Chicken Breast With Roasted Veg,False,0.0,523,531,43.5,22.5,10.3,40.6,10.2,6.2,0.95,101,8.3,4.3,2.0,7.8,1.9,1.2,0.18,2,45,full-prep,no spice,Modern Bistro,Gluten Free,4.13,27985,True,"[{""name"": ""dried oregano"", ""label"": ""Dried oregano (1tsp)"", ""in_box"": 1}, {""name"": ""chicken breast portions"", ""label"": ""Chicken breast portions (2pcs)"", ""in_box"": 1}, {""name"": ""sun-dried tomato pesto"", ""label"": ""Sun-dried tomato pesto (45g)"", ""in_box"": 1}, {""name"": ""courgette"", ""label"": ""Courgette"", ""in_box"": 1}, {""name"": ""mozzarella"", ""label"": ""Mozzarella (125g)"", ""in_box"": 1}, {""name"": ""rosemary"", ""label"": ""Rosemary (5g)"", ""in_box"": 1}, {""name"": ""red onion"", ""label"": ""Red onion x2"", ""in_box"": 2}, {""name"": ""white potato"", ""label"": ""White potato x3"", ""in_box"": 3}]"
2026-10-20,2026-09-02,8a62fd51-a879-469f-80d7-ddb1dab9677a,327,Mozzarella-Topped Tomato Risotto With Basil Oil,False,0.0,402,485,20.2,11.7,7.8,74.4,11.3,4.5,1.76,120,5.0,2.9,1.9,18.5,2.8,1.1,0.44,3,40,full-prep,no spice,Modern Bistro,Vegetarian; Gluten Free,4.16,14795,True,"[{""name"": ""finely chopped tomatoes"", ""label"": ""Finely chopped tomatoes (390g)"", ""in_box"": 1}, {""name"": ""intense vegetable stock mix"", ""label"": ""Intense vegetable stock mix (5.5g)"", ""in_box"": 1}, {""name"": ""garlic clove"", ""label"": ""Garlic clove x3"", ""in_box"": 3}, {""name"": ""arborio rice"", ""label"": ""Arborio rice (160g)"", ""in_box"": 1}, {""name"": ""mozzarella"", ""label"": ""Mozzarella (125g)"", ""in_box"": 1}, {""name"": ""basil"", ""label"": ""Basil (10g)"", ""in_box"": 1}, {""name"": ""red wine vinegar"", ""label"": ""Red wine vinegar (15ml)"", ""in_box"": 1}, {""name"": ""red onion"", ""label"": ""Red onion"", ""in_box"": 1}]"
2026-10-20,2026-09-02,18f45206-2c3e-4c37-aef5-5895112a45a0,2612,Mushroom Wellington With Onion Gravy And Mash,False,0.0,450,574,13.5,28.6,9.7,67.2,8.6,8.0,1.63,127,3.0,6.3,2.1,14.9,1.9,1.8,0.36,2,55,full-prep,no spice,Modern Bistro,Vegan; Vegetarian; Dairy Free,4.13,15104,True,"[{""name"": ""shredded kale"", ""label"": ""Shredded kale (120g)"", ""in_box"": 1}, {""name"": ""soy sauce"", ""label"": ""Soy sauce (8ml)"", ""in_box"": 1}, {""name"": ""puff pastry"", ""label"": ""Puff pastry (160g)"", ""in_box"": 1}, {""name"": ""dried sage"", ""label"": ""Dried sage (1tsp)"", ""in_box"": 1}, {""name"": ""garlic clove"", ""label"": ""Garlic clove"", ""in_box"": 1}, {""name"": ""shallot"", ""label"": ""Shallot"", ""in_box"": 1}, {""name"": ""walnuts"", ""label"": ""Walnuts (25g)"", ""in_box"": 1}, {""name"": ""vegetable stock mix"", ""label"": ""Vegetable stock mix (5.5g)"", ""in_box"": 1}, {""name"": ""chestnut mushrooms"", ""label"": ""Chestnut mushrooms (160g)"", ""in_box"": 1}, {""name"": ""balsamic vinegar"", ""label"": ""Balsamic vinegar (15ml)"", ""in_box"": 1}, {""name"": ""red onion"", ""label"": ""Red onion"", ""in_box"": 1}, {""name"": ""white potato"", ""label"": ""White potato x3"", ""in_box"": 3}]"
2026-10-20,2026-09-02,96f4b8d5-c58f-4e57-9e59-2fd732a3072e,9117,Northern Thai-Inspired Pork & Squash Curry With Rice,False,0.0,348,646,33.6,22.1,12.8,77.7,15.7,5.6,2.83,185,9.7,6.4,3.7,22.4,4.5,1.6,0.81,2,60,full-prep,mild,Prepped in 5,Dairy Free; Gluten Free,4.52,301,True,"[{""name"": ""fish sauce"", ""label"": ""Fish sauce (8ml)"", ""in_box"": 1}, {""name"": ""solid creamed coconut"", ""label"": ""Solid creamed coconut (25g)"", ""in_box"": 1}, {""name"": ""diced pork"", ""label"": ""Diced pork (250g)"", ""in_box"": 1}, {""name"": ""tomato paste"", ""label"": ""Tomato paste (32g)"", ""in_box"": 1}, {""name"": ""garam masala"", ""label"": ""Garam masala (1tsp)"", ""in_box"": 1}, {""name"": ""garlic clove"", ""label"": ""Garlic clove x2"", ""in_box"": 2}, {""name"": ""white long grain rice"", ""label"": ""White long grain rice (130g)"", ""in_box"": 1}, {""name"": ""shallot"", ""label"": ""Shallot"", ""in_box"": 1}, {""name"": ""ginger paste"", ""label"": ""Ginger paste (15g)"", ""in_box"": 1}, {""name"": ""coriander"", ""label"": ""Coriander (5g)"", ""in_box"": 1}, {""name"": ""ketjap manis"", ""label"": ""Ketjap manis (20g)"", ""in_box"": 1}, {""name"": ""butternut squash cubes"", ""label"": ""Butternut squash cubes (160g)"", ""in_box"": 1}, {""name"": ""tamarind paste"", ""label"": ""Tamarind paste (15g)"", ""in_box"": 1}]"
2026-10-20,2026-09-02,7d45554d-3926-474f-9c6e-43921c647c0b,3141,Nutty Three Veg Curry With Rice,False,0.0,398,459,12.3,21.7,9.6,52.3,8.4,7.2,2.08,115,3.1,5.5,2.4,13.1,2.1,1.8,0.52,2,10,full-prep,mild,10-Minute,Vegan; Vegetarian; Dairy Free,4.28,2857,True,"[{""name"": ""red Thai curry paste"", ""label"": ""Red Thai curry paste (40g)"", ""in_box"": 1}, {""name"": ""cooked white long grain rice"", ""label"": ""Cooked white long grain rice (280g)"", ""in_box"": 1}, {""name"": ""red pepper"", ""label"": ""Red pepper"", ""in_box"": 1}, {""name"": ""solid creamed coconut"", ""label"": ""Solid creamed coconut (25g)"", ""in_box"": 1}, {""name"": ""spring onion"", ""label"": ""Spring onion x3"", ""in_box"": 3}, {""name"": ""black sesame seeds"", ""label"": ""Black sesame seeds (5g)"", ""in_box"": 1}, {""name"": ""chestnut mushrooms"", ""label"": ""Chestnut mushrooms (160g)"", ""in_box"": 1}, {""name"": ""soy sauce"", ""label"": ""Soy sauce (15ml)"", ""in_box"": 1}, {""name"": ""smooth peanut butter"", ""label"": ""Smooth peanut butter (26g)"", ""in_box"": 1}, {""name"": ""sweet pea pods"", ""label"": ""Sweet pea pods (80g)"", ""in_box"": 1}]"
2026-10-20,2026-09-02,3e1d4f22-a1d5-4978-8485-cd2af17bebe7,8298,Oat Crusted Chicken With Creamy Tarragon Cannellini Beans,False,0.0,399,516,44.3,20.5,6.4,36.2,5.1,12.1,1.79,129,11.1,5.1,1.6,9.1,1.3,3.0,0.45,2,35,full-prep,no spice,Fibre Fix,,4.09,865,True,"[{""name"": ""chicken breast portions"", ""label"": ""Chicken breast portions (2pcs)"", ""in_box"": 1}, {""name"": ""cannellini beans"", ""label"": ""Cannellini beans (390g)"", ""in_box"": 1}, {""name"": ""intense chicken stock mix"", ""label"": ""Intense chicken stock mix (5.5g)"", ""in_box"": 1}, {""name"": ""garlic clove"", ""label"": ""Garlic clove x2"", ""in_box"": 2}, {""name"": ""parsley and tarragon pesto"", ""label"": ""Parsley and tarragon pesto (40g)"", ""in_box"": 1}, {""name"": ""brown onion"", ""label"": ""Brown onion"", ""in_box"": 1}, {""name"": ""soft cheese"", ""label"": ""Soft cheese (50g)"", ""in_box"": 1}, {""name"": ""spinach"", ""label"": ""Spinach (80g)"", ""in_box"": 1}, {""name"": ""oats"", ""label"": ""Oats (50g)"", ""in_box"": 1}]"
2026-10-20,2026-09-02,34fce926-e534-4f4c-bc6a-d88a9250242e,5160,One Pan Garlic Crusted Pork Loin Bake With Chive & Mustard Sauce,False,0.0,558,734,36.6,41.1,16.3,57.8,20.4,9.4,2.07,131,6.6,7.4,2.9,10.4,3.7,1.7,0.37,2,50,full-prep,no spice,One Pan Wonders,,4.14,1413,True,"[{""name"": ""pork loin steaks"", ""label"": ""Pork loin steaks (300g)"", ""in_box"": 1}, {""name"": ""apple"", ""label"": ""Apple"", ""in_box"": 1}, {""name"": ""panko breadcrumbs"", ""label"": ""Panko breadcrumbs (20g)"", ""in_box"": 1}, {""name"": ""Dijon mustard"", ""label"": ""Dijon mustard (18g)"", ""in_box"": 1}, {""name"": ""intense chicken stock mix"", ""label"": ""Intense chicken stock mix (5.5g)"", ""in_box"": 1}, {""name"": ""garlic clove"", ""label"": ""Garlic clove"", ""in_box"": 1}, {""name"": ""soft cheese"", ""label"": ""Soft cheese (50g)"", ""in_box"": 1}, {""name"": ""carrot"", ""label"": ""Carrot x2"", ""in_box"": 2}, {""name"": ""chives"", ""label"": ""Chives (5g)"", ""in_box"": 1}, {""name"": ""red onion"", ""label"": ""Red onion"", ""in_box"": 1}, {""name"": ""white potato"", ""label"": ""White potato x3"", ""in_box"": 3}]"
2026-10-20,2026-09-02,e3c81ed2-4b84-47a8-b673-bfe1df0ad85b,7694,One Pan Gochujang Pork Bolognese With Udon Noodles,False,0.0,515,627,38.6,20.2,9.4,73.1,14.8,4.7,2.69,121,7.5,3.9,1.8,14.2,2.9,0.9,0.52,2,30,full-prep,spicy,One Pan Wonders,,4.34,2232,True,"[{""name"": ""cheddar cheese"", ""label"": ""Cheddar cheese (40g)"", ""in_box"": 1}, {""name"": ""gochujang paste"", ""label"": ""Gochujang paste (30g)"", ""in_box"": 1}, {""name"": ""soy sauce"", ""label"": ""Soy sauce (8ml)"", ""in_box"": 1}, {""name"": ""tomato paste"", ""label"": ""Tomato paste (32g)"", ""in_box"": 1}, {""name"": ""pork mince"", ""label"": ""Pork mince (250g)"", ""in_box"": 1}, {""name"": ""garlic clove"", ""label"": ""Garlic clove x2"", ""in_box"": 2}, {""name"": ""brown onion"", ""label"": ""Brown onion"", ""in_box"": 1}, {""name"": ""udon noodles"", ""label"": ""Udon noodles (200g) x2"", ""in_box"": 2}, {""name"": ""carrot"", ""label"": ""Carrot"", ""in_box"": 1}, {""name"": ""baby button mushrooms"", ""label"": ""Baby button mushrooms (80g)"", ""in_box"": 1}]"
2026-10-20,2026-09-02,1a2ec921-128a-4fbc-8e91-712cf8ba8c46,6572,One Pot Cheesy Mexican-Style Chicken Breast & Black Bean Pilaf,True,0.5,405,567,44.0,12.8,6.1,73.7,7.3,8.1,2.24,140,10.9,3.2,1.5,18.2,1.8,2.0,0.55,2,40,full-prep,mild,One Pan Wonders,,4.13,471,True,"[{""name"": ""red pepper"", ""label"": ""Red pepper"", ""in_box"": 1}, {""name"": ""white basmati rice"", ""label"": ""White basmati rice (130g)"", ""in_box"": 1}, {""name"": ""dried chilli flakes"", ""label"": ""Dried chilli flakes (0.5tsp)"", ""in_box"": 1}, {""name"": ""ground coriander"", ""label"": ""Ground coriander (1tsp)"", ""in_box"": 1}, {""name"": ""soy sauce"", ""label"": ""Soy sauce (8ml)"", ""in_box"": 1}, {""name"": ""chicken breast portions"", ""label"": ""Chicken breast portions (2pcs)"", ""in_box"": 1}, {""name"": ""ground smoked paprika"", ""label"": ""Ground smoked paprika (2tsp)"", ""in_box"": 1}, {""name"": ""intense chicken stock mix"", ""label"": ""Intense chicken stock mix (5.5g)"", ""in_box"": 1}, {""name"": ""cheddar cheese"", ""label"": ""Cheddar cheese (40g)"", ""in_box"": 1}, {""name"": ""ground cumin"", ""label"": ""Ground cumin (2tsp)"", ""in_box"": 1}, {""name"": ""garlic clove"", ""label"": ""Garlic clove x2"", ""in_box"": 2}, {""name"": ""black beans"", ""label"": ""Black beans (185g)"", ""in_box"": 1}, {""name"": ""tomato paste"", ""label"": ""Tomato paste (16g)"", ""in_box"": 1}, {""name"": ""red onion"", ""label"": ""Red onion"", ""in_box"": 1}]"
2026-10-20,2026-09-02,ab13b978-8595-42ce-b156-1e1958dd1660,5831,One Pot Chicken Thigh Paella With Roasted Garlic Aioli,False,0.0,346,643,32.6,24.3,4.3,73.1,9.3,5.1,1.76,185,9.4,7.0,1.2,21.1,2.7,1.5,0.51,2,40,full-prep,mild,Prepped in 5,Dairy Free; Gluten Free,4.26,23441,True,"[{""name"": ""intense chicken stock mix"", ""label"": ""Intense chicken stock mix (5.5g)"", ""in_box"": 1}, {""name"": ""diced chicken thigh"", ""label"": ""Diced chicken thigh (250g)"", ""in_box"": 1}, {""name"": ""tomato paste"", ""label"": ""Tomato paste (32g)"", ""in_box"": 1}, {""name"": ""ground smoked paprika"", ""label"": ""Ground smoked paprika (2tsp)"", ""in_box"": 1}, {""name"": ""mayonnaise"", ""label"": ""Mayonnaise (25ml)"", ""in_box"": 1}, {""name"": ""parsley"", ""label"": ""Parsley (5g)"", ""in_box"": 1}, {""name"": ""brown onion"", ""label"": ""Brown onion"", ""in_box"": 1}, {""name"": ""arborio rice"", ""label"": ""Arborio rice (160g)"", ""in_box"": 1}, {""name"": ""roasted garlic paste"", ""label"": ""Roasted garlic paste (15g) x2"", ""in_box"": 2}, {""name"": ""sweet pointed pepper"", ""label"": ""Sweet pointed pepper"", ""in_box"": 1}]"
2026-10-20,2026-09-02,99032948-5c29-4cce-9343-332590867ee3,5728,One Pot Chilli & Miso Pork Udon Noodles,False,0.0,452,562,34.4,17.3,6.4,66.7,7.0,2.4,2.96,124,7.6,3.8,1.4,14.8,1.5,0.5,0.65,1,40,full-prep,spicy,Prepped in 5,Dairy Free,4.44,11631,True,"[{""name"": ""white miso paste"", ""label"": ""White miso paste (17g)"", ""in_box"": 1}, {""name"": ""dried chilli flakes"", ""label"": ""Dried chilli flakes (0.5tsp)"", ""in_box"": 1}, {""name"": ""spring onion"", ""label"": ""Spring onion"", ""in_box"": 1}, {""name"": ""red chilli"", ""label"": ""Red chilli"", ""in_box"": 1}, {""name"": ""pork mince"", ""label"": ""Pork mince (250g)"", ""in_box"": 1}, {""name"": ""brown onion"", ""label"": ""Brown onion"", ""in_box"": 1}, {""name"": ""gluten free soy sauce"", ""label"": ""Gluten free soy sauce (15ml)"", ""in_box"": 1}, {""name"": ""crispy onions"", ""label"": ""Crispy onions (15g)"", ""in_box"": 1}, {""name"": ""udon noodles"", ""label"": ""Udon noodles (200g) x2"", ""in_box"": 2}, {""name"": ""ginger & garlic paste"", ""label"": ""Ginger & garlic paste (15g)"", ""in_box"": 1}, {""name"": ""sweet pea pods"", ""label"": ""Sweet pea pods (80g)"", ""in_box"": 1}]"
2026-10-20,2026-09-02,cc7ef63e-d8c9-4fb6-85ef-edc7c40dda64,8002,One Pot Pork Shoulder Ragu,False,0.0,461,688,45.0,18.5,8.0,90.9,14.1,8.2,2.79,149,9.8,4.0,1.7,19.7,3.1,1.8,0.6,2,65,full-prep,no spice,Prepped in 5,,4.41,2593,True,"[{""name"": ""grated Italian hard cheese"", ""label"": ""Grated Italian hard cheese (30g)"", ""in_box"": 1}, {""name"": ""intense chicken stock mix"", ""label"": ""Intense chicken stock mix (5.5g)"", ""in_box"": 1}, {""name"": ""dried oregano"", ""label"": ""Dried oregano (1tsp)"", ""in_box"": 1}, {""name"": ""diced pork"", ""label"": ""Diced pork (250g)"", ""in_box"": 1}, {""name"": ""finely chopped tomatoes"", ""label"": ""Finely chopped tomatoes (200g)"", ""in_box"": 1}, {""name"": ""garlic clove"", ""label"": ""Garlic clove x2"", ""in_box"": 2}, {""name"": ""brown onion"", ""label"": ""Brown onion"", ""in_box"": 1}, {""name"": ""tomato paste"", ""label"": ""Tomato paste (16g)"", ""in_box"": 1}, {""name"": ""Henderson's Relish"", ""label"": ""Henderson's Relish (15ml)"", ""in_box"": 1}, {""name"": ""carrot"", ""label"": ""Carrot"", ""in_box"": 1}, {""name"": ""soy sauce"", ""label"": ""Soy sauce (15ml)"", ""in_box"": 1}, {""name"": ""tortiglioni"", ""label"": ""Tortiglioni (200g)"", ""in_box"": 1}]"
2026-10-20,2026-09-02,73354967-45f8-4501-b722-5c4c0a2b9c3a,1930,"One Pot Smoked Basa, Leek & Sweetcorn Chowder",False,0.0,436,363,25.1,10.1,5.3,46.0,11.2,7.8,2.12,83,5.8,2.3,1.2,10.6,2.6,1.8,0.48,1,40,full-prep,no spice,One Pan Wonders,Gluten Free,4.34,11177,True,"[{""name"": ""leek"", ""label"": ""Leek"", ""in_box"": 1}, {""name"": ""Sweetcorn"", ""label"": ""Sweetcorn (150g)"", ""in_box"": 1}, {""name"": ""garlic clove"", ""label"": ""Garlic clove"", ""in_box"": 1}, {""name"": ""smoked basa fillets"", ""label"": ""Smoked basa fillets (2pcs)"", ""in_box"": 1}, {""name"": ""vegetable stock mix"", ""label"": ""Vegetable stock mix (5.5g)"", ""in_box"": 1}, {""name"": ""soft cheese"", ""label"": ""Soft cheese (50g)"", ""in_box"": 1}, {""name"": ""white potato"", ""label"": ""White potato x3"", ""in_box"": 3}]"
2026-10-20,2026-09-02,ce1a4f74-7bca-4b61-95e9-a6b45ae761d5,3008,One Pot Spiced Beef With Couscous,False,0.0,400,665,41.9,27.6,9.9,59.6,12.8,9.3,1.82,166,10.5,6.9,2.5,14.9,3.2,2.3,0.45,2,25,full-prep,mild,20 minute meals,,4.07,2732,True,"[{""name"": ""tomato"", ""label"": ""Tomato"", ""in_box"": 1}, {""name"": ""intense beef stock mix"", ""label"": ""Intense beef stock mix (5.5g)"", ""in_box"": 1}, {""name"": ""beef mince"", ""label"": ""Beef mince (250g)"", ""in_box"": 1}, {""name"": ""tomato paste"", ""label"": ""Tomato paste (32g)"", ""in_box"": 1}, {""name"": ""ras el hanout"", ""label"": ""Ras el hanout (1tbsp)"", ""in_box"": 1}, {""name"": ""butter beans"", ""label"": ""Butter beans (185g)"", ""in_box"": 1}, {""name"": ""natural yoghurt"", ""label"": ""Natural yoghurt (80g)"", ""in_box"": 1}, {""name"": ""couscous"", ""label"": ""Couscous (120g)"", ""in_box"": 1}, {""name"": ""flaked almonds"", ""label"": ""Flaked almonds (15g)"", ""in_box"": 1}, {""name"": ""red onion"", ""label"": ""Red onion"", ""in_box"": 1}]"
2026-10-20,2026-09-02,14967122-e2eb-46df-93b6-14b6de2bcfa2,4825,One Tray Sticky Sweet & Sour Pork Meatball Tray Bake,False,0.0,538,495,30.1,13.9,4.8,63.8,27.2,6.7,1.97,91,5.6,2.6,0.9,11.8,5.0,1.2,0.37,2,40,full-prep,spicy,One Pan Wonders,Dairy Free,3.88,2232,True,"[{""name"": ""red pepper"", ""label"": ""Red pepper"", ""in_box"": 1}, {""name"": ""pineapple slices"", ""label"": ""Pineapple slices (220g)"", ""in_box"": 1}, {""name"": ""tomato ketchup"", ""label"": ""Tomato ketchup (30ml)"", ""in_box"": 1}, {""name"": ""sriracha hot chilli sauce"", ""label"": ""Sriracha hot chilli sauce (8ml)"", ""in_box"": 1}, {""name"": ""cornflour"", ""label"": ""Cornflour (1tbsp)"", ""in_box"": 1}, {""name"": ""pork mince"", ""label"": ""Pork mince (250g)"", ""in_box"": 1}, {""name"": ""five-spice mix"", ""label"": ""Five-spice mix (1tsp)"", ""in_box"": 1}, {""name"": ""garlic clove"", ""label"": ""Garlic clove"", ""in_box"": 1}, {""name"": ""toasted sesame seeds"", ""label"": ""Toasted sesame seeds (5g)"", ""in_box"": 1}, {""name"": ""rice vinegar"", ""label"": ""Rice vinegar (15ml)"", ""in_box"": 1}, {""name"": ""soy sauce"", ""label"": ""Soy sauce (15ml)"", ""in_box"": 1}, {""name"": ""red onion"", ""label"": ""Red onion"", ""in_box"": 1}, {""name"": ""white potato"", ""label"": ""White potato x3"", ""in_box"": 3}]"
2026-10-20,2026-09-02,36b485ab-453f-4345-8a2e-0d5c98625efe,4860,Oven Baked Chicken Thigh Biryani With Yoghurt,False,0.0,437,585,34.6,17.7,5.8,77.6,12.0,4.1,2.05,133,7.9,4.0,1.3,17.8,2.7,0.9,0.47,2,30,full-prep,mild,Prepped in 5,,4.4,26701,True,"[{""name"": ""tomato"", ""label"": ""Tomato x2"", ""in_box"": 2}, {""name"": ""intense chicken stock mix"", ""label"": ""Intense chicken stock mix (5.5g)"", ""in_box"": 1}, {""name"": ""green chilli"", ""label"": ""Green chilli"", ""in_box"": 1}, {""name"": ""white basmati rice"", ""label"": ""White basmati rice (130g)"", ""in_box"": 1}, {""name"": ""ground turmeric"", ""label"": ""Ground turmeric (0.5tsp)"", ""in_box"": 1}, {""name"": ""diced chicken thigh"", ""label"": ""Diced chicken thigh (250g)"", ""in_box"": 1}, {""name"": ""curry powder"", ""label"": ""Curry powder (1tbsp)"", ""in_box"": 1}, {""name"": ""garlic clove"", ""label"": ""Garlic clove"", ""in_box"": 1}, {""name"": ""Dried bay leaf"", ""label"": ""Dried bay leaf"", ""in_box"": 1}, {""name"": ""natural yoghurt"", ""label"": ""Natural yoghurt (80g)"", ""in_box"": 1}, {""name"": ""crispy onions"", ""label"": ""Crispy onions (15g)"", ""in_box"": 1}, {""name"": ""ginger paste"", ""label"": ""Ginger paste (15g)"", ""in_box"": 1}, {""name"": ""butternut squash cubes"", ""label"": ""Butternut squash cubes (160g)"", ""in_box"": 1}, {""name"": ""cardamom pod"", ""label"": ""Cardamom pod x3"", ""in_box"": 3}]"
2026-10-20,2026-09-02,ac81cf4f-dd2f-41ac-84e9-1d7aed67d868,4272,Oven Baked Chinese-Style Pork Belly With Rice,False,0.0,404,712,36.4,32.5,11.4,68.1,9.2,5.6,2.91,176,9.0,8.0,2.8,16.9,2.3,1.4,0.72,2,70,full-prep,mild,Prepped in 5,Dairy Free,4.22,10102,True,"[{""name"": ""green pepper"", ""label"": ""Green pepper"", ""in_box"": 1}, {""name"": ""pork belly"", ""label"": ""Pork belly (300g)"", ""in_box"": 1}, {""name"": ""ground smoked paprika"", ""label"": ""Ground smoked paprika (1tsp)"", ""in_box"": 1}, {""name"": ""five-spice mix"", ""label"": ""Five-spice mix (1tsp)"", ""in_box"": 1}, {""name"": ""brown onion"", ""label"": ""Brown onion"", ""in_box"": 1}, {""name"": ""white long grain rice"", ""label"": ""White long grain rice (130g)"", ""in_box"": 1}, {""name"": ""ginger & garlic paste"", ""label"": ""Ginger & garlic paste (15g)"", ""in_box"": 1}, {""name"": ""Chinese rice wine"", ""label"": ""Chinese rice wine (15ml)"", ""in_box"": 1}, {""name"": ""carrot"", ""label"": ""Carrot"", ""in_box"": 1}, {""name"": ""soy sauce"", ""label"": ""Soy sauce (30ml)"", ""in_box"": 1}]"
2026-10-20,2026-09-02,bbea35ea-0e94-4bde-abaa-c99a2ec79fb3,3188,Oven Baked Creamy Chorizo & Leek Pasta With Salad,False,0.0,338,646,26.7,31.1,14.0,66.1,8.0,5.6,3.05,191,7.9,9.2,4.2,19.6,2.4,1.7,0.9,1,35,full-prep,no spice,Prepped in 5,,4.23,55091,True,"[{""name"": ""crème fraîche"", ""label"": ""Cr√®me fra√Æche (80g)"", ""in_box"": 1}, {""name"": ""grated Italian hard cheese"", ""label"": ""Grated Italian hard cheese (30g)"", ""in_box"": 1}, {""name"": ""intense chicken stock mix"", ""label"": ""Intense chicken stock mix (5.5g)"", ""in_box"": 1}, {""name"": ""leek"", ""label"": ""Leek"", ""in_box"": 1}, {""name"": ""diced chorizo"", ""label"": ""Diced chorizo (100g)"", ""in_box"": 1}, {""name"": ""Chinese rice wine"", ""label"": ""Chinese rice wine (30ml)"", ""in_box"": 1}, {""name"": ""lemon"", ""label"": ""Lemon"", ""in_box"": 1}, {""name"": ""rocket"", ""label"": ""Rocket (20g)"", ""in_box"": 1}, {""name"": ""tortiglioni"", ""label"": ""Tortiglioni (150g)"", ""in_box"": 1}]"
2026-10-20,2026-09-02,49a8e796-f4ea-404c-996d-638349be883c,10873,Oven Baked Creamy Chorizo & Leek Pasta With Salad,False,0.0,,642,26.5,31.0,,65.6,,5.6,3.05,,,,,,,,,1,35,full-prep,no spice,Prepped in 5,,4.39,2504,True,
2026-10-20,2026-09-02,80061ff1-aaec-497f-830c-5f71af200c5a,4919,Oven Baked Duck & Red Wine Ragù With Tortiglioni,True,1.5,300,773,34.5,41.9,14.1,68.8,8.9,5.4,2.12,257,11.5,14.0,4.7,22.9,3.0,1.8,0.71,2,45,full-prep,no spice,Fine Dine In,,4.04,2575,True,"[{""name"": ""grated Italian hard cheese"", ""label"": ""Grated Italian hard cheese (30g)"", ""in_box"": 1}, {""name"": ""tomato"", ""label"": ""Tomato"", ""in_box"": 1}, {""name"": ""intense beef stock mix"", ""label"": ""Intense beef stock mix (5.5g)"", ""in_box"": 1}, {""name"": ""red wine paste"", ""label"": ""Red wine paste (10g)"", ""in_box"": 1}, {""name"": ""tomato paste"", ""label"": ""Tomato paste (32g)"", ""in_box"": 1}, {""name"": ""garlic clove"", ""label"": ""Garlic clove x2"", ""in_box"": 2}, {""name"": ""Dried bay leaf"", ""label"": ""Dried bay leaf"", ""in_box"": 1}, {""name"": ""slow cooked duck legs"", ""label"": ""Slow cooked duck legs (2pcs)"", ""in_box"": 1}, {""name"": ""brown onion"", ""label"": ""Brown onion"", ""in_box"": 1}, {""name"": ""tortiglioni"", ""label"": ""Tortiglioni (150g)"", ""in_box"": 1}]"
2026-10-20,2026-09-02,d7087209-0fcf-48fe-9ceb-108bc1606cdf,7335,Oven Baked Greek Cheese & Butter Bean Orzo,False,0.0,470,564,26.0,18.3,7.9,71.7,14.2,11.3,2.72,119,5.5,3.9,1.7,15.3,3.0,2.4,0.58,4,40,full-prep,mild,Prepped in 5,Vegetarian,4.14,2411,True,"[{""name"": ""dried oregano"", ""label"": ""Dried oregano (1tsp)"", ""in_box"": 1}, {""name"": ""Greek salad cheese"", ""label"": ""Greek salad cheese (100g)"", ""in_box"": 1}, {""name"": ""ground paprika"", ""label"": ""Ground paprika (1tsp)"", ""in_box"": 1}, {""name"": ""tomato paste"", ""label"": ""Tomato paste (32g)"", ""in_box"": 1}, {""name"": ""intense vegetable stock mix"", ""label"": ""Intense vegetable stock mix (5.5g)"", ""in_box"": 1}, {""name"": ""butter beans"", ""label"": ""Butter beans (185g)"", ""in_box"": 1}, {""name"": ""pine nuts"", ""label"": ""Pine nuts (15g)"", ""in_box"": 1}, {""name"": ""roasted garlic paste"", ""label"": ""Roasted garlic paste (15g)"", ""in_box"": 1}, {""name"": ""cherry tomatoes"", ""label"": ""Cherry tomatoes (250g)"", ""in_box"": 1}, {""name"": ""aubergine"", ""label"": ""Aubergine"", ""in_box"": 1}, {""name"": ""orzo"", ""label"": ""Orzo (150g)"", ""in_box"": 1}]"
2026-10-20,2026-09-02,0c717e8e-66bb-4b18-b144-cfb8395c28d2,14287,"Oven Baked Nutty Supermince Keema, Rice & Mango Chutney",False,0.0,,659,16.3,26.4,,89.3,,11.5,2.46,,,,,,,,,5,40,full-prep,spicy,Prepped in 5,Vegan; Vegetarian; Dairy Free; Gluten Free,0,0,True,
2026-10-20,2026-09-02,a7657442-c9bc-449d-9f46-075b2b21106a,4759,Oven-Baked Indonesian-Style Pork & Pepper Rendang With Rice,False,0.0,339,591,33.2,22.9,12.8,66.7,8.9,5.8,1.56,174,9.8,6.7,3.8,19.7,2.6,1.7,0.46,1,60,full-prep,spicy,Prepped in 5,Dairy Free; Gluten Free,4.03,2509,True,"[{""name"": ""sambal oelek"", ""label"": ""Sambal oelek (20g)"", ""in_box"": 1}, {""name"": ""fish sauce"", ""label"": ""Fish sauce (8ml)"", ""in_box"": 1}, {""name"": ""red pepper"", ""label"": ""Red pepper"", ""in_box"": 1}, {""name"": ""white basmati rice"", ""label"": ""White basmati rice (130g)"", ""in_box"": 1}, {""name"": ""solid creamed coconut"", ""label"": ""Solid creamed coconut (25g)"", ""in_box"": 1}, {""name"": ""dried chilli flakes"", ""label"": ""Dried chilli flakes (0.5tsp)"", ""in_box"": 1}, {""name"": ""spring onion"", ""label"": ""Spring onion"", ""in_box"": 1}, {""name"": ""diced pork"", ""label"": ""Diced pork (250g)"", ""in_box"": 1}, {""name"": ""brown onion"", ""label"": ""Brown onion"", ""in_box"": 1}, {""name"": ""ginger & garlic paste"", ""label"": ""Ginger & garlic paste (15g)"", ""in_box"": 1}, {""name"": ""cardamom pod"", ""label"": ""Cardamom pod x3"", ""in_box"": 3}, {""name"": ""cracked black pepper"", ""label"": ""Cracked black pepper (2.5g)"", ""in_box"": 1}]"
2026-10-20,2026-09-02,e0485f67-4607-442a-b922-b553acb8a89b,8885,Pan-Fried Duck Breast With Sweet Potato Mash & Cranberry Gravy,True,3.5,467,619,32.6,29.1,9.0,60.6,25.5,8.8,1.8,132,7.0,6.2,1.9,13.0,5.5,1.9,0.39,3,40,full-prep,no spice,Fine Dine In,,4.59,306,True,"[{""name"": ""Italian hard cheese"", ""label"": ""Italian hard cheese (20g)"", ""in_box"": 1}, {""name"": ""gravy base"", ""label"": ""Gravy base (14g)"", ""in_box"": 1}, {""name"": ""soy sauce"", ""label"": ""Soy sauce (8ml)"", ""in_box"": 1}, {""name"": ""duck breast portions"", ""label"": ""Duck breast portions (2pcs)"", ""in_box"": 1}, {""name"": ""garlic clove"", ""label"": ""Garlic clove x2"", ""in_box"": 2}, {""name"": ""cranberry sauce"", ""label"": ""Cranberry sauce (40g)"", ""in_box"": 1}, {""name"": ""Tenderstem broccoli"", ""label"": ""Tenderstem broccoli (160g)"", ""in_box"": 1}, {""name"": ""sweet potato"", ""label"": ""Sweet potato x2"", ""in_box"": 2}]"
2026-10-20,2026-09-02,52d2112f-b9af-4cd1-8422-74dda540f8f5,17605,Piri Piri Chicken And Spicy Rice,True,0.75,379,455,24.3,12.1,1.5,54.6,13.7,15.9,2.05,119,6.4,3.2,0.4,14.4,3.6,4.2,0.54,2,7,heat-only,mild,Heat & Eat,,0,0,True,"[{""name"": ""piri piri chicken with spicy rice"", ""label"": ""Piri piri chicken with spicy rice (420g) x2"", ""in_box"": 2}]"
2026-10-20,2026-09-02,888d9a60-12d9-4cb6-b54f-1f4709dc36e2,6948,Plum Glazed Roast Duck With Crushed Potatoes,True,2.75,465,643,27.7,37.2,11.0,52.2,17.0,11.7,1.46,138,6.0,8.0,2.4,11.2,3.7,2.5,0.31,2,45,full-prep,no spice,Fine Dine In,Gluten Free; Dairy Free,4.51,3230,True,"[{""name"": ""waxy potatoes"", ""label"": ""Waxy potatoes (350g)"", ""in_box"": 1}, {""name"": ""cornflour"", ""label"": ""Cornflour (1tbsp)"", ""in_box"": 1}, {""name"": ""intense chicken stock mix"", ""label"": ""Intense chicken stock mix (5.5g)"", ""in_box"": 1}, {""name"": ""slow cooked duck legs"", ""label"": ""Slow cooked duck legs (2pcs)"", ""in_box"": 1}, {""name"": ""blanched peas"", ""label"": ""Blanched peas (160g)"", ""in_box"": 1}, {""name"": ""carrot"", ""label"": ""Carrot x2"", ""in_box"": 2}, {""name"": ""spiced plum chutney"", ""label"": ""Spiced plum chutney (20g)"", ""in_box"": 1}]"
2026-10-20,2026-09-02,804e5d57-e1e2-42f7-aa77-cd712ee6cddf,3389,Pomegranate Chicken & Beetroot Tabbouleh,False,0.0,525,519,43.7,4.8,1.8,82.9,23.0,15.0,2.79,98,8.3,0.9,0.3,15.8,4.4,2.9,0.53,2,,full-prep,mild,Modern Bistro,,3.82,4003,True,
2026-10-20,2026-09-02,98a664eb-ba5b-472a-a323-e1defd624726,7326,Pork & Beef Tacos With Charred Pepper & Parsley Salsa,False,0.0,412,714,34.7,34.0,13.3,66.8,12.0,7.4,1.85,173,8.4,8.3,3.2,16.2,2.9,1.8,0.45,3,35,full-prep,no spice,Family Kitchen,Dairy Free,4.3,3314,True,"[{""name"": ""plain tortillas"", ""label"": ""Plain tortillas (6pcs)"", ""in_box"": 1}, {""name"": ""tomato"", ""label"": ""Tomato"", ""in_box"": 1}, {""name"": ""intense beef stock mix"", ""label"": ""Intense beef stock mix (5.5g)"", ""in_box"": 1}, {""name"": ""pork & beef mince"", ""label"": ""Pork & beef mince (250g)"", ""in_box"": 1}, {""name"": ""red pepper"", ""label"": ""Red pepper"", ""in_box"": 1}, {""name"": ""ground coriander"", ""label"": ""Ground coriander (1tsp)"", ""in_box"": 1}, {""name"": ""tomato paste"", ""label"": ""Tomato paste (32g)"", ""in_box"": 1}, {""name"": ""ground cumin"", ""label"": ""Ground cumin (1tsp)"", ""in_box"": 1}, {""name"": ""ground smoked paprika"", ""label"": ""Ground smoked paprika (1tsp)"", ""in_box"": 1}, {""name"": ""garlic clove"", ""label"": ""Garlic clove"", ""in_box"": 1}, {""name"": ""parsley"", ""label"": ""Parsley (5g)"", ""in_box"": 1}, {""name"": ""red wine vinegar"", ""label"": ""Red wine vinegar (15ml)"", ""in_box"": 1}, {""name"": ""red onion"", ""label"": ""Red onion"", ""in_box"": 1}]"
2026-10-20,2026-09-02,8918707b-6a30-486d-a558-b9231acf9cb4,1297,"Pork Belly, Sprout Mash & Red Cabbage",False,0.0,468,623,35.4,31.5,11.2,50.5,20.6,8.0,0.91,133,7.6,6.7,2.4,10.8,4.4,1.7,0.19,2,60,full-prep,no spice,Modern Bistro,Dairy Free; Gluten Free,4.18,1429,True,"[{""name"": ""Brussels sprouts"", ""label"": ""Brussels sprouts (100g)"", ""in_box"": 1}, {""name"": ""pork belly"", ""label"": ""Pork belly (300g)"", ""in_box"": 1}, {""name"": ""beef stock mix"", ""label"": ""Beef stock mix (5.5g)"", ""in_box"": 1}, {""name"": ""sultanas"", ""label"": ""Sultanas (30g)"", ""in_box"": 1}, {""name"": ""shredded red cabbage"", ""label"": ""Shredded red cabbage (150g)"", ""in_box"": 1}, {""name"": ""spiced plum chutney"", ""label"": ""Spiced plum chutney (20g)"", ""in_box"": 1}, {""name"": ""balsamic vinegar"", ""label"": ""Balsamic vinegar (15ml) x2"", ""in_box"": 2}, {""name"": ""white potato"", ""label"": ""White potato x3"", ""in_box"": 3}]"
2026-10-20,2026-09-02,73fa5ab7-3762-4d17-8f5b-7eb91724a831,6376,"Potato, Bacon & Sprouts Raclette-Style Traybake",False,0.0,428,508,26.0,24.4,13.1,49.1,5.3,8.8,2.19,118,6.1,5.7,3.1,11.5,1.2,2.1,0.51,1,45,full-prep,no spice,Modern Bistro,Gluten Free,4.33,726,True,"[{""name"": ""cheddar cheese"", ""label"": ""Cheddar cheese (40g) x2"", ""in_box"": 2}, {""name"": ""Brussels sprouts"", ""label"": ""Brussels sprouts (100g) x2"", ""in_box"": 2}, {""name"": ""cornflour"", ""label"": ""Cornflour (1tbsp)"", ""in_box"": 1}, {""name"": ""bacon lardons"", ""label"": ""Bacon lardons (100g)"", ""in_box"": 1}, {""name"": ""garlic clove"", ""label"": ""Garlic clove x2"", ""in_box"": 2}, {""name"": ""shallot"", ""label"": ""Shallot"", ""in_box"": 1}, {""name"": ""cider vinegar"", ""label"": ""Cider vinegar (15ml)"", ""in_box"": 1}, {""name"": ""rocket"", ""label"": ""Rocket (20g)"", ""in_box"": 1}, {""name"": ""white potato"", ""label"": ""White potato x4"", ""in_box"": 4}]"
2026-10-20,2026-09-02,673b39ed-3899-433f-98ed-1a387334715b,1516,Pulled BBQ Hoisin Chicken Thigh Burger With Chips,False,0.0,494,724,40.4,28.3,5.0,76.7,19.1,7.6,2.25,146,8.2,5.7,1.0,15.5,3.9,1.5,0.45,1,45,full-prep,mild,Takeaway Night,Dairy Free,4.29,4876,True,"[{""name"": ""tomato ketchup"", ""label"": ""Tomato ketchup (30ml)"", ""in_box"": 1}, {""name"": ""skinless chicken thighs"", ""label"": ""Skinless chicken thighs (320g)"", ""in_box"": 1}, {""name"": ""mayonnaise"", ""label"": ""Mayonnaise (25ml)"", ""in_box"": 1}, {""name"": ""brioche style buns"", ""label"": ""Brioche style buns (2pcs)"", ""in_box"": 1}, {""name"": ""hoisin sauce"", ""label"": ""Hoisin sauce (40g)"", ""in_box"": 1}, {""name"": ""tomato paste"", ""label"": ""Tomato paste (16g)"", ""in_box"": 1}, {""name"": ""Henderson's Relish"", ""label"": ""Henderson's Relish (15ml)"", ""in_box"": 1}, {""name"": ""chicken stock mix"", ""label"": ""Chicken stock mix (5.5g)"", ""in_box"": 1}, {""name"": ""cider vinegar"", ""label"": ""Cider vinegar (15ml)"", ""in_box"": 1}, {""name"": ""gem lettuce"", ""label"": ""Gem lettuce"", ""in_box"": 1}, {""name"": ""white potato"", ""label"": ""White potato x3"", ""in_box"": 3}, {""name"": ""Dijon mustard"", ""label"": ""Dijon mustard (5.5g)"", ""in_box"": 1}]"
2026-10-20,2026-09-02,35551b15-c69f-4d56-837b-20dc37279eba,13512,RE:NOURISH Chicken Soup With Pesto Cheese Toastie,True,2.0,668,884,32.0,55.2,14.1,67.7,8.7,8.3,4.32,132,4.8,8.3,2.1,10.1,1.3,1.2,0.65,1,10,full-prep,no spice,Semi-Prepped,,4.33,18,True,"[{""name"": ""cheddar cheese"", ""label"": ""Cheddar cheese (40g) x2"", ""in_box"": 2}, {""name"": ""RENOURISH Recover Classic Roast Chicken Soup 500g"", ""label"": ""RENOURISH Recover Classic Roast Chicken Soup 500g (500g) x2"", ""in_box"": 2}, {""name"": ""mayonnaise"", ""label"": ""Mayonnaise (50ml)"", ""in_box"": 1}, {""name"": ""ciabatta"", ""label"": ""Ciabatta x2"", ""in_box"": 2}, {""name"": ""traditional Italian pesto"", ""label"": ""Traditional Italian pesto (45g)"", ""in_box"": 1}]"
2026-10-20,2026-09-02,e8e68df5-97ba-4bb7-8243-d02ffef5b30a,13509,RE:NOURISH Tomato & Basil Soup W. Mozzarella & Pesto Toastie,True,2.0,662,599,22.1,30.1,11.2,56.0,13.4,8.2,3.19,90,3.3,4.5,1.7,8.4,2.0,1.2,0.48,3,10,full-prep,no spice,Semi-Prepped,Vegetarian,4.02,55,True,"[{""name"": ""ciabatta"", ""label"": ""Ciabatta x2"", ""in_box"": 2}, {""name"": ""RE:NOURISH Calm Tomato & Basil Soup"", ""label"": ""RE:NOURISH Calm Tomato & Basil Soup (500g) x2"", ""in_box"": 2}, {""name"": ""parsley and tarragon pesto"", ""label"": ""Parsley and tarragon pesto (40g)"", ""in_box"": 1}, {""name"": ""mozzarella"", ""label"": ""Mozzarella (125g)"", ""in_box"": 1}]"
2026-10-20,2026-09-02,d4c4435c-e913-4b39-9037-545e33259648,15548,Ready-To-Heat Chicken & Leek Pie With Mash And Peas,True,2.5,480,732,29.4,27.4,12.5,92.0,8.7,11.6,1.81,152,6.1,5.7,2.6,19.2,1.8,2.4,0.38,1,30,full-prep,no spice,Semi-Prepped,,4.47,70,True,"[{""name"": ""Higgidy Creamy Chicken & Sautéed Leek Pie with white wine"", ""label"": ""Higgidy Creamy Chicken & Saut√©ed Leek Pie with white wine (200g) x2"", ""in_box"": 2}, {""name"": ""blanched peas"", ""label"": ""Blanched peas (160g)"", ""in_box"": 1}, {""name"": ""white potato"", ""label"": ""White potato x4"", ""in_box"": 4}]"
2026-10-20,2026-09-02,f551bf47-f92d-4fee-aedd-77037a15c319,15551,Ready-To-Heat Greek Feta & Spinach Pie With Garlic Butter Potatoes,True,2.5,462,617,23.1,28.4,14.7,70.9,8.0,9.9,1.87,133,5.0,6.1,3.2,15.3,1.7,2.1,0.4,1,25,full-prep,no spice,Semi-Prepped,Vegetarian,4.65,26,True,"[{""name"": ""Higgidy spinach feta & pine nut pie"", ""label"": ""Higgidy spinach feta & pine nut pie (200g) x2"", ""in_box"": 2}, {""name"": ""waxy potatoes"", ""label"": ""Waxy potatoes (350g)"", ""in_box"": 1}, {""name"": ""roasted garlic paste"", ""label"": ""Roasted garlic paste (15g)"", ""in_box"": 1}, {""name"": ""Tenderstem broccoli"", ""label"": ""Tenderstem broccoli (160g)"", ""in_box"": 1}]"
2026-10-20,2026-09-02,d7981c51-47bb-4689-829a-56940bab64a3,15544,"Ready-To-Heat Steak & Ale Pie With Cheddar Mash, Gravy & Peas",True,2.5,507,768,36.8,26.2,15.2,96.5,9.2,12.1,2.64,151,7.3,5.2,3.0,19.0,1.8,2.4,0.52,1,30,full-prep,no spice,Semi-Prepped,,4.5,105,True,"[{""name"": ""cheddar cheese"", ""label"": ""Cheddar cheese (40g)"", ""in_box"": 1}, {""name"": ""Higgidy slow-braised steak & craft ale pie with carrots"", ""label"": ""Higgidy slow-braised steak & craft ale pie with carrots (200g) x2"", ""in_box"": 2}, {""name"": ""gravy base"", ""label"": ""Gravy base (14g)"", ""in_box"": 1}, {""name"": ""blanched peas"", ""label"": ""Blanched peas (160g)"", ""in_box"": 1}, {""name"": ""white potato"", ""label"": ""White potato x4"", ""in_box"": 4}]"
2026-10-20,2026-09-02,2dce6aa5-5427-4a14-9780-687f7964faa7,8187,Rump Steak With Crispy Cheesy Potatoes And Red Wine Jus,True,3.0,,464,39.7,18.7,,36.4,,5.9,1.32,,,,,,,,,1,65,full-prep,no spice,Fine Dine In,Gluten Free,4.38,790,True,
2026-10-20,2026-09-02,cb22a76a-76ce-45d6-817c-5853ec46e014,1283,Sea Bass With Lemon And Paprika Risotto,True,2.25,320,585,36.5,18.7,7.0,67.4,4.5,4.3,1.89,182,11.4,5.8,2.2,21.0,1.4,1.3,0.59,1,45,full-prep,no spice,Fine Dine In,Gluten Free,4.43,1992,True,"[{""name"": ""cheddar cheese"", ""label"": ""Cheddar cheese (40g)"", ""in_box"": 1}, {""name"": ""ground paprika"", ""label"": ""Ground paprika (2tsp)"", ""in_box"": 1}, {""name"": ""sea bass fillets"", ""label"": ""Sea bass fillets (2pcs)"", ""in_box"": 1}, {""name"": ""intense vegetable stock mix"", ""label"": ""Intense vegetable stock mix (5.5g)"", ""in_box"": 1}, {""name"": ""garlic clove"", ""label"": ""Garlic clove"", ""in_box"": 1}, {""name"": ""baby leaf salad"", ""label"": ""Baby leaf salad (50g)"", ""in_box"": 1}, {""name"": ""brown onion"", ""label"": ""Brown onion"", ""in_box"": 1}, {""name"": ""lemon"", ""label"": ""Lemon"", ""in_box"": 1}, {""name"": ""arborio rice"", ""label"": ""Arborio rice (160g)"", ""in_box"": 1}, {""name"": ""white wine vinegar"", ""label"": ""White wine vinegar (15ml)"", ""in_box"": 1}]"
2026-10-20,2026-09-02,d371ab28-1be0-4014-999b-e99569ce4432,4454,Seeded Chicken & Sweet Potato Salad,False,0.0,468,481,35.2,11.1,2.4,61.7,27.0,8.7,0.39,102,7.5,2.4,0.5,13.2,5.8,1.9,0.08,4,45,full-prep,no spice,Modern Bistro,Dairy Free; Gluten Free,4.11,857,True,"[{""name"": ""pumpkin seeds"", ""label"": ""Pumpkin seeds (30g)"", ""in_box"": 1}, {""name"": ""chicken breast portions"", ""label"": ""Chicken breast portions (2pcs)"", ""in_box"": 1}, {""name"": ""baby leaf salad"", ""label"": ""Baby leaf salad (50g)"", ""in_box"": 1}, {""name"": ""sultanas"", ""label"": ""Sultanas (30g)"", ""in_box"": 1}, {""name"": ""white wine vinegar"", ""label"": ""White wine vinegar (15ml)"", ""in_box"": 1}, {""name"": ""red onion"", ""label"": ""Red onion x2"", ""in_box"": 2}, {""name"": ""sweet potato"", ""label"": ""Sweet potato x2"", ""in_box"": 2}]"
2026-10-20,2026-09-02,e29035ca-7a2a-495c-99aa-f53ff6262965,8282,Sesame Chicken Schnitzel With Crispy Chilli Butter And Fries,False,0.0,416,390,35.6,7.3,1.5,47.7,3.9,4.7,0.78,93,8.6,1.7,0.4,11.5,0.9,1.1,0.19,1,40,full-prep,spicy,Takeaway Night,Dairy Free,4.3,382,True,"[{""name"": ""dried chilli flakes"", ""label"": ""Dried chilli flakes (0.5tsp)"", ""in_box"": 1}, {""name"": ""spring onion"", ""label"": ""Spring onion"", ""in_box"": 1}, {""name"": ""soy sauce"", ""label"": ""Soy sauce (8ml)"", ""in_box"": 1}, {""name"": ""chicken breast portions"", ""label"": ""Chicken breast portions (2pcs)"", ""in_box"": 1}, {""name"": ""ground paprika"", ""label"": ""Ground paprika (1tsp)"", ""in_box"": 1}, {""name"": ""panko breadcrumbs"", ""label"": ""Panko breadcrumbs (40g)"", ""in_box"": 1}, {""name"": ""garlic clove"", ""label"": ""Garlic clove"", ""in_box"": 1}, {""name"": ""toasted sesame seeds"", ""label"": ""Toasted sesame seeds (5g)"", ""in_box"": 1}, {""name"": ""shallot"", ""label"": ""Shallot"", ""in_box"": 1}, {""name"": ""cucumber"", ""label"": ""Cucumber (0.5pcs)"", ""in_box"": 1}, {""name"": ""rice vinegar"", ""label"": ""Rice vinegar (15ml)"", ""in_box"": 1}, {""name"": ""black sesame seeds"", ""label"": ""Black sesame seeds (5g)"", ""in_box"": 1}, {""name"": ""white potato"", ""label"": ""White potato x3"", ""in_box"": 3}]"
2026-10-20,2026-09-02,e0d6c2c3-6009-458b-9608-dab9a6b46798,2873,Sesame Pork & Egg Fried Rice,False,0.0,466,626,37.3,25.9,6.7,61.9,14.8,7.9,2.65,134,8.0,5.6,1.4,13.3,3.2,1.7,0.57,1,10,full-prep,mild,10-Minute,Dairy Free,4.4,26237,True,"[{""name"": ""cooked white long grain rice"", ""label"": ""Cooked white long grain rice (280g)"", ""in_box"": 1}, {""name"": ""free range egg"", ""label"": ""Free range egg"", ""in_box"": 1}, {""name"": ""spring onion"", ""label"": ""Spring onion"", ""in_box"": 1}, {""name"": ""soy sauce"", ""label"": ""Soy sauce (8ml)"", ""in_box"": 1}, {""name"": ""sriracha hot chilli sauce"", ""label"": ""Sriracha hot chilli sauce (8ml) x2"", ""in_box"": 2}, {""name"": ""pork mince"", ""label"": ""Pork mince (250g)"", ""in_box"": 1}, {""name"": ""toasted sesame seeds"", ""label"": ""Toasted sesame seeds (5g)"", ""in_box"": 1}, {""name"": ""toasted sesame oil"", ""label"": ""Toasted sesame oil (10ml)"", ""in_box"": 1}, {""name"": ""blanched peas"", ""label"": ""Blanched peas (160g)"", ""in_box"": 1}, {""name"": ""ginger & garlic paste"", ""label"": ""Ginger & garlic paste (15g)"", ""in_box"": 1}, {""name"": ""ketjap manis"", ""label"": ""Ketjap manis (20g)"", ""in_box"": 1}, {""name"": ""carrot"", ""label"": ""Carrot"", ""in_box"": 1}]"
2026-10-20,2026-09-02,c0182b06-f0cf-4c81-bf89-c03fa4ce4ef1,16714,Singapore Noodles With Char Siu Pork & Prawns,True,0.75,392,412,22.0,11.0,2.0,52.6,9.0,7.1,2.63,104,5.6,2.8,0.5,13.4,2.3,1.8,0.67,2,7,heat-only,mild,Heat & Eat,,3.8,419,True,"[{""name"": ""singapore noodles with char siu pork and prawns"", ""label"": ""Singapore noodles with char siu pork and prawns (420g) x2"", ""in_box"": 2}]"
2026-10-20,2026-09-02,aa4ec37b-d7ec-4b9d-b1c7-2291b0ed1138,13224,Slow Cooked Beef Brisket Au Poivre W. Sweet Potato Mash & Green Beans,True,4.75,540,735,38.2,41.1,19.7,53.3,17.1,9.2,2.56,136,7.1,7.6,3.7,9.9,3.2,1.7,0.47,3,40,full-prep,mild,Fine Dine In,,0,0,True,"[{""name"": ""intense beef stock mix"", ""label"": ""Intense beef stock mix (5.5g)"", ""in_box"": 1}, {""name"": ""Cornish clotted cream"", ""label"": ""Cornish clotted cream (40g)"", ""in_box"": 1}, {""name"": ""slow cooked beef brisket"", ""label"": ""Slow cooked beef brisket (350g)"", ""in_box"": 1}, {""name"": ""garlic clove"", ""label"": ""Garlic clove x2"", ""in_box"": 2}, {""name"": ""Chinese rice wine"", ""label"": ""Chinese rice wine (30ml)"", ""in_box"": 1}, {""name"": ""brown onion"", ""label"": ""Brown onion"", ""in_box"": 1}, {""name"": ""fine green beans"", ""label"": ""Fine green beans (160g)"", ""in_box"": 1}, {""name"": ""cracked black pepper"", ""label"": ""Cracked black pepper (2.5g)"", ""in_box"": 1}, {""name"": ""sweet potato"", ""label"": ""Sweet potato x2"", ""in_box"": 2}]"
2026-10-20,2026-09-02,e0cbcab5-bf29-422b-9759-f00f1d71ff0b,13986,Slow Cooked Beef Brisket Au Poivre With Mash & Green Beans,True,4.5,490,684,38.6,40.6,19.6,40.1,7.0,7.4,2.36,139,7.9,8.3,4.0,8.2,1.4,1.5,0.48,1,40,full-prep,mild,Fine Dine In,,4.64,117,True,"[{""name"": ""intense beef stock mix"", ""label"": ""Intense beef stock mix (5.5g)"", ""in_box"": 1}, {""name"": ""Cornish clotted cream"", ""label"": ""Cornish clotted cream (40g)"", ""in_box"": 1}, {""name"": ""slow cooked beef brisket"", ""label"": ""Slow cooked beef brisket (350g)"", ""in_box"": 1}, {""name"": ""garlic clove"", ""label"": ""Garlic clove x2"", ""in_box"": 2}, {""name"": ""Chinese rice wine"", ""label"": ""Chinese rice wine (30ml)"", ""in_box"": 1}, {""name"": ""brown onion"", ""label"": ""Brown onion"", ""in_box"": 1}, {""name"": ""fine green beans"", ""label"": ""Fine green beans (160g)"", ""in_box"": 1}, {""name"": ""white potato"", ""label"": ""White potato x3"", ""in_box"": 3}, {""name"": ""cracked black pepper"", ""label"": ""Cracked black pepper (2.5g)"", ""in_box"": 1}]"
2026-10-20,2026-09-02,6afa1808-9375-4598-b064-1a15519b902c,13536,"Slow Cooker Diced Pork, Stout & Mushroom Stew",False,0.0,476,409,32.3,13.2,4.7,42.4,11.2,7.5,2.1,85,6.8,2.8,1.0,8.9,2.4,1.6,0.44,3,245,full-prep,no spice,Slow Cooker,Dairy Free,4.4,180,True,"[{""name"": ""diced pork"", ""label"": ""Diced pork (250g)"", ""in_box"": 1}, {""name"": ""tomato paste"", ""label"": ""Tomato paste (32g)"", ""in_box"": 1}, {""name"": ""intense chicken stock mix"", ""label"": ""Intense chicken stock mix (5.5g)"", ""in_box"": 1}, {""name"": ""garlic clove"", ""label"": ""Garlic clove x2"", ""in_box"": 2}, {""name"": ""brown onion"", ""label"": ""Brown onion"", ""in_box"": 1}, {""name"": ""stout paste"", ""label"": ""Stout paste (15g)"", ""in_box"": 1}, {""name"": ""carrot"", ""label"": ""Carrot"", ""in_box"": 1}, {""name"": ""white cup mushrooms"", ""label"": ""White cup mushrooms (160g)"", ""in_box"": 1}, {""name"": ""white potato"", ""label"": ""White potato x3"", ""in_box"": 3}]"
2026-10-20,2026-09-02,0f454a71-bb6c-4b5c-8254-624aec9c5c0c,2157,Smoked Basa & Corn Chowder With Crusty Ciabatta,False,0.0,331,491,29.1,17.6,9.5,53.3,8.8,4.6,2.85,148,8.8,5.3,2.9,16.1,2.6,1.4,0.86,1,10,full-prep,no spice,10-Minute,,4.29,14884,True,"[{""name"": ""spring onion"", ""label"": ""Spring onion x2"", ""in_box"": 2}, {""name"": ""Sweetcorn"", ""label"": ""Sweetcorn (150g)"", ""in_box"": 1}, {""name"": ""ciabatta"", ""label"": ""Ciabatta x2"", ""in_box"": 2}, {""name"": ""Dried bay leaf"", ""label"": ""Dried bay leaf x2"", ""in_box"": 2}, {""name"": ""smoked basa fillets"", ""label"": ""Smoked basa fillets (2pcs)"", ""in_box"": 1}, {""name"": ""vegetable stock mix"", ""label"": ""Vegetable stock mix (5.5g)"", ""in_box"": 1}, {""name"": ""soft cheese"", ""label"": ""Soft cheese (50g) x2"", ""in_box"": 2}, {""name"": ""Chinese rice wine"", ""label"": ""Chinese rice wine (15ml)"", ""in_box"": 1}, {""name"": ""dill"", ""label"": ""Dill (5g)"", ""in_box"": 1}, {""name"": ""chives"", ""label"": ""Chives (5g)"", ""in_box"": 1}]"
2026-10-20,2026-09-02,00c51ee2-e605-421a-87c0-03a52e4127e3,2762,Smoked Basa & Spinach Pilau Rice,False,0.0,347,336,23.2,6.8,1.6,45.6,2.8,2.2,2.21,96,6.7,2.0,0.5,13.1,0.8,0.6,0.64,1,10,full-prep,mild,10-Minute,Dairy Free; Gluten Free,4.19,34549,True,"[{""name"": ""cooked white long grain rice"", ""label"": ""Cooked white long grain rice (280g)"", ""in_box"": 1}, {""name"": ""dried chilli flakes"", ""label"": ""Dried chilli flakes (0.5tsp)"", ""in_box"": 1}, {""name"": ""ground turmeric"", ""label"": ""Ground turmeric (1tsp)"", ""in_box"": 1}, {""name"": ""spring onion"", ""label"": ""Spring onion"", ""in_box"": 1}, {""name"": ""lemon"", ""label"": ""Lemon"", ""in_box"": 1}, {""name"": ""smoked basa fillets"", ""label"": ""Smoked basa fillets (2pcs)"", ""in_box"": 1}, {""name"": ""vegetable stock mix"", ""label"": ""Vegetable stock mix (5.5g)"", ""in_box"": 1}, {""name"": ""ginger & garlic paste"", ""label"": ""Ginger & garlic paste (15g)"", ""in_box"": 1}, {""name"": ""spinach"", ""label"": ""Spinach (80g)"", ""in_box"": 1}]"
2026-10-20,2026-09-02,17194d91-9a82-4ffd-afbd-f68a87619a85,1582,Smoked Basa With Warm Green Bean & Potato Salad,False,0.0,438,422,23.0,23.2,2.6,33.0,5.8,6.0,1.55,96,5.3,5.3,0.6,7.5,1.3,1.4,0.35,1,25,full-prep,no spice,20 minute meals,Gluten Free; Dairy Free,4.4,23105,True,"[{""name"": ""waxy potatoes"", ""label"": ""Waxy potatoes (350g)"", ""in_box"": 1}, {""name"": ""spring onion"", ""label"": ""Spring onion"", ""in_box"": 1}, {""name"": ""mayonnaise"", ""label"": ""Mayonnaise (50ml)"", ""in_box"": 1}, {""name"": ""parsley"", ""label"": ""Parsley (5g)"", ""in_box"": 1}, {""name"": ""lemon"", ""label"": ""Lemon"", ""in_box"": 1}, {""name"": ""smoked basa fillets"", ""label"": ""Smoked basa fillets (2pcs)"", ""in_box"": 1}, {""name"": ""fine green beans"", ""label"": ""Fine green beans (160g)"", ""in_box"": 1}]"
2026-10-20,2026-09-02,a3a6fe40-191a-4667-a907-020d905833b9,1393,Smoky Basa Stew With Lemon And Crusty Ciabatta,False,0.0,366,403,28.9,11.1,5.4,46.9,6.3,5.0,2.79,110,7.9,3.0,1.5,12.8,1.7,1.4,0.76,1,25,full-prep,no spice,20 minute meals,,4.01,13201,True,"[{""name"": ""shredded kale"", ""label"": ""Shredded kale (120g)"", ""in_box"": 1}, {""name"": ""ciabatta"", ""label"": ""Ciabatta x2"", ""in_box"": 2}, {""name"": ""garlic clove"", ""label"": ""Garlic clove x2"", ""in_box"": 2}, {""name"": ""brown onion"", ""label"": ""Brown onion"", ""in_box"": 1}, {""name"": ""lemon"", ""label"": ""Lemon"", ""in_box"": 1}, {""name"": ""smoked basa fillets"", ""label"": ""Smoked basa fillets (2pcs)"", ""in_box"": 1}, {""name"": ""vegetable stock mix"", ""label"": ""Vegetable stock mix (5.5g)"", ""in_box"": 1}, {""name"": ""soft cheese"", ""label"": ""Soft cheese (50g)"", ""in_box"": 1}, {""name"": ""dill"", ""label"": ""Dill (5g)"", ""in_box"": 1}]"
2026-10-20,2026-09-02,7b187e5f-5f0b-4c22-b628-5db164b2e05c,4315,"Smoky Basa, Pineapple & Red Onion Tacos",False,0.0,446,705,30.8,29.2,5.3,78.4,23.5,5.5,2.05,157,6.9,6.5,1.2,17.6,5.3,1.2,0.46,2,30,full-prep,spicy,Takeaway Night,Dairy Free,4.46,1425,True,"[{""name"": ""pineapple slices"", ""label"": ""Pineapple slices (220g)"", ""in_box"": 1}, {""name"": ""basa fillets"", ""label"": ""Basa fillets (2pcs)"", ""in_box"": 1}, {""name"": ""cayenne pepper"", ""label"": ""Cayenne pepper (0.5tsp)"", ""in_box"": 1}, {""name"": ""mayonnaise"", ""label"": ""Mayonnaise (50ml)"", ""in_box"": 1}, {""name"": ""dried chilli flakes"", ""label"": ""Dried chilli flakes (1tsp)"", ""in_box"": 1}, {""name"": ""ground smoked paprika"", ""label"": ""Ground smoked paprika (2tsp)"", ""in_box"": 1}, {""name"": ""plain tortillas"", ""label"": ""Plain tortillas (6pcs)"", ""in_box"": 1}, {""name"": ""garlic clove"", ""label"": ""Garlic clove x2"", ""in_box"": 2}, {""name"": ""coriander"", ""label"": ""Coriander (5g)"", ""in_box"": 1}, {""name"": ""soy sauce"", ""label"": ""Soy sauce (15ml)"", ""in_box"": 1}, {""name"": ""gem lettuce"", ""label"": ""Gem lettuce"", ""in_box"": 1}, {""name"": ""red wine vinegar"", ""label"": ""Red wine vinegar (15ml)"", ""in_box"": 1}, {""name"": ""red onion"", ""label"": ""Red onion"", ""in_box"": 1}]"
2026-10-20,2026-09-02,61186cde-837b-4812-92a5-a90cb74fd456,15736,"Smoky Cheddar ""Mummy"" Sausage Rolls With Garlicky Wedges & Salad",False,0.0,,872,25.9,51.4,,79.0,,7.4,2.47,,,,,,,,,1,40,full-prep,no spice,Family Kitchen,,0,0,True,
2026-10-20,2026-09-02,66c03a5f-0203-4c36-a402-5dc9fd80e4fb,4302,Smoky Chipotle Fishcakes With Chilli Corn And Zingy Lime Mayo,False,0.0,552,480,27.0,14.6,2.2,64.1,15.0,8.0,1.58,87,4.9,2.6,0.4,11.6,2.7,1.5,0.29,2,50,full-prep,spicy,Global Kitchen,Dairy Free,4.29,19973,True,"[{""name"": ""tomato"", ""label"": ""Tomato x2"", ""in_box"": 2}, {""name"": ""dried chilli flakes"", ""label"": ""Dried chilli flakes (0.5tsp)"", ""in_box"": 1}, {""name"": ""ground smoked paprika"", ""label"": ""Ground smoked paprika (1tsp)"", ""in_box"": 1}, {""name"": ""Sweetcorn"", ""label"": ""Sweetcorn (150g)"", ""in_box"": 1}, {""name"": ""mayonnaise"", ""label"": ""Mayonnaise (25ml)"", ""in_box"": 1}, {""name"": ""panko breadcrumbs"", ""label"": ""Panko breadcrumbs (40g)"", ""in_box"": 1}, {""name"": ""chipotle paste"", ""label"": ""Chipotle paste (20g)"", ""in_box"": 1}, {""name"": ""smoked basa fillets"", ""label"": ""Smoked basa fillets (2pcs)"", ""in_box"": 1}, {""name"": ""coriander"", ""label"": ""Coriander (5g)"", ""in_box"": 1}, {""name"": ""lime"", ""label"": ""Lime"", ""in_box"": 1}, {""name"": ""red onion"", ""label"": ""Red onion"", ""in_box"": 1}, {""name"": ""white potato"", ""label"": ""White potato x3"", ""in_box"": 3}]"
2026-10-20,2026-09-02,c0f2363c-516b-45bc-b2be-cdd54c5b04ae,3342,Smoky Chorizo Tortilla Stack With Salad,False,0.0,426,788,29.4,42.7,14.4,69.4,10.7,9.2,2.85,184,6.9,10.0,3.4,16.3,2.5,2.2,0.67,3,15,full-prep,mild,10-Minute,,3.92,10709,True,"[{""name"": ""plain tortillas"", ""label"": ""Plain tortillas (6pcs)"", ""in_box"": 1}, {""name"": ""cheddar cheese"", ""label"": ""Cheddar cheese (40g)"", ""in_box"": 1}, {""name"": ""finely chopped tomatoes"", ""label"": ""Finely chopped tomatoes (200g)"", ""in_box"": 1}, {""name"": ""cannellini beans"", ""label"": ""Cannellini beans (185g)"", ""in_box"": 1}, {""name"": ""ground smoked paprika"", ""label"": ""Ground smoked paprika (2tsp)"", ""in_box"": 1}, {""name"": ""mayonnaise"", ""label"": ""Mayonnaise (25ml)"", ""in_box"": 1}, {""name"": ""diced chorizo"", ""label"": ""Diced chorizo (100g)"", ""in_box"": 1}, {""name"": ""sweet pointed pepper"", ""label"": ""Sweet pointed pepper"", ""in_box"": 1}, {""name"": ""rocket"", ""label"": ""Rocket (50g)"", ""in_box"": 1}, {""name"": ""white wine vinegar"", ""label"": ""White wine vinegar (15ml)"", ""in_box"": 1}]"
2026-10-20,2026-09-02,ef8fd987-6fc4-45a6-93d8-8aaf44c4c125,2867,Smoky Mexican-Style Breakfast Bowl,False,0.0,575,570,24.8,26.0,6.0,54.9,11.8,18.8,1.52,99,4.3,4.5,1.0,9.6,2.0,3.3,0.27,4,10,full-prep,mild,10-Minute,Vegetarian; Dairy Free,4.25,3692,True,"[{""name"": ""wholemeal pittas"", ""label"": ""Wholemeal pittas (2pcs)"", ""in_box"": 1}, {""name"": ""black beans"", ""label"": ""Black beans (380g)"", ""in_box"": 1}, {""name"": ""free range egg"", ""label"": ""Free range egg x2"", ""in_box"": 2}, {""name"": ""finely chopped tomatoes"", ""label"": ""Finely chopped tomatoes (200g)"", ""in_box"": 1}, {""name"": ""ground smoked paprika"", ""label"": ""Ground smoked paprika (2tsp)"", ""in_box"": 1}, {""name"": ""avocado"", ""label"": ""Avocado"", ""in_box"": 1}, {""name"": ""roasted garlic paste"", ""label"": ""Roasted garlic paste (15g)"", ""in_box"": 1}, {""name"": ""vegetable stock mix"", ""label"": ""Vegetable stock mix (5.5g)"", ""in_box"": 1}, {""name"": ""chives"", ""label"": ""Chives (5g)"", ""in_box"": 1}, {""name"": ""cherry tomatoes"", ""label"": ""Cherry tomatoes (250g)"", ""in_box"": 1}]"
2026-10-20,2026-09-02,9ee1e12a-f383-462d-904b-426a86bb95aa,13113,Smoky Mushrooms With Brothy Miso Butter Rice,False,0.0,358,401,10.9,11.5,2.9,69.0,6.8,4.4,2.49,112,3.0,3.2,0.8,19.3,1.9,1.2,0.7,2,25,full-prep,no spice,20 minute meals,Vegan; Vegetarian; Dairy Free,4.46,1085,True,"[{""name"": ""white miso paste"", ""label"": ""White miso paste (30g)"", ""in_box"": 1}, {""name"": ""white basmati rice"", ""label"": ""White basmati rice (130g)"", ""in_box"": 1}, {""name"": ""ground paprika"", ""label"": ""Ground paprika (2tsp)"", ""in_box"": 1}, {""name"": ""spring onion"", ""label"": ""Spring onion x2"", ""in_box"": 2}, {""name"": ""pho broth paste"", ""label"": ""Pho broth paste (25g)"", ""in_box"": 1}, {""name"": ""garlic clove"", ""label"": ""Garlic clove"", ""in_box"": 1}, {""name"": ""flat white mushrooms"", ""label"": ""Flat white mushrooms (150g) x2"", ""in_box"": 2}, {""name"": ""toasted sesame seeds"", ""label"": ""Toasted sesame seeds (5g)"", ""in_box"": 1}, {""name"": ""toasted sesame oil"", ""label"": ""Toasted sesame oil (10ml)"", ""in_box"": 1}, {""name"": ""brown onion"", ""label"": ""Brown onion"", ""in_box"": 1}, {""name"": ""crispy onions"", ""label"": ""Crispy onions (15g)"", ""in_box"": 1}, {""name"": ""coriander"", ""label"": ""Coriander (5g)"", ""in_box"": 1}, {""name"": ""lime"", ""label"": ""Lime"", ""in_box"": 1}]"
2026-10-20,2026-09-02,1210bb36-46aa-44f6-877c-98a19b8ac19d,13964,"Southern Fried Chicken Thigh With Creamy Slaw, Chips & Gravy",False,0.0,429,620,35.3,36.2,5.6,40.8,7.2,6.8,1.14,144,8.2,8.4,1.3,9.5,1.7,1.6,0.27,1,35,full-prep,spicy,Classic Fakeaways,Dairy Free; Gluten Free,4.33,1042,True,"[{""name"": ""carrot & cabbage slaw mix"", ""label"": ""Carrot & cabbage slaw mix (160g)"", ""in_box"": 1}, {""name"": ""gravy base"", ""label"": ""Gravy base (14g)"", ""in_box"": 1}, {""name"": ""skinless chicken thighs"", ""label"": ""Skinless chicken thighs (320g)"", ""in_box"": 1}, {""name"": ""mayonnaise"", ""label"": ""Mayonnaise (50ml)"", ""in_box"": 1}, {""name"": ""southern fried seasoning"", ""label"": ""Southern fried seasoning (1tbsp)"", ""in_box"": 1}, {""name"": ""garlic clove"", ""label"": ""Garlic clove"", ""in_box"": 1}, {""name"": ""white potato"", ""label"": ""White potato x3"", ""in_box"": 3}]"
2026-10-20,2026-09-02,63c11a5f-2c80-489d-a183-749d09dd290a,6265,Spanish-Style Pork Meatballs With Tomato & Bean Stew,False,0.0,485,514,37.7,14.3,4.9,57.2,10.7,9.9,2.0,105,7.8,3.0,1.0,11.8,2.2,2.0,0.41,3,35,full-prep,no spice,Family Kitchen,Dairy Free,4.28,11511,True,"[{""name"": ""intense chicken stock mix"", ""label"": ""Intense chicken stock mix (5.5g)"", ""in_box"": 1}, {""name"": ""red pepper"", ""label"": ""Red pepper"", ""in_box"": 1}, {""name"": ""finely chopped tomatoes"", ""label"": ""Finely chopped tomatoes (200g)"", ""in_box"": 1}, {""name"": ""ground smoked paprika"", ""label"": ""Ground smoked paprika (1tsp)"", ""in_box"": 1}, {""name"": ""cannellini beans"", ""label"": ""Cannellini beans (185g)"", ""in_box"": 1}, {""name"": ""pork mince"", ""label"": ""Pork mince (250g)"", ""in_box"": 1}, {""name"": ""ciabatta"", ""label"": ""Ciabatta x2"", ""in_box"": 2}, {""name"": ""dried thyme"", ""label"": ""Dried thyme (0.5tsp)"", ""in_box"": 1}, {""name"": ""garlic clove"", ""label"": ""Garlic clove x2"", ""in_box"": 2}, {""name"": ""parsley"", ""label"": ""Parsley (5g)"", ""in_box"": 1}, {""name"": ""red onion"", ""label"": ""Red onion"", ""in_box"": 1}]"
2026-10-20,2026-09-02,7dff2cd7-0473-4da0-bd40-c3e8db81f94e,5331,Speedy Sweet & Sour Chicken,False,0.0,384,408,33.3,7.7,1.5,49.4,6.0,2.9,3.02,106,8.7,2.0,0.4,12.9,1.6,0.8,0.79,1,10,full-prep,no spice,10-Minute,Dairy Free,4.03,1272,True,"[{""name"": ""cornflour"", ""label"": ""Cornflour (1tsp)"", ""in_box"": 1}, {""name"": ""cooked white long grain rice"", ""label"": ""Cooked white long grain rice (280g)"", ""in_box"": 1}, {""name"": ""red pepper"", ""label"": ""Red pepper"", ""in_box"": 1}, {""name"": ""spring onion"", ""label"": ""Spring onion"", ""in_box"": 1}, {""name"": ""diced chicken breast"", ""label"": ""Diced chicken breast (250g)"", ""in_box"": 1}, {""name"": ""tomato ketchup"", ""label"": ""Tomato ketchup (15ml)"", ""in_box"": 1}, {""name"": ""ginger & garlic paste"", ""label"": ""Ginger & garlic paste (15g)"", ""in_box"": 1}, {""name"": ""Chinese rice wine"", ""label"": ""Chinese rice wine (15ml)"", ""in_box"": 1}, {""name"": ""rice vinegar"", ""label"": ""Rice vinegar (15ml)"", ""in_box"": 1}, {""name"": ""soy sauce"", ""label"": ""Soy sauce (30ml)"", ""in_box"": 1}]"
2026-10-20,2026-09-02,2f2b4008-ee6d-4f72-b529-a2fcd30c7d81,15662,Spice Bag-Style Chicken Stir-Fry With Rice and Curry Sauce,False,0.0,383,543,31.9,14.7,9.7,73.4,12.6,7.7,1.62,141,8.3,3.8,2.5,19.1,3.3,2.0,0.42,2,25,full-prep,spicy,Protein Hit,Dairy Free,0,0,True,"[{""name"": ""cornflour"", ""label"": ""Cornflour (1tsp)"", ""in_box"": 1}, {""name"": ""white long grain rice"", ""label"": ""White long grain rice (130g)"", ""in_box"": 1}, {""name"": ""red pepper"", ""label"": ""Red pepper"", ""in_box"": 1}, {""name"": ""solid creamed coconut"", ""label"": ""Solid creamed coconut (25g)"", ""in_box"": 1}, {""name"": ""seasoned chicken mince"", ""label"": ""Seasoned chicken mince (250g)"", ""in_box"": 1}, {""name"": ""salt & chilli pepper seasoning"", ""label"": ""Salt & chilli pepper seasoning (8g)"", ""in_box"": 1}, {""name"": ""spring onion"", ""label"": ""Spring onion"", ""in_box"": 1}, {""name"": ""soy sauce"", ""label"": ""Soy sauce (8ml)"", ""in_box"": 1}, {""name"": ""curry powder"", ""label"": ""Curry powder (0.5tbsp)"", ""in_box"": 1}, {""name"": ""brown onion"", ""label"": ""Brown onion"", ""in_box"": 1}, {""name"": ""ginger & garlic paste"", ""label"": ""Ginger & garlic paste (15g)"", ""in_box"": 1}, {""name"": ""carrot"", ""label"": ""Carrot"", ""in_box"": 1}]"
2026-10-20,2026-09-02,909172cc-9ac1-44fb-af9e-a3cf969f56ee,10751,Spiced Butternut Squash & Pepper Stew With Wholemeal Crispy Tortillas,False,0.0,662,635,22.7,18.1,8.8,90.2,20.8,22.5,2.84,95,3.4,2.7,1.3,13.6,3.1,3.4,0.43,5,40,full-prep,mild,Prepped in 5,Vegetarian,4.12,42,True,"[{""name"": ""crème fraîche"", ""label"": ""Crème fraîche (80g)"", ""in_box"": 1}, {""name"": ""black beans"", ""label"": ""Black beans (380g)"", ""in_box"": 1}, {""name"": ""green pepper"", ""label"": ""Green pepper"", ""in_box"": 1}, {""name"": ""ground coriander"", ""label"": ""Ground coriander (1tsp)"", ""in_box"": 1}, {""name"": ""finely chopped tomatoes"", ""label"": ""Finely chopped tomatoes (390g)"", ""in_box"": 1}, {""name"": ""ground cumin"", ""label"": ""Ground cumin (1tsp)"", ""in_box"": 1}, {""name"": ""ground smoked paprika"", ""label"": ""Ground smoked paprika (2tsp)"", ""in_box"": 1}, {""name"": ""wholemeal tortillas"", ""label"": ""Wholemeal tortillas (6pcs)"", ""in_box"": 1}, {""name"": ""vegetable stock mix"", ""label"": ""Vegetable stock mix (5.5g)"", ""in_box"": 1}, {""name"": ""ginger & garlic paste"", ""label"": ""Ginger & garlic paste (15g)"", ""in_box"": 1}, {""name"": ""soy sauce"", ""label"": ""Soy sauce (15ml)"", ""in_box"": 1}, {""name"": ""butternut squash cubes"", ""label"": ""Butternut squash cubes (160g)"", ""in_box"": 1}, {""name"": ""chives"", ""label"": ""Chives (5g)"", ""in_box"": 1}, {""name"": ""red onion"", ""label"": ""Red onion"", ""in_box"": 1}]"
2026-10-20,2026-09-02,0668a41f-9c23-4b06-a9d3-ab0079fd6dee,2114,Spiced Shakshuka With Feta And Crunchy Pitta,False,0.0,403,382,20.6,14.8,5.1,42.4,10.9,8.0,1.47,94,5.1,3.7,1.3,10.5,2.7,2.0,0.36,3,30,full-prep,spicy,20 minute meals,Vegetarian,4.2,8083,True,"[{""name"": ""wholemeal pittas"", ""label"": ""Wholemeal pittas (2pcs)"", ""in_box"": 1}, {""name"": ""red pepper"", ""label"": ""Red pepper"", ""in_box"": 1}, {""name"": ""cayenne pepper"", ""label"": ""Cayenne pepper (0.5tsp)"", ""in_box"": 1}, {""name"": ""free range egg"", ""label"": ""Free range egg x2"", ""in_box"": 2}, {""name"": ""finely chopped tomatoes"", ""label"": ""Finely chopped tomatoes (200g)"", ""in_box"": 1}, {""name"": ""ground cumin"", ""label"": ""Ground cumin (1tsp)"", ""in_box"": 1}, {""name"": ""ground smoked paprika"", ""label"": ""Ground smoked paprika (2tsp)"", ""in_box"": 1}, {""name"": ""garlic clove"", ""label"": ""Garlic clove x2"", ""in_box"": 2}, {""name"": ""pumpkin seeds"", ""label"": ""Pumpkin seeds (15g)"", ""in_box"": 1}, {""name"": ""feta"", ""label"": ""Feta (30g)"", ""in_box"": 1}, {""name"": ""vegetable stock mix"", ""label"": ""Vegetable stock mix (5.5g)"", ""in_box"": 1}, {""name"": ""spinach"", ""label"": ""Spinach (80g)"", ""in_box"": 1}, {""name"": ""red onion"", ""label"": ""Red onion"", ""in_box"": 1}]"
2026-10-20,2026-09-02,759d4a3d-d576-4928-a761-b39a98a9d3f9,2810,Spicy 'Nduja Spaghetti Carbonara,False,0.0,326,671,27.5,27.7,13.2,76.9,6.0,6.7,2.11,205,8.4,8.5,4.0,23.6,1.9,2.1,0.65,2,10,full-prep,spicy,10-Minute,,4.07,21455,True,"[{""name"": ""crème fraîche"", ""label"": ""Crème fraîche (80g)"", ""in_box"": 1}, {""name"": ""grated Italian hard cheese"", ""label"": ""Grated Italian hard cheese (30g)"", ""in_box"": 1}, {""name"": ""chicken stock mix"", ""label"": ""Chicken stock mix (5.5g)"", ""in_box"": 1}, {""name"": ""free range egg"", ""label"": ""Free range egg"", ""in_box"": 1}, {""name"": "" 'Nduja"", ""label"": ""'Nduja (40g)"", ""in_box"": 1}, {""name"": ""garlic clove"", ""label"": ""Garlic clove"", ""in_box"": 1}, {""name"": ""Tenderstem broccoli"", ""label"": ""Tenderstem broccoli (160g)"", ""in_box"": 1}, {""name"": ""spinach"", ""label"": ""Spinach (80g)"", ""in_box"": 1}, {""name"": ""spaghetti"", ""label"": ""Spaghetti (190g)"", ""in_box"": 1}]"
2026-10-20,2026-09-02,8c93d81c-3994-46ea-b20c-2060cef6e88d,3772,Spicy Harissa Butternut Squash & Cannellini Bean Stew With Mash,False,0.0,481,323,10.5,3.2,0.4,64.2,14.0,13.3,1.74,67,2.2,0.7,0.1,13.3,2.9,2.8,0.36,3,40,full-prep,spicy,Modern Bistro,Vegan; Vegetarian; Dairy Free; Gluten Free,4.14,3315,True,"[{""name"": ""harissa paste"", ""label"": ""Harissa paste (40g)"", ""in_box"": 1}, {""name"": ""red pepper"", ""label"": ""Red pepper"", ""in_box"": 1}, {""name"": ""cannellini beans"", ""label"": ""Cannellini beans (185g)"", ""in_box"": 1}, {""name"": ""intense vegetable stock mix"", ""label"": ""Intense vegetable stock mix (5.5g)"", ""in_box"": 1}, {""name"": ""ground smoked paprika"", ""label"": ""Ground smoked paprika (2tsp)"", ""in_box"": 1}, {""name"": ""garlic clove"", ""label"": ""Garlic clove x2"", ""in_box"": 2}, {""name"": ""parsley"", ""label"": ""Parsley (5g)"", ""in_box"": 1}, {""name"": ""butternut squash cubes"", ""label"": ""Butternut squash cubes (160g)"", ""in_box"": 1}, {""name"": ""red onion"", ""label"": ""Red onion"", ""in_box"": 1}, {""name"": ""white potato"", ""label"": ""White potato x4"", ""in_box"": 4}]"
2026-10-20,2026-09-02,4e64c8b2-fb9b-4ab1-83b0-8915034240f9,4020,Spicy Mozzarella & Cherry Tomato Spaghetti,False,0.0,362,592,28.8,17.5,11.1,79.4,10.2,4.9,1.26,163,7.9,4.8,3.1,21.9,2.8,1.4,0.35,1,10,full-prep,spicy,10-Minute,Vegetarian,4.27,7943,True,"[{""name"": ""grated Italian hard cheese"", ""label"": ""Grated Italian hard cheese (30g)"", ""in_box"": 1}, {""name"": ""dried chilli flakes"", ""label"": ""Dried chilli flakes (0.5tsp)"", ""in_box"": 1}, {""name"": ""garlic clove"", ""label"": ""Garlic clove x2"", ""in_box"": 2}, {""name"": ""lemon"", ""label"": ""Lemon"", ""in_box"": 1}, {""name"": ""vegetable stock mix"", ""label"": ""Vegetable stock mix (5.5g)"", ""in_box"": 1}, {""name"": ""mozzarella"", ""label"": ""Mozzarella (125g)"", ""in_box"": 1}, {""name"": ""parsley"", ""label"": ""Parsley (10g)"", ""in_box"": 1}, {""name"": ""cherry tomatoes"", ""label"": ""Cherry tomatoes (250g)"", ""in_box"": 1}, {""name"": ""spaghetti"", ""label"": ""Spaghetti (190g)"", ""in_box"": 1}]"
2026-10-20,2026-09-02,6e8d6ad8-b554-40d7-9704-e358d61de891,5011,Spicy Sichuan-Style Pork Noodle Bowl,False,0.0,342,633,39.1,25.7,6.5,61.6,6.8,4.9,3.27,185,11.4,7.5,1.9,18.0,2.0,1.4,0.95,1,25,full-prep,spicy,20 minute meals,Dairy Free,4.38,3043,True,"[{""name"": ""cayenne pepper"", ""label"": ""Cayenne pepper (0.5tsp)"", ""in_box"": 1}, {""name"": ""medium egg noodle nests"", ""label"": ""Medium egg noodle nests (2pcs)"", ""in_box"": 1}, {""name"": ""spring onion"", ""label"": ""Spring onion"", ""in_box"": 1}, {""name"": ""pork mince"", ""label"": ""Pork mince (250g)"", ""in_box"": 1}, {""name"": ""garlic clove"", ""label"": ""Garlic clove x3"", ""in_box"": 3}, {""name"": ""fresh root ginger"", ""label"": ""Fresh root ginger (15g)"", ""in_box"": 1}, {""name"": ""toasted sesame oil"", ""label"": ""Toasted sesame oil (10ml)"", ""in_box"": 1}, {""name"": ""rice vinegar"", ""label"": ""Rice vinegar (15ml)"", ""in_box"": 1}, {""name"": ""carrot"", ""label"": ""Carrot"", ""in_box"": 1}, {""name"": ""soy sauce"", ""label"": ""Soy sauce (30ml)"", ""in_box"": 1}, {""name"": ""smooth peanut butter"", ""label"": ""Smooth peanut butter (26g)"", ""in_box"": 1}, {""name"": ""sweet pea pods"", ""label"": ""Sweet pea pods (80g)"", ""in_box"": 1}]"
2026-10-20,2026-09-02,9d824258-1ee3-476f-b20a-dcd7e53105db,1838,Spinach & Feta Tart With Crispy Potatoes And Salad,False,0.0,498,691,18.8,37.9,16.7,69.3,9.7,8.9,1.3,138,3.8,7.6,3.3,13.9,1.9,1.8,0.26,3,45,full-prep,no spice,Modern Bistro,Vegetarian,4.31,21517,True,"[{""name"": ""dried oregano"", ""label"": ""Dried oregano (1tsp)"", ""in_box"": 1}, {""name"": ""pumpkin seeds"", ""label"": ""Pumpkin seeds (30g)"", ""in_box"": 1}, {""name"": ""puff pastry"", ""label"": ""Puff pastry (160g)"", ""in_box"": 1}, {""name"": ""brown onion"", ""label"": ""Brown onion"", ""in_box"": 1}, {""name"": ""feta"", ""label"": ""Feta (30g)"", ""in_box"": 1}, {""name"": ""soft cheese"", ""label"": ""Soft cheese (50g)"", ""in_box"": 1}, {""name"": ""wholegrain mustard"", ""label"": ""Wholegrain mustard (21g)"", ""in_box"": 1}, {""name"": ""spinach"", ""label"": ""Spinach (120g)"", ""in_box"": 1}, {""name"": ""rocket"", ""label"": ""Rocket (50g)"", ""in_box"": 1}, {""name"": ""cherry tomatoes"", ""label"": ""Cherry tomatoes (125g)"", ""in_box"": 1}, {""name"": ""red wine vinegar"", ""label"": ""Red wine vinegar (15ml)"", ""in_box"": 1}, {""name"": ""balsamic vinegar"", ""label"": ""Balsamic vinegar (15ml)"", ""in_box"": 1}, {""name"": ""white potato"", ""label"": ""White potato x3"", ""in_box"": 3}]"
2026-10-20,2026-09-02,b09cba7c-ff2f-4d2c-807b-4fb1ed01e97b,9135,Spooky Jack-O-Lantern Pepperoni Pizza,False,0.0,400,826,38.0,35.0,17.7,94.0,12.8,5.5,2.88,206,9.5,8.8,4.4,23.5,3.2,1.4,0.72,3,30,full-prep,no spice,Moments,,4.32,325,True,"[{""name"": ""flame-baked pizza bases"", ""label"": ""Flame-baked pizza bases (2pcs)"", ""in_box"": 1}, {""name"": ""sliced pepperoni"", ""label"": ""Sliced pepperoni (30g)"", ""in_box"": 1}, {""name"": ""tomato paste"", ""label"": ""Tomato paste (32g) x2"", ""in_box"": 2}, {""name"": ""tomato"", ""label"": ""Tomato"", ""in_box"": 1}, {""name"": ""baby leaf salad"", ""label"": ""Baby leaf salad (50g)"", ""in_box"": 1}, {""name"": ""mozzarella"", ""label"": ""Mozzarella (125g) x2"", ""in_box"": 2}, {""name"": ""balsamic vinegar"", ""label"": ""Balsamic vinegar (15ml)"", ""in_box"": 1}]"
2026-10-20,2026-09-02,95384127-5442-456e-85b3-16c24097aa1f,7462,Sri Lankan-Style Chicken Biryani With Mint Sambol Slaw,False,0.0,370,558,35.7,15.1,8.4,72.8,10.9,7.3,1.85,150,9.7,4.1,2.3,19.7,2.9,2.0,0.5,2,25,full-prep,spicy,Protein Hit,Dairy Free,4.33,4974,True,"[{""name"": ""carrot & cabbage slaw mix"", ""label"": ""Carrot & cabbage slaw mix (160g)"", ""in_box"": 1}, {""name"": ""intense chicken stock mix"", ""label"": ""Intense chicken stock mix (5.5g)"", ""in_box"": 1}, {""name"": ""white long grain rice"", ""label"": ""White long grain rice (130g)"", ""in_box"": 1}, {""name"": ""green chilli"", ""label"": ""Green chilli"", ""in_box"": 1}, {""name"": ""chicken breast strips"", ""label"": ""Chicken breast strips (250g)"", ""in_box"": 1}, {""name"": ""ground coriander"", ""label"": ""Ground coriander (1tsp)"", ""in_box"": 1}, {""name"": ""curry powder"", ""label"": ""Curry powder (0.5tbsp)"", ""in_box"": 1}, {""name"": ""coconut flakes"", ""label"": ""Coconut flakes (20g)"", ""in_box"": 1}, {""name"": ""brown onion"", ""label"": ""Brown onion"", ""in_box"": 1}, {""name"": ""crispy onions"", ""label"": ""Crispy onions (15g)"", ""in_box"": 1}, {""name"": ""ginger & garlic paste"", ""label"": ""Ginger & garlic paste (15g)"", ""in_box"": 1}, {""name"": ""tomato paste"", ""label"": ""Tomato paste (16g)"", ""in_box"": 1}, {""name"": ""rice vinegar"", ""label"": ""Rice vinegar (15ml)"", ""in_box"": 1}, {""name"": ""mint"", ""label"": ""Mint (5g)"", ""in_box"": 1}, {""name"": ""cardamom pod"", ""label"": ""Cardamom pod x3"", ""in_box"": 3}]"
2026-10-20,2026-09-02,28572e3b-dc20-45eb-896a-4f8add8eaf84,9077,Sticky Chilli & Lemongrass Chicken Mince Stir-Fry & Veggie Rice,False,0.0,368,486,31.9,6.7,1.7,78.4,17.1,4.4,1.89,132,8.7,1.8,0.5,21.3,4.7,1.2,0.51,2,25,full-prep,spicy,20 minute meals,Dairy Free; Gluten Free,4.17,3984,True,"[{""name"": ""sambal oelek"", ""label"": ""Sambal oelek (20g)"", ""in_box"": 1}, {""name"": ""lemongrass and lime leaf paste"", ""label"": ""Lemongrass and lime leaf paste (20g)"", ""in_box"": 1}, {""name"": ""white long grain rice"", ""label"": ""White long grain rice (130g)"", ""in_box"": 1}, {""name"": ""dried chilli flakes"", ""label"": ""Dried chilli flakes (0.5tsp)"", ""in_box"": 1}, {""name"": ""seasoned chicken mince"", ""label"": ""Seasoned chicken mince (250g)"", ""in_box"": 1}, {""name"": ""spring onion"", ""label"": ""Spring onion"", ""in_box"": 1}, {""name"": ""garlic clove"", ""label"": ""Garlic clove"", ""in_box"": 1}, {""name"": ""gluten free soy sauce"", ""label"": ""Gluten free soy sauce (15ml)"", ""in_box"": 1}, {""name"": ""carrot"", ""label"": ""Carrot"", ""in_box"": 1}, {""name"": ""spinach"", ""label"": ""Spinach (80g)"", ""in_box"": 1}, {""name"": ""red onion"", ""label"": ""Red onion"", ""in_box"": 1}, {""name"": ""honey"", ""label"": ""Honey (25g)"", ""in_box"": 1}]"
2026-10-20,2026-09-02,6eed8e21-27ce-4a6c-9022-89d23be19f14,16726,Sticky Honey Mustard Glazed Hot Dog W. Onions & Sweet Potato Fries,False,0.0,,753,23.0,31.2,,96.3,,9.9,2.42,,,,,,,,,1,35,full-prep,no spice,Takeaway Night,Dairy Free,0,0,True,
2026-10-20,2026-09-02,f1487b5b-4260-4d1f-941b-bb56ea3e17a5,9392,Stilton & Stout Rarebit With Apple & Walnut Salad,False,0.0,333,523,19.2,26.3,11.1,51.9,12.7,5.9,2.16,157,5.8,7.9,3.3,15.6,3.8,1.8,0.65,2,20,full-prep,no spice,20 minute meals,Vegetarian,4.48,642,True,"[{""name"": ""leek"", ""label"": ""Leek"", ""in_box"": 1}, {""name"": ""blue stilton® cheese"", ""label"": ""Blue stilton® cheese (50g)"", ""in_box"": 1}, {""name"": ""ciabatta"", ""label"": ""Ciabatta x2"", ""in_box"": 2}, {""name"": ""baby leaf salad"", ""label"": ""Baby leaf salad (50g)"", ""in_box"": 1}, {""name"": ""walnuts"", ""label"": ""Walnuts (25g)"", ""in_box"": 1}, {""name"": ""stout paste"", ""label"": ""Stout paste (15g)"", ""in_box"": 1}, {""name"": ""soft cheese"", ""label"": ""Soft cheese (50g)"", ""in_box"": 1}, {""name"": ""cider vinegar"", ""label"": ""Cider vinegar (15ml)"", ""in_box"": 1}, {""name"": ""apple"", ""label"": ""Apple"", ""in_box"": 1}, {""name"": ""Dijon mustard"", ""label"": ""Dijon mustard (5.5g)"", ""in_box"": 1}]"
2026-10-20,2026-09-02,aa897613-f7f7-42e6-82cf-88acbebc4600,2802,Super Green Chicken & Spinach Orzo,False,0.0,422,595,46.8,18.5,10.1,60.5,6.6,4.6,1.23,141,11.1,4.4,2.4,14.3,1.6,1.1,0.29,2,30,full-prep,no spice,Protein Hit,,4.23,8010,True,"[{""name"": ""cheddar cheese"", ""label"": ""Cheddar cheese (40g)"", ""in_box"": 1}, {""name"": ""tomato"", ""label"": ""Tomato"", ""in_box"": 1}, {""name"": ""chicken stock mix"", ""label"": ""Chicken stock mix (5.5g)"", ""in_box"": 1}, {""name"": ""dried oregano"", ""label"": ""Dried oregano (1tsp)"", ""in_box"": 1}, {""name"": ""chicken breast portions"", ""label"": ""Chicken breast portions (2pcs)"", ""in_box"": 1}, {""name"": ""garlic clove"", ""label"": ""Garlic clove x2"", ""in_box"": 2}, {""name"": ""soft cheese"", ""label"": ""Soft cheese (50g)"", ""in_box"": 1}, {""name"": ""spinach"", ""label"": ""Spinach (120g)"", ""in_box"": 1}, {""name"": ""cherry tomatoes"", ""label"": ""Cherry tomatoes (125g)"", ""in_box"": 1}, {""name"": ""orzo"", ""label"": ""Orzo (150g)"", ""in_box"": 1}]"
2026-10-20,2026-09-02,cafd6ee7-2de8-401f-bfea-4679b1ec82dc,7108,Swedish-Style Meatball Sub With Cranberry Mayo & Gravy,False,0.0,543,747,35.2,29.8,8.2,86.6,22.7,6.6,1.88,137,6.5,5.5,1.5,16.0,4.2,1.2,0.34,1,45,full-prep,no spice,Modern Bistro,,4.29,710,True,"[{""name"": ""chicken stock mix"", ""label"": ""Chicken stock mix (5.5g)"", ""in_box"": 1}, {""name"": ""Brioche style hot dog buns"", ""label"": ""Brioche style hot dog buns (2pcs)"", ""in_box"": 1}, {""name"": ""cider vinegar"", ""label"": ""Cider vinegar (30ml)"", ""in_box"": 1}, {""name"": ""mayonnaise"", ""label"": ""Mayonnaise (25ml)"", ""in_box"": 1}, {""name"": ""pork mince"", ""label"": ""Pork mince (250g)"", ""in_box"": 1}, {""name"": ""brown onion"", ""label"": ""Brown onion"", ""in_box"": 1}, {""name"": ""cranberry sauce"", ""label"": ""Cranberry sauce (40g)"", ""in_box"": 1}, {""name"": ""cucumber"", ""label"": ""Cucumber (0.5pcs)"", ""in_box"": 1}, {""name"": ""Henderson's Relish"", ""label"": ""Henderson's Relish (15ml)"", ""in_box"": 1}, {""name"": ""dill"", ""label"": ""Dill (5g)"", ""in_box"": 1}, {""name"": ""white potato"", ""label"": ""White potato x3"", ""in_box"": 3}, {""name"": ""Dijon mustard"", ""label"": ""Dijon mustard (5.5g)"", ""in_box"": 1}]"
2026-10-20,2026-09-02,24cfa0c2-72db-4ab1-b810-9f3b652fa524,2085,Sweet & Sour Chicken With Rice,False,0.0,394,563,35.0,4.2,1.2,97.5,22.9,3.7,2.86,142,8.9,1.1,0.3,24.7,5.8,0.9,0.72,1,40,full-prep,mild,Takeaway Night,Dairy Free,4.34,65563,True,"[{""name"": ""white long grain rice"", ""label"": ""White long grain rice (130g)"", ""in_box"": 1}, {""name"": ""chicken breast strips"", ""label"": ""Chicken breast strips (250g)"", ""in_box"": 1}, {""name"": ""yellow pepper"", ""label"": ""Yellow pepper"", ""in_box"": 1}, {""name"": ""spring onion"", ""label"": ""Spring onion"", ""in_box"": 1}, {""name"": ""tomato ketchup"", ""label"": ""Tomato ketchup (15ml)"", ""in_box"": 1}, {""name"": ""cornflour"", ""label"": ""Cornflour (4tbsp)"", ""in_box"": 1}, {""name"": ""garlic clove"", ""label"": ""Garlic clove x2"", ""in_box"": 2}, {""name"": ""fresh root ginger"", ""label"": ""Fresh root ginger (15g)"", ""in_box"": 1}, {""name"": ""brown onion"", ""label"": ""Brown onion"", ""in_box"": 1}, {""name"": ""red chilli relish"", ""label"": ""Red chilli relish (25g)"", ""in_box"": 1}, {""name"": ""Chinese rice wine"", ""label"": ""Chinese rice wine (15ml)"", ""in_box"": 1}, {""name"": ""rice vinegar"", ""label"": ""Rice vinegar (15ml)"", ""in_box"": 1}, {""name"": ""soy sauce"", ""label"": ""Soy sauce (30ml)"", ""in_box"": 1}, {""name"": ""honey"", ""label"": ""Honey (25g)"", ""in_box"": 1}]"
2026-10-20,2026-09-02,6c691000-c1e4-45d1-a454-215f485275e6,7906,Sweet 'N' Sticky Mongolian-Style Tofu & Tenderstem With Rice,False,0.0,407,541,37.5,17.3,2.6,56.7,6.4,8.0,2.93,133,9.2,4.3,0.6,13.9,1.6,2.0,0.72,1,10,full-prep,no spice,10-Minute,Vegan; Vegetarian; Dairy Free,4.09,2372,True,"[{""name"": ""cooked white long grain rice"", ""label"": ""Cooked white long grain rice (280g)"", ""in_box"": 1}, {""name"": ""plain tofu"", ""label"": ""Plain tofu (280g)"", ""in_box"": 1}, {""name"": ""umami seasoning"", ""label"": ""Umami seasoning (1tbsp)"", ""in_box"": 1}, {""name"": ""cornflour"", ""label"": ""Cornflour (1tbsp)"", ""in_box"": 1}, {""name"": ""ginger & garlic paste"", ""label"": ""Ginger & garlic paste (15g)"", ""in_box"": 1}, {""name"": ""black sesame seeds"", ""label"": ""Black sesame seeds (5g)"", ""in_box"": 1}, {""name"": ""Tenderstem broccoli"", ""label"": ""Tenderstem broccoli (160g)"", ""in_box"": 1}, {""name"": ""soy sauce"", ""label"": ""Soy sauce (30ml)"", ""in_box"": 1}, {""name"": ""tamarind paste"", ""label"": ""Tamarind paste (15g)"", ""in_box"": 1}]"
2026-10-20,2026-09-02,00e84dbf-54f9-4933-b146-4317194d54e4,16711,Tandoori Vegetable Biryani,True,0.75,,621,19.7,23.9,,71.7,,19.7,2.47,,,,,,,,,2,7,heat-only,mild,Heat & Eat,Vegan; Vegetarian,3.8,265,True,
2026-10-20,2026-09-02,4bd64c39-cc44-4ca8-8a52-65c2fc4d355d,900,Tandoori-Style Basa With Mint Raita And Kachumber Salad,False,0.0,407,424,28.8,5.5,1.7,69.4,11.1,3.6,0.63,104,7.1,1.3,0.4,17.0,2.7,0.9,0.15,2,25,full-prep,spicy,20 minute meals,Gluten Free,4.35,35027,True,"[{""name"": ""tomato"", ""label"": ""Tomato x2"", ""in_box"": 2}, {""name"": ""white basmati rice"", ""label"": ""White basmati rice (130g)"", ""in_box"": 1}, {""name"": ""dried chilli flakes"", ""label"": ""Dried chilli flakes (0.5tsp)"", ""in_box"": 1}, {""name"": ""basa fillets"", ""label"": ""Basa fillets (2pcs)"", ""in_box"": 1}, {""name"": ""curry powder"", ""label"": ""Curry powder (1tbsp)"", ""in_box"": 1}, {""name"": ""shallot"", ""label"": ""Shallot"", ""in_box"": 1}, {""name"": ""natural yoghurt"", ""label"": ""Natural yoghurt (80g)"", ""in_box"": 1}, {""name"": ""mint sauce"", ""label"": ""Mint sauce (20g)"", ""in_box"": 1}, {""name"": ""cucumber"", ""label"": ""Cucumber (0.5pcs)"", ""in_box"": 1}, {""name"": ""black sesame seeds"", ""label"": ""Black sesame seeds (5g)"", ""in_box"": 1}]"
2026-10-20,2026-09-02,96d96757-0a5a-4b12-8223-b5c3d8697470,4039,"Tandoori-Style Paneer, Mint Raita And Kachumber Salad",False,0.0,407,576,27.1,22.3,13.2,71.9,13.6,3.6,1.6,141,6.7,5.5,3.2,17.7,3.3,0.9,0.39,2,25,full-prep,spicy,20 minute meals,Vegetarian; Gluten Free,4.37,9528,True,"[{""name"": ""paneer"", ""label"": ""Paneer (200g)"", ""in_box"": 1}, {""name"": ""tomato"", ""label"": ""Tomato x2"", ""in_box"": 2}, {""name"": ""white basmati rice"", ""label"": ""White basmati rice (130g)"", ""in_box"": 1}, {""name"": ""dried chilli flakes"", ""label"": ""Dried chilli flakes (0.5tsp)"", ""in_box"": 1}, {""name"": ""curry powder"", ""label"": ""Curry powder (1tbsp)"", ""in_box"": 1}, {""name"": ""shallot"", ""label"": ""Shallot"", ""in_box"": 1}, {""name"": ""natural yoghurt"", ""label"": ""Natural yoghurt (80g)"", ""in_box"": 1}, {""name"": ""mint sauce"", ""label"": ""Mint sauce (20g)"", ""in_box"": 1}, {""name"": ""cucumber"", ""label"": ""Cucumber (0.5pcs)"", ""in_box"": 1}, {""name"": ""black sesame seeds"", ""label"": ""Black sesame seeds (5g)"", ""in_box"": 1}]"
2026-10-20,2026-09-02,59f13c85-8b40-4f7c-9982-8f521d6c3d50,6381,Tex-Mex Style Spiced Tomato Pork With Spicy Corn Salsa,False,0.0,396,762,37.0,34.9,12.5,74.7,12.7,5.5,1.61,192,9.3,8.8,3.2,18.9,3.2,1.4,0.41,2,30,full-prep,spicy,Global Kitchen,Dairy Free; Gluten Free,4.04,772,True,"[{""name"": ""chipotle paste"", ""label"": ""Chipotle paste (40g)"", ""in_box"": 1}, {""name"": ""tomato paste"", ""label"": ""Tomato paste (32g)"", ""in_box"": 1}, {""name"": ""ground smoked paprika"", ""label"": ""Ground smoked paprika (1tsp)"", ""in_box"": 1}, {""name"": ""Sweetcorn"", ""label"": ""Sweetcorn (150g)"", ""in_box"": 1}, {""name"": ""intense chicken stock mix"", ""label"": ""Intense chicken stock mix (5.5g)"", ""in_box"": 1}, {""name"": ""garlic clove"", ""label"": ""Garlic clove"", ""in_box"": 1}, {""name"": ""tomato"", ""label"": ""Tomato"", ""in_box"": 1}, {""name"": ""white long grain rice"", ""label"": ""White long grain rice (130g)"", ""in_box"": 1}, {""name"": ""shallot"", ""label"": ""Shallot"", ""in_box"": 1}, {""name"": ""pork loin steaks"", ""label"": ""Pork loin steaks (300g)"", ""in_box"": 1}, {""name"": ""cider vinegar"", ""label"": ""Cider vinegar (15ml)"", ""in_box"": 1}, {""name"": ""green chilli"", ""label"": ""Green chilli"", ""in_box"": 1}]"
2026-10-20,2026-09-02,49240dfb-11fa-4160-8927-5e509d360953,16675,Thai Red Chicken Curry With Jasmine Rice,True,0.75,394,421,28.4,14.6,7.1,41.8,11.0,5.9,2.32,106,7.2,3.7,1.8,10.6,2.8,1.5,0.59,2,7,heat-only,mild,Heat & Eat,,3.88,920,True,"[{""name"": ""thai red chicken curry with jasmine rice"", ""label"": ""Thai red chicken curry with jasmine rice (420g) x2"", ""in_box"": 2}]"
2026-10-20,2026-09-02,b7edb75f-357b-4e6c-84b3-bb51adcff671,5166,Thai-Style Butternut Squash Soup,False,0.0,580,625,17.2,23.6,10.2,86.0,20.1,13.3,2.01,107,3.0,4.1,1.8,14.8,3.5,2.3,0.35,4,40,full-prep,spicy,Global Kitchen,Vegan; Vegetarian; Dairy Free,4.46,794,True,"[{""name"": ""red pepper"", ""label"": ""Red pepper"", ""in_box"": 1}, {""name"": ""red chilli"", ""label"": ""Red chilli"", ""in_box"": 1}, {""name"": ""intense vegetable stock mix"", ""label"": ""Intense vegetable stock mix (5.5g)"", ""in_box"": 1}, {""name"": ""roti"", ""label"": ""Roti (4pcs)"", ""in_box"": 1}, {""name"": ""garlic clove"", ""label"": ""Garlic clove x3"", ""in_box"": 3}, {""name"": ""fresh root ginger"", ""label"": ""Fresh root ginger (15g)"", ""in_box"": 1}, {""name"": ""coriander"", ""label"": ""Coriander (10g)"", ""in_box"": 1}, {""name"": ""fresh lemongrass stalk"", ""label"": ""Fresh lemongrass stalk"", ""in_box"": 1}, {""name"": ""butternut squash cubes"", ""label"": ""Butternut squash cubes (160g) x3"", ""in_box"": 3}, {""name"": ""lime"", ""label"": ""Lime"", ""in_box"": 1}, {""name"": ""roasted peanuts"", ""label"": ""Roasted peanuts (25g)"", ""in_box"": 1}, {""name"": ""red onion"", ""label"": ""Red onion"", ""in_box"": 1}, {""name"": ""solid creamed coconut"", ""label"": ""Solid creamed coconut (25g)"", ""in_box"": 1}]"
2026-10-20,2026-09-02,34ee9321-c609-42ca-9d38-942e37cf0cbd,7418,Thai-Style Pork Belly Moo Hong With Rice,False,0.0,342,708,34.9,31.7,11.2,71.7,10.6,4.6,1.71,207,10.2,9.3,3.3,21.0,3.1,1.4,0.5,1,55,full-prep,no spice,Global Kitchen,Dairy Free; Gluten Free,4.19,2326,True,"[{""name"": ""pork belly"", ""label"": ""Pork belly (300g)"", ""in_box"": 1}, {""name"": ""cornflour"", ""label"": ""Cornflour (1tsp)"", ""in_box"": 1}, {""name"": ""fennel seeds"", ""label"": ""Fennel seeds (1tsp)"", ""in_box"": 1}, {""name"": ""coriander seeds"", ""label"": ""Coriander seeds (1tsp)"", ""in_box"": 1}, {""name"": ""garlic clove"", ""label"": ""Garlic clove x2"", ""in_box"": 2}, {""name"": ""fresh root ginger"", ""label"": ""Fresh root ginger (15g)"", ""in_box"": 1}, {""name"": ""brown onion"", ""label"": ""Brown onion"", ""in_box"": 1}, {""name"": ""white long grain rice"", ""label"": ""White long grain rice (130g)"", ""in_box"": 1}, {""name"": ""coriander"", ""label"": ""Coriander (5g)"", ""in_box"": 1}, {""name"": ""ketjap manis"", ""label"": ""Ketjap manis (20g)"", ""in_box"": 1}, {""name"": ""rice vinegar"", ""label"": ""Rice vinegar (15ml)"", ""in_box"": 1}, {""name"": ""carrot"", ""label"": ""Carrot"", ""in_box"": 1}]"
2026-10-20,2026-09-02,ed2d83de-bd10-447e-8151-dfbd0deb023b,3165,"Toffee Apple, Pork & Cheddar Burger",False,0.0,640,818,43.4,23.0,9.8,111.8,26.2,10.1,1.81,127,6.8,3.6,1.5,17.5,4.1,1.6,0.28,3,40,full-prep,no spice,Modern Bistro,,4.24,16843,True,"[{""name"": ""shredded kale"", ""label"": ""Shredded kale (120g)"", ""in_box"": 1}, {""name"": ""tomato ketchup"", ""label"": ""Tomato ketchup (30ml)"", ""in_box"": 1}, {""name"": ""panko breadcrumbs"", ""label"": ""Panko breadcrumbs (30g)"", ""in_box"": 1}, {""name"": ""pork mince"", ""label"": ""Pork mince (250g)"", ""in_box"": 1}, {""name"": ""ciabatta"", ""label"": ""Ciabatta x2"", ""in_box"": 2}, {""name"": ""cheddar cheese"", ""label"": ""Cheddar cheese (40g)"", ""in_box"": 1}, {""name"": ""balsamic vinegar"", ""label"": ""Balsamic vinegar (15ml)"", ""in_box"": 1}, {""name"": ""red onion"", ""label"": ""Red onion"", ""in_box"": 1}, {""name"": ""white potato"", ""label"": ""White potato x2"", ""in_box"": 2}, {""name"": ""apple"", ""label"": ""Apple"", ""in_box"": 1}, {""name"": ""sweet potato"", ""label"": ""Sweet potato"", ""in_box"": 1}, {""name"": ""onion marmalade"", ""label"": ""Onion marmalade (20g)"", ""in_box"": 1}]"
2026-10-20,2026-09-02,a5284f3f-5186-4dc3-ad28-5b72ad35502c,1520,Tomato & Goats' Cheese Gnocchi,False,0.0,398,433,18.9,10.3,6.4,64.4,7.3,5.3,1.82,108,4.7,2.6,1.6,16.2,1.8,1.3,0.46,2,10,full-prep,mild,10-Minute,Vegetarian,4.22,29176,True,"[{""name"": ""dried chilli flakes"", ""label"": ""Dried chilli flakes (0.5tsp)"", ""in_box"": 1}, {""name"": ""gnocchi"", ""label"": ""Gnocchi (350g)"", ""in_box"": 1}, {""name"": ""soft goats' cheese"", ""label"": ""Soft goats' cheese (75g)"", ""in_box"": 1}, {""name"": ""Chinese rice wine"", ""label"": ""Chinese rice wine (30ml)"", ""in_box"": 1}, {""name"": ""roasted garlic paste"", ""label"": ""Roasted garlic paste (15g)"", ""in_box"": 1}, {""name"": ""tomato paste"", ""label"": ""Tomato paste (16g)"", ""in_box"": 1}, {""name"": ""basil"", ""label"": ""Basil (10g)"", ""in_box"": 1}, {""name"": ""rocket"", ""label"": ""Rocket (50g)"", ""in_box"": 1}, {""name"": ""cherry tomatoes"", ""label"": ""Cherry tomatoes (250g)"", ""in_box"": 1}]"
2026-10-20,2026-09-02,a3add138-d60b-4e16-969e-4437443337b5,6256,Tomatoey Pork Meatball Sandwich With Chips,False,0.0,482,601,39.7,17.1,7.0,73.7,6.1,7.0,2.08,124,8.2,3.5,1.4,15.3,1.3,1.4,0.43,2,45,full-prep,no spice,Family Kitchen,,4.43,17881,True,"[{""name"": ""Italian hard cheese"", ""label"": ""Italian hard cheese (20g)"", ""in_box"": 1}, {""name"": ""tomato"", ""label"": ""Tomato"", ""in_box"": 1}, {""name"": ""intense chicken stock mix"", ""label"": ""Intense chicken stock mix (5.5g)"", ""in_box"": 1}, {""name"": ""dried oregano"", ""label"": ""Dried oregano (1tsp)"", ""in_box"": 1}, {""name"": ""tomato paste"", ""label"": ""Tomato paste (32g)"", ""in_box"": 1}, {""name"": ""pork mince"", ""label"": ""Pork mince (250g)"", ""in_box"": 1}, {""name"": ""ciabatta"", ""label"": ""Ciabatta x2"", ""in_box"": 2}, {""name"": ""garlic clove"", ""label"": ""Garlic clove"", ""in_box"": 1}, {""name"": ""shallot"", ""label"": ""Shallot"", ""in_box"": 1}, {""name"": ""spinach"", ""label"": ""Spinach (80g)"", ""in_box"": 1}, {""name"": ""white potato"", ""label"": ""White potato x3"", ""in_box"": 3}]"
2026-10-20,2026-09-02,b161e963-703b-4ca9-a3fc-23befecf8990,8256,Tomatoey Tuna & Pepper Pasta With Crispy Puttanesca Oil,False,0.0,369,591,35.6,10.1,4.1,87.2,13.8,7.8,2.95,160,9.7,2.7,1.1,23.6,3.7,2.1,0.8,3,30,full-prep,spicy,Family Kitchen,,4.18,314,True,"[{""name"": ""red pepper"", ""label"": ""Red pepper"", ""in_box"": 1}, {""name"": ""dried chilli flakes"", ""label"": ""Dried chilli flakes (0.5tsp)"", ""in_box"": 1}, {""name"": ""capers"", ""label"": ""Capers (20g)"", ""in_box"": 1}, {""name"": ""tomato paste"", ""label"": ""Tomato paste (32g) x2"", ""in_box"": 2}, {""name"": ""intense vegetable stock mix"", ""label"": ""Intense vegetable stock mix (5.5g)"", ""in_box"": 1}, {""name"": ""tuna chunks in spring water"", ""label"": ""Tuna chunks in spring water (145g)"", ""in_box"": 1}, {""name"": ""black olives"", ""label"": ""Black olives (40g)"", ""in_box"": 1}, {""name"": ""garlic clove"", ""label"": ""Garlic clove x3"", ""in_box"": 3}, {""name"": ""feta"", ""label"": ""Feta (30g)"", ""in_box"": 1}, {""name"": ""conchiglie"", ""label"": ""Conchiglie (200g)"", ""in_box"": 1}, {""name"": ""red onion"", ""label"": ""Red onion"", ""in_box"": 1}]"
2026-10-20,2026-09-02,0a63b22f-3378-4107-9d6b-50dcfe00e42a,6837,Tuna & Red Onion Melt,False,0.0,400,592,33.8,19.7,6.2,71.6,4.7,6.2,1.64,148,8.4,4.9,1.5,17.9,1.2,1.6,0.41,1,35,full-prep,no spice,Modern Bistro,,4.42,2879,True,"[{""name"": ""cheddar cheese"", ""label"": ""Cheddar cheese (40g)"", ""in_box"": 1}, {""name"": ""tuna chunks in spring water"", ""label"": ""Tuna chunks in spring water (145g)"", ""in_box"": 1}, {""name"": ""mayonnaise"", ""label"": ""Mayonnaise (25ml)"", ""in_box"": 1}, {""name"": ""ciabatta"", ""label"": ""Ciabatta x2"", ""in_box"": 2}, {""name"": ""baby leaf salad"", ""label"": ""Baby leaf salad (50g)"", ""in_box"": 1}, {""name"": ""red onion"", ""label"": ""Red onion"", ""in_box"": 1}, {""name"": ""white potato"", ""label"": ""White potato x3"", ""in_box"": 3}]"
2026-10-20,2026-09-02,b0d8d7ad-5cc6-4c59-a234-38000400e6ed,2628,Turkish-Style Spiced Beef Borek With Bulgur,False,0.0,433,851,38.1,41.7,18.1,82.9,23.1,8.1,1.28,196,8.8,9.6,4.2,19.1,5.3,1.9,0.29,2,40,full-prep,no spice,Global Kitchen,,3.9,4139,True,"[{""name"": ""tomato"", ""label"": ""Tomato"", ""in_box"": 1}, {""name"": ""chicken stock mix"", ""label"": ""Chicken stock mix (5.5g)"", ""in_box"": 1}, {""name"": ""ground coriander"", ""label"": ""Ground coriander (1tsp)"", ""in_box"": 1}, {""name"": ""beef mince"", ""label"": ""Beef mince (250g)"", ""in_box"": 1}, {""name"": ""tomato paste"", ""label"": ""Tomato paste (32g)"", ""in_box"": 1}, {""name"": ""ground cumin"", ""label"": ""Ground cumin (1tsp)"", ""in_box"": 1}, {""name"": ""puff pastry"", ""label"": ""Puff pastry (160g)"", ""in_box"": 1}, {""name"": ""shallot"", ""label"": ""Shallot"", ""in_box"": 1}, {""name"": ""natural yoghurt"", ""label"": ""Natural yoghurt (80g)"", ""in_box"": 1}, {""name"": ""coriander"", ""label"": ""Coriander (5g)"", ""in_box"": 1}, {""name"": ""sultanas"", ""label"": ""Sultanas (30g)"", ""in_box"": 1}, {""name"": ""carrot"", ""label"": ""Carrot"", ""in_box"": 1}, {""name"": ""white wine vinegar"", ""label"": ""White wine vinegar (15ml)"", ""in_box"": 1}, {""name"": ""bulgur wheat"", ""label"": ""Bulgur wheat (75g)"", ""in_box"": 1}]"
2026-10-20,2026-09-02,fe1b097f-a5f3-4c17-9a9c-e64d4d976aeb,11837,Vietnamese-Style Pulled Shiitake Mushroom Brown Rice Bowl,False,0.0,340,609,21.6,23.5,10.1,61.5,6.1,18.9,3.62,179,6.3,6.9,3.0,18.1,1.8,5.6,1.07,1,25,full-prep,spicy,Takeaway Night,Vegan; Vegetarian; Dairy Free,4.41,249,True,"[{""name"": ""Fable® meaty pulled mushrooms"", ""label"": ""Fable® meaty pulled mushrooms (180g)"", ""in_box"": 1}, {""name"": ""brown long grain rice"", ""label"": ""Brown long grain rice (130g)"", ""in_box"": 1}, {""name"": ""red chilli"", ""label"": ""Red chilli"", ""in_box"": 1}, {""name"": ""garlic clove"", ""label"": ""Garlic clove"", ""in_box"": 1}, {""name"": ""carrot"", ""label"": ""Carrot"", ""in_box"": 1}, {""name"": ""soy sauce"", ""label"": ""Soy sauce (30ml)"", ""in_box"": 1}, {""name"": ""gem lettuce"", ""label"": ""Gem lettuce"", ""in_box"": 1}, {""name"": ""lime"", ""label"": ""Lime"", ""in_box"": 1}, {""name"": ""roasted peanuts"", ""label"": ""Roasted peanuts (25g)"", ""in_box"": 1}]"
2026-10-20,2026-09-02,7fdd6aa3-2701-45eb-b510-6674ca60e4ea,5773,Warm Chipotle Tofu & Roasted Tomato Salad,False,0.0,528,554,32.7,24.2,3.3,51.6,11.9,10.6,1.62,104,6.2,4.6,0.6,9.8,2.2,2.0,0.31,2,35,full-prep,mild,Modern Bistro,Vegan; Vegetarian; Dairy Free,4.33,1222,True,"[{""name"": ""plain tofu"", ""label"": ""Plain tofu (280g)"", ""in_box"": 1}, {""name"": ""waxy potatoes"", ""label"": ""Waxy potatoes (350g)"", ""in_box"": 1}, {""name"": ""cornflour"", ""label"": ""Cornflour (1tbsp)"", ""in_box"": 1}, {""name"": ""ground smoked paprika"", ""label"": ""Ground smoked paprika (1tsp)"", ""in_box"": 1}, {""name"": ""vegan mayonnaise"", ""label"": ""Vegan mayonnaise (25ml)"", ""in_box"": 1}, {""name"": ""Sweetcorn"", ""label"": ""Sweetcorn (150g)"", ""in_box"": 1}, {""name"": ""chipotle paste"", ""label"": ""Chipotle paste (20g)"", ""in_box"": 1}, {""name"": ""pumpkin seeds"", ""label"": ""Pumpkin seeds (15g)"", ""in_box"": 1}, {""name"": ""baby leaf salad"", ""label"": ""Baby leaf salad (50g)"", ""in_box"": 1}, {""name"": ""cider vinegar"", ""label"": ""Cider vinegar (15ml)"", ""in_box"": 1}, {""name"": ""soy sauce"", ""label"": ""Soy sauce (15ml)"", ""in_box"": 1}, {""name"": ""cherry tomatoes"", ""label"": ""Cherry tomatoes (125g)"", ""in_box"": 1}]"
2026-10-20,2026-09-02,a0e65db1-88d5-43b8-98af-863daf2d92b1,495,Warm Lemony Beef Tabbouleh,False,0.0,357,596,34.1,22.4,9.0,67.9,14.1,6.5,1.1,166,9.5,6.3,2.5,19.0,3.9,1.8,0.31,1,30,full-prep,mild,20 minute meals,Dairy Free,4.4,21985,True,"[{""name"": ""beef mince"", ""label"": ""Beef mince (250g)"", ""in_box"": 1}, {""name"": ""ras el hanout"", ""label"": ""Ras el hanout (1tbsp)"", ""in_box"": 1}, {""name"": ""beef stock mix"", ""label"": ""Beef stock mix (5.5g)"", ""in_box"": 1}, {""name"": ""garlic clove"", ""label"": ""Garlic clove"", ""in_box"": 1}, {""name"": ""tomato"", ""label"": ""Tomato x2"", ""in_box"": 2}, {""name"": ""lemon"", ""label"": ""Lemon"", ""in_box"": 1}, {""name"": ""parsley"", ""label"": ""Parsley (10g)"", ""in_box"": 1}, {""name"": ""bulgur wheat"", ""label"": ""Bulgur wheat (130g)"", ""in_box"": 1}, {""name"": ""honey"", ""label"": ""Honey (25g)"", ""in_box"": 1}]"
2026-10-20,2026-09-02,fef362fb-346e-4347-95e2-bfa23912d39e,5583,Yasai Katsu Curry With Pickled Ginger Salad,False,0.0,353,596,13.2,10.8,8.6,110.2,8.2,8.1,1.95,168,3.7,3.1,2.4,31.2,2.3,2.3,0.55,2,55,full-prep,mild,Takeaway Night,Vegan; Vegetarian; Dairy Free,4.32,2278,True,"[{""name"": ""solid creamed coconut"", ""label"": ""Solid creamed coconut (25g)"", ""in_box"": 1}, {""name"": ""ground turmeric"", ""label"": ""Ground turmeric (0.5tsp)"", ""in_box"": 1}, {""name"": ""sushi rice"", ""label"": ""Sushi rice (150g)"", ""in_box"": 1}, {""name"": ""soy sauce"", ""label"": ""Soy sauce (8ml)"", ""in_box"": 1}, {""name"": ""cornflour"", ""label"": ""Cornflour (4tbsp)"", ""in_box"": 1}, {""name"": ""curry powder"", ""label"": ""Curry powder (1tbsp)"", ""in_box"": 1}, {""name"": ""garlic clove"", ""label"": ""Garlic clove"", ""in_box"": 1}, {""name"": ""fresh root ginger"", ""label"": ""Fresh root ginger (15g)"", ""in_box"": 1}, {""name"": ""baby leaf salad"", ""label"": ""Baby leaf salad (50g)"", ""in_box"": 1}, {""name"": ""brown onion"", ""label"": ""Brown onion"", ""in_box"": 1}, {""name"": ""vegetable stock mix"", ""label"": ""Vegetable stock mix (5.5g)"", ""in_box"": 1}, {""name"": ""aubergine"", ""label"": ""Aubergine"", ""in_box"": 1}, {""name"": ""red wine vinegar"", ""label"": ""Red wine vinegar (15ml)"", ""in_box"": 1}, {""name"": ""panko breadcrumbs"", ""label"": ""Panko breadcrumbs (60g)"", ""in_box"": 1}]"
