menu_week_start,scraped_at,id,core_recipe_id,name,is_surcharge,surcharge_per_portion_gbp,portion_weight_g,kcal_per_portion,protein_g_per_portion,fat_g_per_portion,fat_saturates_g_per_portion,carbs_g_per_portion,sugars_g_per_portion,fibre_g_per_portion,salt_g_per_portion,kcal_per_100g,protein_g_per_100g,fat_g_per_100g,fat_saturates_g_per_100g,carbs_g_per_100g,sugars_g_per_100g,fibre_g_per_100g,salt_g_per_100g,five_a_day,prep_time_min,preparation_type,spice_level,food_brand,dietary_claims,rating_avg,rating_count,is_available,ingredients_json
2026-09-29,2026-08-12,53eb96f9-dba0-480f-aa20-4fa53c167e63,4143,'Nduja & Cherry Tomato Sauce With Spinach & Ricotta Ravioli,False,0.0,291,534,20.1,28.1,11.0,49.8,10.0,4.6,3.26,183,6.9,9.7,3.8,17.1,3.4,1.6,1.12,1,10,full-prep,spicy,Pasta Pronto,,4.41,15689,True,"[{""name"": "" 'Nduja"", ""label"": ""'Nduja (40g)"", ""in_box"": 1}, {""name"": ""garlic clove"", ""label"": ""Garlic clove x2"", ""in_box"": 2}, {""name"": ""spinach & ricotta ravioli"", ""label"": ""Spinach & ricotta ravioli (250g)"", ""in_box"": 1}, {""name"": ""grated Italian hard cheese"", ""label"": ""Grated Italian hard cheese (30g)"", ""in_box"": 1}, {""name"": ""cherry tomatoes"", ""label"": ""Cherry tomatoes (250g)"", ""in_box"": 1}]"
2026-09-29,2026-08-12,e25486b4-09f8-4318-8a81-31067f1f1e1d,16912,2 Meals: Butter Paneer x Curried Paneer Loaded Pitta,True,3.25,,1160,57.9,41.8,,142.1,,10.7,4.99,,,,,,,,,2,45,full-prep,mild,Batch Cooking,Vegetarian,0,0,True,
2026-09-29,2026-08-12,dcd32d6b-9682-4ea2-a630-145e4412cfaa,16902,2 Meals: Marry Me Chicken Stew x Creamy Chicken & Basil Tortiglioni,True,4.25,,1309,87.2,52.0,,130.1,,12.3,3.56,,,,,,,,,2,45,full-prep,mild,Batch Cooking,,0,0,True,
2026-09-29,2026-08-12,be6a5642-2ab7-4ee8-9fae-284ba8515537,8762,2 Meals: Squash & Coconut Dal x Shakshuka With Naan,True,3.25,746,1125,43.3,36.2,22.5,159.6,28.0,26.4,4.64,150,5.8,4.9,3.0,21.4,3.8,3.5,0.62,2,45,full-prep,mild,Batch Cooking,Vegetarian; Dairy Free,4.46,87,True,"[{""name"": ""mini garlic & coriander naans"", ""label"": ""Mini garlic & coriander naans (2pcs)"", ""in_box"": 1}, {""name"": ""cultured coconut"", ""label"": ""Cultured coconut (80g)"", ""in_box"": 1}, {""name"": ""green lentils"", ""label"": ""Green lentils (390g)"", ""in_box"": 1}, {""name"": ""white basmati rice"", ""label"": ""White basmati rice (130g)"", ""in_box"": 1}, {""name"": ""solid creamed coconut"", ""label"": ""Solid creamed coconut (25g) x2"", ""in_box"": 2}, {""name"": ""free range egg"", ""label"": ""Free range egg x2"", ""in_box"": 2}, {""name"": ""red lentils"", ""label"": ""Red lentils (100g)"", ""in_box"": 1}, {""name"": ""ground turmeric"", ""label"": ""Ground turmeric (1tsp)"", ""in_box"": 1}, {""name"": ""intense vegetable stock mix"", ""label"": ""Intense vegetable stock mix (5.5g) x2"", ""in_box"": 2}, {""name"": ""curry powder"", ""label"": ""Curry powder (2tbsp)"", ""in_box"": 1}, {""name"": ""brown onion"", ""label"": ""Brown onion x2"", ""in_box"": 2}, {""name"": ""ginger & garlic paste"", ""label"": ""Ginger & garlic paste (15g) x2"", ""in_box"": 2}, {""name"": ""coriander"", ""label"": ""Coriander (5g) x2"", ""in_box"": 2}, {""name"": ""red chilli relish"", ""label"": ""Red chilli relish (25g)"", ""in_box"": 1}, {""name"": ""black sesame seeds"", ""label"": ""Black sesame seeds (5g)"", ""in_box"": 1}, {""name"": ""butternut squash cubes"", ""label"": ""Butternut squash cubes (160g) x2"", ""in_box"": 2}, {""name"": ""cardamom pod"", ""label"": ""Cardamom pod x3"", ""in_box"": 3}, {""name"": ""lime"", ""label"": ""Lime"", ""in_box"": 1}]"
2026-09-29,2026-08-12,35acf27a-b211-4edd-988a-91597a79328a,4276,All In One Honey Baked Greek Cheese & Crispy Gnocchi,False,0.0,474,478,20.3,11.1,7.4,75.2,15.9,5.5,2.39,100,4.3,2.3,1.6,15.9,3.4,1.2,0.51,3,40,full-prep,mild,Prepped in 5,Vegetarian,4.13,32810,True,"[{""name"": ""dried oregano"", ""label"": ""Dried oregano (1tsp)"", ""in_box"": 1}, {""name"": ""dried chilli flakes"", ""label"": ""Dried chilli flakes (0.5tsp)"", ""in_box"": 1}, {""name"": ""mini cosberg lettuce"", ""label"": ""Mini cosberg lettuce"", ""in_box"": 1}, {""name"": ""Greek salad cheese"", ""label"": ""Greek salad cheese (100g)"", ""in_box"": 1}, {""name"": ""gnocchi"", ""label"": ""Gnocchi (350g)"", ""in_box"": 1}, {""name"": ""courgette"", ""label"": ""Courgette"", ""in_box"": 1}, {""name"": ""cherry tomatoes"", ""label"": ""Cherry tomatoes (125g)"", ""in_box"": 1}, {""name"": ""red wine vinegar"", ""label"": ""Red wine vinegar (15ml)"", ""in_box"": 1}, {""name"": ""red onion"", ""label"": ""Red onion"", ""in_box"": 1}, {""name"": ""honey"", ""label"": ""Honey (25g)"", ""in_box"": 1}]"
2026-09-29,2026-08-12,b24d81d6-3dc8-4618-9450-0aff36e56271,2869,American-Style Chicken Burger With Bacon Jam & Buttery Corn,True,2.75,704,998,57.1,38.3,8.8,108.0,29.7,10.7,3.03,141,8.1,5.4,1.3,15.3,4.2,1.5,0.43,3,55,full-prep,no spice,Ultimate Fakeaway,Dairy Free,4.4,37380,True,"[{""name"": ""brioche style buns"", ""label"": ""Brioche style buns (2pcs)"", ""in_box"": 1}, {""name"": ""free range egg"", ""label"": ""Free range egg"", ""in_box"": 1}, {""name"": ""chicken breast portions"", ""label"": ""Chicken breast portions (2pcs)"", ""in_box"": 1}, {""name"": ""ground smoked paprika"", ""label"": ""Ground smoked paprika (2tsp)"", ""in_box"": 1}, {""name"": ""mayonnaise"", ""label"": ""Mayonnaise (25ml)"", ""in_box"": 1}, {""name"": ""smoked streaky bacon"", ""label"": ""Smoked streaky bacon (90g)"", ""in_box"": 1}, {""name"": ""panko breadcrumbs"", ""label"": ""Panko breadcrumbs (40g)"", ""in_box"": 1}, {""name"": ""garlic clove"", ""label"": ""Garlic clove x2"", ""in_box"": 2}, {""name"": ""smoked streaky bacon"", ""label"": ""Smoked streaky bacon (45g)"", ""in_box"": 1}, {""name"": ""cider vinegar"", ""label"": ""Cider vinegar (15ml) x2"", ""in_box"": 2}, {""name"": ""sweetcorn cobettes"", ""label"": ""Sweetcorn cobettes (2pcs)"", ""in_box"": 1}, {""name"": ""red onion"", ""label"": ""Red onion"", ""in_box"": 1}, {""name"": ""sweet potato"", ""label"": ""Sweet potato x2"", ""in_box"": 2}, {""name"": ""honey"", ""label"": ""Honey (25g)"", ""in_box"": 1}]"
2026-09-29,2026-08-12,1891766d-9d1a-4606-9fa8-c7364e13438a,4149,Arrabbiata With Tomato & Mozzarella Tortelloni & Tenderstem Broccoli,False,0.0,295,440,21.9,14.9,6.0,55.6,11.3,5.5,2.1,149,7.4,5.1,2.0,18.8,3.8,1.9,0.71,2,10,full-prep,spicy,Pasta Pronto,Vegetarian,4.42,18671,True,"[{""name"": ""dried chilli flakes"", ""label"": ""Dried chilli flakes (1tsp)"", ""in_box"": 1}, {""name"": ""finely chopped tomatoes"", ""label"": ""Finely chopped tomatoes (200g)"", ""in_box"": 1}, {""name"": ""Tenderstem broccoli"", ""label"": ""Tenderstem broccoli (80g)"", ""in_box"": 1}, {""name"": ""garlic clove"", ""label"": ""Garlic clove x2"", ""in_box"": 2}, {""name"": ""tomato & mozzarella tortelloni"", ""label"": ""Tomato & mozzarella tortelloni (250g)"", ""in_box"": 1}, {""name"": ""basil"", ""label"": ""Basil (5g)"", ""in_box"": 1}, {""name"": ""Italian hard cheese"", ""label"": ""Italian hard cheese (20g)"", ""in_box"": 1}, {""name"": ""vegetable stock mix"", ""label"": ""Vegetable stock mix (5.5g)"", ""in_box"": 1}, {""name"": ""tomato paste"", ""label"": ""Tomato paste (16g)"", ""in_box"": 1}]"
2026-09-29,2026-08-12,cf76a090-cda2-4d17-8119-6bbe2196ecba,2197,"Aussie-Style Mozzarella, Avocado & Sesame Salad",False,0.0,396,637,21.9,36.2,12.9,55.9,13.3,6.9,2.24,161,5.5,9.1,3.3,14.1,3.4,1.7,0.57,3,25,full-prep,no spice,20 minute meals,Vegetarian,4.36,5512,True,"[{""name"": ""dried oregano"", ""label"": ""Dried oregano (1tsp)"", ""in_box"": 1}, {""name"": ""spring onion"", ""label"": ""Spring onion x2"", ""in_box"": 2}, {""name"": ""ciabatta"", ""label"": ""Ciabatta x2"", ""in_box"": 2}, {""name"": ""avocado"", ""label"": ""Avocado"", ""in_box"": 1}, {""name"": ""toasted sesame oil"", ""label"": ""Toasted sesame oil (10ml)"", ""in_box"": 1}, {""name"": ""mozzarella"", ""label"": ""Mozzarella (125g)"", ""in_box"": 1}, {""name"": ""black sesame seeds"", ""label"": ""Black sesame seeds (5g)"", ""in_box"": 1}, {""name"": ""soy sauce"", ""label"": ""Soy sauce (15ml)"", ""in_box"": 1}, {""name"": ""gem lettuce"", ""label"": ""Gem lettuce"", ""in_box"": 1}, {""name"": ""cherry tomatoes"", ""label"": ""Cherry tomatoes (125g)"", ""in_box"": 1}, {""name"": ""red wine vinegar"", ""label"": ""Red wine vinegar (15ml)"", ""in_box"": 1}, {""name"": ""honey"", ""label"": ""Honey (25g)"", ""in_box"": 1}]"
2026-09-29,2026-08-12,44a1f76d-9d3c-407a-b889-208fb31a4778,11802,Bacon & Mushroom Alfredo,False,0.0,,605,26.1,21.4,,73.0,,3.5,1.9,,,,,,,,,1,10,full-prep,no spice,10-Minute,,4.42,2493,True,
2026-09-29,2026-08-12,ba5aa8c0-e6ab-4c05-aa45-4b93e44e7e72,7837,Bacon Cheeseburger With Garlic Butter Fries And Truffle Mayo,True,2.75,,1109,47.0,66.5,,80.8,,7.7,2.49,,,,,,,,,1,45,full-prep,no spice,Ultimate Fakeaway,,4.6,470,True,
2026-09-29,2026-08-12,3ce81137-7c3d-463a-97bd-156cdc488cda,5135,Bacon Wrapped Cod With Asparagus & Creamy Dill Sauce,True,4.25,541,504,36.1,25.1,12.1,35.6,7.4,6.2,2.36,93,6.7,4.6,2.2,6.6,1.4,1.1,0.44,1,35,full-prep,no spice,Fine Dine In,Gluten Free,4.48,499,True,"[{""name"": ""chicken stock mix"", ""label"": ""Chicken stock mix (5.5g)"", ""in_box"": 1}, {""name"": ""asparagus spears"", ""label"": ""Asparagus spears (120g)"", ""in_box"": 1}, {""name"": ""waxy potatoes"", ""label"": ""Waxy potatoes (350g)"", ""in_box"": 1}, {""name"": ""cod fillets"", ""label"": ""Cod fillets (2pcs)"", ""in_box"": 1}, {""name"": ""smoked streaky bacon"", ""label"": ""Smoked streaky bacon (90g)"", ""in_box"": 1}, {""name"": ""garlic clove"", ""label"": ""Garlic clove"", ""in_box"": 1}, {""name"": ""lemon"", ""label"": ""Lemon"", ""in_box"": 1}, {""name"": ""soft cheese"", ""label"": ""Soft cheese (50g) x2"", ""in_box"": 2}, {""name"": ""fine green beans"", ""label"": ""Fine green beans (80g)"", ""in_box"": 1}, {""name"": ""dill"", ""label"": ""Dill (5g)"", ""in_box"": 1}, {""name"": ""chives"", ""label"": ""Chives (5g)"", ""in_box"": 1}]"
2026-09-29,2026-08-12,d450d154-f559-4cdb-aa84-c3eaf82d367e,14342,Battered Basa With Salt & Vinegar Chips And Mushy Peas,False,0.0,,489,28.1,22.3,,45.7,,7.8,1.02,,,,,,,,,1,35,full-prep,no spice,Classic Fakeaways,Dairy Free,4.44,829,True,
2026-09-29,2026-08-12,8b81ae96-9778-42a3-bfbe-027f0e6e1fd6,7345,BBQ Butter Chicken With Sweet Potato Mash And Chilli Greens,False,0.0,464,437,33.9,5.5,1.3,65.5,21.4,8.3,0.82,94,7.3,1.2,0.3,14.1,4.6,1.8,0.18,3,35,full-prep,spicy,Family Kitchen,Dairy Free,4.24,4866,True,"[{""name"": ""green chilli"", ""label"": ""Green chilli"", ""in_box"": 1}, {""name"": ""BBQ sauce"", ""label"": ""BBQ sauce (40g)"", ""in_box"": 1}, {""name"": ""spring onion"", ""label"": ""Spring onion"", ""in_box"": 1}, {""name"": ""chicken breast portions"", ""label"": ""Chicken breast portions (2pcs)"", ""in_box"": 1}, {""name"": ""ground smoked paprika"", ""label"": ""Ground smoked paprika (1tsp)"", ""in_box"": 1}, {""name"": ""panko breadcrumbs"", ""label"": ""Panko breadcrumbs (30g)"", ""in_box"": 1}, {""name"": ""fine green beans"", ""label"": ""Fine green beans (160g)"", ""in_box"": 1}, {""name"": ""white wine vinegar"", ""label"": ""White wine vinegar (15ml)"", ""in_box"": 1}, {""name"": ""sweet potato"", ""label"": ""Sweet potato x2"", ""in_box"": 2}]"
2026-09-29,2026-08-12,4109cabb-3369-4dba-8333-701d2506c29d,1618,BBQ Pork Belly With Apple Slaw And Chips,False,0.0,533,788,33.0,51.5,12.6,51.7,20.8,7.8,0.98,147,6.2,9.7,2.4,9.7,3.9,1.5,0.18,2,60,full-prep,mild,Takeaway Night,Dairy Free; Gluten Free,4.29,33703,True,"[{""name"": ""apple"", ""label"": ""Apple"", ""in_box"": 1}, {""name"": ""pork belly"", ""label"": ""Pork belly (300g)"", ""in_box"": 1}, {""name"": ""tomato ketchup"", ""label"": ""Tomato ketchup (30ml)"", ""in_box"": 1}, {""name"": ""spring onion"", ""label"": ""Spring onion"", ""in_box"": 1}, {""name"": ""mayonnaise"", ""label"": ""Mayonnaise (50ml)"", ""in_box"": 1}, {""name"": ""Henderson's Relish"", ""label"": ""Henderson's Relish (15ml)"", ""in_box"": 1}, {""name"": ""cider vinegar"", ""label"": ""Cider vinegar (15ml)"", ""in_box"": 1}, {""name"": ""carrot"", ""label"": ""Carrot x2"", ""in_box"": 2}, {""name"": ""white wine vinegar"", ""label"": ""White wine vinegar (15ml)"", ""in_box"": 1}, {""name"": ""white potato"", ""label"": ""White potato x3"", ""in_box"": 3}]"
2026-09-29,2026-08-12,b72e5055-17e5-46e5-bde2-81a7fb95bb46,14134,"Beef Meatballs With Mash, Tenderstem Broccoli & Onion Gravy",False,0.0,374,463,31.5,22.4,8.9,35.2,10.9,6.4,0.93,123,8.4,6.0,2.4,9.4,2.9,1.7,0.25,2,20,full-prep,no spice,Nutrient Rich,Dairy Free; Gluten Free,4.28,1695,True,"[{""name"": ""gravy base"", ""label"": ""Gravy base (14g)"", ""in_box"": 1}, {""name"": ""cornflour"", ""label"": ""Cornflour (1tsp)"", ""in_box"": 1}, {""name"": ""beef mince"", ""label"": ""Beef mince (250g)"", ""in_box"": 1}, {""name"": ""garlic clove"", ""label"": ""Garlic clove"", ""in_box"": 1}, {""name"": ""brown onion"", ""label"": ""Brown onion"", ""in_box"": 1}, {""name"": ""tomato paste"", ""label"": ""Tomato paste (16g)"", ""in_box"": 1}, {""name"": ""Tenderstem broccoli"", ""label"": ""Tenderstem broccoli (160g)"", ""in_box"": 1}, {""name"": ""white potato"", ""label"": ""White potato x2"", ""in_box"": 2}, {""name"": ""onion marmalade"", ""label"": ""Onion marmalade (20g)"", ""in_box"": 1}]"
2026-09-29,2026-08-12,d889b589-8a14-4e5e-9bbb-7c2cde59ed5c,2351,Beetroot Hummus & Roast Veg Buddha Bowl,False,0.0,527,443,20.5,10.6,1.8,64.4,20.0,17.6,0.2,84,3.9,2.0,0.3,12.2,3.8,3.3,0.04,5,35,full-prep,no spice,Veg Boost,Vegan; Vegetarian; Dairy Free,4.08,17222,True,"[{""name"": ""ground cumin"", ""label"": ""Ground cumin (1tsp)"", ""in_box"": 1}, {""name"": ""garlic clove"", ""label"": ""Garlic clove"", ""in_box"": 1}, {""name"": ""chickpeas"", ""label"": ""Chickpeas (390g)"", ""in_box"": 1}, {""name"": ""lemon"", ""label"": ""Lemon"", ""in_box"": 1}, {""name"": ""black sesame seeds"", ""label"": ""Black sesame seeds (5g)"", ""in_box"": 1}, {""name"": ""Tenderstem broccoli"", ""label"": ""Tenderstem broccoli (160g)"", ""in_box"": 1}, {""name"": ""butternut squash cubes"", ""label"": ""Butternut squash cubes (160g)"", ""in_box"": 1}, {""name"": ""cooked beetroot"", ""label"": ""Cooked beetroot (250g)"", ""in_box"": 1}, {""name"": ""rocket"", ""label"": ""Rocket (50g)"", ""in_box"": 1}, {""name"": ""tahini"", ""label"": ""Tahini (15g)"", ""in_box"": 1}, {""name"": ""bulgur wheat"", ""label"": ""Bulgur wheat (75g)"", ""in_box"": 1}]"
2026-09-29,2026-08-12,f60825f3-10b5-403e-b97f-4e958b2a9086,12948,Berbere Sweet Potato Wholemeal Tacos With Green Pineapple Salsa,False,0.0,548,685,13.2,17.7,4.3,116.8,34.9,14.0,1.0,125,2.4,3.2,0.8,21.3,6.4,2.6,0.18,4,35,full-prep,mild,Global Kitchen,Vegan; Vegetarian; Dairy Free,0,0,True,"[{""name"": ""green chilli"", ""label"": ""Green chilli"", ""in_box"": 1}, {""name"": ""pineapple slices"", ""label"": ""Pineapple slices (220g)"", ""in_box"": 1}, {""name"": ""cumin seeds"", ""label"": ""Cumin seeds (1tsp)"", ""in_box"": 1}, {""name"": ""berbere seasoning"", ""label"": ""Berbere seasoning (1tbsp)"", ""in_box"": 1}, {""name"": ""vegan mayonnaise"", ""label"": ""Vegan mayonnaise (25ml)"", ""in_box"": 1}, {""name"": ""wholemeal tortillas"", ""label"": ""Wholemeal tortillas (6pcs)"", ""in_box"": 1}, {""name"": ""garlic clove"", ""label"": ""Garlic clove"", ""in_box"": 1}, {""name"": ""coriander"", ""label"": ""Coriander (10g) x2"", ""in_box"": 2}, {""name"": ""ginger paste"", ""label"": ""Ginger paste (15g)"", ""in_box"": 1}, {""name"": ""lime"", ""label"": ""Lime"", ""in_box"": 1}, {""name"": ""red onion"", ""label"": ""Red onion"", ""in_box"": 1}, {""name"": ""sweet potato"", ""label"": ""Sweet potato x2"", ""in_box"": 2}]"
2026-09-29,2026-08-12,72ededcb-e405-4667-8277-5004ad1d7a19,4712,Broccoli Pesto And Pangrattato With Spinach & Ricotta Ravioli,False,0.0,296,535,22.9,22.5,7.7,59.7,8.7,6.1,2.25,181,7.8,7.6,2.6,20.2,3.0,2.1,0.76,1,10,full-prep,no spice,Pasta Pronto,Vegetarian,4.03,13066,True,"[{""name"": ""panko breadcrumbs"", ""label"": ""Panko breadcrumbs (30g)"", ""in_box"": 1}, {""name"": ""garlic clove"", ""label"": ""Garlic clove"", ""in_box"": 1}, {""name"": ""spinach & ricotta ravioli"", ""label"": ""Spinach & ricotta ravioli (250g)"", ""in_box"": 1}, {""name"": ""lemon"", ""label"": ""Lemon"", ""in_box"": 1}, {""name"": ""grated Italian hard cheese"", ""label"": ""Grated Italian hard cheese (30g)"", ""in_box"": 1}, {""name"": ""Tenderstem broccoli"", ""label"": ""Tenderstem broccoli (160g)"", ""in_box"": 1}, {""name"": ""flaked almonds"", ""label"": ""Flaked almonds (15g)"", ""in_box"": 1}]"
2026-09-29,2026-08-12,f8c84684-d445-4589-a31f-73d610acabd4,7677,Buffalo Chicken Grain Bowl With Yoghurt Ranch,False,0.0,398,479,38.4,10.0,3.7,61.8,8.0,6.3,0.68,120,9.6,2.5,0.9,15.5,2.0,1.6,0.17,2,20,full-prep,spicy,Protein Hit,,3.96,1621,True,"[{""name"": ""dried oregano"", ""label"": ""Dried oregano (1tsp)"", ""in_box"": 1}, {""name"": ""sriracha hot chilli sauce"", ""label"": ""Sriracha hot chilli sauce (8ml) x3"", ""in_box"": 3}, {""name"": ""chicken breast portions"", ""label"": ""Chicken breast portions (2pcs)"", ""in_box"": 1}, {""name"": ""cider vinegar"", ""label"": ""Cider vinegar (30ml)"", ""in_box"": 1}, {""name"": ""garlic clove"", ""label"": ""Garlic clove"", ""in_box"": 1}, {""name"": ""natural yoghurt"", ""label"": ""Natural yoghurt (80g)"", ""in_box"": 1}, {""name"": ""crispy onions"", ""label"": ""Crispy onions (15g)"", ""in_box"": 1}, {""name"": ""cucumber"", ""label"": ""Cucumber (0.5pcs)"", ""in_box"": 1}, {""name"": ""gem lettuce"", ""label"": ""Gem lettuce"", ""in_box"": 1}, {""name"": ""bulgur wheat"", ""label"": ""Bulgur wheat (130g)"", ""in_box"": 1}]"
2026-09-29,2026-08-12,0a0eeae4-c81e-4564-9738-5154053e9812,13119,Buffalo Halloumi Shawarma Kebab,False,0.0,388,627,30.2,33.9,16.7,51.6,9.9,5.6,2.93,161,7.8,8.7,4.3,13.3,2.6,1.5,0.76,2,25,full-prep,spicy,Classic Fakeaways,Vegetarian,4.52,4893,True,"[{""name"": ""sriracha hot chilli sauce"", ""label"": ""Sriracha hot chilli sauce (8ml)"", ""in_box"": 1}, {""name"": ""dried oregano"", ""label"": ""Dried oregano (1tsp)"", ""in_box"": 1}, {""name"": ""ground smoked paprika"", ""label"": ""Ground smoked paprika (2tsp)"", ""in_box"": 1}, {""name"": ""mayonnaise"", ""label"": ""Mayonnaise (25ml)"", ""in_box"": 1}, {""name"": ""garlic clove"", ""label"": ""Garlic clove x2"", ""in_box"": 2}, {""name"": ""sourdough pittas"", ""label"": ""Sourdough pittas (2pcs)"", ""in_box"": 1}, {""name"": ""tomato"", ""label"": ""Tomato x2"", ""in_box"": 2}, {""name"": ""halloumi"", ""label"": ""Halloumi (200g)"", ""in_box"": 1}, {""name"": ""gem lettuce"", ""label"": ""Gem lettuce"", ""in_box"": 1}, {""name"": ""white wine vinegar"", ""label"": ""White wine vinegar (15ml)"", ""in_box"": 1}, {""name"": ""red onion"", ""label"": ""Red onion"", ""in_box"": 1}]"
2026-09-29,2026-08-12,d12cfc86-80a2-4c57-bc75-bac3f8a00990,2806,Butternut Squash Dal With Coconut Raita,False,0.0,384,438,14.2,16.3,12.3,54.8,12.3,11.0,1.82,113,3.7,4.2,3.2,14.3,3.2,2.9,0.47,3,10,full-prep,mild,10-Minute,Vegan; Vegetarian; Dairy Free,4.34,23320,True,"[{""name"": ""wholemeal pittas"", ""label"": ""Wholemeal pittas (2pcs)"", ""in_box"": 1}, {""name"": ""cultured coconut"", ""label"": ""Cultured coconut (80g)"", ""in_box"": 1}, {""name"": ""green lentils"", ""label"": ""Green lentils (380g)"", ""in_box"": 1}, {""name"": ""solid creamed coconut"", ""label"": ""Solid creamed coconut (25g)"", ""in_box"": 1}, {""name"": ""red chilli"", ""label"": ""Red chilli"", ""in_box"": 1}, {""name"": ""curry powder"", ""label"": ""Curry powder (1tbsp)"", ""in_box"": 1}, {""name"": ""black mustard seeds"", ""label"": ""Black mustard seeds (1tsp)"", ""in_box"": 1}, {""name"": ""vegetable stock mix"", ""label"": ""Vegetable stock mix (5.5g)"", ""in_box"": 1}, {""name"": ""ginger & garlic paste"", ""label"": ""Ginger & garlic paste (15g)"", ""in_box"": 1}, {""name"": ""mint sauce"", ""label"": ""Mint sauce (20g)"", ""in_box"": 1}, {""name"": ""butternut squash cubes"", ""label"": ""Butternut squash cubes (160g)"", ""in_box"": 1}, {""name"": ""spinach"", ""label"": ""Spinach (80g)"", ""in_box"": 1}, {""name"": ""cardamom pod"", ""label"": ""Cardamom pod x2"", ""in_box"": 2}]"
2026-09-29,2026-08-12,290beaec-c965-4035-82cd-9a77b4227b13,7441,Butternut Squash Mac & Cheese With Buttery Sage Crumb,False,0.0,300,561,29.2,17.4,10.1,76.1,7.3,7.7,1.56,187,9.7,5.8,3.4,25.4,2.5,2.6,0.52,2,35,full-prep,no spice,Family Kitchen,Vegetarian,4.16,3717,True,"[{""name"": ""cornflour"", ""label"": ""Cornflour (1tsp)"", ""in_box"": 1}, {""name"": ""panko breadcrumbs"", ""label"": ""Panko breadcrumbs (20g)"", ""in_box"": 1}, {""name"": ""umami seasoning"", ""label"": ""Umami seasoning (1tbsp)"", ""in_box"": 1}, {""name"": ""smoked sea salt flakes"", ""label"": ""Smoked sea salt flakes (1g)"", ""in_box"": 1}, {""name"": ""cheddar cheese"", ""label"": ""Cheddar cheese (40g) x2"", ""in_box"": 2}, {""name"": ""dried sage"", ""label"": ""Dried sage (1tsp)"", ""in_box"": 1}, {""name"": ""Tenderstem broccoli"", ""label"": ""Tenderstem broccoli (160g)"", ""in_box"": 1}, {""name"": ""butternut squash cubes"", ""label"": ""Butternut squash cubes (160g)"", ""in_box"": 1}, {""name"": ""macaroni"", ""label"": ""Macaroni (150g)"", ""in_box"": 1}, {""name"": ""Dijon mustard"", ""label"": ""Dijon mustard (5.5g)"", ""in_box"": 1}]"
2026-09-29,2026-08-12,651f2ca2-8f2a-4759-8686-0cc87c3279d5,6332,Buttery Paprika Basa With Pan Con Tomate Potatoes ,False,0.0,513,365,28.7,3.3,0.8,56.9,7.7,8.4,0.38,71,5.6,0.6,0.2,11.1,1.5,1.6,0.07,2,35,full-prep,mild,Modern Bistro,Dairy Free,4.2,7519,True,"[{""name"": ""basa fillets"", ""label"": ""Basa fillets (2pcs)"", ""in_box"": 1}, {""name"": ""ground paprika"", ""label"": ""Ground paprika (1tsp)"", ""in_box"": 1}, {""name"": ""dried oregano"", ""label"": ""Dried oregano (1tsp)"", ""in_box"": 1}, {""name"": ""ciabatta"", ""label"": ""Ciabatta"", ""in_box"": 1}, {""name"": ""garlic clove"", ""label"": ""Garlic clove x2"", ""in_box"": 2}, {""name"": ""tomato"", ""label"": ""Tomato x2"", ""in_box"": 2}, {""name"": ""lemon"", ""label"": ""Lemon"", ""in_box"": 1}, {""name"": ""spring greens"", ""label"": ""Spring greens (150g)"", ""in_box"": 1}, {""name"": ""white potato"", ""label"": ""White potato x3"", ""in_box"": 3}]"
2026-09-29,2026-08-12,93a95e2c-d66f-4751-b5f8-cc082380666b,6036,Cacio E Pepe Sauce With Fresh Tagliatelle,False,0.0,266,648,22.7,26.6,16.3,79.0,3.5,4.0,1.1,243,8.5,10.0,6.1,29.6,1.3,1.5,0.41,1,10,full-prep,mild,Pasta Pronto,Vegetarian,4.33,18718,True,"[{""name"": ""Cornish clotted cream"", ""label"": ""Cornish clotted cream (40g)"", ""in_box"": 1}, {""name"": ""fresh tagliatelle"", ""label"": ""Fresh tagliatelle (250g)"", ""in_box"": 1}, {""name"": ""crispy onions"", ""label"": ""Crispy onions (15g)"", ""in_box"": 1}, {""name"": ""grated Italian hard cheese"", ""label"": ""Grated Italian hard cheese (30g) x2"", ""in_box"": 2}, {""name"": ""vegetable stock mix"", ""label"": ""Vegetable stock mix (5.5g)"", ""in_box"": 1}, {""name"": ""chestnut mushrooms"", ""label"": ""Chestnut mushrooms (160g)"", ""in_box"": 1}, {""name"": ""cracked black pepper"", ""label"": ""Cracked black pepper (2.5g)"", ""in_box"": 1}]"
2026-09-29,2026-08-12,9cffd932-4cf4-4815-81ba-653e082e54cc,9095,Chana Masala-Inspired Bean Bowl With Coconut & Naan,False,0.0,396,529,21.0,17.3,7.2,68.4,10.3,16.1,2.74,133,5.3,4.4,1.8,17.3,2.6,4.1,0.69,3,25,full-prep,spicy,Fibre Fix,Vegan; Vegetarian; Dairy Free,4.46,823,True,"[{""name"": ""mini garlic & coriander naans"", ""label"": ""Mini garlic & coriander naans (2pcs)"", ""in_box"": 1}, {""name"": ""cultured coconut"", ""label"": ""Cultured coconut (80g)"", ""in_box"": 1}, {""name"": ""tamarind & coconut curry paste"", ""label"": ""Tamarind & coconut curry paste (40g)"", ""in_box"": 1}, {""name"": ""tomato paste"", ""label"": ""Tomato paste (32g)"", ""in_box"": 1}, {""name"": ""5 bean medley"", ""label"": ""5 bean medley (240g)"", ""in_box"": 1}, {""name"": ""chickpeas"", ""label"": ""Chickpeas (185g)"", ""in_box"": 1}, {""name"": ""brown onion"", ""label"": ""Brown onion"", ""in_box"": 1}, {""name"": ""crispy onions"", ""label"": ""Crispy onions (15g)"", ""in_box"": 1}, {""name"": ""vegetable stock mix"", ""label"": ""Vegetable stock mix (5.5g)"", ""in_box"": 1}, {""name"": ""spinach"", ""label"": ""Spinach (80g)"", ""in_box"": 1}]"
2026-09-29,2026-08-12,8765576d-2975-43f0-a866-17baa2382281,6262,Cheesy Baked Basa And Pea Greens With Garlic Butter,False,0.0,451,417,33.4,10.5,5.3,50.4,10.2,10.4,0.76,92,7.4,2.3,1.2,11.2,2.3,2.3,0.17,2,35,full-prep,no spice,Family Kitchen,,4.41,26934,True,"[{""name"": ""hake fillets"", ""label"": ""Hake fillets (2pcs)"", ""in_box"": 1}, {""name"": ""leek"", ""label"": ""Leek"", ""in_box"": 1}, {""name"": ""panko breadcrumbs"", ""label"": ""Panko breadcrumbs (20g)"", ""in_box"": 1}, {""name"": ""cheddar cheese"", ""label"": ""Cheddar cheese (40g)"", ""in_box"": 1}, {""name"": ""garlic clove"", ""label"": ""Garlic clove x2"", ""in_box"": 2}, {""name"": ""blanched peas"", ""label"": ""Blanched peas (160g)"", ""in_box"": 1}, {""name"": ""parsley"", ""label"": ""Parsley (10g)"", ""in_box"": 1}, {""name"": ""white potato"", ""label"": ""White potato x3"", ""in_box"": 3}]"
2026-09-29,2026-08-12,72af166a-ef6b-47e1-b372-864882fb8e90,2724,"Cheesy Bubble & Squeak, Fried Egg & Walnut Salad",False,0.0,494,504,27.1,27.2,10.5,40.2,9.4,10.1,0.95,102,5.5,5.5,2.1,8.1,1.9,2.0,0.19,2,45,full-prep,no spice,Modern Bistro,Vegetarian,4.13,750,True,"[{""name"": ""free range egg"", ""label"": ""Free range egg x2"", ""in_box"": 2}, {""name"": ""leek"", ""label"": ""Leek"", ""in_box"": 1}, {""name"": ""cheddar cheese"", ""label"": ""Cheddar cheese (40g)"", ""in_box"": 1}, {""name"": ""dried thyme"", ""label"": ""Dried thyme (0.5tsp)"", ""in_box"": 1}, {""name"": ""garlic clove"", ""label"": ""Garlic clove x2"", ""in_box"": 2}, {""name"": ""baby leaf salad"", ""label"": ""Baby leaf salad (50g)"", ""in_box"": 1}, {""name"": ""walnuts"", ""label"": ""Walnuts (25g)"", ""in_box"": 1}, {""name"": ""grated Italian hard cheese"", ""label"": ""Grated Italian hard cheese (30g)"", ""in_box"": 1}, {""name"": ""cider vinegar"", ""label"": ""Cider vinegar (15ml)"", ""in_box"": 1}, {""name"": ""spring greens"", ""label"": ""Spring greens (150g)"", ""in_box"": 1}, {""name"": ""red onion"", ""label"": ""Red onion"", ""in_box"": 1}, {""name"": ""white potato"", ""label"": ""White potato x3"", ""in_box"": 3}, {""name"": ""Dijon mustard"", ""label"": ""Dijon mustard (5.5g)"", ""in_box"": 1}]"
2026-09-29,2026-08-12,23149eac-5ee1-4133-a5ed-7009c6dd994c,15620,Cheesy Leek and Marmite Pulled Shiitake Mushroom Pasta,False,0.0,,848,31.1,31.9,,88.7,,19.7,2.68,,,,,,,,,1,10,full-prep,no spice,10-Minute,Vegetarian,0,0,True,
2026-09-29,2026-08-12,033d23bb-9129-40f6-a689-5a4927871fe0,2459,Cheesy Mozzarella & Pesto Chicken With Caprese Bake,False,0.0,532,572,43.8,27.5,10.5,38.8,10.0,5.9,1.31,107,8.2,5.2,2.0,7.3,1.9,1.1,0.24,2,35,full-prep,no spice,Modern Bistro,Gluten Free,4.09,14334,True,"[{""name"": ""chicken breast portions"", ""label"": ""Chicken breast portions (2pcs)"", ""in_box"": 1}, {""name"": ""mozzarella"", ""label"": ""Mozzarella (125g)"", ""in_box"": 1}, {""name"": ""traditional Italian pesto"", ""label"": ""Traditional Italian pesto (45g)"", ""in_box"": 1}, {""name"": ""cherry tomatoes"", ""label"": ""Cherry tomatoes (250g)"", ""in_box"": 1}, {""name"": ""balsamic vinegar"", ""label"": ""Balsamic vinegar (15ml)"", ""in_box"": 1}, {""name"": ""red onion"", ""label"": ""Red onion"", ""in_box"": 1}, {""name"": ""white potato"", ""label"": ""White potato x3"", ""in_box"": 3}]"
2026-09-29,2026-08-12,d23f323b-627e-479c-9825-5105c7624c0d,5391,Cheesy Veggie Stromboli With Balsamic Salad,False,0.0,455,647,33.0,13.4,8.0,106.4,10.7,7.9,2.52,142,7.2,3.0,1.8,23.4,2.4,1.7,0.55,4,50,full-prep,mild,Modern Bistro,Vegetarian,3.94,1016,True,"[{""name"": ""dried chilli flakes"", ""label"": ""Dried chilli flakes (0.5tsp)"", ""in_box"": 1}, {""name"": ""dried yeast"", ""label"": ""Dried yeast (7g)"", ""in_box"": 1}, {""name"": ""finely chopped tomatoes"", ""label"": ""Finely chopped tomatoes (200g)"", ""in_box"": 1}, {""name"": ""pizza base mix"", ""label"": ""Pizza base mix (250g)"", ""in_box"": 1}, {""name"": ""dried oregano"", ""label"": ""Dried oregano (1tsp)"", ""in_box"": 1}, {""name"": ""garlic clove"", ""label"": ""Garlic clove x2"", ""in_box"": 2}, {""name"": ""dried basil"", ""label"": ""Dried basil (1tsp)"", ""in_box"": 1}, {""name"": ""baby leaf salad"", ""label"": ""Baby leaf salad (50g)"", ""in_box"": 1}, {""name"": ""brown onion"", ""label"": ""Brown onion"", ""in_box"": 1}, {""name"": ""vegetable stock mix"", ""label"": ""Vegetable stock mix (5.5g)"", ""in_box"": 1}, {""name"": ""mozzarella"", ""label"": ""Mozzarella (125g)"", ""in_box"": 1}, {""name"": ""chestnut mushrooms"", ""label"": ""Chestnut mushrooms (80g)"", ""in_box"": 1}, {""name"": ""spinach"", ""label"": ""Spinach (80g)"", ""in_box"": 1}, {""name"": ""balsamic vinegar"", ""label"": ""Balsamic vinegar (15ml)"", ""in_box"": 1}]"
2026-09-29,2026-08-12,03582089-2a3d-4a4c-b34e-05fe6c87c848,5125,Chicken Satay Salad With Pickled Cucumber,False,0.0,354,530,37.3,20.8,10.1,45.4,4.4,6.3,1.39,149,10.5,5.9,2.8,12.8,1.3,1.8,0.39,2,40,full-prep,mild,Global Kitchen,Dairy Free,4.43,3304,True,"[{""name"": ""chicken breast strips"", ""label"": ""Chicken breast strips (250g)"", ""in_box"": 1}, {""name"": ""solid creamed coconut"", ""label"": ""Solid creamed coconut (25g)"", ""in_box"": 1}, {""name"": ""dried chilli flakes"", ""label"": ""Dried chilli flakes (0.5tsp)"", ""in_box"": 1}, {""name"": ""soy sauce"", ""label"": ""Soy sauce (8ml)"", ""in_box"": 1}, {""name"": ""curry powder"", ""label"": ""Curry powder (1tbsp)"", ""in_box"": 1}, {""name"": ""cucumber"", ""label"": ""Cucumber (0.5pcs)"", ""in_box"": 1}, {""name"": ""rice vinegar"", ""label"": ""Rice vinegar (30ml)"", ""in_box"": 1}, {""name"": ""gem lettuce"", ""label"": ""Gem lettuce"", ""in_box"": 1}, {""name"": ""smooth peanut butter"", ""label"": ""Smooth peanut butter (26g)"", ""in_box"": 1}, {""name"": ""brown long grain rice"", ""label"": ""Brown long grain rice (100g)"", ""in_box"": 1}]"
2026-09-29,2026-08-12,a8426c11-3b0b-4014-8f6b-0088319ca8c4,10915,Chicken Teriyaki With Rice And Peas,False,0.0,,497,37.9,10.2,,66.7,,5.5,2.68,,,,,,,,,1,40,full-prep,mild,Global Kitchen,Dairy Free,4.46,369,True,
2026-09-29,2026-08-12,5747b691-c09d-4c68-bacd-fbd81dea65e5,8253,Chicken Thigh & Chickpea Tikka Masala With Brown Rice And Naan,False,0.0,492,727,43.3,21.4,5.3,88.3,12.2,12.0,2.57,147,8.8,4.3,1.1,17.9,2.5,2.4,0.52,3,30,full-prep,mild,Fibre Fix,,4.08,465,True,"[{""name"": ""mini garlic & coriander naans"", ""label"": ""Mini garlic & coriander naans (2pcs)"", ""in_box"": 1}, {""name"": ""intense chicken stock mix"", ""label"": ""Intense chicken stock mix (5.5g)"", ""in_box"": 1}, {""name"": ""diced chicken thigh"", ""label"": ""Diced chicken thigh (250g)"", ""in_box"": 1}, {""name"": ""tomato paste"", ""label"": ""Tomato paste (32g)"", ""in_box"": 1}, {""name"": ""garam masala"", ""label"": ""Garam masala (1tsp)"", ""in_box"": 1}, {""name"": ""curry powder"", ""label"": ""Curry powder (1tbsp)"", ""in_box"": 1}, {""name"": ""chickpeas"", ""label"": ""Chickpeas (390g)"", ""in_box"": 1}, {""name"": ""brown onion"", ""label"": ""Brown onion"", ""in_box"": 1}, {""name"": ""natural yoghurt"", ""label"": ""Natural yoghurt (80g)"", ""in_box"": 1}, {""name"": ""ginger & garlic paste"", ""label"": ""Ginger & garlic paste (15g)"", ""in_box"": 1}, {""name"": ""spinach"", ""label"": ""Spinach (80g)"", ""in_box"": 1}, {""name"": ""brown long grain rice"", ""label"": ""Brown long grain rice (100g)"", ""in_box"": 1}]"
2026-09-29,2026-08-12,010ec2d4-e7e0-41c8-bc8f-e5fc176beb7f,2051,Chicken Tikka Masala With Rice,False,0.0,310,633,40.8,19.7,8.8,73.2,17.7,4.4,1.39,204,13.2,6.3,2.9,23.6,5.7,1.4,0.45,1,30,full-prep,mild,Takeaway Night,Gluten Free,4.4,35606,True,
2026-09-29,2026-08-12,70fdf51b-1c17-471a-941e-47c2a7ac5d86,15802,Chicken Tikka Masala With Saffron Rice,True,1.0,391,512,29.7,20.3,6.3,47.3,11.3,10.6,2.89,130,7.6,5.2,1.6,12.1,2.9,2.7,0.74,2,7,heat-only,mild,Heat & Eat,,3.94,171,True,"[{""name"": ""chicken tikka masala with saffron rice"", ""label"": ""Chicken tikka masala with saffron rice (420g) x2"", ""in_box"": 2}]"
2026-09-29,2026-08-12,a722c971-7218-4b6e-848d-c93faf8d1278,7647,"Chicken, Bacon & Red Wine Chasseur With Crushed Potatoes",True,2.25,473,439,43.1,13.7,4.4,37.7,7.3,6.8,2.9,92,9.1,2.9,0.9,8.0,1.6,1.4,0.61,1,10,full-prep,no spice,Fine Dine In,Dairy Free; Gluten Free,4.35,975,True,"[{""name"": ""gravy base"", ""label"": ""Gravy base (14g)"", ""in_box"": 1}, {""name"": ""red wine paste"", ""label"": ""Red wine paste (10g)"", ""in_box"": 1}, {""name"": ""waxy potatoes"", ""label"": ""Waxy potatoes (350g)"", ""in_box"": 1}, {""name"": ""diced chicken breast"", ""label"": ""Diced chicken breast (250g)"", ""in_box"": 1}, {""name"": ""bacon lardons"", ""label"": ""Bacon lardons (100g)"", ""in_box"": 1}, {""name"": ""garlic clove"", ""label"": ""Garlic clove"", ""in_box"": 1}, {""name"": ""shallot"", ""label"": ""Shallot x2"", ""in_box"": 2}, {""name"": ""tomato paste"", ""label"": ""Tomato paste (16g)"", ""in_box"": 1}, {""name"": ""Tenderstem broccoli"", ""label"": ""Tenderstem broccoli (160g)"", ""in_box"": 1}]"
2026-09-29,2026-08-12,6d7f0590-696f-48c4-8755-82e55cf11725,15517,"Chicken, Bacon & Red Wine Chasseur With Crushed Potatoes",True,2.25,473,439,43.1,13.7,4.4,37.7,7.3,6.8,2.9,92,9.1,2.9,0.9,8.0,1.6,1.4,0.61,1,10,full-prep,no spice,Fine Dine In,Dairy Free; Gluten Free,4.47,144,True,"[{""name"": ""gravy base"", ""label"": ""Gravy base (14g)"", ""in_box"": 1}, {""name"": ""red wine paste"", ""label"": ""Red wine paste (10g)"", ""in_box"": 1}, {""name"": ""waxy potatoes"", ""label"": ""Waxy potatoes (350g)"", ""in_box"": 1}, {""name"": ""diced chicken breast"", ""label"": ""Diced chicken breast (250g)"", ""in_box"": 1}, {""name"": ""bacon lardons"", ""label"": ""Bacon lardons (100g)"", ""in_box"": 1}, {""name"": ""garlic clove"", ""label"": ""Garlic clove"", ""in_box"": 1}, {""name"": ""shallot"", ""label"": ""Shallot x2"", ""in_box"": 2}, {""name"": ""tomato paste"", ""label"": ""Tomato paste (16g)"", ""in_box"": 1}, {""name"": ""Tenderstem broccoli"", ""label"": ""Tenderstem broccoli (160g)"", ""in_box"": 1}]"
2026-09-29,2026-08-12,355e3e92-01f4-4744-b42e-3af1fb0984f2,2418,"Chickpea, Spinach & Coconut Curry With Rice",False,0.0,426,505,15.0,17.5,9.5,67.9,12.3,12.5,1.68,118,3.5,4.1,2.2,15.9,2.9,2.9,0.39,3,10,full-prep,spicy,10-Minute,Vegan; Vegetarian; Dairy Free; Gluten Free,4.41,23635,True,"[{""name"": ""cooked white long grain rice"", ""label"": ""Cooked white long grain rice (280g)"", ""in_box"": 1}, {""name"": ""mango chutney"", ""label"": ""Mango chutney (20g)"", ""in_box"": 1}, {""name"": ""solid creamed coconut"", ""label"": ""Solid creamed coconut (25g)"", ""in_box"": 1}, {""name"": ""ground turmeric"", ""label"": ""Ground turmeric (1tsp)"", ""in_box"": 1}, {""name"": ""curry powder"", ""label"": ""Curry powder (1tbsp)"", ""in_box"": 1}, {""name"": ""chickpeas"", ""label"": ""Chickpeas (390g)"", ""in_box"": 1}, {""name"": ""vegetable stock mix"", ""label"": ""Vegetable stock mix (5.5g)"", ""in_box"": 1}, {""name"": ""ginger & garlic paste"", ""label"": ""Ginger & garlic paste (15g)"", ""in_box"": 1}, {""name"": ""tomato paste"", ""label"": ""Tomato paste (16g)"", ""in_box"": 1}, {""name"": ""black sesame seeds"", ""label"": ""Black sesame seeds (5g)"", ""in_box"": 1}, {""name"": ""spinach"", ""label"": ""Spinach (120g)"", ""in_box"": 1}, {""name"": ""cherry tomatoes"", ""label"": ""Cherry tomatoes (125g)"", ""in_box"": 1}]"
2026-09-29,2026-08-12,8c9fb992-a1af-4bd5-9cb4-dbbc7ff92bb2,12497,Chilli Double Chicken Breast Cashew Wholewheat Noodles,True,2.2,439,636,69.9,15.8,3.6,51.0,7.0,8.3,2.37,144,15.9,3.6,0.8,11.6,1.6,1.9,0.54,1,10,full-prep,spicy,10-Minute,Dairy Free,4.09,55,True,"[{""name"": ""cornflour"", ""label"": ""Cornflour (1tsp)"", ""in_box"": 1}, {""name"": ""dried chilli flakes"", ""label"": ""Dried chilli flakes (1tsp)"", ""in_box"": 1}, {""name"": ""spring onion"", ""label"": ""Spring onion"", ""in_box"": 1}, {""name"": ""sriracha hot chilli sauce"", ""label"": ""Sriracha hot chilli sauce (8ml)"", ""in_box"": 1}, {""name"": ""diced chicken breast"", ""label"": ""Diced chicken breast (250g) x2"", ""in_box"": 2}, {""name"": ""tomato ketchup"", ""label"": ""Tomato ketchup (15ml)"", ""in_box"": 1}, {""name"": ""wholewheat noodle nests"", ""label"": ""Wholewheat noodle nests (2pcs)"", ""in_box"": 1}, {""name"": ""ginger & garlic paste"", ""label"": ""Ginger & garlic paste (15g)"", ""in_box"": 1}, {""name"": ""soy sauce"", ""label"": ""Soy sauce (15ml)"", ""in_box"": 1}, {""name"": ""Tenderstem broccoli"", ""label"": ""Tenderstem broccoli (160g)"", ""in_box"": 1}, {""name"": ""cashew nuts"", ""label"": ""Cashew nuts (25g)"", ""in_box"": 1}]"
2026-09-29,2026-08-12,33d56b6b-1290-4d14-8951-02edad79e5bf,13345,"Chilli, Garlic & King Prawn Spaghetti",False,0.0,300,449,24.5,3.1,0.6,76.0,7.7,5.6,0.95,149,8.2,1.0,0.2,25.4,2.6,1.9,0.32,1,10,full-prep,spicy,10-Minute,Dairy Free,4.22,1822,True,"[{""name"": ""dried chilli flakes"", ""label"": ""Dried chilli flakes (1tsp)"", ""in_box"": 1}, {""name"": ""raw peeled king prawns"", ""label"": ""Raw peeled king prawns (171g)"", ""in_box"": 1}, {""name"": ""Chinese rice wine"", ""label"": ""Chinese rice wine (30ml)"", ""in_box"": 1}, {""name"": ""roasted garlic paste"", ""label"": ""Roasted garlic paste (15g)"", ""in_box"": 1}, {""name"": ""tomato paste"", ""label"": ""Tomato paste (16g)"", ""in_box"": 1}, {""name"": ""rocket"", ""label"": ""Rocket (50g)"", ""in_box"": 1}, {""name"": ""cherry tomatoes"", ""label"": ""Cherry tomatoes (125g)"", ""in_box"": 1}, {""name"": ""spaghetti"", ""label"": ""Spaghetti (190g)"", ""in_box"": 1}]"
2026-09-29,2026-08-12,c441cfb4-75f0-4ad7-900c-e00462362215,14144,Chinese-Style Ginger & Garlic Basa With Rice And Broccoli,False,0.0,369,446,30.2,9.0,1.9,60.1,12.6,7.9,1.3,120,8.2,2.4,0.5,16.3,3.4,2.1,0.35,2,35,full-prep,spicy,Nutrient Rich,Dairy Free,4.14,1722,True,"[{""name"": ""basa fillets"", ""label"": ""Basa fillets (2pcs)"", ""in_box"": 1}, {""name"": ""white long grain rice"", ""label"": ""White long grain rice (65g)"", ""in_box"": 1}, {""name"": ""cornflour"", ""label"": ""Cornflour (4tbsp)"", ""in_box"": 1}, {""name"": ""garlic clove"", ""label"": ""Garlic clove"", ""in_box"": 1}, {""name"": ""fresh root ginger"", ""label"": ""Fresh root ginger (15g)"", ""in_box"": 1}, {""name"": ""toasted sesame seeds"", ""label"": ""Toasted sesame seeds (5g)"", ""in_box"": 1}, {""name"": ""toasted sesame oil"", ""label"": ""Toasted sesame oil (10ml)"", ""in_box"": 1}, {""name"": ""Chinese rice wine"", ""label"": ""Chinese rice wine (15ml)"", ""in_box"": 1}, {""name"": ""soy sauce"", ""label"": ""Soy sauce (15ml)"", ""in_box"": 1}, {""name"": ""broccoli"", ""label"": ""Broccoli"", ""in_box"": 1}, {""name"": ""honey"", ""label"": ""Honey (25g)"", ""in_box"": 1}]"
2026-09-29,2026-08-12,257190f6-eccc-46cc-a234-f07620a903a5,15023,Classic Creamy Chicken Thigh Pie With Mash & Roast Carrots,False,0.0,,783,35.5,37.2,,79.3,,13.2,1.85,,,,,,,,,3,50,full-prep,no spice,Everyday Favourites,,4.63,138,True,
2026-09-29,2026-08-12,de1f9779-0976-4ec4-b53f-d318224b43e6,6463,Classic Spaghetti With Pork & Beef Meatballs,False,0.0,570,847,50.2,30.1,14.9,94.3,18.4,7.6,2.0,148,8.8,5.3,2.6,16.5,3.2,1.3,0.35,3,45,full-prep,no spice,Modern Bistro,,4.29,997,True,"[{""name"": ""panko breadcrumbs"", ""label"": ""Panko breadcrumbs (20g)"", ""in_box"": 1}, {""name"": ""finely chopped tomatoes"", ""label"": ""Finely chopped tomatoes (200g) x2"", ""in_box"": 2}, {""name"": ""pork & beef mince"", ""label"": ""Pork & beef mince (250g)"", ""in_box"": 1}, {""name"": ""intense beef stock mix"", ""label"": ""Intense beef stock mix (5.5g)"", ""in_box"": 1}, {""name"": ""cheddar cheese"", ""label"": ""Cheddar cheese (40g)"", ""in_box"": 1}, {""name"": ""garlic clove"", ""label"": ""Garlic clove x2"", ""in_box"": 2}, {""name"": ""brown onion"", ""label"": ""Brown onion"", ""in_box"": 1}, {""name"": ""grated Italian hard cheese"", ""label"": ""Grated Italian hard cheese (30g)"", ""in_box"": 1}, {""name"": ""carrot"", ""label"": ""Carrot"", ""in_box"": 1}, {""name"": ""spaghetti"", ""label"": ""Spaghetti (190g)"", ""in_box"": 1}, {""name"": ""balsamic vinegar"", ""label"": ""Balsamic vinegar (15ml)"", ""in_box"": 1}]"
2026-09-29,2026-08-12,2cf95bf2-9b82-4514-9a9a-6c8f17c90966,6038,Creamy Bacon & Pea Sauce With Fresh Orecchiette,False,0.0,278,581,29.5,14.6,6.6,82.8,6.5,7.4,1.6,208,10.6,5.2,2.4,29.7,2.3,2.7,0.57,1,10,full-prep,no spice,Pasta Pronto,,4.1,12179,True,"[{""name"": ""bacon lardons"", ""label"": ""Bacon lardons (100g)"", ""in_box"": 1}, {""name"": ""garlic clove"", ""label"": ""Garlic clove x2"", ""in_box"": 2}, {""name"": ""blanched peas"", ""label"": ""Blanched peas (160g)"", ""in_box"": 1}, {""name"": ""fresh orecchiette"", ""label"": ""Fresh orecchiette (250g)"", ""in_box"": 1}, {""name"": ""basil"", ""label"": ""Basil (5g)"", ""in_box"": 1}, {""name"": ""grated Italian hard cheese"", ""label"": ""Grated Italian hard cheese (30g)"", ""in_box"": 1}]"
2026-09-29,2026-08-12,536351d7-6e96-4500-98a1-326abecb4ed7,1494,Creamy Chicken & Pesto Farfalle With Basil,False,0.0,380,780,47.6,31.5,11.9,81.7,5.8,5.4,2.12,205,12.5,8.3,3.1,21.5,1.5,1.4,0.56,1,25,full-prep,no spice,20 minute meals,,4.31,18219,True,"[{""name"": ""chicken breast strips"", ""label"": ""Chicken breast strips (250g)"", ""in_box"": 1}, {""name"": ""farfalle"", ""label"": ""Farfalle (100g) x2"", ""in_box"": 2}, {""name"": ""cheddar cheese"", ""label"": ""Cheddar cheese (40g)"", ""in_box"": 1}, {""name"": ""vegetable stock mix"", ""label"": ""Vegetable stock mix (5.5g)"", ""in_box"": 1}, {""name"": ""soft cheese"", ""label"": ""Soft cheese (50g)"", ""in_box"": 1}, {""name"": ""basil"", ""label"": ""Basil (10g)"", ""in_box"": 1}, {""name"": ""traditional Italian pesto"", ""label"": ""Traditional Italian pesto (45g)"", ""in_box"": 1}, {""name"": ""spinach"", ""label"": ""Spinach (80g)"", ""in_box"": 1}, {""name"": ""red onion"", ""label"": ""Red onion"", ""in_box"": 1}]"
2026-09-29,2026-08-12,7f8725da-81e2-45f5-b96f-378aa48005e1,8138,"Creamy Chicken Breast, Bacon & Mushroom Stew",True,2.25,562,514,42.6,19.3,8.2,44.3,13.8,6.7,2.28,91,7.6,3.4,1.5,7.9,2.5,1.2,0.41,2,10,full-prep,no spice,Gastropub,Gluten Free,4.57,2629,True,"[{""name"": ""waxy potatoes"", ""label"": ""Waxy potatoes (350g)"", ""in_box"": 1}, {""name"": ""diced chicken breast"", ""label"": ""Diced chicken breast (250g)"", ""in_box"": 1}, {""name"": ""cornflour"", ""label"": ""Cornflour (1tsp)"", ""in_box"": 1}, {""name"": ""bacon lardons"", ""label"": ""Bacon lardons (100g)"", ""in_box"": 1}, {""name"": ""parsley"", ""label"": ""Parsley (5g)"", ""in_box"": 1}, {""name"": ""soft cheese"", ""label"": ""Soft cheese (50g)"", ""in_box"": 1}, {""name"": ""onion marmalade"", ""label"": ""Onion marmalade (40g)"", ""in_box"": 1}, {""name"": ""chicken stock mix"", ""label"": ""Chicken stock mix (5.5g)"", ""in_box"": 1}, {""name"": ""white cup mushrooms"", ""label"": ""White cup mushrooms (160g)"", ""in_box"": 1}, {""name"": ""fine green beans"", ""label"": ""Fine green beans (160g)"", ""in_box"": 1}]"
2026-09-29,2026-08-12,d706eb16-2efe-4bbf-a289-cdc4032a4d10,15261,Creamy Chicken Korma-Style Pilaf With Flaked Almonds,False,0.0,,703,40.0,27.2,,78.1,,9.9,1.98,,,,,,,,,1,35,full-prep,mild,One Pan Wonders,Gluten Free,0,0,True,
2026-09-29,2026-08-12,6eb686fc-1a36-497d-888b-992ec50704fc,5508,Creamy Chorizo & Butternut Squash Farfalle,False,0.0,296,715,25.2,31.7,13.7,87.7,8.8,5.0,2.57,241,8.5,10.7,4.6,29.7,3.0,1.7,0.87,1,25,full-prep,mild,20 minute meals,,4.38,12486,True,"[{""name"": ""chicken stock mix"", ""label"": ""Chicken stock mix (5.5g)"", ""in_box"": 1}, {""name"": ""diced chorizo"", ""label"": ""Diced chorizo (100g)"", ""in_box"": 1}, {""name"": ""garlic clove"", ""label"": ""Garlic clove"", ""in_box"": 1}, {""name"": ""shallot"", ""label"": ""Shallot"", ""in_box"": 1}, {""name"": ""soft cheese"", ""label"": ""Soft cheese (50g) x2"", ""in_box"": 2}, {""name"": ""butternut squash cubes"", ""label"": ""Butternut squash cubes (160g)"", ""in_box"": 1}, {""name"": ""farfalle"", ""label"": ""Farfalle (200g)"", ""in_box"": 1}]"
2026-09-29,2026-08-12,20010e97-ff81-4f75-9d6c-3db3b03a95c5,7927,Creamy Lemon & Garlic Moules Frites,False,0.0,,506,40.4,12.4,,61.6,,9.8,3.51,,,,,,,,,1,35,full-prep,no spice,Modern Bistro,Gluten Free,0,0,True,
2026-09-29,2026-08-12,4f7e2629-27a7-4a80-acd2-a92c227fdf87,1427,Creamy Pork & Mushroom Tortiglioni With Basil,False,0.0,329,717,43.3,27.4,13.6,79.4,4.3,4.7,1.81,217,13.2,8.3,4.1,24.1,1.3,1.4,0.55,1,25,full-prep,no spice,20 minute meals,,4.3,13319,True,"[{""name"": ""intense chicken stock mix"", ""label"": ""Intense chicken stock mix (5.5g)"", ""in_box"": 1}, {""name"": ""pork mince"", ""label"": ""Pork mince (250g)"", ""in_box"": 1}, {""name"": ""cheddar cheese"", ""label"": ""Cheddar cheese (40g)"", ""in_box"": 1}, {""name"": ""garlic clove"", ""label"": ""Garlic clove x2"", ""in_box"": 2}, {""name"": ""basil"", ""label"": ""Basil (5g)"", ""in_box"": 1}, {""name"": ""soft cheese"", ""label"": ""Soft cheese (50g)"", ""in_box"": 1}, {""name"": ""tomato paste"", ""label"": ""Tomato paste (16g)"", ""in_box"": 1}, {""name"": ""chestnut mushrooms"", ""label"": ""Chestnut mushrooms (80g)"", ""in_box"": 1}, {""name"": ""tortiglioni"", ""label"": ""Tortiglioni (200g)"", ""in_box"": 1}]"
2026-09-29,2026-08-12,98ef198c-7e80-4c99-b952-b478b7335585,6836,Creamy Salmon & Courgette Sauce With Fresh Tagliatelle,False,0.0,308,558,25.1,15.8,6.5,78.2,5.0,3.9,2.23,181,8.1,5.1,2.1,25.4,1.6,1.3,0.72,1,10,full-prep,no spice,Pasta Pronto,,3.99,8557,True,"[{""name"": ""crème fraîche"", ""label"": ""Crème fraîche (80g)"", ""in_box"": 1}, {""name"": ""salmon flakes"", ""label"": ""Salmon flakes (100g)"", ""in_box"": 1}, {""name"": ""fresh tagliatelle"", ""label"": ""Fresh tagliatelle (250g)"", ""in_box"": 1}, {""name"": ""intense vegetable stock mix"", ""label"": ""Intense vegetable stock mix (5.5g)"", ""in_box"": 1}, {""name"": ""courgette"", ""label"": ""Courgette"", ""in_box"": 1}, {""name"": ""shallot"", ""label"": ""Shallot"", ""in_box"": 1}]"
2026-09-29,2026-08-12,6d3bd25b-af72-48c3-8e9f-c0af039f34c1,2807,"Crispy Bacon, Lentil & Avocado Salad",False,0.0,340,487,20.0,33.7,10.8,23.1,11.4,8.2,2.07,143,5.9,9.9,3.2,6.8,3.3,2.4,0.61,2,10,full-prep,mild,10-Minute,Gluten Free,4.33,4800,True,"[{""name"": ""green lentils"", ""label"": ""Green lentils (380g)"", ""in_box"": 1}, {""name"": ""bacon lardons"", ""label"": ""Bacon lardons (100g)"", ""in_box"": 1}, {""name"": ""red chilli relish"", ""label"": ""Red chilli relish (40g)"", ""in_box"": 1}, {""name"": ""pumpkin seeds"", ""label"": ""Pumpkin seeds (15g)"", ""in_box"": 1}, {""name"": ""avocado"", ""label"": ""Avocado"", ""in_box"": 1}, {""name"": ""feta"", ""label"": ""Feta (30g)"", ""in_box"": 1}, {""name"": ""cider vinegar"", ""label"": ""Cider vinegar (15ml)"", ""in_box"": 1}, {""name"": ""rocket"", ""label"": ""Rocket (50g)"", ""in_box"": 1}]"
2026-09-29,2026-08-12,22d8225f-efef-4f6a-b25f-4579db73f1b6,1682,Crispy Chicken & Apple Remoulade Sandwich,False,0.0,476,635,39.5,16.2,2.2,84.4,16.3,6.1,1.0,133,8.3,3.4,0.5,17.8,3.4,1.3,0.21,3,35,full-prep,no spice,Modern Bistro,Dairy Free,4.28,5830,True,"[{""name"": ""apple"", ""label"": ""Apple"", ""in_box"": 1}, {""name"": ""chicken breast portions"", ""label"": ""Chicken breast portions (2pcs)"", ""in_box"": 1}, {""name"": ""mayonnaise"", ""label"": ""Mayonnaise (25ml)"", ""in_box"": 1}, {""name"": ""panko breadcrumbs"", ""label"": ""Panko breadcrumbs (40g)"", ""in_box"": 1}, {""name"": ""ciabatta"", ""label"": ""Ciabatta x2"", ""in_box"": 2}, {""name"": ""garlic clove"", ""label"": ""Garlic clove"", ""in_box"": 1}, {""name"": ""shallot"", ""label"": ""Shallot"", ""in_box"": 1}, {""name"": ""cider vinegar"", ""label"": ""Cider vinegar (15ml)"", ""in_box"": 1}, {""name"": ""parsley"", ""label"": ""Parsley (10g)"", ""in_box"": 1}, {""name"": ""gem lettuce"", ""label"": ""Gem lettuce"", ""in_box"": 1}, {""name"": ""sweet potato"", ""label"": ""Sweet potato"", ""in_box"": 1}]"
2026-09-29,2026-08-12,7f04a333-05b7-4713-b7fa-92af7046aa6b,8004,Crispy Chicken Tacos With Red Thai Curry Mayo,False,0.0,376,769,40.2,32.7,5.9,77.8,10.5,5.3,1.76,204,10.7,8.7,1.6,20.7,2.8,1.4,0.47,1,30,full-prep,mild,Takeaway Night,Dairy Free,4.26,3140,True,"[{""name"": ""carrot & cabbage slaw mix"", ""label"": ""Carrot & cabbage slaw mix (160g)"", ""in_box"": 1}, {""name"": ""sriracha hot chilli sauce"", ""label"": ""Sriracha hot chilli sauce (8ml)"", ""in_box"": 1}, {""name"": ""chicken breast portions"", ""label"": ""Chicken breast portions (2pcs)"", ""in_box"": 1}, {""name"": ""ground paprika"", ""label"": ""Ground paprika (1tsp)"", ""in_box"": 1}, {""name"": ""mayonnaise"", ""label"": ""Mayonnaise (50ml)"", ""in_box"": 1}, {""name"": ""plain tortillas"", ""label"": ""Plain tortillas (6pcs)"", ""in_box"": 1}, {""name"": ""panko breadcrumbs"", ""label"": ""Panko breadcrumbs (40g)"", ""in_box"": 1}, {""name"": ""coriander"", ""label"": ""Coriander (5g)"", ""in_box"": 1}, {""name"": ""red Thai curry paste"", ""label"": ""Red Thai curry paste (40g)"", ""in_box"": 1}]"
2026-09-29,2026-08-12,9515030b-6550-4380-b580-dc491cd5fbb5,4501,"Crispy Chicken Thigh, Thai-Style Rice And Peanut Sauce",False,0.0,340,656,34.4,24.5,4.7,79.5,5.7,5.2,1.48,192,10.1,7.2,1.4,23.4,1.7,1.5,0.43,1,40,full-prep,mild,Global Kitchen,Dairy Free; Gluten Free,4.32,9121,True,"[{""name"": ""fish sauce"", ""label"": ""Fish sauce (8ml)"", ""in_box"": 1}, {""name"": ""white basmati rice"", ""label"": ""White basmati rice (130g)"", ""in_box"": 1}, {""name"": ""red chilli"", ""label"": ""Red chilli"", ""in_box"": 1}, {""name"": ""sriracha hot chilli sauce"", ""label"": ""Sriracha hot chilli sauce (8ml)"", ""in_box"": 1}, {""name"": ""diced chicken thigh"", ""label"": ""Diced chicken thigh (250g)"", ""in_box"": 1}, {""name"": ""ground coriander"", ""label"": ""Ground coriander (2tsp)"", ""in_box"": 1}, {""name"": ""cornflour"", ""label"": ""Cornflour (4tbsp)"", ""in_box"": 1}, {""name"": ""garlic clove"", ""label"": ""Garlic clove"", ""in_box"": 1}, {""name"": ""fresh root ginger"", ""label"": ""Fresh root ginger (15g)"", ""in_box"": 1}, {""name"": ""coriander"", ""label"": ""Coriander (10g)"", ""in_box"": 1}, {""name"": ""toasted sesame oil"", ""label"": ""Toasted sesame oil (10ml)"", ""in_box"": 1}, {""name"": ""brown onion"", ""label"": ""Brown onion"", ""in_box"": 1}, {""name"": ""fine green beans"", ""label"": ""Fine green beans (80g)"", ""in_box"": 1}, {""name"": ""smooth peanut butter"", ""label"": ""Smooth peanut butter (26g)"", ""in_box"": 1}]"
2026-09-29,2026-08-12,ab7a9cbe-fd32-4298-8671-09fa0f8713ef,576,Crispy Mushroom Dal With Coriander Chutney,False,0.0,368,413,22.8,12.8,8.9,49.0,9.1,20.6,2.02,112,6.2,3.5,2.4,13.3,2.5,5.6,0.55,3,30,full-prep,mild,Fibre Fix,Vegan; Vegetarian; Dairy Free; Gluten Free,4.43,27122,True,"[{""name"": ""solid creamed coconut"", ""label"": ""Solid creamed coconut (25g)"", ""in_box"": 1}, {""name"": ""dried chilli flakes"", ""label"": ""Dried chilli flakes (0.5tsp)"", ""in_box"": 1}, {""name"": ""red lentils"", ""label"": ""Red lentils (100g)"", ""in_box"": 1}, {""name"": ""intense vegetable stock mix"", ""label"": ""Intense vegetable stock mix (5.5g)"", ""in_box"": 1}, {""name"": ""curry powder"", ""label"": ""Curry powder (1tbsp)"", ""in_box"": 1}, {""name"": ""garlic clove"", ""label"": ""Garlic clove"", ""in_box"": 1}, {""name"": ""flat white mushrooms"", ""label"": ""Flat white mushrooms (150g)"", ""in_box"": 1}, {""name"": ""fresh root ginger"", ""label"": ""Fresh root ginger (15g)"", ""in_box"": 1}, {""name"": ""coriander"", ""label"": ""Coriander (10g) x2"", ""in_box"": 2}, {""name"": ""chickpeas"", ""label"": ""Chickpeas (390g)"", ""in_box"": 1}, {""name"": ""brown onion"", ""label"": ""Brown onion x2"", ""in_box"": 2}, {""name"": ""rice vinegar"", ""label"": ""Rice vinegar (15ml)"", ""in_box"": 1}]"
2026-09-29,2026-08-12,9797765b-e44b-4bd6-a37d-0837ec9441c6,7774,Crispy Tofu With Yellow Thai Curry & Brown Rice,False,0.0,478,623,32.3,25.9,11.0,61.9,7.8,13.4,2.66,130,6.8,5.4,2.3,12.9,1.6,2.8,0.56,2,10,full-prep,mild,10-Minute,Vegan; Vegetarian; Dairy Free; Gluten Free,4.22,519,True,"[{""name"": ""ground turmeric"", ""label"": ""Ground turmeric (0.5tsp)"", ""in_box"": 1}, {""name"": ""cornflour"", ""label"": ""Cornflour (1tbsp)"", ""in_box"": 1}, {""name"": ""curry powder"", ""label"": ""Curry powder (1tbsp)"", ""in_box"": 1}, {""name"": ""garam masala"", ""label"": ""Garam masala (1tbsp)"", ""in_box"": 1}, {""name"": ""cooked brown long grain rice"", ""label"": ""Cooked brown long grain rice (280g)"", ""in_box"": 1}, {""name"": ""courgette"", ""label"": ""Courgette"", ""in_box"": 1}, {""name"": ""gluten free soy sauce"", ""label"": ""Gluten free soy sauce (15ml)"", ""in_box"": 1}, {""name"": ""plain tofu"", ""label"": ""Plain tofu (280g)"", ""in_box"": 1}, {""name"": ""vegetable stock mix"", ""label"": ""Vegetable stock mix (5.5g)"", ""in_box"": 1}, {""name"": ""red Thai curry paste"", ""label"": ""Red Thai curry paste (20g)"", ""in_box"": 1}, {""name"": ""tomato paste"", ""label"": ""Tomato paste (16g)"", ""in_box"": 1}, {""name"": ""coriander"", ""label"": ""Coriander (5g)"", ""in_box"": 1}, {""name"": ""cherry tomatoes"", ""label"": ""Cherry tomatoes (125g)"", ""in_box"": 1}, {""name"": ""solid creamed coconut"", ""label"": ""Solid creamed coconut (25g)"", ""in_box"": 1}]"
2026-09-29,2026-08-12,cb7cd488-ba78-4d39-b8ca-9bc25429bd66,6742,Crispy ‘Nduja & Gremolata With Fresh Orecchiette,False,0.0,261,546,17.7,18.3,8.0,76.5,4.3,4.4,2.45,208,6.8,7.0,3.1,29.3,1.7,1.7,0.94,1,10,full-prep,spicy,Pasta Pronto,,4.36,6561,True,"[{""name"": ""intense chicken stock mix"", ""label"": ""Intense chicken stock mix (5.5g)"", ""in_box"": 1}, {""name"": "" 'Nduja"", ""label"": ""'Nduja (40g)"", ""in_box"": 1}, {""name"": ""garlic clove"", ""label"": ""Garlic clove"", ""in_box"": 1}, {""name"": ""parsley"", ""label"": ""Parsley (5g)"", ""in_box"": 1}, {""name"": ""fresh orecchiette"", ""label"": ""Fresh orecchiette (250g)"", ""in_box"": 1}, {""name"": ""soft cheese"", ""label"": ""Soft cheese (50g)"", ""in_box"": 1}, {""name"": ""tomato paste"", ""label"": ""Tomato paste (16g)"", ""in_box"": 1}, {""name"": ""lime"", ""label"": ""Lime"", ""in_box"": 1}, {""name"": ""rocket"", ""label"": ""Rocket (50g)"", ""in_box"": 1}]"
2026-09-29,2026-08-12,5206d1de-96d5-4fa3-9c8a-99bd22c27364,7237,Cypriot-Style Chicken With Oregano Potatoes & Green Beans,False,0.0,392,376,34.6,11.5,4.4,35.0,4.8,6.8,0.89,96,8.8,2.9,1.1,8.9,1.2,1.7,0.23,1,35,full-prep,no spice,Modern Bistro,Gluten Free,4.31,5024,True,"[{""name"": ""chicken breast portions"", ""label"": ""Chicken breast portions (2pcs)"", ""in_box"": 1}, {""name"": ""dried oregano"", ""label"": ""Dried oregano (1tsp)"", ""in_box"": 1}, {""name"": ""garlic clove"", ""label"": ""Garlic clove"", ""in_box"": 1}, {""name"": ""parsley"", ""label"": ""Parsley (5g)"", ""in_box"": 1}, {""name"": ""balsamic sun-dried tomato paste"", ""label"": ""Balsamic sun-dried tomato paste (30g)"", ""in_box"": 1}, {""name"": ""feta"", ""label"": ""Feta (30g)"", ""in_box"": 1}, {""name"": ""fine green beans"", ""label"": ""Fine green beans (160g)"", ""in_box"": 1}, {""name"": ""white potato"", ""label"": ""White potato x3"", ""in_box"": 3}]"
2026-09-29,2026-08-12,0bba3206-bd00-4162-a13c-59d5416f32ec,3080,DIY Pizza Carbonara Bianca,False,0.0,364,826,43.0,32.0,18.0,98.3,6.0,5.3,3.49,226,11.8,8.8,5.0,27.0,1.6,1.4,0.96,1,55,full-prep,no spice,Modern Bistro,,4.31,10823,True,"[{""name"": ""dried yeast"", ""label"": ""Dried yeast (7g)"", ""in_box"": 1}, {""name"": ""pizza base mix"", ""label"": ""Pizza base mix (250g)"", ""in_box"": 1}, {""name"": ""bacon lardons"", ""label"": ""Bacon lardons (100g)"", ""in_box"": 1}, {""name"": ""garlic clove"", ""label"": ""Garlic clove"", ""in_box"": 1}, {""name"": ""tomato"", ""label"": ""Tomato"", ""in_box"": 1}, {""name"": ""grated Italian hard cheese"", ""label"": ""Grated Italian hard cheese (30g)"", ""in_box"": 1}, {""name"": ""mozzarella"", ""label"": ""Mozzarella (125g)"", ""in_box"": 1}, {""name"": ""soft cheese"", ""label"": ""Soft cheese (50g)"", ""in_box"": 1}, {""name"": ""chives"", ""label"": ""Chives (5g)"", ""in_box"": 1}, {""name"": ""rocket"", ""label"": ""Rocket (50g)"", ""in_box"": 1}, {""name"": ""balsamic vinegar"", ""label"": ""Balsamic vinegar (15ml)"", ""in_box"": 1}]"
2026-09-29,2026-08-12,c4207c66-86e5-434c-9d19-9c59301c0e58,6403,DIY Rosemary & Tomato Focaccia With Goats Cheese & Pine Nuts,False,0.0,334,710,27.7,23.9,8.5,102.4,9.4,7.2,2.19,212,8.3,7.2,2.6,30.7,2.8,2.2,0.66,2,55,full-prep,no spice,Modern Bistro,Vegetarian,4.17,464,True,"[{""name"": ""pizza base mix"", ""label"": ""Pizza base mix (250g)"", ""in_box"": 1}, {""name"": ""sun-dried tomato pesto"", ""label"": ""Sun-dried tomato pesto (45g)"", ""in_box"": 1}, {""name"": ""soft goats' cheese"", ""label"": ""Soft goats' cheese (75g)"", ""in_box"": 1}, {""name"": ""dried yeast"", ""label"": ""Dried yeast (7g)"", ""in_box"": 1}, {""name"": ""baby leaf salad"", ""label"": ""Baby leaf salad (50g)"", ""in_box"": 1}, {""name"": ""pine nuts"", ""label"": ""Pine nuts (15g)"", ""in_box"": 1}, {""name"": ""rosemary"", ""label"": ""Rosemary (5g)"", ""in_box"": 1}, {""name"": ""cherry tomatoes"", ""label"": ""Cherry tomatoes (125g)"", ""in_box"": 1}, {""name"": ""balsamic vinegar"", ""label"": ""Balsamic vinegar (15ml)"", ""in_box"": 1}, {""name"": ""red onion"", ""label"": ""Red onion"", ""in_box"": 1}]"
2026-09-29,2026-08-12,e28b168c-9124-48fa-b0e1-794a35343f20,13711,Double Cod With Lemon Mash And Pesto,True,2.5,603,409,48.6,9.6,5.4,34.8,8.0,4.9,0.9,67,8.1,1.6,0.9,5.8,1.3,0.8,0.15,1,35,full-prep,no spice,Modern Bistro,Gluten Free,0,0,True,"[{""name"": ""waxy potatoes"", ""label"": ""Waxy potatoes (350g)"", ""in_box"": 1}, {""name"": ""cod fillets"", ""label"": ""Cod fillets (2pcs) x2"", ""in_box"": 2}, {""name"": ""cheddar cheese"", ""label"": ""Cheddar cheese (40g)"", ""in_box"": 1}, {""name"": ""garlic clove"", ""label"": ""Garlic clove"", ""in_box"": 1}, {""name"": ""lemon"", ""label"": ""Lemon"", ""in_box"": 1}, {""name"": ""basil"", ""label"": ""Basil (10g)"", ""in_box"": 1}, {""name"": ""parsley"", ""label"": ""Parsley (10g)"", ""in_box"": 1}, {""name"": ""cherry tomatoes"", ""label"": ""Cherry tomatoes (250g)"", ""in_box"": 1}]"
2026-09-29,2026-08-12,ad6954bd-05aa-4523-b905-b77e01c34575,7327,Falafel Stuffed Sourdough Pittas With Zingy Hummus & Salad,False,0.0,471,540,19.2,16.8,1.9,72.6,13.7,14.5,1.46,114,4.1,3.6,0.4,15.4,2.9,3.1,0.31,3,30,full-prep,no spice,Fibre Fix,Vegan; Vegetarian; Dairy Free,4.04,786,True,"[{""name"": ""Moroccan Falafel"", ""label"": ""Moroccan Falafel (171g)"", ""in_box"": 1}, {""name"": ""garlic clove"", ""label"": ""Garlic clove"", ""in_box"": 1}, {""name"": ""sourdough pittas"", ""label"": ""Sourdough pittas (2pcs)"", ""in_box"": 1}, {""name"": ""chickpeas"", ""label"": ""Chickpeas (185g)"", ""in_box"": 1}, {""name"": ""tomato"", ""label"": ""Tomato"", ""in_box"": 1}, {""name"": ""shallot"", ""label"": ""Shallot"", ""in_box"": 1}, {""name"": ""cucumber"", ""label"": ""Cucumber (0.5pcs)"", ""in_box"": 1}, {""name"": ""gem lettuce"", ""label"": ""Gem lettuce"", ""in_box"": 1}, {""name"": ""lime"", ""label"": ""Lime"", ""in_box"": 1}, {""name"": ""tahini"", ""label"": ""Tahini (15g)"", ""in_box"": 1}]"
2026-09-29,2026-08-12,18ae07a1-381e-4a41-9f08-5157f500a61f,7336,"Fiery Honey, Mozzarella & Veggie ‘Nduja Gnocchi",False,0.0,392,568,23.9,18.2,10.8,76.7,16.8,6.1,2.93,144,6.1,4.7,2.8,19.6,4.3,1.6,0.75,2,10,full-prep,spicy,10-Minute,Vegetarian,4.49,8574,True,"[{""name"": ""red pepper"", ""label"": ""Red pepper"", ""in_box"": 1}, {""name"": ""tomato paste"", ""label"": ""Tomato paste (32g)"", ""in_box"": 1}, {""name"": ""gnocchi"", ""label"": ""Gnocchi (350g)"", ""in_box"": 1}, {""name"": ""garlic clove"", ""label"": ""Garlic clove"", ""in_box"": 1}, {""name"": ""baby leaf salad"", ""label"": ""Baby leaf salad (50g)"", ""in_box"": 1}, {""name"": ""vegetable stock mix"", ""label"": ""Vegetable stock mix (5.5g)"", ""in_box"": 1}, {""name"": ""mozzarella"", ""label"": ""Mozzarella (125g)"", ""in_box"": 1}, {""name"": ""vegan 'Nduja"", ""label"": ""Vegan 'Nduja (40g)"", ""in_box"": 1}, {""name"": ""balsamic vinegar"", ""label"": ""Balsamic vinegar (15ml)"", ""in_box"": 1}, {""name"": ""honey"", ""label"": ""Honey (25g)"", ""in_box"": 1}]"
2026-09-29,2026-08-12,8e92cbb6-0e94-4c0d-a610-99c9a8691406,3417,Flaked Salmon Tart With Crispy Potatoes,False,0.0,398,631,20.3,33.2,14.8,63.8,6.0,5.8,1.19,158,5.1,8.4,3.7,16.0,1.5,1.5,0.3,1,40,full-prep,no spice,Modern Bistro,,4.2,26242,True,"[{""name"": ""dried oregano"", ""label"": ""Dried oregano (1tsp)"", ""in_box"": 1}, {""name"": ""crème fraîche"", ""label"": ""Crème fraîche (80g)"", ""in_box"": 1}, {""name"": ""salmon flakes"", ""label"": ""Salmon flakes (100g)"", ""in_box"": 1}, {""name"": ""puff pastry"", ""label"": ""Puff pastry (160g)"", ""in_box"": 1}, {""name"": ""tomato"", ""label"": ""Tomato"", ""in_box"": 1}, {""name"": ""rocket"", ""label"": ""Rocket (50g)"", ""in_box"": 1}, {""name"": ""balsamic vinegar"", ""label"": ""Balsamic vinegar (15ml)"", ""in_box"": 1}, {""name"": ""white potato"", ""label"": ""White potato x3"", ""in_box"": 3}]"
2026-09-29,2026-08-12,68c68d23-8956-4b40-b81e-5c54b16cd92b,2863,Fragrant Japanese-Style Pork Bowl With Edamame,False,0.0,384,753,43.4,29.5,7.6,71.7,5.9,5.5,2.91,196,11.3,7.7,2.0,18.7,1.5,1.4,0.76,1,35,full-prep,no spice,Global Kitchen,Dairy Free,4.22,4890,True,"[{""name"": ""free range egg"", ""label"": ""Free range egg x2"", ""in_box"": 2}, {""name"": ""sushi rice"", ""label"": ""Sushi rice (150g)"", ""in_box"": 1}, {""name"": ""blanched edamame beans"", ""label"": ""Blanched edamame beans (160g)"", ""in_box"": 1}, {""name"": ""pork mince"", ""label"": ""Pork mince (250g)"", ""in_box"": 1}, {""name"": ""fresh root ginger"", ""label"": ""Fresh root ginger (15g)"", ""in_box"": 1}, {""name"": ""toasted sesame oil"", ""label"": ""Toasted sesame oil (10ml)"", ""in_box"": 1}, {""name"": ""shichimi togarashi"", ""label"": ""Shichimi togarashi (2g)"", ""in_box"": 1}, {""name"": ""Chinese rice wine"", ""label"": ""Chinese rice wine (15ml)"", ""in_box"": 1}, {""name"": ""mirin"", ""label"": ""Mirin (15ml)"", ""in_box"": 1}, {""name"": ""soy sauce"", ""label"": ""Soy sauce (30ml)"", ""in_box"": 1}]"
2026-09-29,2026-08-12,dac2b28f-9972-4f8a-9199-e7b60fc8b136,4924,Fragrant Lamb Curry With Cumin Chips & Chilli Tomato Salad,False,0.0,496,490,30.6,18.9,8.0,52.2,10.6,8.0,0.83,98,6.2,3.8,1.6,10.5,2.1,1.6,0.17,2,35,full-prep,spicy,Takeaway Night,Dairy Free; Gluten Free,4.38,3099,True,"[{""name"": ""green chilli"", ""label"": ""Green chilli"", ""in_box"": 1}, {""name"": ""cumin seeds"", ""label"": ""Cumin seeds (1tsp)"", ""in_box"": 1}, {""name"": ""tomato paste"", ""label"": ""Tomato paste (32g)"", ""in_box"": 1}, {""name"": ""garam masala"", ""label"": ""Garam masala (1tsp)"", ""in_box"": 1}, {""name"": ""curry powder"", ""label"": ""Curry powder (1tbsp)"", ""in_box"": 1}, {""name"": ""tomato"", ""label"": ""Tomato x2"", ""in_box"": 2}, {""name"": ""lamb mince"", ""label"": ""Lamb mince (250g)"", ""in_box"": 1}, {""name"": ""ginger & garlic paste"", ""label"": ""Ginger & garlic paste (15g)"", ""in_box"": 1}, {""name"": ""red onion"", ""label"": ""Red onion"", ""in_box"": 1}, {""name"": ""white potato"", ""label"": ""White potato x4"", ""in_box"": 4}]"
2026-09-29,2026-08-12,82a63699-8351-4bbf-a3ad-f0660b92d9bc,14676,Fragrant Red Thai Vegetable Curry,False,0.0,,575,12.1,22.7,,82.5,,10.1,2.73,,,,,,,,,3,35,full-prep,mild,Classic Fakeaways,Vegan; Vegetarian; Dairy Free,4.4,514,True,
2026-09-29,2026-08-12,a405a2cf-54a9-4d39-8305-18994bb99cc7,15663,Fragrant Soy Chicken With Brothy Rice & Crispy Chilli Garlic,False,0.0,,640,36.7,24.5,,68.9,,6.2,2.77,,,,,,,,,2,25,full-prep,spicy,20 minute meals,Dairy Free,0,0,True,
2026-09-29,2026-08-12,0739d866-4bb1-4f1f-bc9a-d7d5e635f0d6,2287,Fragrant Thai Red Chicken Curry,False,0.0,322,566,35.5,17.4,11.0,68.8,7.5,5.3,1.98,175,11.0,5.4,3.4,21.3,2.3,1.6,0.61,1,35,full-prep,mild,Takeaway Night,Dairy Free,4.36,39568,True,"[{""name"": ""white long grain rice"", ""label"": ""White long grain rice (130g)"", ""in_box"": 1}, {""name"": ""fish sauce"", ""label"": ""Fish sauce (8ml)"", ""in_box"": 1}, {""name"": ""chicken breast strips"", ""label"": ""Chicken breast strips (250g)"", ""in_box"": 1}, {""name"": ""solid creamed coconut"", ""label"": ""Solid creamed coconut (25g)"", ""in_box"": 1}, {""name"": ""ground paprika"", ""label"": ""Ground paprika (1tsp)"", ""in_box"": 1}, {""name"": ""fresh root ginger"", ""label"": ""Fresh root ginger (15g)"", ""in_box"": 1}, {""name"": ""brown onion"", ""label"": ""Brown onion"", ""in_box"": 1}, {""name"": ""crispy onions"", ""label"": ""Crispy onions (15g)"", ""in_box"": 1}, {""name"": ""red Thai curry paste"", ""label"": ""Red Thai curry paste (40g)"", ""in_box"": 1}, {""name"": ""sweet pea pods"", ""label"": ""Sweet pea pods (80g)"", ""in_box"": 1}]"
2026-09-29,2026-08-12,b505724c-1d68-446b-b881-0917c085668d,4678,Garlicky Chicken With Tomato & Green Butter Orzo,False,0.0,343,443,40.1,5.0,1.3,58.5,7.0,4.1,1.26,129,11.7,1.4,0.4,17.0,2.0,1.2,0.37,1,40,full-prep,no spice,Modern Bistro,Dairy Free,4.29,11644,True,"[{""name"": ""intense chicken stock mix"", ""label"": ""Intense chicken stock mix (5.5g)"", ""in_box"": 1}, {""name"": ""chicken breast portions"", ""label"": ""Chicken breast portions (2pcs)"", ""in_box"": 1}, {""name"": ""garlic clove"", ""label"": ""Garlic clove"", ""in_box"": 1}, {""name"": ""basil"", ""label"": ""Basil (10g)"", ""in_box"": 1}, {""name"": ""cherry tomatoes"", ""label"": ""Cherry tomatoes (250g)"", ""in_box"": 1}, {""name"": ""red wine vinegar"", ""label"": ""Red wine vinegar (15ml)"", ""in_box"": 1}, {""name"": ""orzo"", ""label"": ""Orzo (150g)"", ""in_box"": 1}]"
2026-09-29,2026-08-12,632df82d-a226-4ff8-8ddf-a7871255271e,12697,Ginger Hoisin Salmon Wholemeal Wraps With Sesame Mayo Slaw,True,2.5,416,941,34.1,57.3,10.2,70.2,16.7,10.3,1.97,226,8.2,13.8,2.5,16.9,4.0,2.5,0.47,2,10,full-prep,no spice,10-Minute,Dairy Free,0,0,True,"[{""name"": ""spring onion"", ""label"": ""Spring onion"", ""in_box"": 1}, {""name"": ""soy sauce"", ""label"": ""Soy sauce (8ml)"", ""in_box"": 1}, {""name"": ""carrot & cabbage slaw mix"", ""label"": ""Carrot & cabbage slaw mix (160g)"", ""in_box"": 1}, {""name"": ""mayonnaise"", ""label"": ""Mayonnaise (50ml)"", ""in_box"": 1}, {""name"": ""skin-on salmon fillets"", ""label"": ""Skin-on salmon fillets (2pcs)"", ""in_box"": 1}, {""name"": ""wholemeal tortillas"", ""label"": ""Wholemeal tortillas (6pcs)"", ""in_box"": 1}, {""name"": ""toasted sesame seeds"", ""label"": ""Toasted sesame seeds (5g)"", ""in_box"": 1}, {""name"": ""toasted sesame oil"", ""label"": ""Toasted sesame oil (10ml)"", ""in_box"": 1}, {""name"": ""crispy onions"", ""label"": ""Crispy onions (15g)"", ""in_box"": 1}, {""name"": ""hoisin sauce"", ""label"": ""Hoisin sauce (40g)"", ""in_box"": 1}, {""name"": ""ginger paste"", ""label"": ""Ginger paste (15g)"", ""in_box"": 1}, {""name"": ""rice vinegar"", ""label"": ""Rice vinegar (15ml)"", ""in_box"": 1}, {""name"": ""black sesame seeds"", ""label"": ""Black sesame seeds (5g)"", ""in_box"": 1}, {""name"": ""spinach"", ""label"": ""Spinach (80g)"", ""in_box"": 1}]"
2026-09-29,2026-08-12,86b17797-7477-4665-9a04-12fb374550aa,5202,Ginger Hoisin Salmon Wraps With Sesame Mayo Slaw,True,2.5,416,948,34.7,56.6,10.1,75.0,16.8,5.9,2.04,228,8.4,13.6,2.4,18.0,4.1,1.4,0.49,2,10,full-prep,no spice,10-Minute,Dairy Free,4.45,1304,True,"[{""name"": ""spring onion"", ""label"": ""Spring onion"", ""in_box"": 1}, {""name"": ""soy sauce"", ""label"": ""Soy sauce (8ml)"", ""in_box"": 1}, {""name"": ""carrot & cabbage slaw mix"", ""label"": ""Carrot & cabbage slaw mix (160g)"", ""in_box"": 1}, {""name"": ""mayonnaise"", ""label"": ""Mayonnaise (50ml)"", ""in_box"": 1}, {""name"": ""plain tortillas"", ""label"": ""Plain tortillas (6pcs)"", ""in_box"": 1}, {""name"": ""skin-on salmon fillets"", ""label"": ""Skin-on salmon fillets (220g)"", ""in_box"": 1}, {""name"": ""toasted sesame seeds"", ""label"": ""Toasted sesame seeds (5g)"", ""in_box"": 1}, {""name"": ""toasted sesame oil"", ""label"": ""Toasted sesame oil (10ml)"", ""in_box"": 1}, {""name"": ""crispy onions"", ""label"": ""Crispy onions (15g)"", ""in_box"": 1}, {""name"": ""hoisin sauce"", ""label"": ""Hoisin sauce (40g)"", ""in_box"": 1}, {""name"": ""ginger paste"", ""label"": ""Ginger paste (15g)"", ""in_box"": 1}, {""name"": ""rice vinegar"", ""label"": ""Rice vinegar (15ml)"", ""in_box"": 1}, {""name"": ""black sesame seeds"", ""label"": ""Black sesame seeds (5g)"", ""in_box"": 1}, {""name"": ""spinach"", ""label"": ""Spinach (80g)"", ""in_box"": 1}]"
2026-09-29,2026-08-12,01e1d39c-745e-462d-986e-95ff52a4f5f1,3491,Goats' Cheese & Spinach Florentine Tart,False,0.0,370,613,22.2,32.9,15.9,57.1,9.2,4.4,0.99,165,6.0,8.9,4.3,15.4,2.5,1.2,0.27,1,40,full-prep,no spice,Modern Bistro,Vegetarian,4.3,5678,True,"[{""name"": ""free range egg"", ""label"": ""Free range egg x2"", ""in_box"": 2}, {""name"": ""puff pastry"", ""label"": ""Puff pastry (160g)"", ""in_box"": 1}, {""name"": ""soft goats' cheese"", ""label"": ""Soft goats' cheese (75g)"", ""in_box"": 1}, {""name"": ""garlic clove"", ""label"": ""Garlic clove"", ""in_box"": 1}, {""name"": ""rocket"", ""label"": ""Rocket (20g)"", ""in_box"": 1}, {""name"": ""spinach"", ""label"": ""Spinach (120g)"", ""in_box"": 1}, {""name"": ""white wine vinegar"", ""label"": ""White wine vinegar (15ml)"", ""in_box"": 1}, {""name"": ""white potato"", ""label"": ""White potato x2"", ""in_box"": 2}, {""name"": ""fig relish"", ""label"": ""Fig relish (25g)"", ""in_box"": 1}]"
2026-09-29,2026-08-12,361e8764-bdef-405c-906c-956349d69145,7429,Green Tikka Masala Chicken Thigh With Tomato & Mint Salad,False,0.0,426,633,35.2,22.4,12.2,74.5,15.4,6.0,1.85,148,8.3,5.3,2.9,17.5,3.6,1.4,0.43,3,25,full-prep,mild,20 minute meals,Gluten Free,4.63,1616,True,"[{""name"": ""intense chicken stock mix"", ""label"": ""Intense chicken stock mix (5.5g)"", ""in_box"": 1}, {""name"": ""white long grain rice"", ""label"": ""White long grain rice (130g)"", ""in_box"": 1}, {""name"": ""green chilli"", ""label"": ""Green chilli"", ""in_box"": 1}, {""name"": ""mango chutney"", ""label"": ""Mango chutney (20g)"", ""in_box"": 1}, {""name"": ""solid creamed coconut"", ""label"": ""Solid creamed coconut (25g)"", ""in_box"": 1}, {""name"": ""diced chicken thigh"", ""label"": ""Diced chicken thigh (250g)"", ""in_box"": 1}, {""name"": ""tomato paste"", ""label"": ""Tomato paste (32g)"", ""in_box"": 1}, {""name"": ""garam masala"", ""label"": ""Garam masala (1tsp)"", ""in_box"": 1}, {""name"": ""curry powder"", ""label"": ""Curry powder (0.5tbsp)"", ""in_box"": 1}, {""name"": ""garlic clove"", ""label"": ""Garlic clove x2"", ""in_box"": 2}, {""name"": ""tomato"", ""label"": ""Tomato x2"", ""in_box"": 2}, {""name"": ""natural yoghurt"", ""label"": ""Natural yoghurt (80g)"", ""in_box"": 1}, {""name"": ""spinach"", ""label"": ""Spinach (80g)"", ""in_box"": 1}, {""name"": ""coriander & mint"", ""label"": ""Coriander & mint (10g)"", ""in_box"": 1}]"
2026-09-29,2026-08-12,f64ddedd-633d-4ea5-8c9d-6a77cba3d62b,849,Halloumi Burger With Wedges And Smoky Tomato Relish,False,0.0,457,636,31.9,24.7,16.0,73.2,5.5,7.2,2.85,139,7.0,5.4,3.5,16.0,1.2,1.6,0.62,1,40,full-prep,mild,Modern Bistro,Vegetarian,4.41,22365,True,"[{""name"": ""dried oregano"", ""label"": ""Dried oregano (1tsp)"", ""in_box"": 1}, {""name"": ""ground smoked paprika"", ""label"": ""Ground smoked paprika (1tsp)"", ""in_box"": 1}, {""name"": ""ciabatta"", ""label"": ""Ciabatta x2"", ""in_box"": 2}, {""name"": ""garlic clove"", ""label"": ""Garlic clove"", ""in_box"": 1}, {""name"": ""tomato"", ""label"": ""Tomato x2"", ""in_box"": 2}, {""name"": ""halloumi"", ""label"": ""Halloumi (200g)"", ""in_box"": 1}, {""name"": ""rocket"", ""label"": ""Rocket (50g)"", ""in_box"": 1}, {""name"": ""red wine vinegar"", ""label"": ""Red wine vinegar (15ml)"", ""in_box"": 1}, {""name"": ""white potato"", ""label"": ""White potato x3"", ""in_box"": 3}]"
2026-09-29,2026-08-12,fdb305c9-1d2f-4b2b-8339-e1049dc14c34,7407,Harissa Chicken Stuffed Sourdough Pitta & Tomato Bulgur,False,0.0,414,720,43.1,17.8,2.3,98.8,8.5,8.7,1.62,174,10.4,4.3,0.5,23.9,2.0,2.1,0.39,2,25,full-prep,spicy,20 minute meals,Dairy Free,4.35,3511,True,"[{""name"": ""chicken stock mix"", ""label"": ""Chicken stock mix (5.5g)"", ""in_box"": 1}, {""name"": ""diced chicken breast"", ""label"": ""Diced chicken breast (250g)"", ""in_box"": 1}, {""name"": ""mayonnaise"", ""label"": ""Mayonnaise (25ml)"", ""in_box"": 1}, {""name"": ""garlic clove"", ""label"": ""Garlic clove"", ""in_box"": 1}, {""name"": ""sourdough pittas"", ""label"": ""Sourdough pittas (2pcs)"", ""in_box"": 1}, {""name"": ""tomato"", ""label"": ""Tomato"", ""in_box"": 1}, {""name"": ""tomato paste"", ""label"": ""Tomato paste (16g)"", ""in_box"": 1}, {""name"": ""harissa paste"", ""label"": ""Harissa paste (40g)"", ""in_box"": 1}, {""name"": ""gem lettuce"", ""label"": ""Gem lettuce"", ""in_box"": 1}, {""name"": ""white wine vinegar"", ""label"": ""White wine vinegar (15ml)"", ""in_box"": 1}, {""name"": ""bulgur wheat"", ""label"": ""Bulgur wheat (130g)"", ""in_box"": 1}]"
2026-09-29,2026-08-12,cc399683-d358-4897-841b-a9180c1a3ce3,8976,Harissa Double Chicken & Roast Veg Bowl,True,1.5,545,709,62.3,20.5,3.2,67.5,9.5,4.7,1.89,130,11.4,3.8,0.6,12.4,1.7,0.9,0.35,2,30,full-prep,spicy,Takeaway Night,Dairy Free; Gluten Free,4.28,71,True,"[{""name"": ""ground sumac"", ""label"": ""Ground sumac (1tsp)"", ""in_box"": 1}, {""name"": ""chicken breast strips"", ""label"": ""Chicken breast strips (250g) x2"", ""in_box"": 2}, {""name"": ""mayonnaise"", ""label"": ""Mayonnaise (25ml)"", ""in_box"": 1}, {""name"": ""intense chicken stock mix"", ""label"": ""Intense chicken stock mix (5.5g)"", ""in_box"": 1}, {""name"": ""garlic clove"", ""label"": ""Garlic clove"", ""in_box"": 1}, {""name"": ""tomato"", ""label"": ""Tomato"", ""in_box"": 1}, {""name"": ""courgette"", ""label"": ""Courgette"", ""in_box"": 1}, {""name"": ""white long grain rice"", ""label"": ""White long grain rice (130g)"", ""in_box"": 1}, {""name"": ""shallot"", ""label"": ""Shallot"", ""in_box"": 1}, {""name"": ""tomato paste"", ""label"": ""Tomato paste (16g)"", ""in_box"": 1}, {""name"": ""harissa paste"", ""label"": ""Harissa paste (40g)"", ""in_box"": 1}, {""name"": ""red wine vinegar"", ""label"": ""Red wine vinegar (15ml)"", ""in_box"": 1}, {""name"": ""red onion"", ""label"": ""Red onion"", ""in_box"": 1}]"
2026-09-29,2026-08-12,5e8e9d4d-bd9a-4a06-8dfe-db3eed800062,5120,Harissa Lamb Meatballs With Turmeric Mash And Feta,False,0.0,380,469,31.6,22.2,10.8,37.3,6.4,5.2,1.27,123,8.3,5.8,2.8,9.8,1.7,1.4,0.33,1,35,full-prep,mild,Global Kitchen,Gluten Free,4.21,2192,True,"[{""name"": ""ground turmeric"", ""label"": ""Ground turmeric (0.5tsp)"", ""in_box"": 1}, {""name"": ""tomato paste"", ""label"": ""Tomato paste (32g)"", ""in_box"": 1}, {""name"": ""garlic clove"", ""label"": ""Garlic clove x2"", ""in_box"": 2}, {""name"": ""tomato"", ""label"": ""Tomato"", ""in_box"": 1}, {""name"": ""shallot"", ""label"": ""Shallot"", ""in_box"": 1}, {""name"": ""feta"", ""label"": ""Feta (30g)"", ""in_box"": 1}, {""name"": ""lamb mince"", ""label"": ""Lamb mince (250g)"", ""in_box"": 1}, {""name"": ""harissa paste"", ""label"": ""Harissa paste (20g)"", ""in_box"": 1}, {""name"": ""chicken stock mix"", ""label"": ""Chicken stock mix (5.5g)"", ""in_box"": 1}, {""name"": ""white potato"", ""label"": ""White potato x3"", ""in_box"": 3}]"
2026-09-29,2026-08-12,b82279cf-21da-4560-9e80-86af2d56a0e9,6471,Harissa Pork & Beef Mince Ragù With Carrot Mash,False,0.0,604,467,32.3,19.6,7.6,43.2,25.0,8.9,1.75,77,5.3,3.3,1.3,7.2,4.1,1.5,0.29,5,40,full-prep,spicy,Calorie Controlled,Gluten Free,4.21,964,True,"[{""name"": ""finely chopped tomatoes"", ""label"": ""Finely chopped tomatoes (200g)"", ""in_box"": 1}, {""name"": ""pork & beef mince"", ""label"": ""Pork & beef mince (250g)"", ""in_box"": 1}, {""name"": ""intense beef stock mix"", ""label"": ""Intense beef stock mix (5.5g)"", ""in_box"": 1}, {""name"": ""garlic clove"", ""label"": ""Garlic clove"", ""in_box"": 1}, {""name"": ""courgette"", ""label"": ""Courgette"", ""in_box"": 1}, {""name"": ""natural yoghurt"", ""label"": ""Natural yoghurt (80g)"", ""in_box"": 1}, {""name"": ""harissa paste"", ""label"": ""Harissa paste (20g)"", ""in_box"": 1}, {""name"": ""carrot"", ""label"": ""Carrot x2"", ""in_box"": 2}, {""name"": ""parsley & mint"", ""label"": ""Parsley & mint (10g)"", ""in_box"": 1}, {""name"": ""red onion"", ""label"": ""Red onion"", ""in_box"": 1}, {""name"": ""sweet potato"", ""label"": ""Sweet potato"", ""in_box"": 1}]"
2026-09-29,2026-08-12,e24b8e87-2724-4c03-9620-6d5fab086d76,8039,Hawaiian Crispy Tofu Loaded Fries With Pineapple & Chilli Sauce,False,0.0,509,639,34.6,28.1,3.1,63.1,13.8,11.0,1.96,125,6.8,5.5,0.6,12.4,2.7,2.2,0.39,1,30,full-prep,mild,Takeaway Night,Vegan; Vegetarian; Dairy Free,4.45,1175,True,"[{""name"": ""carrot & cabbage slaw mix"", ""label"": ""Carrot & cabbage slaw mix (160g)"", ""in_box"": 1}, {""name"": ""plain tofu"", ""label"": ""Plain tofu (280g)"", ""in_box"": 1}, {""name"": ""spring onion"", ""label"": ""Spring onion x2"", ""in_box"": 2}, {""name"": ""pineapple & birds eye chilli sauce"", ""label"": ""Pineapple & birds eye chilli sauce (30g)"", ""in_box"": 1}, {""name"": ""umami seasoning"", ""label"": ""Umami seasoning (1tbsp)"", ""in_box"": 1}, {""name"": ""cornflour"", ""label"": ""Cornflour (1tbsp)"", ""in_box"": 1}, {""name"": ""vegan mayonnaise"", ""label"": ""Vegan mayonnaise (25ml) x2"", ""in_box"": 2}, {""name"": ""ground smoked paprika"", ""label"": ""Ground smoked paprika (2tsp)"", ""in_box"": 1}, {""name"": ""ginger paste"", ""label"": ""Ginger paste (15g)"", ""in_box"": 1}, {""name"": ""soy sauce"", ""label"": ""Soy sauce (15ml)"", ""in_box"": 1}, {""name"": ""white wine vinegar"", ""label"": ""White wine vinegar (15ml)"", ""in_box"": 1}, {""name"": ""white potato"", ""label"": ""White potato x4"", ""in_box"": 4}]"
2026-09-29,2026-08-12,377ca98f-7deb-418d-bda3-3f4ed7846bf6,1084,Herby Chicken Salad With Tomato Dressing & Cheesy Croutons,False,0.0,360,432,40.4,9.6,4.5,44.8,6.4,4.3,0.95,120,11.2,2.7,1.3,12.5,1.8,1.2,0.26,2,35,full-prep,no spice,Modern Bistro,,4.21,2308,True,"[{""name"": ""chicken breast portions"", ""label"": ""Chicken breast portions (2pcs)"", ""in_box"": 1}, {""name"": ""tomato paste"", ""label"": ""Tomato paste (32g)"", ""in_box"": 1}, {""name"": ""ciabatta"", ""label"": ""Ciabatta x2"", ""in_box"": 2}, {""name"": ""dried basil"", ""label"": ""Dried basil (1tsp)"", ""in_box"": 1}, {""name"": ""tomato"", ""label"": ""Tomato x2"", ""in_box"": 2}, {""name"": ""baby leaf salad"", ""label"": ""Baby leaf salad (50g)"", ""in_box"": 1}, {""name"": ""grated Italian hard cheese"", ""label"": ""Grated Italian hard cheese (30g)"", ""in_box"": 1}, {""name"": ""balsamic vinegar"", ""label"": ""Balsamic vinegar (15ml)"", ""in_box"": 1}]"
2026-09-29,2026-08-12,6d538db9-6711-4203-97a8-855ef571eed7,6468,Herby Pork & Beef Gnocchi Bolognese,False,0.0,444,703,40.5,32.0,13.4,64.2,5.2,4.9,2.19,158,9.1,7.2,3.0,14.5,1.2,1.1,0.49,1,10,full-prep,mild,10-Minute,,4.38,2838,True,"[{""name"": ""pork & beef mince"", ""label"": ""Pork & beef mince (250g)"", ""in_box"": 1}, {""name"": ""dried oregano"", ""label"": ""Dried oregano (1tsp)"", ""in_box"": 1}, {""name"": ""dried chilli flakes"", ""label"": ""Dried chilli flakes (0.5tsp)"", ""in_box"": 1}, {""name"": ""finely chopped tomatoes"", ""label"": ""Finely chopped tomatoes (200g)"", ""in_box"": 1}, {""name"": ""gnocchi"", ""label"": ""Gnocchi (350g)"", ""in_box"": 1}, {""name"": ""dried basil"", ""label"": ""Dried basil (1tsp)"", ""in_box"": 1}, {""name"": ""roasted garlic paste"", ""label"": ""Roasted garlic paste (15g)"", ""in_box"": 1}, {""name"": ""grated Italian hard cheese"", ""label"": ""Grated Italian hard cheese (30g)"", ""in_box"": 1}, {""name"": ""basil"", ""label"": ""Basil (10g)"", ""in_box"": 1}, {""name"": ""Marmite"", ""label"": ""Marmite (8g)"", ""in_box"": 1}, {""name"": ""rocket"", ""label"": ""Rocket (20g)"", ""in_box"": 1}]"
2026-09-29,2026-08-12,89d30b64-ee1b-4521-9da4-f24b95ad46dc,15253,Herby Pork Gnocchi Bolognese,False,0.0,444,581,41.9,18.1,7.9,64.1,5.0,4.3,2.2,131,9.4,4.1,1.8,14.4,1.1,1.0,0.5,1,10,full-prep,mild,10-Minute,,4.44,915,True,"[{""name"": ""dried oregano"", ""label"": ""Dried oregano (1tsp)"", ""in_box"": 1}, {""name"": ""dried chilli flakes"", ""label"": ""Dried chilli flakes (0.5tsp)"", ""in_box"": 1}, {""name"": ""finely chopped tomatoes"", ""label"": ""Finely chopped tomatoes (200g)"", ""in_box"": 1}, {""name"": ""gnocchi"", ""label"": ""Gnocchi (350g)"", ""in_box"": 1}, {""name"": ""pork mince"", ""label"": ""Pork mince (250g)"", ""in_box"": 1}, {""name"": ""dried basil"", ""label"": ""Dried basil (1tsp)"", ""in_box"": 1}, {""name"": ""roasted garlic paste"", ""label"": ""Roasted garlic paste (15g)"", ""in_box"": 1}, {""name"": ""grated Italian hard cheese"", ""label"": ""Grated Italian hard cheese (30g)"", ""in_box"": 1}, {""name"": ""basil"", ""label"": ""Basil (10g)"", ""in_box"": 1}, {""name"": ""Marmite"", ""label"": ""Marmite (8g)"", ""in_box"": 1}, {""name"": ""rocket"", ""label"": ""Rocket (20g)"", ""in_box"": 1}]"
2026-09-29,2026-08-12,def73fca-1ceb-4f96-b751-4f43e940aeba,15858,Higgidy Smoked Salmon Quiche With Asparagus & Warm Potato Salad,True,2.0,432,620,20.2,33.1,8.2,63.8,6.5,8.2,1.36,143,4.7,7.6,1.9,14.8,1.5,1.9,0.31,1,25,full-prep,no spice,Semi-Prepped,,4.34,32,True,"[{""name"": ""smoked salmon and spinach quiche"", ""label"": ""Smoked salmon and spinach quiche (155g) x2"", ""in_box"": 2}, {""name"": ""asparagus spears"", ""label"": ""Asparagus spears (120g)"", ""in_box"": 1}, {""name"": ""waxy potatoes"", ""label"": ""Waxy potatoes (350g)"", ""in_box"": 1}, {""name"": ""mayonnaise"", ""label"": ""Mayonnaise (25ml)"", ""in_box"": 1}, {""name"": ""shallot"", ""label"": ""Shallot"", ""in_box"": 1}, {""name"": ""cider vinegar"", ""label"": ""Cider vinegar (15ml)"", ""in_box"": 1}, {""name"": ""dill"", ""label"": ""Dill (5g)"", ""in_box"": 1}, {""name"": ""rocket"", ""label"": ""Rocket (20g)"", ""in_box"": 1}]"
2026-09-29,2026-08-12,29ca7cb9-d1a1-4b85-ad9f-91d21ff6a59b,6254,Hoisin & Pepper Noodle Stir-Fry With Spicy Cashew Crumb,False,0.0,554,539,24.4,12.7,2.4,81.8,17.1,11.2,2.26,97,4.4,2.3,0.4,14.8,3.1,2.0,0.41,3,30,full-prep,spicy,Family Kitchen,Vegan; Vegetarian; Dairy Free,4.01,8822,True,"[{""name"": ""cornflour"", ""label"": ""Cornflour (1tsp)"", ""in_box"": 1}, {""name"": ""red pepper"", ""label"": ""Red pepper"", ""in_box"": 1}, {""name"": ""dried chilli flakes"", ""label"": ""Dried chilli flakes (0.5tsp)"", ""in_box"": 1}, {""name"": ""spring onion"", ""label"": ""Spring onion"", ""in_box"": 1}, {""name"": ""umami seasoning"", ""label"": ""Umami seasoning (1tbsp)"", ""in_box"": 1}, {""name"": ""garlic clove"", ""label"": ""Garlic clove"", ""in_box"": 1}, {""name"": ""fresh root ginger"", ""label"": ""Fresh root ginger (15g)"", ""in_box"": 1}, {""name"": ""toasted sesame oil"", ""label"": ""Toasted sesame oil (10ml)"", ""in_box"": 1}, {""name"": ""brown onion"", ""label"": ""Brown onion"", ""in_box"": 1}, {""name"": ""udon noodles"", ""label"": ""Udon noodles (200g) x2"", ""in_box"": 2}, {""name"": ""hoisin sauce"", ""label"": ""Hoisin sauce (40g)"", ""in_box"": 1}, {""name"": ""soy sauce"", ""label"": ""Soy sauce (15ml)"", ""in_box"": 1}, {""name"": ""broccoli"", ""label"": ""Broccoli"", ""in_box"": 1}, {""name"": ""cashew nuts"", ""label"": ""Cashew nuts (25g)"", ""in_box"": 1}]"
2026-09-29,2026-08-12,3018f057-f644-49ef-b09e-bbf5caedd7f0,6258,Honey Chicken Breast With Tomato & Pepper Rice Bake,False,0.0,431,480,36.0,4.6,1.2,78.4,19.2,5.2,1.28,111,8.3,1.1,0.3,18.2,4.4,1.2,0.3,3,45,full-prep,mild,Family Kitchen,Dairy Free; Gluten Free,4.04,22153,True,"[{""name"": ""intense chicken stock mix"", ""label"": ""Intense chicken stock mix (5.5g)"", ""in_box"": 1}, {""name"": ""red pepper"", ""label"": ""Red pepper"", ""in_box"": 1}, {""name"": ""white basmati rice"", ""label"": ""White basmati rice (130g)"", ""in_box"": 1}, {""name"": ""chicken breast portions"", ""label"": ""Chicken breast portions (2pcs)"", ""in_box"": 1}, {""name"": ""tomato paste"", ""label"": ""Tomato paste (32g)"", ""in_box"": 1}, {""name"": ""ground smoked paprika"", ""label"": ""Ground smoked paprika (2tsp)"", ""in_box"": 1}, {""name"": ""garlic clove"", ""label"": ""Garlic clove"", ""in_box"": 1}, {""name"": ""tomato"", ""label"": ""Tomato"", ""in_box"": 1}, {""name"": ""parsley"", ""label"": ""Parsley (5g)"", ""in_box"": 1}, {""name"": ""lemon"", ""label"": ""Lemon"", ""in_box"": 1}, {""name"": ""red onion"", ""label"": ""Red onion"", ""in_box"": 1}, {""name"": ""honey"", ""label"": ""Honey (25g)"", ""in_box"": 1}]"
2026-09-29,2026-08-12,9c6094c7-5580-4993-8618-30965dc11372,11229,Honey Yuzu Glazed Pork Meatballs With Sesame Broccoli,False,0.0,454,615,40.0,15.5,5.3,82.6,14.2,8.6,1.89,135,8.8,3.4,1.2,18.2,3.1,1.9,0.41,2,25,full-prep,no spice,Protein Hit,Dairy Free,4.32,351,True,"[{""name"": ""white long grain rice"", ""label"": ""White long grain rice (130g)"", ""in_box"": 1}, {""name"": ""panko breadcrumbs"", ""label"": ""Panko breadcrumbs (20g)"", ""in_box"": 1}, {""name"": ""pork mince"", ""label"": ""Pork mince (250g)"", ""in_box"": 1}, {""name"": ""garlic clove"", ""label"": ""Garlic clove x2"", ""in_box"": 2}, {""name"": ""toasted sesame seeds"", ""label"": ""Toasted sesame seeds (5g)"", ""in_box"": 1}, {""name"": ""yuzu dressing"", ""label"": ""Yuzu dressing (20g)"", ""in_box"": 1}, {""name"": ""shichimi togarashi"", ""label"": ""Shichimi togarashi (2g)"", ""in_box"": 1}, {""name"": ""baby button mushrooms"", ""label"": ""Baby button mushrooms (80g)"", ""in_box"": 1}, {""name"": ""soy sauce"", ""label"": ""Soy sauce (15ml)"", ""in_box"": 1}, {""name"": ""broccoli"", ""label"": ""Broccoli"", ""in_box"": 1}, {""name"": ""honey"", ""label"": ""Honey (25g)"", ""in_box"": 1}]"
2026-09-29,2026-08-12,13fde61f-cc27-472e-9abe-ccc198b962d7,14129,Indian-Style Spiced Brown Rice With Chicken And Pickled Onions,False,0.0,356,423,38.6,6.7,2.0,51.5,17.8,8.0,1.21,118,10.8,1.9,0.6,14.5,5.0,2.2,0.34,2,30,full-prep,spicy,Nutrient Rich,Gluten Free,4.34,361,True,"[{""name"": ""chicken stock mix"", ""label"": ""Chicken stock mix (5.5g)"", ""in_box"": 1}, {""name"": ""chicken breast strips"", ""label"": ""Chicken breast strips (250g)"", ""in_box"": 1}, {""name"": ""mango chutney"", ""label"": ""Mango chutney (20g)"", ""in_box"": 1}, {""name"": ""ground turmeric"", ""label"": ""Ground turmeric (0.5tsp)"", ""in_box"": 1}, {""name"": ""curry powder"", ""label"": ""Curry powder (0.5tbsp)"", ""in_box"": 1}, {""name"": ""garlic clove"", ""label"": ""Garlic clove x2"", ""in_box"": 2}, {""name"": ""brown long grain rice"", ""label"": ""Brown long grain rice (65g)"", ""in_box"": 1}, {""name"": ""natural yoghurt"", ""label"": ""Natural yoghurt (80g)"", ""in_box"": 1}, {""name"": ""blanched peas"", ""label"": ""Blanched peas (160g)"", ""in_box"": 1}, {""name"": ""black mustard seeds"", ""label"": ""Black mustard seeds (1tsp)"", ""in_box"": 1}, {""name"": ""tomato paste"", ""label"": ""Tomato paste (16g)"", ""in_box"": 1}, {""name"": ""white wine vinegar"", ""label"": ""White wine vinegar (15ml)"", ""in_box"": 1}, {""name"": ""red onion"", ""label"": ""Red onion"", ""in_box"": 1}]"
2026-09-29,2026-08-12,0d214793-7d9a-4887-a1dd-24a8948bb332,7338,Indonesian-Style Sambal King Prawns With Peanut Noodles,False,0.0,301,506,21.4,9.0,1.1,85.1,20.0,5.8,2.41,168,7.1,3.0,0.4,28.3,6.7,1.9,0.8,1,10,full-prep,spicy,10-Minute,Dairy Free,4.11,1349,True,"[{""name"": ""carrot & cabbage slaw mix"", ""label"": ""Carrot & cabbage slaw mix (160g)"", ""in_box"": 1}, {""name"": ""dried chilli flakes"", ""label"": ""Dried chilli flakes (0.5tsp)"", ""in_box"": 1}, {""name"": ""raw peeled king prawns"", ""label"": ""Raw peeled king prawns (171g)"", ""in_box"": 1}, {""name"": ""spring onion"", ""label"": ""Spring onion"", ""in_box"": 1}, {""name"": ""soy sauce"", ""label"": ""Soy sauce (8ml)"", ""in_box"": 1}, {""name"": ""rice noodles"", ""label"": ""Rice noodles (150g)"", ""in_box"": 1}, {""name"": ""red chilli relish"", ""label"": ""Red chilli relish (40g)"", ""in_box"": 1}, {""name"": ""vegetable stock mix"", ""label"": ""Vegetable stock mix (5.5g)"", ""in_box"": 1}, {""name"": ""ginger & garlic paste"", ""label"": ""Ginger & garlic paste (15g)"", ""in_box"": 1}, {""name"": ""smooth peanut butter"", ""label"": ""Smooth peanut butter (26g)"", ""in_box"": 1}, {""name"": ""tamarind paste"", ""label"": ""Tamarind paste (15g)"", ""in_box"": 1}]"
2026-09-29,2026-08-12,376b0425-6724-424d-8f5b-7114c122d80d,6048,Japanese-Style BBQ Pork Loin With Miso Butter Corn,False,0.0,452,621,34.3,34.7,12.3,43.2,9.1,4.5,1.7,137,7.6,7.7,2.7,9.6,2.0,1.0,0.38,1,35,full-prep,mild,Global Kitchen,Dairy Free,4.3,2408,True,"[{""name"": ""spring onion"", ""label"": ""Spring onion x2"", ""in_box"": 2}, {""name"": ""soy sauce"", ""label"": ""Soy sauce (8ml)"", ""in_box"": 1}, {""name"": ""tomato ketchup"", ""label"": ""Tomato ketchup (15ml)"", ""in_box"": 1}, {""name"": ""garlic clove"", ""label"": ""Garlic clove"", ""in_box"": 1}, {""name"": ""shichimi togarashi"", ""label"": ""Shichimi togarashi (2g)"", ""in_box"": 1}, {""name"": ""white miso paste"", ""label"": ""White miso paste (17g)"", ""in_box"": 1}, {""name"": ""pork loin steaks"", ""label"": ""Pork loin steaks (300g)"", ""in_box"": 1}, {""name"": ""mirin"", ""label"": ""Mirin (15ml)"", ""in_box"": 1}, {""name"": ""sweetcorn cobettes"", ""label"": ""Sweetcorn cobettes (2pcs)"", ""in_box"": 1}, {""name"": ""white potato"", ""label"": ""White potato x3"", ""in_box"": 3}]"
2026-09-29,2026-08-12,22f9f037-8985-4738-a311-6c62b0bca115,7194,Jerk-Spiced Chicken Breast & Zingy Sweetcorn Rice Bowl,False,0.0,504,530,34.0,18.4,2.4,57.8,11.0,5.3,0.77,105,6.7,3.7,0.5,11.5,2.2,1.1,0.15,2,10,full-prep,spicy,10-Minute,Dairy Free; Gluten Free,4.22,5789,True,"[{""name"": ""cooked white long grain rice"", ""label"": ""Cooked white long grain rice (280g)"", ""in_box"": 1}, {""name"": ""chicken breast strips"", ""label"": ""Chicken breast strips (250g)"", ""in_box"": 1}, {""name"": ""spring onion"", ""label"": ""Spring onion"", ""in_box"": 1}, {""name"": ""Sweetcorn"", ""label"": ""Sweetcorn (150g)"", ""in_box"": 1}, {""name"": ""mayonnaise"", ""label"": ""Mayonnaise (25ml)"", ""in_box"": 1}, {""name"": ""tomato"", ""label"": ""Tomato"", ""in_box"": 1}, {""name"": ""brown onion"", ""label"": ""Brown onion"", ""in_box"": 1}, {""name"": ""jerk paste"", ""label"": ""Jerk paste (24g)"", ""in_box"": 1}, {""name"": ""lime"", ""label"": ""Lime"", ""in_box"": 1}]"
2026-09-29,2026-08-12,6f834bb7-ecd5-4bb7-bb96-96e7ead2f540,2050,Juicy Thai-Style King Prawn Noodle Salad,False,0.0,366,328,22.7,2.6,0.5,50.9,10.4,10.1,2.63,89,6.2,0.7,0.1,13.9,2.8,2.7,0.72,2,10,full-prep,mild,10-Minute,Dairy Free,3.84,1782,True,"[{""name"": ""dried chilli flakes"", ""label"": ""Dried chilli flakes (0.5tsp)"", ""in_box"": 1}, {""name"": ""wholewheat noodle nests"", ""label"": ""Wholewheat noodle nests (2pcs)"", ""in_box"": 1}, {""name"": ""raw peeled king prawns"", ""label"": ""Raw peeled king prawns (171g)"", ""in_box"": 1}, {""name"": ""ginger & garlic paste"", ""label"": ""Ginger & garlic paste (15g)"", ""in_box"": 1}, {""name"": ""coriander"", ""label"": ""Coriander (5g)"", ""in_box"": 1}, {""name"": ""rice vinegar"", ""label"": ""Rice vinegar (15ml)"", ""in_box"": 1}, {""name"": ""carrot"", ""label"": ""Carrot x2"", ""in_box"": 2}, {""name"": ""soy sauce"", ""label"": ""Soy sauce (15ml)"", ""in_box"": 1}, {""name"": ""gem lettuce"", ""label"": ""Gem lettuce"", ""in_box"": 1}, {""name"": ""lime"", ""label"": ""Lime"", ""in_box"": 1}]"
2026-09-29,2026-08-12,2618ba1d-4699-494c-b901-f26180c65c77,3666,Keralan-Style Popcorn Chicken With Red Chilli Relish Mayo,False,0.0,539,664,39.9,30.0,3.6,62.4,16.5,9.1,0.6,123,7.4,5.6,0.7,11.6,3.1,1.7,0.11,1,55,full-prep,mild,Global Kitchen,Dairy Free,4.38,9663,True,"[{""name"": ""green chilli"", ""label"": ""Green chilli"", ""in_box"": 1}, {""name"": ""chicken breast strips"", ""label"": ""Chicken breast strips (250g)"", ""in_box"": 1}, {""name"": ""free range egg"", ""label"": ""Free range egg"", ""in_box"": 1}, {""name"": ""spring onion"", ""label"": ""Spring onion"", ""in_box"": 1}, {""name"": ""mayonnaise"", ""label"": ""Mayonnaise (50ml)"", ""in_box"": 1}, {""name"": ""panko breadcrumbs"", ""label"": ""Panko breadcrumbs (40g)"", ""in_box"": 1}, {""name"": ""garlic clove"", ""label"": ""Garlic clove x2"", ""in_box"": 2}, {""name"": ""garam masala"", ""label"": ""Garam masala (1tbsp)"", ""in_box"": 1}, {""name"": ""black mustard seeds"", ""label"": ""Black mustard seeds (1tsp)"", ""in_box"": 1}, {""name"": ""red chilli relish"", ""label"": ""Red chilli relish (25g)"", ""in_box"": 1}, {""name"": ""carrot"", ""label"": ""Carrot x2"", ""in_box"": 2}, {""name"": ""black sesame seeds"", ""label"": ""Black sesame seeds (5g)"", ""in_box"": 1}, {""name"": ""lime"", ""label"": ""Lime"", ""in_box"": 1}, {""name"": ""white potato"", ""label"": ""White potato x3"", ""in_box"": 3}]"
2026-09-29,2026-08-12,83902177-c107-40ca-9d6f-a8a8915357f8,6424,King Prawn 'Sushi' Rice Bake,False,0.0,308,631,19.5,29.9,5.4,69.1,4.8,4.4,2.12,204,6.3,9.7,1.8,22.4,1.5,1.4,0.69,1,35,full-prep,mild,Prepped in 5,Dairy Free; Gluten Free,4.35,6958,True,"[{""name"": ""raw peeled king prawns"", ""label"": ""Raw peeled king prawns (171g)"", ""in_box"": 1}, {""name"": ""sushi rice"", ""label"": ""Sushi rice (150g)"", ""in_box"": 1}, {""name"": ""spring onion"", ""label"": ""Spring onion"", ""in_box"": 1}, {""name"": ""sriracha hot chilli sauce"", ""label"": ""Sriracha hot chilli sauce (8ml)"", ""in_box"": 1}, {""name"": ""mayonnaise"", ""label"": ""Mayonnaise (25ml)"", ""in_box"": 1}, {""name"": ""toasted sesame seeds"", ""label"": ""Toasted sesame seeds (5g)"", ""in_box"": 1}, {""name"": ""avocado"", ""label"": ""Avocado"", ""in_box"": 1}, {""name"": ""shichimi togarashi"", ""label"": ""Shichimi togarashi (2g)"", ""in_box"": 1}, {""name"": ""gluten free soy sauce"", ""label"": ""Gluten free soy sauce (15ml)"", ""in_box"": 1}, {""name"": ""mirin"", ""label"": ""Mirin (15ml)"", ""in_box"": 1}, {""name"": ""rice vinegar"", ""label"": ""Rice vinegar (15ml)"", ""in_box"": 1}]"
2026-09-29,2026-08-12,4ad8ed78-56e2-4683-a1f3-2607a0ebccfd,4217,Korean-Style Chicken Thigh Noodle Stir-Fry,False,0.0,298,522,34.3,14.4,3.7,65.2,10.5,3.4,2.7,175,11.5,4.8,1.2,21.9,3.5,1.1,0.91,1,10,full-prep,spicy,10-Minute,Dairy Free,4.07,8365,True,"[{""name"": ""shredded veg mix"", ""label"": ""Shredded veg mix (160g)"", ""in_box"": 1}, {""name"": ""medium egg noodle nests"", ""label"": ""Medium egg noodle nests (2pcs)"", ""in_box"": 1}, {""name"": ""gochujang paste"", ""label"": ""Gochujang paste (30g)"", ""in_box"": 1}, {""name"": ""diced chicken thigh"", ""label"": ""Diced chicken thigh (250g)"", ""in_box"": 1}, {""name"": ""garlic clove"", ""label"": ""Garlic clove"", ""in_box"": 1}, {""name"": ""black sesame seeds"", ""label"": ""Black sesame seeds (5g)"", ""in_box"": 1}, {""name"": ""soy sauce"", ""label"": ""Soy sauce (15ml)"", ""in_box"": 1}]"
2026-09-29,2026-08-12,24d1f5bc-bd25-4653-b162-57ba9b760e2a,14146,Korean-Style King Prawn & Sweet Pea Pods Stir-Fry With Brown Rice,False,0.0,324,348,19.7,2.8,0.5,60.5,18.6,7.9,2.9,107,6.1,0.9,0.1,18.6,5.7,2.4,0.89,2,30,full-prep,mild,Nutrient Rich,Dairy Free; Gluten Free,4.13,614,True,"[{""name"": ""raw peeled king prawns"", ""label"": ""Raw peeled king prawns (171g)"", ""in_box"": 1}, {""name"": ""gochujang paste"", ""label"": ""Gochujang paste (30g)"", ""in_box"": 1}, {""name"": ""spring onion"", ""label"": ""Spring onion"", ""in_box"": 1}, {""name"": ""tomato paste"", ""label"": ""Tomato paste (32g)"", ""in_box"": 1}, {""name"": ""gluten free soy sauce"", ""label"": ""Gluten free soy sauce (15ml)"", ""in_box"": 1}, {""name"": ""ginger & garlic paste"", ""label"": ""Ginger & garlic paste (15g)"", ""in_box"": 1}, {""name"": ""carrot"", ""label"": ""Carrot x2"", ""in_box"": 2}, {""name"": ""sweet pea pods"", ""label"": ""Sweet pea pods (80g)"", ""in_box"": 1}, {""name"": ""brown long grain rice"", ""label"": ""Brown long grain rice (100g)"", ""in_box"": 1}]"
2026-09-29,2026-08-12,d5166cc2-7d61-40a6-8d82-84e788ba9486,3382,Korean-Style Spicy Buldak Chicken Thigh With Cheese,False,0.0,392,744,42.6,29.9,11.8,77.5,11.2,4.2,2.67,190,10.9,7.6,3.0,19.8,2.9,1.1,0.68,1,45,full-prep,spicy,Global Kitchen,,4.33,11854,True,"[{""name"": ""dried chilli flakes"", ""label"": ""Dried chilli flakes (0.5tsp)"", ""in_box"": 1}, {""name"": ""sushi rice"", ""label"": ""Sushi rice (150g)"", ""in_box"": 1}, {""name"": ""gochujang paste"", ""label"": ""Gochujang paste (30g)"", ""in_box"": 1}, {""name"": ""spring onion"", ""label"": ""Spring onion"", ""in_box"": 1}, {""name"": ""diced chicken thigh"", ""label"": ""Diced chicken thigh (250g)"", ""in_box"": 1}, {""name"": ""garlic clove"", ""label"": ""Garlic clove x2"", ""in_box"": 2}, {""name"": ""fresh root ginger"", ""label"": ""Fresh root ginger (15g)"", ""in_box"": 1}, {""name"": ""toasted sesame seeds"", ""label"": ""Toasted sesame seeds (5g)"", ""in_box"": 1}, {""name"": ""toasted sesame oil"", ""label"": ""Toasted sesame oil (10ml)"", ""in_box"": 1}, {""name"": ""brown onion"", ""label"": ""Brown onion"", ""in_box"": 1}, {""name"": ""mozzarella"", ""label"": ""Mozzarella (125g)"", ""in_box"": 1}, {""name"": ""fine green beans"", ""label"": ""Fine green beans (80g)"", ""in_box"": 1}, {""name"": ""soy sauce"", ""label"": ""Soy sauce (15ml)"", ""in_box"": 1}]"
2026-09-29,2026-08-12,705e03ed-7c80-40d6-800f-711ed51641ce,9257,"Lean Pork, Apple & Sage Potato-Topped Pie",True,0.75,565,435,39.1,7.7,2.0,53.9,18.2,12.4,2.79,77,6.9,1.4,0.4,9.6,3.2,2.2,0.49,3,55,full-prep,no spice,Modern Bistro,Dairy Free,0,0,True,"[{""name"": ""lean pork mince (<5% fat)"", ""label"": ""Lean pork mince (<5% fat) (250g)"", ""in_box"": 1}, {""name"": ""intense chicken stock mix"", ""label"": ""Intense chicken stock mix (5.5g)"", ""in_box"": 1}, {""name"": ""dried sage"", ""label"": ""Dried sage (1tsp)"", ""in_box"": 1}, {""name"": ""garlic clove"", ""label"": ""Garlic clove x2"", ""in_box"": 2}, {""name"": ""brown onion"", ""label"": ""Brown onion"", ""in_box"": 1}, {""name"": ""blanched peas"", ""label"": ""Blanched peas (160g)"", ""in_box"": 1}, {""name"": ""Chinese rice wine"", ""label"": ""Chinese rice wine (15ml)"", ""in_box"": 1}, {""name"": ""soy sauce"", ""label"": ""Soy sauce (15ml)"", ""in_box"": 1}, {""name"": ""spring greens"", ""label"": ""Spring greens (150g)"", ""in_box"": 1}, {""name"": ""white potato"", ""label"": ""White potato x3"", ""in_box"": 3}, {""name"": ""apple"", ""label"": ""Apple"", ""in_box"": 1}, {""name"": ""Dijon mustard"", ""label"": ""Dijon mustard (5.5g)"", ""in_box"": 1}]"
2026-09-29,2026-08-12,25061755-2eeb-4565-a9c0-46a3b8e709da,4369,Lemony Chicken & Courgette Spaghetti,False,0.0,398,587,40.9,12.8,6.5,76.0,6.8,3.8,0.22,147,10.3,3.2,1.6,19.1,1.7,0.9,0.06,1,25,full-prep,no spice,20 minute meals,,3.83,1900,True,"[{""name"": ""crème fraîche"", ""label"": ""Crème fraîche (80g)"", ""in_box"": 1}, {""name"": ""chicken breast portions"", ""label"": ""Chicken breast portions (2pcs)"", ""in_box"": 1}, {""name"": ""garlic clove"", ""label"": ""Garlic clove x2"", ""in_box"": 2}, {""name"": ""courgette"", ""label"": ""Courgette"", ""in_box"": 1}, {""name"": ""lemon"", ""label"": ""Lemon"", ""in_box"": 1}, {""name"": ""chives"", ""label"": ""Chives (5g)"", ""in_box"": 1}, {""name"": ""spaghetti"", ""label"": ""Spaghetti (190g)"", ""in_box"": 1}]"
2026-09-29,2026-08-12,23cdbdfb-ca4c-4be9-afc3-312a6b10c86d,3616,Malabar-Style King Prawn & Pea Curry With Rice,False,0.0,290,458,23.9,10.2,8.3,71.3,8.3,9.6,2.12,157,8.2,3.5,2.9,24.6,2.8,3.3,0.73,1,25,full-prep,spicy,20 minute meals,Dairy Free; Gluten Free,4.18,8131,True,"[{""name"": ""green chilli"", ""label"": ""Green chilli"", ""in_box"": 1}, {""name"": ""white basmati rice"", ""label"": ""White basmati rice (130g)"", ""in_box"": 1}, {""name"": ""solid creamed coconut"", ""label"": ""Solid creamed coconut (25g)"", ""in_box"": 1}, {""name"": ""ground coriander"", ""label"": ""Ground coriander (1tsp)"", ""in_box"": 1}, {""name"": ""raw peeled king prawns"", ""label"": ""Raw peeled king prawns (171g)"", ""in_box"": 1}, {""name"": ""ground turmeric"", ""label"": ""Ground turmeric (1tsp)"", ""in_box"": 1}, {""name"": ""ground paprika"", ""label"": ""Ground paprika (1tsp)"", ""in_box"": 1}, {""name"": ""intense vegetable stock mix"", ""label"": ""Intense vegetable stock mix (5.5g)"", ""in_box"": 1}, {""name"": ""garlic clove"", ""label"": ""Garlic clove x2"", ""in_box"": 2}, {""name"": ""fresh root ginger"", ""label"": ""Fresh root ginger (15g)"", ""in_box"": 1}, {""name"": ""shallot"", ""label"": ""Shallot"", ""in_box"": 1}, {""name"": ""blanched peas"", ""label"": ""Blanched peas (160g)"", ""in_box"": 1}, {""name"": ""tomato paste"", ""label"": ""Tomato paste (16g)"", ""in_box"": 1}]"
2026-09-29,2026-08-12,5428157d-f218-4d98-852f-fdf9f2d511da,11487,Malaysian-Style Kari Udang King Prawn Curry & Cauliflower Rice,True,0.5,427,435,19.4,11.5,8.5,62.5,17.8,9.2,2.49,101,4.5,2.7,2.0,14.7,4.2,2.2,0.58,3,45,full-prep,spicy,Global Kitchen,Dairy Free; Gluten Free,0,0,True,"[{""name"": ""cornflour"", ""label"": ""Cornflour (1tsp)"", ""in_box"": 1}, {""name"": ""solid creamed coconut"", ""label"": ""Solid creamed coconut (25g)"", ""in_box"": 1}, {""name"": ""raw peeled king prawns"", ""label"": ""Raw peeled king prawns (171g)"", ""in_box"": 1}, {""name"": ""cauliflower rice"", ""label"": ""Cauliflower rice (160g)"", ""in_box"": 1}, {""name"": ""ground turmeric"", ""label"": ""Ground turmeric (1tsp)"", ""in_box"": 1}, {""name"": ""White basmati rice"", ""label"": ""White basmati rice (32g) x2"", ""in_box"": 2}, {""name"": ""red chilli"", ""label"": ""Red chilli"", ""in_box"": 1}, {""name"": ""garam masala"", ""label"": ""Garam masala (1tsp)"", ""in_box"": 1}, {""name"": ""intense vegetable stock mix"", ""label"": ""Intense vegetable stock mix (5.5g)"", ""in_box"": 1}, {""name"": ""tomato"", ""label"": ""Tomato"", ""in_box"": 1}, {""name"": ""brown onion"", ""label"": ""Brown onion"", ""in_box"": 1}, {""name"": ""ginger & garlic paste"", ""label"": ""Ginger & garlic paste (15g)"", ""in_box"": 1}, {""name"": ""sweet potato"", ""label"": ""Sweet potato"", ""in_box"": 1}, {""name"": ""tamarind paste"", ""label"": ""Tamarind paste (15g)"", ""in_box"": 1}]"
2026-09-29,2026-08-12,e298fbc8-fb5c-491c-8a41-ffc25f089094,6266,Margherita Pizza With Chilli Oil And Salad,False,0.0,351,576,24.4,18.6,8.4,75.5,8.4,6.2,1.53,164,7.0,5.3,2.4,21.5,2.4,1.8,0.44,3,30,full-prep,spicy,Family Kitchen,Vegetarian,4.28,9414,True,"[{""name"": ""flame-baked pizza bases"", ""label"": ""Flame-baked pizza bases (2pcs)"", ""in_box"": 1}, {""name"": ""dried oregano"", ""label"": ""Dried oregano (1tsp)"", ""in_box"": 1}, {""name"": ""dried chilli flakes"", ""label"": ""Dried chilli flakes (0.5tsp)"", ""in_box"": 1}, {""name"": ""tomato paste"", ""label"": ""Tomato paste (32g) x2"", ""in_box"": 2}, {""name"": ""garlic clove"", ""label"": ""Garlic clove"", ""in_box"": 1}, {""name"": ""mozzarella"", ""label"": ""Mozzarella (125g)"", ""in_box"": 1}, {""name"": ""cucumber"", ""label"": ""Cucumber (0.5pcs)"", ""in_box"": 1}, {""name"": ""rocket"", ""label"": ""Rocket (20g)"", ""in_box"": 1}, {""name"": ""balsamic vinegar"", ""label"": ""Balsamic vinegar (15ml)"", ""in_box"": 1}]"
2026-09-29,2026-08-12,8fedf686-638c-4285-9dd6-5ebf29dd627c,14387,Meat-Free Cheeseburger With Fries,False,0.0,411,718,31.0,32.7,7.9,79.3,12.0,13.4,3.06,174,7.6,7.9,1.9,19.3,2.9,3.3,0.74,1,35,full-prep,no spice,Classic Fakeaways,Vegetarian,0,0,True,"[{""name"": ""brioche style buns"", ""label"": ""Brioche style buns (2pcs)"", ""in_box"": 1}, {""name"": ""ultimate vegan burger patties"", ""label"": ""Ultimate vegan burger patties (2pcs)"", ""in_box"": 1}, {""name"": ""tomato ketchup"", ""label"": ""Tomato ketchup (30ml)"", ""in_box"": 1}, {""name"": ""smoked sea salt flakes"", ""label"": ""Smoked sea salt flakes (1g)"", ""in_box"": 1}, {""name"": ""mayonnaise"", ""label"": ""Mayonnaise (25ml)"", ""in_box"": 1}, {""name"": ""cheddar cheese"", ""label"": ""Cheddar cheese (40g)"", ""in_box"": 1}, {""name"": ""gem lettuce"", ""label"": ""Gem lettuce"", ""in_box"": 1}, {""name"": ""white potato"", ""label"": ""White potato x3"", ""in_box"": 3}]"
2026-09-29,2026-08-12,8bfec893-f49a-4675-8ece-a9ec4553cd64,14427,Meat-Free Mince Lasagne With Balsamic Salad,False,0.0,495,601,39.9,15.3,3.3,73.0,21.0,15.2,2.61,121,8.1,3.1,0.7,14.8,4.2,3.1,0.53,4,55,full-prep,no spice,Everyday Favourites,Vegetarian,4.53,139,True,"[{""name"": ""finely chopped tomatoes"", ""label"": ""Finely chopped tomatoes (200g)"", ""in_box"": 1}, {""name"": ""tomato paste"", ""label"": ""Tomato paste (32g)"", ""in_box"": 1}, {""name"": ""dried oregano"", ""label"": ""Dried oregano (1tsp)"", ""in_box"": 1}, {""name"": ""Meatless Farm mince"", ""label"": ""Meatless Farm mince (200g)"", ""in_box"": 1}, {""name"": ""intense vegetable stock mix"", ""label"": ""Intense vegetable stock mix (5.5g)"", ""in_box"": 1}, {""name"": ""garlic clove"", ""label"": ""Garlic clove x2"", ""in_box"": 2}, {""name"": ""Dried bay leaf"", ""label"": ""Dried bay leaf x2"", ""in_box"": 2}, {""name"": ""lasagne sheets"", ""label"": ""Lasagne sheets (120g)"", ""in_box"": 1}, {""name"": ""brown onion"", ""label"": ""Brown onion"", ""in_box"": 1}, {""name"": ""Italian hard cheese"", ""label"": ""Italian hard cheese (20g)"", ""in_box"": 1}, {""name"": ""Henderson's Relish"", ""label"": ""Henderson's Relish (15ml)"", ""in_box"": 1}, {""name"": ""carrot"", ""label"": ""Carrot x2"", ""in_box"": 2}, {""name"": ""gem lettuce"", ""label"": ""Gem lettuce"", ""in_box"": 1}, {""name"": ""balsamic vinegar"", ""label"": ""Balsamic vinegar (15ml)"", ""in_box"": 1}]"
2026-09-29,2026-08-12,0319480f-3328-41ce-bc0f-6fe14bbbfcf4,2839,Mediterranean-Style Basa Gyros With Tzatziki Mayo,False,0.0,505,568,29.3,25.9,2.5,53.2,7.3,5.8,1.6,112,5.8,5.1,0.5,10.5,1.4,1.2,0.32,3,10,full-prep,mild,10-Minute,Dairy Free,4.2,24928,True,"[{""name"": ""plain naan"", ""label"": ""Plain naan (2pcs)"", ""in_box"": 1}, {""name"": ""ground sumac"", ""label"": ""Ground sumac (1tsp)"", ""in_box"": 1}, {""name"": ""soy sauce"", ""label"": ""Soy sauce (8ml)"", ""in_box"": 1}, {""name"": ""basa fillets"", ""label"": ""Basa fillets (2pcs)"", ""in_box"": 1}, {""name"": ""mayonnaise"", ""label"": ""Mayonnaise (50ml)"", ""in_box"": 1}, {""name"": ""ground smoked paprika"", ""label"": ""Ground smoked paprika (2tsp)"", ""in_box"": 1}, {""name"": ""tomato"", ""label"": ""Tomato x2"", ""in_box"": 2}, {""name"": ""parsley"", ""label"": ""Parsley (5g)"", ""in_box"": 1}, {""name"": ""lemon"", ""label"": ""Lemon"", ""in_box"": 1}, {""name"": ""cucumber"", ""label"": ""Cucumber (0.5pcs)"", ""in_box"": 1}, {""name"": ""gem lettuce"", ""label"": ""Gem lettuce"", ""in_box"": 1}]"
2026-09-29,2026-08-12,a5d18e46-399f-4e69-ad59-cabecd0af90f,15801,Mediterranean-Style Chicken Pasta,True,1.0,394,492,29.9,16.5,3.1,52.3,9.4,7.1,2.6,125,7.6,4.2,0.8,13.3,2.4,1.8,0.66,2,7,heat-only,no spice,Heat & Eat,,4.07,349,True,"[{""name"": ""mediterranean style chicken pasta"", ""label"": ""Mediterranean style chicken pasta (420g) x2"", ""in_box"": 2}]"
2026-09-29,2026-08-12,3e12fef4-eee4-4007-84cc-319672fe5f61,14131,Mexican-Style Tofu & Rice Bowl With Tomato & Coriander Salsa,False,0.0,390,482,31.0,14.0,2.1,58.2,9.2,8.9,2.56,123,7.9,3.6,0.5,14.9,2.4,2.3,0.66,2,30,full-prep,mild,Nutrient Rich,Vegan; Vegetarian; Dairy Free,4.17,362,True,"[{""name"": ""dried chilli flakes"", ""label"": ""Dried chilli flakes (0.5tsp)"", ""in_box"": 1}, {""name"": ""plain tofu"", ""label"": ""Plain tofu (280g)"", ""in_box"": 1}, {""name"": ""ground coriander"", ""label"": ""Ground coriander (2tsp)"", ""in_box"": 1}, {""name"": ""ground cumin"", ""label"": ""Ground cumin (1tsp)"", ""in_box"": 1}, {""name"": ""Sweetcorn"", ""label"": ""Sweetcorn (150g)"", ""in_box"": 1}, {""name"": ""cornflour"", ""label"": ""Cornflour (4tbsp)"", ""in_box"": 1}, {""name"": ""ground smoked paprika"", ""label"": ""Ground smoked paprika (2tsp)"", ""in_box"": 1}, {""name"": ""tomato"", ""label"": ""Tomato"", ""in_box"": 1}, {""name"": ""brown long grain rice"", ""label"": ""Brown long grain rice (65g)"", ""in_box"": 1}, {""name"": ""tomato paste"", ""label"": ""Tomato paste (16g)"", ""in_box"": 1}, {""name"": ""coriander"", ""label"": ""Coriander (5g)"", ""in_box"": 1}, {""name"": ""soy sauce"", ""label"": ""Soy sauce (30ml)"", ""in_box"": 1}, {""name"": ""lime"", ""label"": ""Lime"", ""in_box"": 1}]"
2026-09-29,2026-08-12,61934c19-5054-4edc-850b-bea8692ca851,9085,Miso Mushroom & Caramelised Onion Bucatini,False,0.0,382,471,16.1,6.1,2.3,82.8,10.8,7.4,2.85,123,4.2,1.6,0.6,21.6,2.8,1.9,0.74,3,25,full-prep,no spice,20 minute meals,Vegan; Vegetarian; Dairy Free,4.24,866,True,"[{""name"": ""white miso paste"", ""label"": ""White miso paste (17g)"", ""in_box"": 1}, {""name"": ""soy sauce"", ""label"": ""Soy sauce (8ml)"", ""in_box"": 1}, {""name"": ""intense vegetable stock mix"", ""label"": ""Intense vegetable stock mix (5.5g)"", ""in_box"": 1}, {""name"": ""bucatini"", ""label"": ""Bucatini (190g)"", ""in_box"": 1}, {""name"": ""garlic clove"", ""label"": ""Garlic clove x2"", ""in_box"": 2}, {""name"": ""brown onion"", ""label"": ""Brown onion x2"", ""in_box"": 2}, {""name"": ""crispy onions"", ""label"": ""Crispy onions (15g)"", ""in_box"": 1}, {""name"": ""Chinese rice wine"", ""label"": ""Chinese rice wine (15ml)"", ""in_box"": 1}, {""name"": ""white cup mushrooms"", ""label"": ""White cup mushrooms (160g) x2"", ""in_box"": 2}, {""name"": ""rocket"", ""label"": ""Rocket (20g)"", ""in_box"": 1}, {""name"": ""cracked black pepper"", ""label"": ""Cracked black pepper (2.5g)"", ""in_box"": 1}]"
2026-09-29,2026-08-12,fb76fac6-5664-48e8-9d96-8bda63beb6fe,5517,Mushroom Soup With Garlic Bread,False,0.0,352,319,11.5,1.9,0.3,64.9,5.2,6.3,3.21,90,3.3,0.5,0.1,18.4,1.5,1.8,0.91,1,25,full-prep,no spice,20 minute meals,Vegan; Vegetarian; Dairy Free,4.28,3769,True,"[{""name"": ""dried oregano"", ""label"": ""Dried oregano (1tsp)"", ""in_box"": 1}, {""name"": ""intense vegetable stock mix"", ""label"": ""Intense vegetable stock mix (5.5g)"", ""in_box"": 1}, {""name"": ""ciabatta"", ""label"": ""Ciabatta x2"", ""in_box"": 2}, {""name"": ""garlic clove"", ""label"": ""Garlic clove x2"", ""in_box"": 2}, {""name"": ""flat white mushrooms"", ""label"": ""Flat white mushrooms (150g)"", ""in_box"": 1}, {""name"": ""brown onion"", ""label"": ""Brown onion"", ""in_box"": 1}, {""name"": ""baby button mushrooms"", ""label"": ""Baby button mushrooms (80g)"", ""in_box"": 1}, {""name"": ""soy sauce"", ""label"": ""Soy sauce (15ml)"", ""in_box"": 1}, {""name"": ""white potato"", ""label"": ""White potato x2"", ""in_box"": 2}]"
2026-09-29,2026-08-12,25557bbb-e0f0-4638-9551-401439d1a043,7915,Mushroom Yaki Udon With Crispy Fried Egg,False,0.0,470,460,17.5,12.9,2.4,68.5,10.3,2.5,2.69,97,3.7,2.8,0.5,14.6,2.2,0.5,0.57,2,10,full-prep,no spice,10-Minute,Vegetarian; Dairy Free,4.11,228,True,"[{""name"": ""shredded veg mix"", ""label"": ""Shredded veg mix (160g)"", ""in_box"": 1}, {""name"": ""free range egg"", ""label"": ""Free range egg x2"", ""in_box"": 2}, {""name"": ""spring onion"", ""label"": ""Spring onion"", ""in_box"": 1}, {""name"": ""tomato ketchup"", ""label"": ""Tomato ketchup (15ml)"", ""in_box"": 1}, {""name"": ""toasted sesame oil"", ""label"": ""Toasted sesame oil (10ml)"", ""in_box"": 1}, {""name"": ""udon noodles"", ""label"": ""Udon noodles (200g) x2"", ""in_box"": 2}, {""name"": ""ginger & garlic paste"", ""label"": ""Ginger & garlic paste (15g)"", ""in_box"": 1}, {""name"": ""Henderson's Relish"", ""label"": ""Henderson's Relish (15ml)"", ""in_box"": 1}, {""name"": ""black sesame seeds"", ""label"": ""Black sesame seeds (5g)"", ""in_box"": 1}, {""name"": ""white cup mushrooms"", ""label"": ""White cup mushrooms (160g)"", ""in_box"": 1}, {""name"": ""soy sauce"", ""label"": ""Soy sauce (15ml)"", ""in_box"": 1}, {""name"": ""tamarind paste"", ""label"": ""Tamarind paste (15g)"", ""in_box"": 1}]"
2026-09-29,2026-08-12,b97e8a43-ce08-41fd-95d9-07427ffae18d,4108,Nashville-Style Hot Chicken With Pickled Cucumber,False,0.0,421,413,38.2,14.4,2.5,31.8,10.7,6.3,1.14,98,9.1,3.4,0.6,7.6,2.5,1.5,0.27,2,40,full-prep,spicy,Global Kitchen,,4.03,4313,True,"[{""name"": ""carrot & cabbage slaw mix"", ""label"": ""Carrot & cabbage slaw mix (160g)"", ""in_box"": 1}, {""name"": ""cayenne pepper"", ""label"": ""Cayenne pepper (0.5tsp)"", ""in_box"": 1}, {""name"": ""spring onion"", ""label"": ""Spring onion"", ""in_box"": 1}, {""name"": ""sriracha hot chilli sauce"", ""label"": ""Sriracha hot chilli sauce (8ml)"", ""in_box"": 1}, {""name"": ""chicken breast portions"", ""label"": ""Chicken breast portions (2pcs)"", ""in_box"": 1}, {""name"": ""ground paprika"", ""label"": ""Ground paprika (1tsp)"", ""in_box"": 1}, {""name"": ""cider vinegar"", ""label"": ""Cider vinegar (30ml)"", ""in_box"": 1}, {""name"": ""ciabatta"", ""label"": ""Ciabatta"", ""in_box"": 1}, {""name"": ""natural yoghurt"", ""label"": ""Natural yoghurt (80g)"", ""in_box"": 1}, {""name"": ""cucumber"", ""label"": ""Cucumber (0.5pcs)"", ""in_box"": 1}, {""name"": ""wholegrain mustard"", ""label"": ""Wholegrain mustard (21g)"", ""in_box"": 1}, {""name"": ""ground almonds"", ""label"": ""Ground almonds (25g)"", ""in_box"": 1}, {""name"": ""dill"", ""label"": ""Dill (5g)"", ""in_box"": 1}]"
2026-09-29,2026-08-12,837bc170-9d5c-40f2-990d-6e49ad5b499b,13458,One Pan Pea & Bacon Risotto With Crispy Leek,False,0.0,411,555,26.6,14.4,6.7,78.8,11.9,9.4,2.69,134,6.5,3.5,1.6,19.2,2.9,2.3,0.65,2,35,full-prep,no spice,One Pan Wonders,Gluten Free,4.17,1296,True,"[{""name"": ""intense chicken stock mix"", ""label"": ""Intense chicken stock mix (5.5g)"", ""in_box"": 1}, {""name"": ""leek"", ""label"": ""Leek"", ""in_box"": 1}, {""name"": ""bacon lardons"", ""label"": ""Bacon lardons (100g)"", ""in_box"": 1}, {""name"": ""garlic clove"", ""label"": ""Garlic clove x2"", ""in_box"": 2}, {""name"": ""brown onion"", ""label"": ""Brown onion"", ""in_box"": 1}, {""name"": ""blanched peas"", ""label"": ""Blanched peas (160g)"", ""in_box"": 1}, {""name"": ""lemon"", ""label"": ""Lemon"", ""in_box"": 1}, {""name"": ""arborio rice"", ""label"": ""Arborio rice (160g)"", ""in_box"": 1}, {""name"": ""grated Italian hard cheese"", ""label"": ""Grated Italian hard cheese (30g)"", ""in_box"": 1}, {""name"": ""Chinese rice wine"", ""label"": ""Chinese rice wine (15ml)"", ""in_box"": 1}]"
2026-09-29,2026-08-12,d23f6ddf-49cd-49bc-834c-19f79f28b7d7,4081,"One Pot Beef Meatball, Tomato & Pepper Orzo",False,0.0,494,670,44.0,26.1,12.1,64.2,12.2,5.4,1.54,135,8.9,5.3,2.4,13.0,2.5,1.1,0.31,3,45,full-prep,no spice,Modern Bistro,,4.2,16133,True,"[{""name"": ""intense beef stock mix"", ""label"": ""Intense beef stock mix (5.5g)"", ""in_box"": 1}, {""name"": ""red pepper"", ""label"": ""Red pepper"", ""in_box"": 1}, {""name"": ""beef mince"", ""label"": ""Beef mince (250g)"", ""in_box"": 1}, {""name"": ""finely chopped tomatoes"", ""label"": ""Finely chopped tomatoes (200g)"", ""in_box"": 1}, {""name"": ""garlic clove"", ""label"": ""Garlic clove x2"", ""in_box"": 2}, {""name"": ""courgette"", ""label"": ""Courgette"", ""in_box"": 1}, {""name"": ""shallot"", ""label"": ""Shallot"", ""in_box"": 1}, {""name"": ""grated Italian hard cheese"", ""label"": ""Grated Italian hard cheese (30g)"", ""in_box"": 1}, {""name"": ""parsley"", ""label"": ""Parsley (10g)"", ""in_box"": 1}, {""name"": ""balsamic vinegar"", ""label"": ""Balsamic vinegar (15ml)"", ""in_box"": 1}, {""name"": ""orzo"", ""label"": ""Orzo (150g)"", ""in_box"": 1}]"
2026-09-29,2026-08-12,42fbda8b-01bb-45f9-bb34-a20d289000e7,6454,One Pot Butter Chicken Tortiglioni,False,0.0,327,661,42.1,19.6,9.4,83.4,6.6,6.4,1.9,202,12.9,6.0,2.9,25.5,2.0,2.0,0.58,1,40,full-prep,mild,Prepped in 5,,4.45,21146,True,"[{""name"": ""intense chicken stock mix"", ""label"": ""Intense chicken stock mix (5.5g)"", ""in_box"": 1}, {""name"": ""Cornish clotted cream"", ""label"": ""Cornish clotted cream (40g)"", ""in_box"": 1}, {""name"": ""diced chicken breast"", ""label"": ""Diced chicken breast (250g)"", ""in_box"": 1}, {""name"": ""tomato paste"", ""label"": ""Tomato paste (32g)"", ""in_box"": 1}, {""name"": ""garam masala"", ""label"": ""Garam masala (1tsp)"", ""in_box"": 1}, {""name"": ""curry powder"", ""label"": ""Curry powder (1tbsp)"", ""in_box"": 1}, {""name"": ""shallot"", ""label"": ""Shallot"", ""in_box"": 1}, {""name"": ""ginger & garlic paste"", ""label"": ""Ginger & garlic paste (15g)"", ""in_box"": 1}, {""name"": ""spinach"", ""label"": ""Spinach (80g)"", ""in_box"": 1}, {""name"": ""tortiglioni"", ""label"": ""Tortiglioni (200g)"", ""in_box"": 1}]"
2026-09-29,2026-08-12,1ccbda3d-5147-48b5-ab81-40d4c2f0dd53,12138,One Pot Chicken Breast & Bacon Stew With Green Beans,True,2.75,631,624,49.5,14.0,4.5,74.6,7.7,9.9,2.77,98,7.8,2.2,0.7,11.8,1.2,1.6,0.44,3,55,full-prep,no spice,Gastropub,Dairy Free,4.49,55,True,"[{""name"": ""waxy potatoes"", ""label"": ""Waxy potatoes (350g)"", ""in_box"": 1}, {""name"": ""chicken breast portions"", ""label"": ""Chicken breast portions (2pcs)"", ""in_box"": 1}, {""name"": ""tomato paste"", ""label"": ""Tomato paste (32g)"", ""in_box"": 1}, {""name"": ""dried oregano"", ""label"": ""Dried oregano (1tsp)"", ""in_box"": 1}, {""name"": ""bacon lardons"", ""label"": ""Bacon lardons (100g)"", ""in_box"": 1}, {""name"": ""ciabatta"", ""label"": ""Ciabatta x2"", ""in_box"": 2}, {""name"": ""beef stock mix"", ""label"": ""Beef stock mix (5.5g)"", ""in_box"": 1}, {""name"": ""garlic clove"", ""label"": ""Garlic clove"", ""in_box"": 1}, {""name"": ""Dried bay leaf"", ""label"": ""Dried bay leaf"", ""in_box"": 1}, {""name"": ""shallot"", ""label"": ""Shallot"", ""in_box"": 1}, {""name"": ""Chinese rice wine"", ""label"": ""Chinese rice wine (15ml)"", ""in_box"": 1}, {""name"": ""fine green beans"", ""label"": ""Fine green beans (160g)"", ""in_box"": 1}, {""name"": ""chestnut mushrooms"", ""label"": ""Chestnut mushrooms (160g)"", ""in_box"": 1}]"
2026-09-29,2026-08-12,e9f474f3-199d-4ddb-b348-2e0de6db9e87,507,One Pot Easy Chicken Biryani,False,0.0,380,506,38.6,5.9,2.0,78.1,19.7,6.0,1.77,133,10.2,1.6,0.5,20.6,5.2,1.6,0.47,2,30,full-prep,mild,One Pan Wonders,Gluten Free,4.27,64077,True,"[{""name"": ""intense chicken stock mix"", ""label"": ""Intense chicken stock mix (5.5g)"", ""in_box"": 1}, {""name"": ""chicken breast strips"", ""label"": ""Chicken breast strips (250g)"", ""in_box"": 1}, {""name"": ""white basmati rice"", ""label"": ""White basmati rice (130g)"", ""in_box"": 1}, {""name"": ""curry powder"", ""label"": ""Curry powder (1tbsp)"", ""in_box"": 1}, {""name"": ""brown onion"", ""label"": ""Brown onion"", ""in_box"": 1}, {""name"": ""natural yoghurt"", ""label"": ""Natural yoghurt (80g)"", ""in_box"": 1}, {""name"": ""tomato paste"", ""label"": ""Tomato paste (16g)"", ""in_box"": 1}, {""name"": ""sultanas"", ""label"": ""Sultanas (30g)"", ""in_box"": 1}, {""name"": ""fine green beans"", ""label"": ""Fine green beans (160g)"", ""in_box"": 1}]"
2026-09-29,2026-08-12,081ac72d-9a66-45cb-9357-96cad8c2f6cc,7189,One Pot Halloumi Jambalaya With Pepper & Peas,False,0.0,348,635,32.6,24.2,16.1,75.5,11.5,9.1,2.92,182,9.4,7.0,4.6,21.7,3.3,2.6,0.84,3,40,full-prep,spicy,One Pan Wonders,Vegetarian; Gluten Free,4.17,14246,True,"[{""name"": ""white long grain rice"", ""label"": ""White long grain rice (130g)"", ""in_box"": 1}, {""name"": ""yellow pepper"", ""label"": ""Yellow pepper"", ""in_box"": 1}, {""name"": ""spring onion"", ""label"": ""Spring onion"", ""in_box"": 1}, {""name"": ""tomato paste"", ""label"": ""Tomato paste (32g)"", ""in_box"": 1}, {""name"": ""ground smoked paprika"", ""label"": ""Ground smoked paprika (1tsp)"", ""in_box"": 1}, {""name"": ""southern fried seasoning"", ""label"": ""Southern fried seasoning (1tbsp)"", ""in_box"": 1}, {""name"": ""dried thyme"", ""label"": ""Dried thyme (0.5tsp)"", ""in_box"": 1}, {""name"": ""garlic clove"", ""label"": ""Garlic clove x2"", ""in_box"": 2}, {""name"": ""blanched peas"", ""label"": ""Blanched peas (160g)"", ""in_box"": 1}, {""name"": ""halloumi"", ""label"": ""Halloumi (200g)"", ""in_box"": 1}, {""name"": ""vegetable stock mix"", ""label"": ""Vegetable stock mix (5.5g)"", ""in_box"": 1}]"
2026-09-29,2026-08-12,ee33bed4-fa59-497e-ad69-02df2d2562a4,7395,One Tray Breaded Basa & Chips With Peas & Tartare Sauce,False,0.0,430,506,28.6,22.6,2.2,49.4,8.5,7.9,1.29,117,6.6,5.3,0.5,11.5,2.0,1.8,0.3,1,35,full-prep,no spice,One Pan Wonders,Dairy Free,4.45,1912,True,"[{""name"": ""basa fillets"", ""label"": ""Basa fillets (2pcs)"", ""in_box"": 1}, {""name"": ""panko breadcrumbs"", ""label"": ""Panko breadcrumbs (20g)"", ""in_box"": 1}, {""name"": ""capers"", ""label"": ""Capers (20g)"", ""in_box"": 1}, {""name"": ""mayonnaise"", ""label"": ""Mayonnaise (50ml)"", ""in_box"": 1}, {""name"": ""parsley"", ""label"": ""Parsley (5g)"", ""in_box"": 1}, {""name"": ""blanched peas"", ""label"": ""Blanched peas (160g)"", ""in_box"": 1}, {""name"": ""lemon"", ""label"": ""Lemon"", ""in_box"": 1}, {""name"": ""vegetable stock mix"", ""label"": ""Vegetable stock mix (5.5g)"", ""in_box"": 1}, {""name"": ""white potato"", ""label"": ""White potato x3"", ""in_box"": 3}]"
2026-09-29,2026-08-12,b193f58e-dfdd-4f4c-bc43-465b04679267,4874,One Tray Smoky Chutney Chicken Thigh & Rice Traybake,False,0.0,400,651,36.4,25.4,5.0,71.9,13.7,4.7,1.81,162,9.1,6.4,1.2,18.0,3.4,1.2,0.45,2,40,full-prep,mild,One Pan Wonders,Dairy Free; Gluten Free,4.02,5650,True,"[{""name"": ""intense chicken stock mix"", ""label"": ""Intense chicken stock mix (5.5g)"", ""in_box"": 1}, {""name"": ""white long grain rice"", ""label"": ""White long grain rice (130g)"", ""in_box"": 1}, {""name"": ""mango chutney"", ""label"": ""Mango chutney (20g)"", ""in_box"": 1}, {""name"": ""skinless chicken thighs"", ""label"": ""Skinless chicken thighs (320g)"", ""in_box"": 1}, {""name"": ""ground smoked paprika"", ""label"": ""Ground smoked paprika (1tsp)"", ""in_box"": 1}, {""name"": ""mayonnaise"", ""label"": ""Mayonnaise (25ml)"", ""in_box"": 1}, {""name"": ""brown onion"", ""label"": ""Brown onion"", ""in_box"": 1}, {""name"": ""Henderson's Relish"", ""label"": ""Henderson's Relish (15ml)"", ""in_box"": 1}, {""name"": ""carrot"", ""label"": ""Carrot"", ""in_box"": 1}, {""name"": ""gem lettuce"", ""label"": ""Gem lettuce"", ""in_box"": 1}, {""name"": ""white wine vinegar"", ""label"": ""White wine vinegar (15ml)"", ""in_box"": 1}]"
2026-09-29,2026-08-12,f49c07d3-983d-46db-80b5-61774b3c67ae,7943,Orecchiette Alla Norma,False,0.0,314,451,14.7,6.2,0.9,82.5,9.2,7.5,2.23,143,4.7,2.0,0.3,26.2,2.9,2.4,0.71,2,10,full-prep,spicy,Pasta Pronto,Vegan; Vegetarian; Dairy Free,4.23,1176,True,"[{""name"": ""dried chilli flakes"", ""label"": ""Dried chilli flakes (0.5tsp)"", ""in_box"": 1}, {""name"": ""capers"", ""label"": ""Capers (20g)"", ""in_box"": 1}, {""name"": ""tomato paste"", ""label"": ""Tomato paste (32g)"", ""in_box"": 1}, {""name"": ""intense vegetable stock mix"", ""label"": ""Intense vegetable stock mix (5.5g)"", ""in_box"": 1}, {""name"": ""fresh orecchiette"", ""label"": ""Fresh orecchiette (250g)"", ""in_box"": 1}, {""name"": ""balsamic sun-dried tomato paste"", ""label"": ""Balsamic sun-dried tomato paste (30g)"", ""in_box"": 1}, {""name"": ""roasted garlic paste"", ""label"": ""Roasted garlic paste (15g)"", ""in_box"": 1}, {""name"": ""basil"", ""label"": ""Basil (5g)"", ""in_box"": 1}, {""name"": ""rocket"", ""label"": ""Rocket (20g)"", ""in_box"": 1}, {""name"": ""aubergine"", ""label"": ""Aubergine"", ""in_box"": 1}]"
2026-09-29,2026-08-12,c587e812-74db-4ec8-a99a-1fe5fa45030b,7900,"Oven Baked Cheesy, Mushroom & Lentil Lasagne",False,0.0,408,513,23.0,16.1,10.0,67.9,11.7,8.7,2.84,125,5.6,3.9,2.4,16.6,2.9,2.1,0.7,3,40,full-prep,no spice,Prepped in 5,Vegetarian,4.46,3629,True,"[{""name"": ""dried oregano"", ""label"": ""Dried oregano (1tsp)"", ""in_box"": 1}, {""name"": ""red wine paste"", ""label"": ""Red wine paste (10g)"", ""in_box"": 1}, {""name"": ""cornflour"", ""label"": ""Cornflour (1tbsp)"", ""in_box"": 1}, {""name"": ""finely chopped tomatoes"", ""label"": ""Finely chopped tomatoes (200g)"", ""in_box"": 1}, {""name"": ""intense vegetable stock mix"", ""label"": ""Intense vegetable stock mix (5.5g)"", ""in_box"": 1}, {""name"": ""cheddar cheese"", ""label"": ""Cheddar cheese (40g) x2"", ""in_box"": 2}, {""name"": ""garlic clove"", ""label"": ""Garlic clove x2"", ""in_box"": 2}, {""name"": ""lasagne sheets"", ""label"": ""Lasagne sheets (120g)"", ""in_box"": 1}, {""name"": ""carrot"", ""label"": ""Carrot"", ""in_box"": 1}, {""name"": ""white cup mushrooms"", ""label"": ""White cup mushrooms (160g)"", ""in_box"": 1}, {""name"": ""green lentils"", ""label"": ""Green lentils (185g)"", ""in_box"": 1}]"
2026-09-29,2026-08-12,a2fdea5d-7810-4649-a722-4508bd1d7097,5337,Oven Baked Korean-Style Aubergine Rice Bowl,False,0.0,494,594,15.4,17.6,2.0,89.3,19.0,11.1,3.0,120,3.1,3.6,0.4,18.1,3.8,2.2,0.61,4,40,full-prep,mild,Prepped in 5,Vegan; Vegetarian; Dairy Free,4.31,556,True,"[{""name"": ""red pepper"", ""label"": ""Red pepper"", ""in_box"": 1}, {""name"": ""sushi rice"", ""label"": ""Sushi rice (150g)"", ""in_box"": 1}, {""name"": ""blanched edamame beans"", ""label"": ""Blanched edamame beans (160g)"", ""in_box"": 1}, {""name"": ""gochujang paste"", ""label"": ""Gochujang paste (30g)"", ""in_box"": 1}, {""name"": ""vegan mayonnaise"", ""label"": ""Vegan mayonnaise (25ml)"", ""in_box"": 1}, {""name"": ""garlic clove"", ""label"": ""Garlic clove x2"", ""in_box"": 2}, {""name"": ""vegetable stock mix"", ""label"": ""Vegetable stock mix (5.5g)"", ""in_box"": 1}, {""name"": ""cucumber"", ""label"": ""Cucumber (0.5pcs)"", ""in_box"": 1}, {""name"": ""mirin"", ""label"": ""Mirin (15ml)"", ""in_box"": 1}, {""name"": ""rice vinegar"", ""label"": ""Rice vinegar (15ml)"", ""in_box"": 1}, {""name"": ""black sesame seeds"", ""label"": ""Black sesame seeds (5g)"", ""in_box"": 1}, {""name"": ""soy sauce"", ""label"": ""Soy sauce (15ml)"", ""in_box"": 1}, {""name"": ""aubergine"", ""label"": ""Aubergine"", ""in_box"": 1}]"
2026-09-29,2026-08-12,ef4568b5-6951-4627-b51a-f21143614e1c,5061,Oven Baked Pulled Shiitake Mushroom 'Bourguignon',False,0.0,489,486,17.0,16.7,9.0,46.5,14.1,21.0,3.66,99,3.5,3.4,1.8,9.5,2.9,4.3,0.75,3,40,full-prep,no spice,Prepped in 5,Vegan; Vegetarian; Dairy Free,4.39,4013,True,"[{""name"": ""waxy potatoes"", ""label"": ""Waxy potatoes (350g)"", ""in_box"": 1}, {""name"": ""finely chopped tomatoes"", ""label"": ""Finely chopped tomatoes (200g)"", ""in_box"": 1}, {""name"": ""tomato paste"", ""label"": ""Tomato paste (32g)"", ""in_box"": 1}, {""name"": ""intense vegetable stock mix"", ""label"": ""Intense vegetable stock mix (5.5g)"", ""in_box"": 1}, {""name"": ""garlic clove"", ""label"": ""Garlic clove"", ""in_box"": 1}, {""name"": ""Dried bay leaf"", ""label"": ""Dried bay leaf x2"", ""in_box"": 2}, {""name"": ""Chinese rice wine"", ""label"": ""Chinese rice wine (30ml)"", ""in_box"": 1}, {""name"": ""Fable® meaty pulled mushrooms"", ""label"": ""Fable® meaty pulled mushrooms (180g)"", ""in_box"": 1}, {""name"": ""shallot"", ""label"": ""Shallot x2"", ""in_box"": 2}, {""name"": ""Henderson's Relish"", ""label"": ""Henderson's Relish (15ml)"", ""in_box"": 1}, {""name"": ""rosemary"", ""label"": ""Rosemary (5g)"", ""in_box"": 1}, {""name"": ""carrot"", ""label"": ""Carrot"", ""in_box"": 1}, {""name"": ""soy sauce"", ""label"": ""Soy sauce (15ml)"", ""in_box"": 1}]"
2026-09-29,2026-08-12,5e94589a-4b66-4d95-9bb3-bad2f53a1c95,5223,Oven Baked Spicy Bacon Arrabbiata Farfalle,False,0.0,313,559,27.7,14.9,6.6,83.8,7.5,6.3,2.73,178,8.9,4.7,2.1,26.8,2.4,2.0,0.87,2,40,full-prep,spicy,Prepped in 5,,4.43,9900,True,"[{""name"": ""intense chicken stock mix"", ""label"": ""Intense chicken stock mix (5.5g)"", ""in_box"": 1}, {""name"": ""dried chilli flakes"", ""label"": ""Dried chilli flakes (1tsp)"", ""in_box"": 1}, {""name"": ""finely chopped tomatoes"", ""label"": ""Finely chopped tomatoes (200g)"", ""in_box"": 1}, {""name"": ""farfalle"", ""label"": ""Farfalle (100g) x2"", ""in_box"": 2}, {""name"": ""bacon lardons"", ""label"": ""Bacon lardons (100g)"", ""in_box"": 1}, {""name"": ""garlic clove"", ""label"": ""Garlic clove x3"", ""in_box"": 3}, {""name"": ""basil"", ""label"": ""Basil (5g)"", ""in_box"": 1}, {""name"": ""grated Italian hard cheese"", ""label"": ""Grated Italian hard cheese (30g)"", ""in_box"": 1}, {""name"": ""tomato paste"", ""label"": ""Tomato paste (16g)"", ""in_box"": 1}, {""name"": ""rocket"", ""label"": ""Rocket (50g)"", ""in_box"": 1}]"
2026-09-29,2026-08-12,c7a30a9e-d9c0-49ad-948a-e55eb1fa68e0,7207,Oven Baked Squash & Coconut Curry With Cardamom Rice,False,0.0,416,654,24.3,15.7,12.3,105.9,10.9,17.4,2.04,157,5.8,3.8,3.0,25.5,2.6,4.2,0.49,2,45,full-prep,mild,Prepped in 5,Vegan; Vegetarian; Dairy Free; Gluten Free,4.52,6916,True,"[{""name"": ""cultured coconut"", ""label"": ""Cultured coconut (80g)"", ""in_box"": 1}, {""name"": ""white long grain rice"", ""label"": ""White long grain rice (130g)"", ""in_box"": 1}, {""name"": ""solid creamed coconut"", ""label"": ""Solid creamed coconut (25g)"", ""in_box"": 1}, {""name"": ""ground turmeric"", ""label"": ""Ground turmeric (0.5tsp)"", ""in_box"": 1}, {""name"": ""red lentils"", ""label"": ""Red lentils (100g)"", ""in_box"": 1}, {""name"": ""intense vegetable stock mix"", ""label"": ""Intense vegetable stock mix (5.5g)"", ""in_box"": 1}, {""name"": ""curry powder"", ""label"": ""Curry powder (1tbsp)"", ""in_box"": 1}, {""name"": ""brown onion"", ""label"": ""Brown onion"", ""in_box"": 1}, {""name"": ""ginger & garlic paste"", ""label"": ""Ginger & garlic paste (15g)"", ""in_box"": 1}, {""name"": ""coriander"", ""label"": ""Coriander (5g)"", ""in_box"": 1}, {""name"": ""butternut squash cubes"", ""label"": ""Butternut squash cubes (160g)"", ""in_box"": 1}, {""name"": ""cardamom pod"", ""label"": ""Cardamom pod x3"", ""in_box"": 3}, {""name"": ""lime"", ""label"": ""Lime"", ""in_box"": 1}, {""name"": ""green lentils"", ""label"": ""Green lentils (185g)"", ""in_box"": 1}]"
2026-09-29,2026-08-12,07c245d2-6dbf-4915-9749-15c0d71819d4,896,Palak Paneer With Cardamom Rice,False,0.0,343,570,26.1,22.9,13.9,70.1,9.3,4.6,2.52,166,7.6,6.7,4.1,20.4,2.7,1.3,0.73,3,25,full-prep,spicy,20 minute meals,Vegetarian,4.23,19494,True,"[{""name"": ""white basmati rice"", ""label"": ""White basmati rice (130g)"", ""in_box"": 1}, {""name"": ""red chilli"", ""label"": ""Red chilli"", ""in_box"": 1}, {""name"": ""intense vegetable stock mix"", ""label"": ""Intense vegetable stock mix (5.5g)"", ""in_box"": 1}, {""name"": ""garam masala"", ""label"": ""Garam masala (1tbsp)"", ""in_box"": 1}, {""name"": ""tomato"", ""label"": ""Tomato"", ""in_box"": 1}, {""name"": ""crispy onions"", ""label"": ""Crispy onions (15g)"", ""in_box"": 1}, {""name"": ""paneer"", ""label"": ""Paneer (200g)"", ""in_box"": 1}, {""name"": ""tomato paste"", ""label"": ""Tomato paste (16g)"", ""in_box"": 1}, {""name"": ""cardamom pod"", ""label"": ""Cardamom pod x6"", ""in_box"": 6}, {""name"": ""spinach"", ""label"": ""Spinach (120g)"", ""in_box"": 1}, {""name"": ""red onion"", ""label"": ""Red onion"", ""in_box"": 1}]"
2026-09-29,2026-08-12,9ac20f1c-9691-44b8-aa69-2d5dee9965c4,14504,Paneer Tikka Masala With Cardamom Brown Rice,False,0.0,316,670,27.1,34.3,21.1,66.8,12.1,5.1,2.39,211,8.6,10.9,6.7,21.1,3.8,1.6,0.75,1,30,full-prep,mild,Classic Fakeaways,Vegetarian; Gluten Free,0,0,True,"[{""name"": ""brown long grain rice"", ""label"": ""Brown long grain rice (130g)"", ""in_box"": 1}, {""name"": ""Cornish clotted cream"", ""label"": ""Cornish clotted cream (40g)"", ""in_box"": 1}, {""name"": ""ground paprika"", ""label"": ""Ground paprika (1tsp)"", ""in_box"": 1}, {""name"": ""tomato paste"", ""label"": ""Tomato paste (32g)"", ""in_box"": 1}, {""name"": ""garam masala"", ""label"": ""Garam masala (1tsp)"", ""in_box"": 1}, {""name"": ""curry powder"", ""label"": ""Curry powder (1tbsp)"", ""in_box"": 1}, {""name"": ""garlic clove"", ""label"": ""Garlic clove"", ""in_box"": 1}, {""name"": ""tomato"", ""label"": ""Tomato"", ""in_box"": 1}, {""name"": ""shallot"", ""label"": ""Shallot"", ""in_box"": 1}, {""name"": ""natural yoghurt"", ""label"": ""Natural yoghurt (80g)"", ""in_box"": 1}, {""name"": ""paneer"", ""label"": ""Paneer (200g)"", ""in_box"": 1}, {""name"": ""vegetable stock mix"", ""label"": ""Vegetable stock mix (5.5g)"", ""in_box"": 1}, {""name"": ""ginger paste"", ""label"": ""Ginger paste (15g)"", ""in_box"": 1}, {""name"": ""cardamom pod"", ""label"": ""Cardamom pod x2"", ""in_box"": 2}]"
2026-09-29,2026-08-12,326ab8ec-2223-4b1f-b7aa-43f8a386f9d6,4006,Paneer Tikka Naan With Indian-Style Salad And Yoghurt,False,0.0,488,612,30.3,26.0,13.6,64.0,16.4,6.7,2.15,125,6.2,5.3,2.8,13.1,3.4,1.4,0.44,2,10,full-prep,mild,10-Minute,Vegetarian,4.29,14235,True,"[{""name"": ""plain naan"", ""label"": ""Plain naan (2pcs)"", ""in_box"": 1}, {""name"": ""ground turmeric"", ""label"": ""Ground turmeric (1tsp)"", ""in_box"": 1}, {""name"": ""ground paprika"", ""label"": ""Ground paprika (1tsp)"", ""in_box"": 1}, {""name"": ""garam masala"", ""label"": ""Garam masala (1tsp)"", ""in_box"": 1}, {""name"": ""natural yoghurt"", ""label"": ""Natural yoghurt (80g)"", ""in_box"": 1}, {""name"": ""lemon"", ""label"": ""Lemon"", ""in_box"": 1}, {""name"": ""paneer"", ""label"": ""Paneer (200g)"", ""in_box"": 1}, {""name"": ""ginger paste"", ""label"": ""Ginger paste (15g)"", ""in_box"": 1}, {""name"": ""mint sauce"", ""label"": ""Mint sauce (20g)"", ""in_box"": 1}, {""name"": ""cucumber"", ""label"": ""Cucumber (0.5pcs)"", ""in_box"": 1}, {""name"": ""carrot"", ""label"": ""Carrot"", ""in_box"": 1}, {""name"": ""black sesame seeds"", ""label"": ""Black sesame seeds (5g)"", ""in_box"": 1}, {""name"": ""spinach"", ""label"": ""Spinach (80g)"", ""in_box"": 1}]"
2026-09-29,2026-08-12,18879943-2feb-4e1d-9402-ede846be1764,15753,Paprika Chicken With Waxy Potatoes & Citrus Salad,False,0.0,518,486,32.3,24.3,2.7,37.0,10.0,6.1,0.53,93,6.2,4.7,0.5,7.1,1.9,1.2,0.1,2,10,full-prep,spicy,10-Minute,Dairy Free; Gluten Free,4.27,402,True,"[{""name"": ""waxy potatoes"", ""label"": ""Waxy potatoes (350g)"", ""in_box"": 1}, {""name"": ""sriracha hot chilli sauce"", ""label"": ""Sriracha hot chilli sauce (8ml)"", ""in_box"": 1}, {""name"": ""chicken breast portions"", ""label"": ""Chicken breast portions (2pcs)"", ""in_box"": 1}, {""name"": ""ground paprika"", ""label"": ""Ground paprika (1tsp)"", ""in_box"": 1}, {""name"": ""mayonnaise"", ""label"": ""Mayonnaise (50ml)"", ""in_box"": 1}, {""name"": ""tomato"", ""label"": ""Tomato x2"", ""in_box"": 2}, {""name"": ""baby leaf salad"", ""label"": ""Baby leaf salad (50g)"", ""in_box"": 1}, {""name"": ""orange"", ""label"": ""Orange"", ""in_box"": 1}, {""name"": ""white wine vinegar"", ""label"": ""White wine vinegar (15ml)"", ""in_box"": 1}]"
2026-09-29,2026-08-12,67d80df5-47f4-413a-9ee5-32c0b807eaa3,4711,Pepper & Tomato Sauce With Tomato & Mozzarella Tortelloni,False,0.0,424,469,22.9,16.1,7.0,59.4,15.7,5.5,2.14,110,5.4,3.8,1.7,14.0,3.7,1.3,0.51,3,10,full-prep,no spice,Pasta Pronto,Vegetarian,4.25,20913,True,"[{""name"": ""dried oregano"", ""label"": ""Dried oregano (1tsp)"", ""in_box"": 1}, {""name"": ""green pepper"", ""label"": ""Green pepper"", ""in_box"": 1}, {""name"": ""finely chopped tomatoes"", ""label"": ""Finely chopped tomatoes (200g) x2"", ""in_box"": 2}, {""name"": ""garlic clove"", ""label"": ""Garlic clove"", ""in_box"": 1}, {""name"": ""tomato & mozzarella tortelloni"", ""label"": ""Tomato & mozzarella tortelloni (250g)"", ""in_box"": 1}, {""name"": ""basil"", ""label"": ""Basil (5g)"", ""in_box"": 1}, {""name"": ""grated Italian hard cheese"", ""label"": ""Grated Italian hard cheese (30g)"", ""in_box"": 1}, {""name"": ""vegetable stock mix"", ""label"": ""Vegetable stock mix (5.5g)"", ""in_box"": 1}, {""name"": ""balsamic vinegar"", ""label"": ""Balsamic vinegar (15ml)"", ""in_box"": 1}]"
2026-09-29,2026-08-12,1d225a2c-0721-4346-aefc-c5fda807cf46,2498,Persian-Style Lamb Burger With Herby Feta And Harissa Mayo,False,0.0,520,810,37.7,34.4,11.9,88.8,20.8,10.1,1.5,155,7.3,6.6,2.3,17.1,4.0,1.9,0.29,1,35,full-prep,mild,Global Kitchen,,4.27,11858,True,"[{""name"": ""ground cumin"", ""label"": ""Ground cumin (1tsp)"", ""in_box"": 1}, {""name"": ""mayonnaise"", ""label"": ""Mayonnaise (25ml)"", ""in_box"": 1}, {""name"": ""ciabatta"", ""label"": ""Ciabatta x2"", ""in_box"": 2}, {""name"": ""garlic clove"", ""label"": ""Garlic clove"", ""in_box"": 1}, {""name"": ""feta"", ""label"": ""Feta (30g)"", ""in_box"": 1}, {""name"": ""lamb mince"", ""label"": ""Lamb mince (250g)"", ""in_box"": 1}, {""name"": ""harissa paste"", ""label"": ""Harissa paste (20g)"", ""in_box"": 1}, {""name"": ""coriander"", ""label"": ""Coriander (5g)"", ""in_box"": 1}, {""name"": ""sultanas"", ""label"": ""Sultanas (30g)"", ""in_box"": 1}, {""name"": ""carrot"", ""label"": ""Carrot x2"", ""in_box"": 2}, {""name"": ""red wine vinegar"", ""label"": ""Red wine vinegar (15ml)"", ""in_box"": 1}, {""name"": ""white potato"", ""label"": ""White potato x3"", ""in_box"": 3}]"
2026-09-29,2026-08-12,ff3ffeb2-f274-401c-a3f4-2b84d68ce4ad,9205,"Pineapple & Birds Eye Chilli Chicken Thigh, Coconut Lentils And Naan",False,0.0,363,723,51.6,28.9,12.8,66.2,12.1,15.3,2.38,199,14.2,8.0,3.5,18.2,3.3,4.2,0.65,3,35,full-prep,spicy,Prepped in 5,Dairy Free,4.11,442,True,"[{""name"": ""mini garlic & coriander naans"", ""label"": ""Mini garlic & coriander naans (2pcs)"", ""in_box"": 1}, {""name"": ""intense chicken stock mix"", ""label"": ""Intense chicken stock mix (5.5g)"", ""in_box"": 1}, {""name"": ""solid creamed coconut"", ""label"": ""Solid creamed coconut (25g)"", ""in_box"": 1}, {""name"": ""red lentils"", ""label"": ""Red lentils (100g)"", ""in_box"": 1}, {""name"": ""skinless chicken thighs"", ""label"": ""Skinless chicken thighs (320g)"", ""in_box"": 1}, {""name"": ""pineapple & birds eye chilli sauce"", ""label"": ""Pineapple & birds eye chilli sauce (30g)"", ""in_box"": 1}, {""name"": ""tomato paste"", ""label"": ""Tomato paste (32g)"", ""in_box"": 1}, {""name"": ""garam masala"", ""label"": ""Garam masala (1tsp)"", ""in_box"": 1}, {""name"": ""ground smoked paprika"", ""label"": ""Ground smoked paprika (2tsp)"", ""in_box"": 1}, {""name"": ""curry powder"", ""label"": ""Curry powder (1tbsp)"", ""in_box"": 1}, {""name"": ""garlic clove"", ""label"": ""Garlic clove x3"", ""in_box"": 3}, {""name"": ""spinach"", ""label"": ""Spinach (80g)"", ""in_box"": 1}]"
2026-09-29,2026-08-12,053e5886-4a75-44a8-b22a-5a8e23b09c98,5930,"Plant-Based 'Nduja, Caramelised Onion & Courgette Tart",False,0.0,462,697,12.0,39.0,12.6,74.8,19.0,7.2,1.11,150,2.6,8.4,2.7,16.2,4.1,1.6,0.24,2,45,full-prep,spicy,Modern Bistro,Vegan; Vegetarian; Dairy Free,4.34,806,True,"[{""name"": ""waxy potatoes"", ""label"": ""Waxy potatoes (350g)"", ""in_box"": 1}, {""name"": ""vegan mayonnaise"", ""label"": ""Vegan mayonnaise (25ml)"", ""in_box"": 1}, {""name"": ""puff pastry"", ""label"": ""Puff pastry (160g)"", ""in_box"": 1}, {""name"": ""baby leaf salad"", ""label"": ""Baby leaf salad (50g)"", ""in_box"": 1}, {""name"": ""courgette"", ""label"": ""Courgette"", ""in_box"": 1}, {""name"": ""pine nuts"", ""label"": ""Pine nuts (15g)"", ""in_box"": 1}, {""name"": ""brown onion"", ""label"": ""Brown onion"", ""in_box"": 1}, {""name"": ""vegan 'Nduja"", ""label"": ""Vegan 'Nduja (40g)"", ""in_box"": 1}, {""name"": ""cider vinegar"", ""label"": ""Cider vinegar (15ml)"", ""in_box"": 1}, {""name"": ""chives"", ""label"": ""Chives (5g)"", ""in_box"": 1}, {""name"": ""agave nectar"", ""label"": ""Agave nectar (25g)"", ""in_box"": 1}]"
2026-09-29,2026-08-12,35f58814-685c-4184-a103-b41cdf2a36ae,15895,Pork & Basil Meatballs With Tomato Sauce & Mash,False,0.0,542,476,35.2,15.7,6.7,51.4,11.4,8.1,1.45,87,6.5,2.9,1.2,9.5,2.1,1.5,0.27,3,35,full-prep,no spice,Everyday Favourites,Gluten Free,4.29,221,True,"[{""name"": ""intense chicken stock mix"", ""label"": ""Intense chicken stock mix (5.5g)"", ""in_box"": 1}, {""name"": ""finely chopped tomatoes"", ""label"": ""Finely chopped tomatoes (200g)"", ""in_box"": 1}, {""name"": ""tomato paste"", ""label"": ""Tomato paste (32g)"", ""in_box"": 1}, {""name"": ""pork mince"", ""label"": ""Pork mince (250g)"", ""in_box"": 1}, {""name"": ""garlic clove"", ""label"": ""Garlic clove x2"", ""in_box"": 2}, {""name"": ""basil"", ""label"": ""Basil (5g)"", ""in_box"": 1}, {""name"": ""Italian hard cheese"", ""label"": ""Italian hard cheese (20g)"", ""in_box"": 1}, {""name"": ""fine green beans"", ""label"": ""Fine green beans (80g)"", ""in_box"": 1}, {""name"": ""red onion"", ""label"": ""Red onion"", ""in_box"": 1}, {""name"": ""white potato"", ""label"": ""White potato x4"", ""in_box"": 4}]"
2026-09-29,2026-08-12,868cd8e5-00dd-4ef2-af79-1643d5947c9f,14523,Pork & Beef Cheeseburger With Fries,False,0.0,431,822,36.7,46.5,15.9,64.6,9.8,7.4,1.99,190,8.5,10.8,3.7,15.0,2.3,1.7,0.46,1,35,full-prep,no spice,Classic Fakeaways,,4.53,156,True,"[{""name"": ""brioche style buns"", ""label"": ""Brioche style buns (2pcs)"", ""in_box"": 1}, {""name"": ""pork & beef mince"", ""label"": ""Pork & beef mince (250g)"", ""in_box"": 1}, {""name"": ""tomato ketchup"", ""label"": ""Tomato ketchup (30ml)"", ""in_box"": 1}, {""name"": ""smoked sea salt flakes"", ""label"": ""Smoked sea salt flakes (1g)"", ""in_box"": 1}, {""name"": ""mayonnaise"", ""label"": ""Mayonnaise (25ml)"", ""in_box"": 1}, {""name"": ""cheddar cheese"", ""label"": ""Cheddar cheese (40g)"", ""in_box"": 1}, {""name"": ""gem lettuce"", ""label"": ""Gem lettuce"", ""in_box"": 1}, {""name"": ""white potato"", ""label"": ""White potato x3"", ""in_box"": 3}]"
2026-09-29,2026-08-12,8b1acfb8-adbc-4896-a550-3c8ddded50a9,14411,Pork & Beef Lasagne With Balsamic Salad,False,0.0,520,607,39.2,21.0,9.0,65.8,19.7,9.8,1.65,116,7.5,4.0,1.7,12.7,3.8,1.9,0.32,4,55,full-prep,no spice,Everyday Favourites,,4.46,501,True,"[{""name"": ""finely chopped tomatoes"", ""label"": ""Finely chopped tomatoes (200g)"", ""in_box"": 1}, {""name"": ""tomato paste"", ""label"": ""Tomato paste (32g)"", ""in_box"": 1}, {""name"": ""dried oregano"", ""label"": ""Dried oregano (1tsp)"", ""in_box"": 1}, {""name"": ""pork & beef mince"", ""label"": ""Pork & beef mince (250g)"", ""in_box"": 1}, {""name"": ""intense beef stock mix"", ""label"": ""Intense beef stock mix (5.5g)"", ""in_box"": 1}, {""name"": ""garlic clove"", ""label"": ""Garlic clove x2"", ""in_box"": 2}, {""name"": ""Dried bay leaf"", ""label"": ""Dried bay leaf x2"", ""in_box"": 2}, {""name"": ""lasagne sheets"", ""label"": ""Lasagne sheets (120g)"", ""in_box"": 1}, {""name"": ""brown onion"", ""label"": ""Brown onion"", ""in_box"": 1}, {""name"": ""Italian hard cheese"", ""label"": ""Italian hard cheese (20g)"", ""in_box"": 1}, {""name"": ""Henderson's Relish"", ""label"": ""Henderson's Relish (15ml)"", ""in_box"": 1}, {""name"": ""carrot"", ""label"": ""Carrot x2"", ""in_box"": 2}, {""name"": ""gem lettuce"", ""label"": ""Gem lettuce"", ""in_box"": 1}, {""name"": ""balsamic vinegar"", ""label"": ""Balsamic vinegar (15ml)"", ""in_box"": 1}]"
2026-09-29,2026-08-12,5639e097-00af-469c-a26f-069c7c42387c,3012,Pork & Beef Risotto Bolognese With Cheesy Garlic & Parsley Croutons,False,0.0,490,831,40.5,32.5,13.6,93.2,10.6,8.0,2.36,169,8.3,6.6,2.8,19.0,2.2,1.6,0.48,3,55,full-prep,no spice,Modern Bistro,,4.13,7428,True,"[{""name"": ""intense beef stock mix"", ""label"": ""Intense beef stock mix (5.5g)"", ""in_box"": 1}, {""name"": ""pork & beef mince"", ""label"": ""Pork & beef mince (250g)"", ""in_box"": 1}, {""name"": ""dried oregano"", ""label"": ""Dried oregano (1tsp)"", ""in_box"": 1}, {""name"": ""soy sauce"", ""label"": ""Soy sauce (8ml)"", ""in_box"": 1}, {""name"": ""finely chopped tomatoes"", ""label"": ""Finely chopped tomatoes (200g)"", ""in_box"": 1}, {""name"": ""ciabatta"", ""label"": ""Ciabatta"", ""in_box"": 1}, {""name"": ""garlic clove"", ""label"": ""Garlic clove x2"", ""in_box"": 2}, {""name"": ""parsley"", ""label"": ""Parsley (5g)"", ""in_box"": 1}, {""name"": ""brown onion"", ""label"": ""Brown onion"", ""in_box"": 1}, {""name"": ""arborio rice"", ""label"": ""Arborio rice (160g)"", ""in_box"": 1}, {""name"": ""grated Italian hard cheese"", ""label"": ""Grated Italian hard cheese (30g)"", ""in_box"": 1}, {""name"": ""carrot"", ""label"": ""Carrot"", ""in_box"": 1}, {""name"": ""rocket"", ""label"": ""Rocket (50g)"", ""in_box"": 1}]"
2026-09-29,2026-08-12,50d9921e-b00b-403a-9504-85f7ca82c83a,5498,Pork & Black Bean Stir-Fry With Rice,False,0.0,305,543,32.3,18.2,5.5,65.1,6.2,3.7,2.52,178,10.6,6.0,1.8,21.4,2.0,1.2,0.83,1,25,full-prep,no spice,20 minute meals,Dairy Free,4.33,31432,True,"[{""name"": ""white long grain rice"", ""label"": ""White long grain rice (130g)"", ""in_box"": 1}, {""name"": ""soy sauce"", ""label"": ""Soy sauce (8ml)"", ""in_box"": 1}, {""name"": ""pork mince"", ""label"": ""Pork mince (250g)"", ""in_box"": 1}, {""name"": ""garlic clove"", ""label"": ""Garlic clove x2"", ""in_box"": 2}, {""name"": ""toasted sesame oil"", ""label"": ""Toasted sesame oil (10ml)"", ""in_box"": 1}, {""name"": ""brown onion"", ""label"": ""Brown onion"", ""in_box"": 1}, {""name"": ""black bean paste"", ""label"": ""Black bean paste (40g)"", ""in_box"": 1}, {""name"": ""fine green beans"", ""label"": ""Fine green beans (80g)"", ""in_box"": 1}]"
2026-09-29,2026-08-12,40dd5434-ea31-4384-8cbe-907aa03d37cc,7824,Pork & Pepper Fajita Grain Bowl With Chipotle Mayo,False,0.0,443,661,32.8,36.3,6.7,49.7,8.3,8.0,0.63,149,7.4,8.2,1.5,11.2,1.9,1.8,0.14,2,20,full-prep,spicy,Protein Hit,Dairy Free,4.37,534,True,"[{""name"": ""green pepper"", ""label"": ""Green pepper"", ""in_box"": 1}, {""name"": ""mayonnaise"", ""label"": ""Mayonnaise (50ml)"", ""in_box"": 1}, {""name"": ""pork mince"", ""label"": ""Pork mince (250g)"", ""in_box"": 1}, {""name"": ""chipotle paste"", ""label"": ""Chipotle paste (20g)"", ""in_box"": 1}, {""name"": ""garlic clove"", ""label"": ""Garlic clove"", ""in_box"": 1}, {""name"": ""glorious grains"", ""label"": ""Glorious grains (250g)"", ""in_box"": 1}, {""name"": ""tomato"", ""label"": ""Tomato"", ""in_box"": 1}, {""name"": ""coriander"", ""label"": ""Coriander (5g)"", ""in_box"": 1}, {""name"": ""red onion"", ""label"": ""Red onion"", ""in_box"": 1}]"
2026-09-29,2026-08-12,cc27e407-a0b7-4b52-a68f-824875995d46,10626,Pork Al Pastor Wholemeal Tacos With Pineapple Salsa,False,0.0,428,804,38.4,38.6,14.3,71.4,23.0,8.7,0.76,187,9.0,9.0,3.3,16.7,5.4,2.0,0.18,2,40,full-prep,spicy,Global Kitchen,Dairy Free,4.12,89,True,"[{""name"": ""pork belly"", ""label"": ""Pork belly (300g)"", ""in_box"": 1}, {""name"": ""pineapple slices"", ""label"": ""Pineapple slices (220g)"", ""in_box"": 1}, {""name"": ""ground cumin"", ""label"": ""Ground cumin (1tsp)"", ""in_box"": 1}, {""name"": ""cayenne pepper"", ""label"": ""Cayenne pepper (0.5tsp)"", ""in_box"": 1}, {""name"": ""ground smoked paprika"", ""label"": ""Ground smoked paprika (1tsp)"", ""in_box"": 1}, {""name"": ""wholemeal tortillas"", ""label"": ""Wholemeal tortillas (6pcs)"", ""in_box"": 1}, {""name"": ""red wine vinegar"", ""label"": ""Red wine vinegar (30ml)"", ""in_box"": 1}, {""name"": ""tomato paste"", ""label"": ""Tomato paste (16g)"", ""in_box"": 1}, {""name"": ""coriander"", ""label"": ""Coriander (5g)"", ""in_box"": 1}, {""name"": ""red onion"", ""label"": ""Red onion"", ""in_box"": 1}]"
2026-09-29,2026-08-12,64d5cc80-fb25-47ad-b44a-cf9bf48c9094,3278,"Pork Belly Hog Roast, Apple Sauce & Stuffing",False,0.0,536,836,42.1,32.9,11.4,95.1,14.6,7.7,0.92,156,7.9,6.1,2.1,17.7,2.7,1.4,0.17,1,55,full-prep,no spice,Takeaway Night,Dairy Free,4.46,290,True,"[{""name"": ""apple"", ""label"": ""Apple"", ""in_box"": 1}, {""name"": ""pork belly"", ""label"": ""Pork belly (300g)"", ""in_box"": 1}, {""name"": ""spring onion"", ""label"": ""Spring onion"", ""in_box"": 1}, {""name"": ""panko breadcrumbs"", ""label"": ""Panko breadcrumbs (40g)"", ""in_box"": 1}, {""name"": ""ciabatta"", ""label"": ""Ciabatta x2"", ""in_box"": 2}, {""name"": ""dried sage"", ""label"": ""Dried sage (1tsp)"", ""in_box"": 1}, {""name"": ""shallot"", ""label"": ""Shallot"", ""in_box"": 1}, {""name"": ""carrot"", ""label"": ""Carrot"", ""in_box"": 1}, {""name"": ""white wine vinegar"", ""label"": ""White wine vinegar (15ml)"", ""in_box"": 1}, {""name"": ""white potato"", ""label"": ""White potato x3"", ""in_box"": 3}]"
2026-09-29,2026-08-12,814b1a85-26db-4987-a3ed-accf41bde8f3,1053,"Pork Souvlaki, Tzatziki & Greek Salad",False,0.0,513,761,40.4,37.8,13.3,64.0,17.0,4.7,2.26,148,7.9,7.4,2.6,12.5,3.3,0.9,0.44,2,45,full-prep,no spice,Modern Bistro,,4.22,3759,True,"[{""name"": ""plain naan"", ""label"": ""Plain naan (2pcs)"", ""in_box"": 1}, {""name"": ""dried oregano"", ""label"": ""Dried oregano (1tsp)"", ""in_box"": 1}, {""name"": ""pork loin steaks"", ""label"": ""Pork loin steaks (300g)"", ""in_box"": 1}, {""name"": ""green pepper"", ""label"": ""Green pepper"", ""in_box"": 1}, {""name"": ""garlic clove"", ""label"": ""Garlic clove"", ""in_box"": 1}, {""name"": ""tomato"", ""label"": ""Tomato"", ""in_box"": 1}, {""name"": ""natural yoghurt"", ""label"": ""Natural yoghurt (80g)"", ""in_box"": 1}, {""name"": ""cucumber"", ""label"": ""Cucumber (0.5pcs)"", ""in_box"": 1}, {""name"": ""skewers"", ""label"": ""Skewers x4"", ""in_box"": 4}, {""name"": ""soy sauce"", ""label"": ""Soy sauce (15ml)"", ""in_box"": 1}, {""name"": ""honey"", ""label"": ""Honey (25g)"", ""in_box"": 1}]"
2026-09-29,2026-08-12,35551b15-c69f-4d56-837b-20dc37279eba,13512,RE:NOURISH Chicken Soup With Tarragon Cheese Toastie,True,2.0,665,866,31.3,53.1,13.8,68.6,8.8,8.3,3.77,130,4.7,8.0,2.1,10.3,1.3,1.3,0.57,1,10,full-prep,no spice,10-Minute,,4.33,18,True,"[{""name"": ""RENOURISH Recover Classic Roast Chicken Soup 500g"", ""label"": ""RENOURISH Recover Classic Roast Chicken Soup 500g (500g) x2"", ""in_box"": 2}, {""name"": ""mayonnaise"", ""label"": ""Mayonnaise (50ml)"", ""in_box"": 1}, {""name"": ""ciabatta"", ""label"": ""Ciabatta x2"", ""in_box"": 2}, {""name"": ""cheddar cheese"", ""label"": ""Cheddar cheese (40g) x2"", ""in_box"": 2}, {""name"": ""parsley and tarragon pesto"", ""label"": ""Parsley and tarragon pesto (40g)"", ""in_box"": 1}]"
2026-09-29,2026-08-12,e8e68df5-97ba-4bb7-8243-d02ffef5b30a,13509,RE:NOURISH Tomato & Basil Soup W. Mozzarella & Pesto Toastie,True,2.0,662,599,22.1,30.1,11.2,56.0,13.4,8.2,3.19,90,3.3,4.5,1.7,8.4,2.0,1.2,0.48,3,10,full-prep,no spice,Semi-Prepped,Vegetarian,4.02,55,True,"[{""name"": ""ciabatta"", ""label"": ""Ciabatta x2"", ""in_box"": 2}, {""name"": ""RE:NOURISH Calm Tomato & Basil Soup"", ""label"": ""RE:NOURISH Calm Tomato & Basil Soup (500g) x2"", ""in_box"": 2}, {""name"": ""parsley and tarragon pesto"", ""label"": ""Parsley and tarragon pesto (40g)"", ""in_box"": 1}, {""name"": ""mozzarella"", ""label"": ""Mozzarella (125g)"", ""in_box"": 1}]"
2026-09-29,2026-08-12,bf9b500a-7632-40fb-9900-3d6e8e15566b,15547,Ready-To-Heat Chicken & Leek Pie With Mash And Peas,True,2.5,480,732,29.4,27.4,12.5,92.0,8.7,11.6,1.81,152,6.1,5.7,2.6,19.2,1.8,2.4,0.38,1,30,full-prep,no spice,Semi-Prepped,,4.42,53,True,"[{""name"": ""Higgidy Creamy Chicken & Sautéed Leek Pie with white wine"", ""label"": ""Higgidy Creamy Chicken & Sautéed Leek Pie with white wine (200g) x2"", ""in_box"": 2}, {""name"": ""blanched peas"", ""label"": ""Blanched peas (160g)"", ""in_box"": 1}, {""name"": ""white potato"", ""label"": ""White potato x4"", ""in_box"": 4}]"
2026-09-29,2026-08-12,877d81ac-6f52-44ea-ab9b-79c98870c863,10096,"Ready-To-Heat Steak & Ale Pie With Cheddar Mash, Gravy & Peas",True,2.5,507,768,36.8,26.2,15.2,96.5,9.2,12.1,2.64,151,7.3,5.2,3.0,19.0,1.8,2.4,0.52,1,30,full-prep,no spice,Semi-Prepped,,4.42,283,True,"[{""name"": ""gravy base"", ""label"": ""Gravy base (14g)"", ""in_box"": 1}, {""name"": ""Higgidy slow-braised steak & craft ale pie with carrots"", ""label"": ""Higgidy slow-braised steak & craft ale pie with carrots (200g) x2"", ""in_box"": 2}, {""name"": ""cheddar cheese"", ""label"": ""Cheddar cheese (40g)"", ""in_box"": 1}, {""name"": ""blanched peas"", ""label"": ""Blanched peas (160g)"", ""in_box"": 1}, {""name"": ""white potato"", ""label"": ""White potato x4"", ""in_box"": 4}]"
2026-09-29,2026-08-12,efa1cc90-18e3-4153-bfee-9e4cf22fe30b,5249,Rendang-Inspired Beef Mince Curry And Satay Salad,False,0.0,380,794,36.3,41.6,18.3,67.9,8.1,5.2,2.45,208,9.6,10.9,4.8,17.9,2.1,1.4,0.65,1,10,full-prep,spicy,Global Kitchen,Dairy Free,4.36,1572,True,"[{""name"": ""ground turmeric"", ""label"": ""Ground turmeric (0.5tsp)"", ""in_box"": 1}, {""name"": ""soy sauce"", ""label"": ""Soy sauce (8ml)"", ""in_box"": 1}, {""name"": ""red chilli"", ""label"": ""Red chilli"", ""in_box"": 1}, {""name"": ""sriracha hot chilli sauce"", ""label"": ""Sriracha hot chilli sauce (8ml)"", ""in_box"": 1}, {""name"": ""intense beef stock mix"", ""label"": ""Intense beef stock mix (5.5g)"", ""in_box"": 1}, {""name"": ""ground cinnamon"", ""label"": ""Ground cinnamon (0.5tsp)"", ""in_box"": 1}, {""name"": ""cooked white long grain rice"", ""label"": ""Cooked white long grain rice (280g)"", ""in_box"": 1}, {""name"": ""beef mince"", ""label"": ""Beef mince (250g)"", ""in_box"": 1}, {""name"": ""ginger & garlic paste"", ""label"": ""Ginger & garlic paste (15g)"", ""in_box"": 1}, {""name"": ""gem lettuce"", ""label"": ""Gem lettuce"", ""in_box"": 1}, {""name"": ""white wine vinegar"", ""label"": ""White wine vinegar (15ml)"", ""in_box"": 1}, {""name"": ""smooth peanut butter"", ""label"": ""Smooth peanut butter (26g)"", ""in_box"": 1}, {""name"": ""tamarind paste"", ""label"": ""Tamarind paste (15g)"", ""in_box"": 1}, {""name"": ""solid creamed coconut"", ""label"": ""Solid creamed coconut (25g)"", ""in_box"": 1}]"
2026-09-29,2026-08-12,64fc76a0-7055-4165-84b6-02fe04374ff1,1480,"Roasted Beetroot, Greek Cheese & Quinoa Salad",False,0.0,468,561,24.3,17.8,8.9,76.7,35.0,12.2,1.35,119,5.2,3.8,1.9,16.4,7.5,2.6,0.29,4,40,full-prep,no spice,Veg Boost,Vegetarian,4.06,2971,True,"[{""name"": ""Greek salad cheese"", ""label"": ""Greek salad cheese (100g)"", ""in_box"": 1}, {""name"": ""seasonal salad"", ""label"": ""Seasonal salad (50g)"", ""in_box"": 1}, {""name"": ""pumpkin seeds"", ""label"": ""Pumpkin seeds (15g)"", ""in_box"": 1}, {""name"": ""parsley"", ""label"": ""Parsley (5g)"", ""in_box"": 1}, {""name"": ""quinoa"", ""label"": ""Quinoa (70g) x2"", ""in_box"": 2}, {""name"": ""onion marmalade"", ""label"": ""Onion marmalade (40g)"", ""in_box"": 1}, {""name"": ""butternut squash cubes"", ""label"": ""Butternut squash cubes (160g)"", ""in_box"": 1}, {""name"": ""cooked beetroot"", ""label"": ""Cooked beetroot (250g)"", ""in_box"": 1}, {""name"": ""balsamic vinegar"", ""label"": ""Balsamic vinegar (15ml)"", ""in_box"": 1}, {""name"": ""red onion"", ""label"": ""Red onion x2"", ""in_box"": 2}]"
2026-09-29,2026-08-12,73fcbf4e-b2c4-4c3d-bb2d-5b877ba56f3b,9613,"Rump Steak With Chipotle Butter, Creamed Corn And Sweet Potato Wedges",True,5.5,662,660,43.6,28.5,14.1,61.1,22.8,8.7,0.66,99,6.6,4.3,2.1,9.2,3.4,1.3,0.1,4,50,full-prep,mild,Global Kitchen,Gluten Free,0,0,True,"[{""name"": ""chipotle paste"", ""label"": ""Chipotle paste (40g)"", ""in_box"": 1}, {""name"": ""rump pavé steak"", ""label"": ""Rump pavé steak (300g)"", ""in_box"": 1}, {""name"": ""ground cumin"", ""label"": ""Ground cumin (1tsp)"", ""in_box"": 1}, {""name"": ""Sweetcorn"", ""label"": ""Sweetcorn (150g)"", ""in_box"": 1}, {""name"": ""garlic clove"", ""label"": ""Garlic clove x2"", ""in_box"": 2}, {""name"": ""tomato"", ""label"": ""Tomato"", ""in_box"": 1}, {""name"": ""courgette"", ""label"": ""Courgette"", ""in_box"": 1}, {""name"": ""grated Italian hard cheese"", ""label"": ""Grated Italian hard cheese (30g)"", ""in_box"": 1}, {""name"": ""soft cheese"", ""label"": ""Soft cheese (50g)"", ""in_box"": 1}, {""name"": ""lime"", ""label"": ""Lime"", ""in_box"": 1}, {""name"": ""coriander & mint"", ""label"": ""Coriander & mint (10g)"", ""in_box"": 1}, {""name"": ""sweet potato"", ""label"": ""Sweet potato x2"", ""in_box"": 2}]"
2026-09-29,2026-08-12,d51c94ed-0b29-4adb-b530-cc597964b827,4214,"Rump Steak With Chipotle Butter, Creamed Corn And Wedges",True,5.5,612,609,44.1,28.1,14.0,47.9,12.7,6.9,0.46,99,7.2,4.6,2.3,7.8,2.1,1.1,0.07,2,50,full-prep,mild,Global Kitchen,Gluten Free,4.3,3312,True,"[{""name"": ""chipotle paste"", ""label"": ""Chipotle paste (40g)"", ""in_box"": 1}, {""name"": ""rump pavé steak"", ""label"": ""Rump pavé steak (300g)"", ""in_box"": 1}, {""name"": ""ground cumin"", ""label"": ""Ground cumin (1tsp)"", ""in_box"": 1}, {""name"": ""Sweetcorn"", ""label"": ""Sweetcorn (150g)"", ""in_box"": 1}, {""name"": ""garlic clove"", ""label"": ""Garlic clove x2"", ""in_box"": 2}, {""name"": ""tomato"", ""label"": ""Tomato"", ""in_box"": 1}, {""name"": ""courgette"", ""label"": ""Courgette"", ""in_box"": 1}, {""name"": ""grated Italian hard cheese"", ""label"": ""Grated Italian hard cheese (30g)"", ""in_box"": 1}, {""name"": ""soft cheese"", ""label"": ""Soft cheese (50g)"", ""in_box"": 1}, {""name"": ""lime"", ""label"": ""Lime"", ""in_box"": 1}, {""name"": ""coriander & mint"", ""label"": ""Coriander & mint (10g)"", ""in_box"": 1}, {""name"": ""white potato"", ""label"": ""White potato x3"", ""in_box"": 3}]"
2026-09-29,2026-08-12,0eddb09c-9a06-4a39-ab6d-b421faa3ad2d,9456,Rump Steak With Creamy Mushroom Sauce And Sweet Potato Chips,True,4.75,505,525,37.0,22.4,10.7,45.4,12.8,5.8,0.94,103,7.3,4.4,2.1,9.0,2.5,1.1,0.18,4,30,full-prep,no spice,Gastropub,Gluten Free,4.78,9,True,"[{""name"": ""rump pavé steak"", ""label"": ""Rump pavé steak (300g)"", ""in_box"": 1}, {""name"": ""soft cheese"", ""label"": ""Soft cheese (50g)"", ""in_box"": 1}, {""name"": ""chicken stock mix"", ""label"": ""Chicken stock mix (5.5g)"", ""in_box"": 1}, {""name"": ""Chinese rice wine"", ""label"": ""Chinese rice wine (15ml)"", ""in_box"": 1}, {""name"": ""chestnut mushrooms"", ""label"": ""Chestnut mushrooms (160g)"", ""in_box"": 1}, {""name"": ""spinach"", ""label"": ""Spinach (80g)"", ""in_box"": 1}, {""name"": ""sweet potato"", ""label"": ""Sweet potato x2"", ""in_box"": 2}]"
2026-09-29,2026-08-12,46d4d032-b69e-4e1f-8e80-f26493b31525,8183,Rump Steak With Crispy Cheesy Potatoes And Red Wine Jus,True,4.0,,464,39.7,18.7,,36.3,,5.9,1.32,,,,,,,,,1,65,full-prep,no spice,Fine Dine In,Gluten Free,4.5,1020,True,
2026-09-29,2026-08-12,4d60c357-d1f8-49cf-914c-7d7e0c50ef8e,11823,Satay Kambing-Style Lamb Skewers With Brown Rice,False,0.0,366,597,34.0,25.4,8.8,56.5,4.9,4.0,2.02,162,9.3,6.9,2.4,15.4,1.3,1.1,0.55,1,30,full-prep,no spice,Global Kitchen,Dairy Free,3.94,69,True,"[{""name"": ""sriracha hot chilli sauce"", ""label"": ""Sriracha hot chilli sauce (8ml)"", ""in_box"": 1}, {""name"": ""brown long grain rice"", ""label"": ""Brown long grain rice (130g)"", ""in_box"": 1}, {""name"": ""tomato"", ""label"": ""Tomato"", ""in_box"": 1}, {""name"": ""red Thai curry paste"", ""label"": ""Red Thai curry paste (20g)"", ""in_box"": 1}, {""name"": ""lamb mince"", ""label"": ""Lamb mince (250g)"", ""in_box"": 1}, {""name"": ""skewers"", ""label"": ""Skewers x4"", ""in_box"": 4}, {""name"": ""soy sauce"", ""label"": ""Soy sauce (15ml)"", ""in_box"": 1}, {""name"": ""gem lettuce"", ""label"": ""Gem lettuce"", ""in_box"": 1}, {""name"": ""lime"", ""label"": ""Lime"", ""in_box"": 1}, {""name"": ""smooth peanut butter"", ""label"": ""Smooth peanut butter (26g)"", ""in_box"": 1}]"
2026-09-29,2026-08-12,62ba7afa-3bf2-4eb9-b420-71f30bf3f7fa,3516,Sesame Chicken Katsu With Edamame Brown Rice,False,0.0,413,561,43.6,13.2,2.3,61.8,14.4,12.2,1.8,135,10.6,3.2,0.6,15.0,3.5,2.9,0.44,2,40,full-prep,mild,Calorie Controlled,Dairy Free,3.93,6366,True,"[{""name"": ""blanched edamame beans"", ""label"": ""Blanched edamame beans (160g)"", ""in_box"": 1}, {""name"": ""tomato ketchup"", ""label"": ""Tomato ketchup (30ml)"", ""in_box"": 1}, {""name"": ""soy sauce"", ""label"": ""Soy sauce (8ml)"", ""in_box"": 1}, {""name"": ""chicken breast portions"", ""label"": ""Chicken breast portions (2pcs)"", ""in_box"": 1}, {""name"": ""umami seasoning"", ""label"": ""Umami seasoning (1tbsp)"", ""in_box"": 1}, {""name"": ""curry powder"", ""label"": ""Curry powder (1tbsp)"", ""in_box"": 1}, {""name"": ""shallot"", ""label"": ""Shallot"", ""in_box"": 1}, {""name"": ""ginger paste"", ""label"": ""Ginger paste (15g)"", ""in_box"": 1}, {""name"": ""rice vinegar"", ""label"": ""Rice vinegar (15ml)"", ""in_box"": 1}, {""name"": ""carrot"", ""label"": ""Carrot x2"", ""in_box"": 2}, {""name"": ""black sesame seeds"", ""label"": ""Black sesame seeds (5g)"", ""in_box"": 1}, {""name"": ""brown long grain rice"", ""label"": ""Brown long grain rice (100g)"", ""in_box"": 1}]"
2026-09-29,2026-08-12,1f4e7046-daee-418e-bae0-ae525a7063a8,4180,Sesame Orange King Prawn Stir-Fry,False,0.0,378,455,20.5,2.3,0.4,92.5,18.2,5.5,2.9,120,5.4,0.6,0.1,24.5,4.8,1.5,0.77,2,25,full-prep,no spice,20 minute meals,Dairy Free; Gluten Free,4.08,6078,True,"[{""name"": ""yellow pepper"", ""label"": ""Yellow pepper"", ""in_box"": 1}, {""name"": ""white basmati rice"", ""label"": ""White basmati rice (130g)"", ""in_box"": 1}, {""name"": ""raw peeled king prawns"", ""label"": ""Raw peeled king prawns (171g)"", ""in_box"": 1}, {""name"": ""cornflour"", ""label"": ""Cornflour (4tbsp)"", ""in_box"": 1}, {""name"": ""five-spice mix"", ""label"": ""Five-spice mix (1tsp)"", ""in_box"": 1}, {""name"": ""gluten free soy sauce"", ""label"": ""Gluten free soy sauce (15ml) x2"", ""in_box"": 2}, {""name"": ""rice vinegar"", ""label"": ""Rice vinegar (15ml)"", ""in_box"": 1}, {""name"": ""black sesame seeds"", ""label"": ""Black sesame seeds (5g)"", ""in_box"": 1}, {""name"": ""orange"", ""label"": ""Orange"", ""in_box"": 1}, {""name"": ""red onion"", ""label"": ""Red onion"", ""in_box"": 1}, {""name"": ""honey"", ""label"": ""Honey (25g)"", ""in_box"": 1}]"
2026-09-29,2026-08-12,17531df3-8fb1-451c-9ebd-34505b36ffa7,4829,"Sesame, Honey & Lime Basa With Sweet Potato Wedges",False,0.0,474,405,23.8,3.5,1.0,72.6,23.7,6.9,1.47,85,5.0,0.7,0.2,15.3,5.0,1.4,0.31,3,40,full-prep,no spice,Global Kitchen,Dairy Free,4.49,15213,True,"[{""name"": ""red pepper"", ""label"": ""Red pepper"", ""in_box"": 1}, {""name"": ""spring onion"", ""label"": ""Spring onion"", ""in_box"": 1}, {""name"": ""basa fillets"", ""label"": ""Basa fillets (2pcs)"", ""in_box"": 1}, {""name"": ""cornflour"", ""label"": ""Cornflour (4tbsp)"", ""in_box"": 1}, {""name"": ""garlic clove"", ""label"": ""Garlic clove"", ""in_box"": 1}, {""name"": ""fresh root ginger"", ""label"": ""Fresh root ginger (15g)"", ""in_box"": 1}, {""name"": ""toasted sesame seeds"", ""label"": ""Toasted sesame seeds (5g)"", ""in_box"": 1}, {""name"": ""coriander"", ""label"": ""Coriander (5g)"", ""in_box"": 1}, {""name"": ""soy sauce"", ""label"": ""Soy sauce (15ml)"", ""in_box"": 1}, {""name"": ""lime"", ""label"": ""Lime"", ""in_box"": 1}, {""name"": ""sweet potato"", ""label"": ""Sweet potato x2"", ""in_box"": 2}, {""name"": ""honey"", ""label"": ""Honey (25g)"", ""in_box"": 1}]"
2026-09-29,2026-08-12,e8d10898-0fd4-44f1-ab5a-8e2c67fea4f1,5306,"Smoky Bacon, Mushroom & Leek Mac 'N' Cheese",False,0.0,453,631,32.5,25.3,13.1,73.2,9.1,9.9,2.38,139,7.2,5.6,2.9,16.2,2.0,2.2,0.53,2,45,full-prep,mild,Takeaway Night,,4.33,5589,True,"[{""name"": ""leek"", ""label"": ""Leek"", ""in_box"": 1}, {""name"": ""panko breadcrumbs"", ""label"": ""Panko breadcrumbs (20g)"", ""in_box"": 1}, {""name"": ""ground smoked paprika"", ""label"": ""Ground smoked paprika (2tsp)"", ""in_box"": 1}, {""name"": ""bacon lardons"", ""label"": ""Bacon lardons (100g)"", ""in_box"": 1}, {""name"": ""cheddar cheese"", ""label"": ""Cheddar cheese (40g) x2"", ""in_box"": 2}, {""name"": ""garlic clove"", ""label"": ""Garlic clove"", ""in_box"": 1}, {""name"": ""fine green beans"", ""label"": ""Fine green beans (80g)"", ""in_box"": 1}, {""name"": ""chestnut mushrooms"", ""label"": ""Chestnut mushrooms (160g)"", ""in_box"": 1}, {""name"": ""macaroni"", ""label"": ""Macaroni (150g)"", ""in_box"": 1}, {""name"": ""Dijon mustard"", ""label"": ""Dijon mustard (5.5g)"", ""in_box"": 1}]"
2026-09-29,2026-08-12,94ef2581-2a9e-4fdf-994a-262253c849ba,14077,Smoky Cajun-Style Chicken Breast & Crunchy Slaw,False,0.0,422,270,33.3,6.6,2.0,21.2,14.3,6.5,0.28,63,7.9,1.6,0.5,5.0,3.4,1.5,0.07,3,20,full-prep,mild,Nutrient Rich,Gluten Free,3.83,931,True,"[{""name"": ""carrot & cabbage slaw mix"", ""label"": ""Carrot & cabbage slaw mix (160g)"", ""in_box"": 1}, {""name"": ""dried oregano"", ""label"": ""Dried oregano (1tsp)"", ""in_box"": 1}, {""name"": ""chicken breast portions"", ""label"": ""Chicken breast portions (2pcs)"", ""in_box"": 1}, {""name"": ""Sweetcorn"", ""label"": ""Sweetcorn (150g)"", ""in_box"": 1}, {""name"": ""ground smoked paprika"", ""label"": ""Ground smoked paprika (2tsp)"", ""in_box"": 1}, {""name"": ""coriander"", ""label"": ""Coriander (10g)"", ""in_box"": 1}, {""name"": ""natural yoghurt"", ""label"": ""Natural yoghurt (80g)"", ""in_box"": 1}, {""name"": ""gem lettuce"", ""label"": ""Gem lettuce"", ""in_box"": 1}, {""name"": ""lime"", ""label"": ""Lime"", ""in_box"": 1}]"
2026-09-29,2026-08-12,307a6633-b4cb-4c92-92c0-1c8d2fd86296,1364,Smoky Chipotle Mac 'N' Cheese,False,0.0,363,611,23.1,23.9,15.1,80.8,13.9,8.3,1.67,168,6.4,6.6,4.2,22.3,3.8,2.3,0.46,2,30,full-prep,,Takeaway Night,Vegetarian,4.33,26636,True,"[{""name"": ""crème fraîche"", ""label"": ""Crème fraîche (80g)"", ""in_box"": 1}, {""name"": ""red pepper"", ""label"": ""Red pepper"", ""in_box"": 1}, {""name"": ""yellow pepper"", ""label"": ""Yellow pepper"", ""in_box"": 1}, {""name"": ""panko breadcrumbs"", ""label"": ""Panko breadcrumbs (20g)"", ""in_box"": 1}, {""name"": ""ground smoked paprika"", ""label"": ""Ground smoked paprika (2tsp)"", ""in_box"": 1}, {""name"": ""chipotle paste"", ""label"": ""Chipotle paste (20g)"", ""in_box"": 1}, {""name"": ""cheddar cheese"", ""label"": ""Cheddar cheese (40g) x2"", ""in_box"": 2}, {""name"": ""vegetable stock mix"", ""label"": ""Vegetable stock mix (5.5g)"", ""in_box"": 1}, {""name"": ""tomato paste"", ""label"": ""Tomato paste (16g)"", ""in_box"": 1}, {""name"": ""macaroni"", ""label"": ""Macaroni (150g)"", ""in_box"": 1}, {""name"": ""red onion"", ""label"": ""Red onion"", ""in_box"": 1}]"
2026-09-29,2026-08-12,770c5f64-4845-4f5b-9bd1-9a1c4f9c7506,1523,"Smoky Pork, Beef & Mushroom Spaghetti",False,0.0,336,760,37.0,34.5,14.4,73.8,4.8,5.1,1.06,226,11.0,10.3,4.3,22.0,1.4,1.5,0.32,1,10,full-prep,no spice,10-Minute,,4,6295,True,"[{""name"": ""pork & beef mince"", ""label"": ""Pork & beef mince (250g)"", ""in_box"": 1}, {""name"": ""ground smoked paprika"", ""label"": ""Ground smoked paprika (2tsp)"", ""in_box"": 1}, {""name"": ""beef stock mix"", ""label"": ""Beef stock mix (5.5g)"", ""in_box"": 1}, {""name"": ""garlic clove"", ""label"": ""Garlic clove"", ""in_box"": 1}, {""name"": ""soft cheese"", ""label"": ""Soft cheese (50g)"", ""in_box"": 1}, {""name"": ""chestnut mushrooms"", ""label"": ""Chestnut mushrooms (160g)"", ""in_box"": 1}, {""name"": ""spaghetti"", ""label"": ""Spaghetti (190g)"", ""in_box"": 1}, {""name"": ""Dijon mustard"", ""label"": ""Dijon mustard (5.5g)"", ""in_box"": 1}]"
2026-09-29,2026-08-12,a408d8b2-789c-430e-b2a4-ace03345d4c3,8784,Sole Meuniére With Herby Potatoes & Green Beans,True,2.0,465,395,27.3,18.4,8.7,33.0,6.0,6.7,0.52,84,5.9,3.9,1.9,7.1,1.3,1.4,0.11,1,25,full-prep,no spice,Fine Dine In,Gluten Free,4.27,78,True,"[{""name"": ""yellowfin sole fillets"", ""label"": ""Yellowfin sole fillets (240g)"", ""in_box"": 1}, {""name"": ""waxy potatoes"", ""label"": ""Waxy potatoes (350g)"", ""in_box"": 1}, {""name"": ""Cornish clotted cream"", ""label"": ""Cornish clotted cream (40g)"", ""in_box"": 1}, {""name"": ""capers"", ""label"": ""Capers (20g)"", ""in_box"": 1}, {""name"": ""parsley"", ""label"": ""Parsley (5g)"", ""in_box"": 1}, {""name"": ""lemon"", ""label"": ""Lemon"", ""in_box"": 1}, {""name"": ""fine green beans"", ""label"": ""Fine green beans (160g)"", ""in_box"": 1}, {""name"": ""flaked almonds"", ""label"": ""Flaked almonds (15g)"", ""in_box"": 1}]"
2026-09-29,2026-08-12,06ead9ef-1bb7-4232-a5f6-d99c065eee5d,798,South Indian-Style Chicken Cashew Curry,False,0.0,385,556,39.2,14.2,4.0,72.9,9.5,5.5,1.38,144,10.2,3.7,1.0,19.0,2.5,1.4,0.36,2,40,full-prep,mild,Global Kitchen,Dairy Free,4.19,18284,True,"[{""name"": ""intense chicken stock mix"", ""label"": ""Intense chicken stock mix (5.5g)"", ""in_box"": 1}, {""name"": ""chicken breast strips"", ""label"": ""Chicken breast strips (250g)"", ""in_box"": 1}, {""name"": ""white basmati rice"", ""label"": ""White basmati rice (130g)"", ""in_box"": 1}, {""name"": ""red chilli"", ""label"": ""Red chilli"", ""in_box"": 1}, {""name"": ""garlic clove"", ""label"": ""Garlic clove x3"", ""in_box"": 3}, {""name"": ""garam masala"", ""label"": ""Garam masala (1tbsp)"", ""in_box"": 1}, {""name"": ""tomato"", ""label"": ""Tomato x2"", ""in_box"": 2}, {""name"": ""crispy onions"", ""label"": ""Crispy onions (15g)"", ""in_box"": 1}, {""name"": ""tomato paste"", ""label"": ""Tomato paste (16g) x2"", ""in_box"": 2}, {""name"": ""coriander"", ""label"": ""Coriander (5g)"", ""in_box"": 1}, {""name"": ""cardamom pod"", ""label"": ""Cardamom pod x6"", ""in_box"": 6}, {""name"": ""cashew nuts"", ""label"": ""Cashew nuts (25g)"", ""in_box"": 1}, {""name"": ""red onion"", ""label"": ""Red onion"", ""in_box"": 1}]"
2026-09-29,2026-08-12,4e7cc311-8e9e-4b8c-bb5d-24c3b98a977a,3947,Soy-Glazed Basa With Japanese-Style Slaw,False,0.0,450,636,30.2,16.8,2.1,91.0,25.2,6.8,2.74,141,6.7,3.7,0.5,20.2,5.6,1.5,0.61,2,40,full-prep,mild,Global Kitchen,Dairy Free,4.34,4205,True,"[{""name"": ""red chilli"", ""label"": ""Red chilli"", ""in_box"": 1}, {""name"": ""basa fillets"", ""label"": ""Basa fillets (2pcs)"", ""in_box"": 1}, {""name"": ""sushi rice"", ""label"": ""Sushi rice (150g)"", ""in_box"": 1}, {""name"": ""cornflour"", ""label"": ""Cornflour (1tsp)"", ""in_box"": 1}, {""name"": ""mayonnaise"", ""label"": ""Mayonnaise (25ml)"", ""in_box"": 1}, {""name"": ""garlic clove"", ""label"": ""Garlic clove"", ""in_box"": 1}, {""name"": ""rice vinegar"", ""label"": ""Rice vinegar (15ml)"", ""in_box"": 1}, {""name"": ""carrot"", ""label"": ""Carrot x2"", ""in_box"": 2}, {""name"": ""soy sauce"", ""label"": ""Soy sauce (30ml)"", ""in_box"": 1}, {""name"": ""tahini"", ""label"": ""Tahini (15g)"", ""in_box"": 1}, {""name"": ""apple"", ""label"": ""Apple"", ""in_box"": 1}, {""name"": ""honey"", ""label"": ""Honey (25g)"", ""in_box"": 1}, {""name"": ""sweet pea pods"", ""label"": ""Sweet pea pods (80g)"", ""in_box"": 1}]"
2026-09-29,2026-08-12,3dc9593e-9c3c-43cc-b40b-687f4f14b839,4647,Speedy Chicken Thigh Korean-Style BBQ,False,0.0,414,547,30.2,22.5,4.6,56.4,12.2,4.9,2.59,131,7.3,5.4,1.1,13.6,2.9,1.2,0.62,1,10,full-prep,spicy,10-Minute,Dairy Free,4.03,2459,True,"[{""name"": ""cooked white long grain rice"", ""label"": ""Cooked white long grain rice (280g)"", ""in_box"": 1}, {""name"": ""dried chilli flakes"", ""label"": ""Dried chilli flakes (0.5tsp)"", ""in_box"": 1}, {""name"": ""gochujang paste"", ""label"": ""Gochujang paste (30g)"", ""in_box"": 1}, {""name"": ""spring onion"", ""label"": ""Spring onion x2"", ""in_box"": 2}, {""name"": ""diced chicken thigh"", ""label"": ""Diced chicken thigh (250g)"", ""in_box"": 1}, {""name"": ""toasted sesame seeds"", ""label"": ""Toasted sesame seeds (5g)"", ""in_box"": 1}, {""name"": ""toasted sesame oil"", ""label"": ""Toasted sesame oil (10ml)"", ""in_box"": 1}, {""name"": ""ginger & garlic paste"", ""label"": ""Ginger & garlic paste (15g)"", ""in_box"": 1}, {""name"": ""rice vinegar"", ""label"": ""Rice vinegar (15ml)"", ""in_box"": 1}, {""name"": ""carrot"", ""label"": ""Carrot"", ""in_box"": 1}, {""name"": ""soy sauce"", ""label"": ""Soy sauce (15ml)"", ""in_box"": 1}, {""name"": ""gem lettuce"", ""label"": ""Gem lettuce"", ""in_box"": 1}]"
2026-09-29,2026-08-12,669cf3d2-b4f2-4863-b88b-509a12db7324,532,Speedy Chinese-Style Pork Lettuce Boats,False,0.0,378,452,30.8,15.0,4.8,51.5,8.0,4.4,1.1,119,8.1,4.0,1.3,13.6,2.1,1.2,0.29,2,30,full-prep,mild,20 minute meals,Dairy Free,4.09,6357,True,"[{""name"": ""white basmati rice"", ""label"": ""White basmati rice (100g)"", ""in_box"": 1}, {""name"": ""spring onion"", ""label"": ""Spring onion"", ""in_box"": 1}, {""name"": ""soy sauce"", ""label"": ""Soy sauce (8ml)"", ""in_box"": 1}, {""name"": ""pork mince"", ""label"": ""Pork mince (250g)"", ""in_box"": 1}, {""name"": ""courgette"", ""label"": ""Courgette"", ""in_box"": 1}, {""name"": ""harissa paste"", ""label"": ""Harissa paste (40g)"", ""in_box"": 1}, {""name"": ""carrot"", ""label"": ""Carrot"", ""in_box"": 1}, {""name"": ""gem lettuce"", ""label"": ""Gem lettuce"", ""in_box"": 1}]"
2026-09-29,2026-08-12,0c08a8a1-ed25-4ff3-8239-bdba5864a614,4546,Speedy Hoisin Chicken Thigh Noodle Stir-Fry,False,0.0,407,599,35.6,17.4,5.4,76.1,15.8,4.1,1.59,147,8.8,4.3,1.3,18.7,3.9,1.0,0.39,2,10,full-prep,mild,10-Minute,Dairy Free,4.09,7964,True,"[{""name"": ""dried chilli flakes"", ""label"": ""Dried chilli flakes (0.5tsp)"", ""in_box"": 1}, {""name"": ""medium egg noodle nests"", ""label"": ""Medium egg noodle nests (2pcs)"", ""in_box"": 1}, {""name"": ""soy sauce"", ""label"": ""Soy sauce (8ml)"", ""in_box"": 1}, {""name"": ""diced chicken thigh"", ""label"": ""Diced chicken thigh (250g)"", ""in_box"": 1}, {""name"": ""Sweetcorn"", ""label"": ""Sweetcorn (150g)"", ""in_box"": 1}, {""name"": ""pak choi"", ""label"": ""Pak choi (200g)"", ""in_box"": 1}, {""name"": ""shallot"", ""label"": ""Shallot"", ""in_box"": 1}, {""name"": ""crispy onions"", ""label"": ""Crispy onions (15g)"", ""in_box"": 1}, {""name"": ""hoisin sauce"", ""label"": ""Hoisin sauce (40g)"", ""in_box"": 1}]"
2026-09-29,2026-08-12,d7beaee6-60d9-4a39-bb73-0abe2f09403e,4462,Spiced Basa Tacos With Lime Mayo,False,0.0,370,709,34.3,36.5,10.0,60.0,7.0,4.1,1.31,191,9.3,9.9,2.7,16.2,1.9,1.1,0.35,1,25,full-prep,mild,20 minute meals,,4.17,3787,True,"[{""name"": ""gem lettuce"", ""label"": ""Gem lettuce"", ""in_box"": 1}, {""name"": ""ground coriander"", ""label"": ""Ground coriander (1tsp)"", ""in_box"": 1}, {""name"": ""spring onion"", ""label"": ""Spring onion x2"", ""in_box"": 2}, {""name"": ""basa fillets"", ""label"": ""Basa fillets (2pcs)"", ""in_box"": 1}, {""name"": ""ground cumin"", ""label"": ""Ground cumin (1tsp)"", ""in_box"": 1}, {""name"": ""mayonnaise"", ""label"": ""Mayonnaise (50ml)"", ""in_box"": 1}, {""name"": ""plain tortillas"", ""label"": ""Plain tortillas (6pcs)"", ""in_box"": 1}, {""name"": ""chipotle paste"", ""label"": ""Chipotle paste (20g)"", ""in_box"": 1}, {""name"": ""cheddar cheese"", ""label"": ""Cheddar cheese (40g)"", ""in_box"": 1}, {""name"": ""tomato paste"", ""label"": ""Tomato paste (16g)"", ""in_box"": 1}, {""name"": ""lime"", ""label"": ""Lime"", ""in_box"": 1}]"
2026-09-29,2026-08-12,e0db70f5-27e9-4beb-afef-e7320b73538d,7547,Spicy Chicken & Mushroom Arrabbiata With Basil,False,0.0,353,557,44.3,8.5,3.4,80.5,5.1,5.6,1.39,157,12.6,2.4,1.0,22.8,1.5,1.6,0.39,2,35,full-prep,spicy,Calorie Controlled,,4.18,6709,True,"[{""name"": ""intense chicken stock mix"", ""label"": ""Intense chicken stock mix (5.5g)"", ""in_box"": 1}, {""name"": ""chicken breast strips"", ""label"": ""Chicken breast strips (250g)"", ""in_box"": 1}, {""name"": ""dried chilli flakes"", ""label"": ""Dried chilli flakes (0.5tsp)"", ""in_box"": 1}, {""name"": ""tomato paste"", ""label"": ""Tomato paste (32g)"", ""in_box"": 1}, {""name"": ""garlic clove"", ""label"": ""Garlic clove x2"", ""in_box"": 2}, {""name"": ""shallot"", ""label"": ""Shallot"", ""in_box"": 1}, {""name"": ""basil"", ""label"": ""Basil (5g)"", ""in_box"": 1}, {""name"": ""Italian hard cheese"", ""label"": ""Italian hard cheese (20g)"", ""in_box"": 1}, {""name"": ""white cup mushrooms"", ""label"": ""White cup mushrooms (160g)"", ""in_box"": 1}, {""name"": ""farfalle"", ""label"": ""Farfalle (200g)"", ""in_box"": 1}]"
2026-09-29,2026-08-12,9a37fbba-0612-4207-8245-28bb27c444a9,1567,Spicy Chicken Vindaloo With Cardamom Rice And Naan,False,0.0,389,595,40.1,9.1,1.7,94.8,10.0,5.2,1.83,153,10.3,2.3,0.4,24.4,2.6,1.3,0.47,1,45,full-prep,spicy,Takeaway Night,Dairy Free,4.35,6535,True,"[{""name"": ""mini garlic & coriander naans"", ""label"": ""Mini garlic & coriander naans (2pcs)"", ""in_box"": 1}, {""name"": ""intense chicken stock mix"", ""label"": ""Intense chicken stock mix (5.5g)"", ""in_box"": 1}, {""name"": ""chicken breast strips"", ""label"": ""Chicken breast strips (250g)"", ""in_box"": 1}, {""name"": ""white basmati rice"", ""label"": ""White basmati rice (130g)"", ""in_box"": 1}, {""name"": ""cayenne pepper"", ""label"": ""Cayenne pepper (0.5tsp)"", ""in_box"": 1}, {""name"": ""ground paprika"", ""label"": ""Ground paprika (2tsp)"", ""in_box"": 1}, {""name"": ""Thai basil"", ""label"": ""Thai basil (5g) x2"", ""in_box"": 2}, {""name"": ""cider vinegar"", ""label"": ""Cider vinegar (30ml)"", ""in_box"": 1}, {""name"": ""ground cumin"", ""label"": ""Ground cumin (2tsp)"", ""in_box"": 1}, {""name"": ""garlic clove"", ""label"": ""Garlic clove x3"", ""in_box"": 3}, {""name"": ""brown onion"", ""label"": ""Brown onion"", ""in_box"": 1}, {""name"": ""cardamom pod"", ""label"": ""Cardamom pod x6"", ""in_box"": 6}, {""name"": ""cherry tomatoes"", ""label"": ""Cherry tomatoes (125g)"", ""in_box"": 1}, {""name"": ""tamarind paste"", ""label"": ""Tamarind paste (15g)"", ""in_box"": 1}]"
2026-09-29,2026-08-12,caf65b36-e12d-4a00-a0df-7e9d3e075c63,3477,Spicy Karahi-Style Chicken With Peshwari Rice,False,0.0,449,629,38.2,17.4,9.7,81.0,21.5,8.0,1.72,140,8.5,3.9,2.2,18.0,4.8,1.8,0.38,4,40,full-prep,spicy,Takeaway Night,Dairy Free; Gluten Free,4.37,16878,True,"[{""name"": ""intense chicken stock mix"", ""label"": ""Intense chicken stock mix (5.5g)"", ""in_box"": 1}, {""name"": ""white long grain rice"", ""label"": ""White long grain rice (130g)"", ""in_box"": 1}, {""name"": ""green chilli"", ""label"": ""Green chilli"", ""in_box"": 1}, {""name"": ""chicken breast strips"", ""label"": ""Chicken breast strips (250g)"", ""in_box"": 1}, {""name"": ""solid creamed coconut"", ""label"": ""Solid creamed coconut (25g)"", ""in_box"": 1}, {""name"": ""tomato paste"", ""label"": ""Tomato paste (32g)"", ""in_box"": 1}, {""name"": ""curry powder"", ""label"": ""Curry powder (1tbsp)"", ""in_box"": 1}, {""name"": ""garlic clove"", ""label"": ""Garlic clove x2"", ""in_box"": 2}, {""name"": ""fresh root ginger"", ""label"": ""Fresh root ginger (15g)"", ""in_box"": 1}, {""name"": ""tomato"", ""label"": ""Tomato x3"", ""in_box"": 3}, {""name"": ""brown onion"", ""label"": ""Brown onion"", ""in_box"": 1}, {""name"": ""coriander"", ""label"": ""Coriander (5g)"", ""in_box"": 1}, {""name"": ""sultanas"", ""label"": ""Sultanas (30g)"", ""in_box"": 1}, {""name"": ""flaked almonds"", ""label"": ""Flaked almonds (15g)"", ""in_box"": 1}]"
2026-09-29,2026-08-12,546ce167-4b82-432a-884c-3a198d0bef8f,4338,Sticky Chinese-Style Basa With Sesame Pak Choi & Spring Onions,False,0.0,326,469,28.5,8.1,1.5,75.3,14.5,1.3,2.84,143,8.7,2.5,0.5,23.1,4.4,0.4,0.87,1,25,full-prep,mild,20 minute meals,Dairy Free,4.3,4138,True,"[{""name"": ""white basmati rice"", ""label"": ""White basmati rice (130g)"", ""in_box"": 1}, {""name"": ""spring onion"", ""label"": ""Spring onion x2"", ""in_box"": 2}, {""name"": ""basa fillets"", ""label"": ""Basa fillets (2pcs)"", ""in_box"": 1}, {""name"": ""garlic clove"", ""label"": ""Garlic clove x2"", ""in_box"": 2}, {""name"": ""pak choi"", ""label"": ""Pak choi (200g)"", ""in_box"": 1}, {""name"": ""toasted sesame oil"", ""label"": ""Toasted sesame oil (10ml)"", ""in_box"": 1}, {""name"": ""black sesame seeds"", ""label"": ""Black sesame seeds (5g)"", ""in_box"": 1}, {""name"": ""soy sauce"", ""label"": ""Soy sauce (30ml)"", ""in_box"": 1}, {""name"": ""honey"", ""label"": ""Honey (25g)"", ""in_box"": 1}, {""name"": ""hoisin sauce"", ""label"": ""Hoisin sauce (20g)"", ""in_box"": 1}]"
2026-09-29,2026-08-12,af78b52d-5bc3-435e-a6cc-5e5e5d0301ad,4084,Sticky Sweet Chilli Pork With Rice,False,0.0,440,521,34.1,13.1,4.7,69.7,11.9,5.4,2.67,118,7.7,3.0,1.1,15.8,2.7,1.2,0.61,2,25,full-prep,mild,Protein Hit,Dairy Free,4.3,46461,True,"[{""name"": ""red pepper"", ""label"": ""Red pepper"", ""in_box"": 1}, {""name"": ""white basmati rice"", ""label"": ""White basmati rice (130g)"", ""in_box"": 1}, {""name"": ""spring onion"", ""label"": ""Spring onion"", ""in_box"": 1}, {""name"": ""pork mince"", ""label"": ""Pork mince (250g)"", ""in_box"": 1}, {""name"": ""garlic clove"", ""label"": ""Garlic clove"", ""in_box"": 1}, {""name"": ""fresh root ginger"", ""label"": ""Fresh root ginger (15g)"", ""in_box"": 1}, {""name"": ""coriander"", ""label"": ""Coriander (5g)"", ""in_box"": 1}, {""name"": ""red chilli relish"", ""label"": ""Red chilli relish (25g)"", ""in_box"": 1}, {""name"": ""Chinese rice wine"", ""label"": ""Chinese rice wine (15ml)"", ""in_box"": 1}, {""name"": ""fine green beans"", ""label"": ""Fine green beans (160g)"", ""in_box"": 1}, {""name"": ""soy sauce"", ""label"": ""Soy sauce (30ml)"", ""in_box"": 1}, {""name"": ""lime"", ""label"": ""Lime"", ""in_box"": 1}]"
2026-09-29,2026-08-12,f10399a3-53a9-416b-bb69-578de7f4b5e2,3670,Sweet & Sour King Prawns With Rice,False,0.0,348,465,18.7,1.0,0.3,96.5,22.5,4.1,2.15,133,5.4,0.3,0.1,27.8,6.5,1.2,0.62,1,30,full-prep,mild,Takeaway Night,Dairy Free,4.24,11572,True,"[{""name"": ""white long grain rice"", ""label"": ""White long grain rice (130g)"", ""in_box"": 1}, {""name"": ""yellow pepper"", ""label"": ""Yellow pepper"", ""in_box"": 1}, {""name"": ""tomato ketchup"", ""label"": ""Tomato ketchup (15g)"", ""in_box"": 1}, {""name"": ""raw peeled king prawns"", ""label"": ""Raw peeled king prawns (171g)"", ""in_box"": 1}, {""name"": ""spring onion"", ""label"": ""Spring onion"", ""in_box"": 1}, {""name"": ""cornflour"", ""label"": ""Cornflour (4tbsp)"", ""in_box"": 1}, {""name"": ""garlic clove"", ""label"": ""Garlic clove x2"", ""in_box"": 2}, {""name"": ""fresh root ginger"", ""label"": ""Fresh root ginger (15g)"", ""in_box"": 1}, {""name"": ""brown onion"", ""label"": ""Brown onion"", ""in_box"": 1}, {""name"": ""red chilli relish"", ""label"": ""Red chilli relish (25g)"", ""in_box"": 1}, {""name"": ""Chinese rice wine"", ""label"": ""Chinese rice wine (15ml)"", ""in_box"": 1}, {""name"": ""rice vinegar"", ""label"": ""Rice vinegar (15ml)"", ""in_box"": 1}, {""name"": ""soy sauce"", ""label"": ""Soy sauce (15ml)"", ""in_box"": 1}, {""name"": ""honey"", ""label"": ""Honey (25g)"", ""in_box"": 1}]"
2026-09-29,2026-08-12,b796d8d6-7c38-4238-920c-5d3ed9fcb4a4,15521,Sweet Chilli Chicken Mince Stir-Fry And Rice,False,0.0,372,509,32.1,5.1,1.6,87.0,26.9,4.9,2.71,136,8.6,1.4,0.4,23.4,7.2,1.3,0.73,2,25,full-prep,spicy,Protein Hit,Dairy Free,0,0,True,"[{""name"": ""cornflour"", ""label"": ""Cornflour (1tsp)"", ""in_box"": 1}, {""name"": ""white long grain rice"", ""label"": ""White long grain rice (130g)"", ""in_box"": 1}, {""name"": ""red pepper"", ""label"": ""Red pepper"", ""in_box"": 1}, {""name"": ""dried chilli flakes"", ""label"": ""Dried chilli flakes (0.5tsp)"", ""in_box"": 1}, {""name"": ""seasoned chicken mince"", ""label"": ""Seasoned chicken mince (250g)"", ""in_box"": 1}, {""name"": ""spring onion"", ""label"": ""Spring onion"", ""in_box"": 1}, {""name"": ""garlic clove"", ""label"": ""Garlic clove"", ""in_box"": 1}, {""name"": ""red chilli relish"", ""label"": ""Red chilli relish (40g)"", ""in_box"": 1}, {""name"": ""tomato paste"", ""label"": ""Tomato paste (16g)"", ""in_box"": 1}, {""name"": ""carrot"", ""label"": ""Carrot"", ""in_box"": 1}, {""name"": ""soy sauce"", ""label"": ""Soy sauce (30ml)"", ""in_box"": 1}, {""name"": ""honey"", ""label"": ""Honey (25g)"", ""in_box"": 1}]"
2026-09-29,2026-08-12,752aba25-87e8-45aa-b277-01d6b2fddad5,4080,Sweet Chilli Tofu With Veg-Packed Rice,False,0.0,443,677,35.3,15.1,2.4,99.8,31.6,12.3,2.63,152,8.0,3.4,0.5,22.5,7.1,2.8,0.59,2,35,full-prep,mild,Global Kitchen,Vegan; Vegetarian; Dairy Free,3.89,6031,True,"[{""name"": ""plain tofu"", ""label"": ""Plain tofu (280g)"", ""in_box"": 1}, {""name"": ""cornflour"", ""label"": ""Cornflour (1tbsp)"", ""in_box"": 1}, {""name"": ""garlic clove"", ""label"": ""Garlic clove"", ""in_box"": 1}, {""name"": ""red chilli relish"", ""label"": ""Red chilli relish (40g)"", ""in_box"": 1}, {""name"": ""toasted sesame seeds"", ""label"": ""Toasted sesame seeds (5g)"", ""in_box"": 1}, {""name"": ""white long grain rice"", ""label"": ""White long grain rice (130g)"", ""in_box"": 1}, {""name"": ""blanched peas"", ""label"": ""Blanched peas (160g)"", ""in_box"": 1}, {""name"": ""carrot"", ""label"": ""Carrot x2"", ""in_box"": 2}, {""name"": ""black sesame seeds"", ""label"": ""Black sesame seeds (5g)"", ""in_box"": 1}, {""name"": ""soy sauce"", ""label"": ""Soy sauce (30ml)"", ""in_box"": 1}, {""name"": ""agave nectar"", ""label"": ""Agave nectar (25g)"", ""in_box"": 1}]"
2026-09-29,2026-08-12,b56680e4-db82-488f-b205-259c89925ed1,13141,Sweet Pepper & Tomato Sauce With Fresh Tagliatelle,False,0.0,306,457,18.2,6.0,3.5,81.8,9.2,4.8,1.54,149,5.9,2.0,1.1,26.7,3.0,1.6,0.5,2,10,full-prep,no spice,Pasta Pronto,Vegetarian,4.14,1299,True,"[{""name"": ""dried oregano"", ""label"": ""Dried oregano (1tsp)"", ""in_box"": 1}, {""name"": ""finely chopped tomatoes"", ""label"": ""Finely chopped tomatoes (200g)"", ""in_box"": 1}, {""name"": ""fresh tagliatelle"", ""label"": ""Fresh tagliatelle (250g)"", ""in_box"": 1}, {""name"": ""intense vegetable stock mix"", ""label"": ""Intense vegetable stock mix (5.5g)"", ""in_box"": 1}, {""name"": ""garlic clove"", ""label"": ""Garlic clove"", ""in_box"": 1}, {""name"": ""basil"", ""label"": ""Basil (5g)"", ""in_box"": 1}, {""name"": ""grated Italian hard cheese"", ""label"": ""Grated Italian hard cheese (30g)"", ""in_box"": 1}, {""name"": ""sweet pointed pepper"", ""label"": ""Sweet pointed pepper"", ""in_box"": 1}, {""name"": ""balsamic vinegar"", ""label"": ""Balsamic vinegar (15ml)"", ""in_box"": 1}]"
2026-09-29,2026-08-12,bda2ea03-269e-421c-bf90-d76947b09b13,1441,"Sweet Potato, Lentil & Coconut Dal",False,0.0,502,623,23.7,20.4,16.7,86.9,18.6,22.8,1.83,124,4.7,4.1,3.3,17.3,3.7,4.6,0.36,4,30,full-prep,no spice,Global Kitchen,Vegan; Vegetarian; Dairy Free; Gluten Free,4.38,12249,True,"[{""name"": ""green lentils"", ""label"": ""Green lentils (380g)"", ""in_box"": 1}, {""name"": ""solid creamed coconut"", ""label"": ""Solid creamed coconut (25g) x2"", ""in_box"": 2}, {""name"": ""red lentils"", ""label"": ""Red lentils (100g)"", ""in_box"": 1}, {""name"": ""ground turmeric"", ""label"": ""Ground turmeric (1tsp)"", ""in_box"": 1}, {""name"": ""intense vegetable stock mix"", ""label"": ""Intense vegetable stock mix (5.5g)"", ""in_box"": 1}, {""name"": ""garlic clove"", ""label"": ""Garlic clove"", ""in_box"": 1}, {""name"": ""fresh root ginger"", ""label"": ""Fresh root ginger (15g)"", ""in_box"": 1}, {""name"": ""coriander"", ""label"": ""Coriander (10g)"", ""in_box"": 1}, {""name"": ""brown onion"", ""label"": ""Brown onion"", ""in_box"": 1}, {""name"": ""black sesame seeds"", ""label"": ""Black sesame seeds (5g)"", ""in_box"": 1}, {""name"": ""lime"", ""label"": ""Lime"", ""in_box"": 1}, {""name"": ""sweet potato"", ""label"": ""Sweet potato x2"", ""in_box"": 2}]"
2026-09-29,2026-08-12,e81eb4bb-4a6a-4e01-80bd-a0fe08979301,3595,Tangy Lime Tofu With Sticky Ginger Rice,False,0.0,408,588,32.1,13.6,2.2,83.9,13.2,5.4,2.05,143,7.9,3.3,0.5,20.5,3.2,1.3,0.5,2,35,full-prep,no spice,Global Kitchen,Vegan; Vegetarian; Dairy Free,4.24,7801,True,"[{""name"": ""plain tofu"", ""label"": ""Plain tofu (280g)"", ""in_box"": 1}, {""name"": ""sushi rice"", ""label"": ""Sushi rice (150g)"", ""in_box"": 1}, {""name"": ""cornflour"", ""label"": ""Cornflour (1tbsp)"", ""in_box"": 1}, {""name"": ""garlic clove"", ""label"": ""Garlic clove x2"", ""in_box"": 2}, {""name"": ""fresh root ginger"", ""label"": ""Fresh root ginger (15g)"", ""in_box"": 1}, {""name"": ""vegetable stock mix"", ""label"": ""Vegetable stock mix (5.5g)"", ""in_box"": 1}, {""name"": ""black sesame seeds"", ""label"": ""Black sesame seeds (5g)"", ""in_box"": 1}, {""name"": ""soy sauce"", ""label"": ""Soy sauce (15ml)"", ""in_box"": 1}, {""name"": ""spinach"", ""label"": ""Spinach (120g)"", ""in_box"": 1}, {""name"": ""lime"", ""label"": ""Lime"", ""in_box"": 1}, {""name"": ""agave nectar"", ""label"": ""Agave nectar (25g)"", ""in_box"": 1}, {""name"": ""red onion"", ""label"": ""Red onion"", ""in_box"": 1}]"
2026-09-29,2026-08-12,d92d761c-9c14-4b97-9a11-983e083aa180,15163,Thai Red Chicken Breast & Pepper Curry With Lemongrass Rice,True,0.5,373,627,35.8,23.2,17.4,69.2,10.1,7.5,2.25,168,9.6,6.2,4.7,18.6,2.7,2.0,0.6,1,30,full-prep,spicy,Classic Fakeaways,Dairy Free,0,0,True,"[{""name"": ""white long grain rice"", ""label"": ""White long grain rice (130g)"", ""in_box"": 1}, {""name"": ""red pepper"", ""label"": ""Red pepper"", ""in_box"": 1}, {""name"": ""solid creamed coconut"", ""label"": ""Solid creamed coconut (50g)"", ""in_box"": 1}, {""name"": ""red chilli"", ""label"": ""Red chilli"", ""in_box"": 1}, {""name"": ""diced chicken breast"", ""label"": ""Diced chicken breast (250g)"", ""in_box"": 1}, {""name"": ""fresh lemongrass stalk"", ""label"": ""Fresh lemongrass stalk"", ""in_box"": 1}, {""name"": ""brown onion"", ""label"": ""Brown onion"", ""in_box"": 1}, {""name"": ""basil"", ""label"": ""Basil (5g)"", ""in_box"": 1}, {""name"": ""ginger & garlic paste"", ""label"": ""Ginger & garlic paste (15g)"", ""in_box"": 1}, {""name"": ""red Thai curry paste"", ""label"": ""Red Thai curry paste (40g)"", ""in_box"": 1}, {""name"": ""soy sauce"", ""label"": ""Soy sauce (15ml)"", ""in_box"": 1}]"
2026-09-29,2026-08-12,ee16ae77-04ca-4edc-8307-16931b3dc3d1,15798,Thai Red Chicken Curry With Jasmine Rice,True,1.0,394,421,28.4,14.6,7.1,41.8,11.0,5.9,2.32,106,7.2,3.7,1.8,10.6,2.8,1.5,0.59,2,7,heat-only,mild,Heat & Eat,,3.67,401,True,"[{""name"": ""thai red chicken curry with jasmine rice"", ""label"": ""Thai red chicken curry with jasmine rice (420g) x2"", ""in_box"": 2}]"
2026-09-29,2026-08-12,063034e4-a18f-4b97-ae94-76fee1253958,6055,Thai-Style Crispy Pork Belly With Sticky Rice & Nam Jim Jaew,False,0.0,365,694,35.7,31.6,11.3,67.6,5.1,3.6,2.56,190,9.8,8.7,3.1,18.5,1.4,1.0,0.7,1,60,full-prep,spicy,Global Kitchen,Dairy Free,4.37,5507,True,"[{""name"": ""fish sauce"", ""label"": ""Fish sauce (8ml)"", ""in_box"": 1}, {""name"": ""dried chilli flakes"", ""label"": ""Dried chilli flakes (0.5tsp)"", ""in_box"": 1}, {""name"": ""pork belly"", ""label"": ""Pork belly (300g)"", ""in_box"": 1}, {""name"": ""sushi rice"", ""label"": ""Sushi rice (150g)"", ""in_box"": 1}, {""name"": ""spring onion"", ""label"": ""Spring onion"", ""in_box"": 1}, {""name"": ""five-spice mix"", ""label"": ""Five-spice mix (1tsp)"", ""in_box"": 1}, {""name"": ""shallot"", ""label"": ""Shallot x2"", ""in_box"": 2}, {""name"": ""coriander"", ""label"": ""Coriander (5g)"", ""in_box"": 1}, {""name"": ""carrot"", ""label"": ""Carrot"", ""in_box"": 1}, {""name"": ""soy sauce"", ""label"": ""Soy sauce (15ml)"", ""in_box"": 1}, {""name"": ""lime"", ""label"": ""Lime"", ""in_box"": 1}]"
2026-09-29,2026-08-12,8c39f4e0-8a1f-42ee-8338-d227c8d0c874,15580,Thai-Style Peanutty Double Pork Udon Noodles,True,1.5,,799,60.3,32.8,,64.8,,2.9,3.15,,,,,,,,,1,10,full-prep,mild,10-Minute,Dairy Free,0,0,True,
2026-09-29,2026-08-12,3a155446-b675-4c05-8aab-77ae288bbdd2,15263,Thai-Style Peanutty Pork Udon Noodles,False,0.0,459,594,36.3,20.7,5.5,64.8,5.8,2.9,2.94,129,7.9,4.5,1.2,14.1,1.3,0.6,0.64,1,10,full-prep,mild,10-Minute,Dairy Free,4.06,121,True,"[{""name"": ""shredded veg mix"", ""label"": ""Shredded veg mix (160g)"", ""in_box"": 1}, {""name"": ""pork mince"", ""label"": ""Pork mince (250g)"", ""in_box"": 1}, {""name"": ""garlic clove"", ""label"": ""Garlic clove x2"", ""in_box"": 2}, {""name"": ""udon noodles"", ""label"": ""Udon noodles (200g) x2"", ""in_box"": 2}, {""name"": ""red Thai curry paste"", ""label"": ""Red Thai curry paste (40g)"", ""in_box"": 1}, {""name"": ""soy sauce"", ""label"": ""Soy sauce (15ml)"", ""in_box"": 1}, {""name"": ""white wine vinegar"", ""label"": ""White wine vinegar (15ml)"", ""in_box"": 1}, {""name"": ""smooth peanut butter"", ""label"": ""Smooth peanut butter (26g)"", ""in_box"": 1}]"
2026-09-29,2026-08-12,c8088d53-98a7-4aa8-9786-50573739499d,5826,"Tofu Souvlaki With Herby Fries, Garlic Mayo & Pitta",False,0.0,500,645,33.1,28.2,3.1,65.1,5.6,10.8,1.77,129,6.6,5.6,0.6,13.0,1.1,2.2,0.35,1,40,full-prep,mild,Takeaway Night,Vegan; Vegetarian; Dairy Free,4.14,464,True,"[{""name"": ""wholemeal pittas"", ""label"": ""Wholemeal pittas (2pcs)"", ""in_box"": 1}, {""name"": ""dried oregano"", ""label"": ""Dried oregano (1tsp) x2"", ""in_box"": 2}, {""name"": ""plain tofu"", ""label"": ""Plain tofu (280g)"", ""in_box"": 1}, {""name"": ""ground cumin"", ""label"": ""Ground cumin (1tsp)"", ""in_box"": 1}, {""name"": ""vegan mayonnaise"", ""label"": ""Vegan mayonnaise (25ml) x2"", ""in_box"": 2}, {""name"": ""ground smoked paprika"", ""label"": ""Ground smoked paprika (2tsp)"", ""in_box"": 1}, {""name"": ""garlic clove"", ""label"": ""Garlic clove"", ""in_box"": 1}, {""name"": ""tomato"", ""label"": ""Tomato"", ""in_box"": 1}, {""name"": ""shallot"", ""label"": ""Shallot"", ""in_box"": 1}, {""name"": ""skewers"", ""label"": ""Skewers x4"", ""in_box"": 4}, {""name"": ""soy sauce"", ""label"": ""Soy sauce (15ml)"", ""in_box"": 1}, {""name"": ""gem lettuce"", ""label"": ""Gem lettuce"", ""in_box"": 1}, {""name"": ""white wine vinegar"", ""label"": ""White wine vinegar (15ml)"", ""in_box"": 1}, {""name"": ""white potato"", ""label"": ""White potato x3"", ""in_box"": 3}]"
2026-09-29,2026-08-12,98127230-b3cf-4cae-bb98-984e7df7aad0,317,Tomato & Chicken Risotto With Basil Oil,False,0.0,486,565,41.2,11.8,6.1,73.5,10.8,4.4,1.9,116,8.5,2.4,1.2,15.1,2.2,0.9,0.39,3,40,full-prep,no spice,Modern Bistro,Gluten Free,4.14,15608,True,"[{""name"": ""diced chicken breast"", ""label"": ""Diced chicken breast (250g)"", ""in_box"": 1}, {""name"": ""finely chopped tomatoes"", ""label"": ""Finely chopped tomatoes (200g) x2"", ""in_box"": 2}, {""name"": ""intense vegetable stock mix"", ""label"": ""Intense vegetable stock mix (5.5g)"", ""in_box"": 1}, {""name"": ""cheddar cheese"", ""label"": ""Cheddar cheese (40g)"", ""in_box"": 1}, {""name"": ""garlic clove"", ""label"": ""Garlic clove x2"", ""in_box"": 2}, {""name"": ""brown onion"", ""label"": ""Brown onion"", ""in_box"": 1}, {""name"": ""arborio rice"", ""label"": ""Arborio rice (160g)"", ""in_box"": 1}, {""name"": ""basil"", ""label"": ""Basil (10g)"", ""in_box"": 1}, {""name"": ""red wine vinegar"", ""label"": ""Red wine vinegar (15ml)"", ""in_box"": 1}]"
2026-09-29,2026-08-12,a3ac7c56-b9dc-46d5-9d75-c9b34e2f8e60,5631,Tomato & Pulled Chicken Breast Potato-Topped Pie,True,0.5,584,448,39.9,4.8,1.3,64.3,18.4,14.4,2.32,76,6.8,0.8,0.2,11.0,3.1,2.5,0.4,3,40,full-prep,no spice,Modern Bistro,Dairy Free,4.15,918,True,"[{""name"": ""intense beef stock mix"", ""label"": ""Intense beef stock mix (5.5g)"", ""in_box"": 1}, {""name"": ""soy sauce"", ""label"": ""Soy sauce (8ml)"", ""in_box"": 1}, {""name"": ""chicken breast portions"", ""label"": ""Chicken breast portions (2pcs)"", ""in_box"": 1}, {""name"": ""tomato paste"", ""label"": ""Tomato paste (32g)"", ""in_box"": 1}, {""name"": ""garlic clove"", ""label"": ""Garlic clove x2"", ""in_box"": 2}, {""name"": ""Dried bay leaf"", ""label"": ""Dried bay leaf"", ""in_box"": 1}, {""name"": ""brown onion"", ""label"": ""Brown onion"", ""in_box"": 1}, {""name"": ""blanched peas"", ""label"": ""Blanched peas (160g)"", ""in_box"": 1}, {""name"": ""carrot"", ""label"": ""Carrot x2"", ""in_box"": 2}, {""name"": ""Marmite"", ""label"": ""Marmite (8g)"", ""in_box"": 1}, {""name"": ""red wine vinegar"", ""label"": ""Red wine vinegar (15ml)"", ""in_box"": 1}, {""name"": ""white potato"", ""label"": ""White potato x4"", ""in_box"": 4}]"
2026-09-29,2026-08-12,e154f177-bae9-4906-adbe-653dea944260,4147,Truffle Cacio E Pepe Sauce With Spinach & Ricotta Ravioli,False,0.0,263,622,21.7,38.4,18.9,47.0,6.3,3.3,2.93,236,8.3,14.6,7.2,17.9,2.4,1.3,1.11,1,10,full-prep,no spice,Pasta Pronto,Vegetarian,4.51,17488,True,"[{""name"": ""Cornish clotted cream"", ""label"": ""Cornish clotted cream (40g)"", ""in_box"": 1}, {""name"": ""spinach & ricotta ravioli"", ""label"": ""Spinach & ricotta ravioli (250g)"", ""in_box"": 1}, {""name"": ""truffle flavoured extra virgin olive oil"", ""label"": ""Truffle flavoured extra virgin olive oil (8ml)"", ""in_box"": 1}, {""name"": ""grated Italian hard cheese"", ""label"": ""Grated Italian hard cheese (30g) x2"", ""in_box"": 2}, {""name"": ""vegetable stock mix"", ""label"": ""Vegetable stock mix (5.5g)"", ""in_box"": 1}, {""name"": ""white cup mushrooms"", ""label"": ""White cup mushrooms (160g)"", ""in_box"": 1}, {""name"": ""cracked black pepper"", ""label"": ""Cracked black pepper (2.5g)"", ""in_box"": 1}]"
2026-09-29,2026-08-12,a8d402ae-e4fd-420a-bfe0-34ac707e93d4,6476,Tuna Nicoise Salad ,False,0.0,388,392,30.1,16.6,2.4,32.5,3.2,5.5,0.88,100,7.7,4.3,0.6,8.4,0.8,1.4,0.23,1,30,full-prep,no spice,Global Kitchen,Dairy Free; Gluten Free,4.28,2140,True,"[{""name"": ""free range egg"", ""label"": ""Free range egg x2"", ""in_box"": 2}, {""name"": ""dried oregano"", ""label"": ""Dried oregano (1tsp)"", ""in_box"": 1}, {""name"": ""tuna chunks in spring water"", ""label"": ""Tuna chunks in spring water (145g)"", ""in_box"": 1}, {""name"": ""mayonnaise"", ""label"": ""Mayonnaise (25ml)"", ""in_box"": 1}, {""name"": ""fine green beans"", ""label"": ""Fine green beans (80g)"", ""in_box"": 1}, {""name"": ""gem lettuce"", ""label"": ""Gem lettuce"", ""in_box"": 1}, {""name"": ""red wine vinegar"", ""label"": ""Red wine vinegar (15ml)"", ""in_box"": 1}, {""name"": ""white potato"", ""label"": ""White potato x3"", ""in_box"": 3}]"
2026-09-29,2026-08-12,adc8f35c-fd75-4a05-b2d9-ba4c3e96c56c,13554,Turkey Piccata With Potatoes & Garlicky Courgettes,True,1.5,478,311,36.4,2.2,0.6,36.3,5.2,5.0,1.05,65,7.6,0.5,0.1,7.6,1.1,1.1,0.22,2,20,full-prep,no spice,Protein Hit,Dairy Free; Gluten Free,0,0,True,"[{""name"": ""chicken stock mix"", ""label"": ""Chicken stock mix (5.5g)"", ""in_box"": 1}, {""name"": ""turkey breast steaks"", ""label"": ""Turkey breast steaks (250g)"", ""in_box"": 1}, {""name"": ""capers"", ""label"": ""Capers (20g)"", ""in_box"": 1}, {""name"": ""garlic clove"", ""label"": ""Garlic clove"", ""in_box"": 1}, {""name"": ""courgette"", ""label"": ""Courgette"", ""in_box"": 1}, {""name"": ""shallot"", ""label"": ""Shallot"", ""in_box"": 1}, {""name"": ""lemon"", ""label"": ""Lemon"", ""in_box"": 1}, {""name"": ""Chinese rice wine"", ""label"": ""Chinese rice wine (15ml)"", ""in_box"": 1}, {""name"": ""spinach"", ""label"": ""Spinach (80g)"", ""in_box"": 1}, {""name"": ""white potato"", ""label"": ""White potato x3"", ""in_box"": 3}]"
2026-09-29,2026-08-12,15603554-89a0-4429-b4cf-a46c3578f17c,7285,Turkish-Style Kisir Bulgur With Roasted Tomato & Courgette,False,0.0,376,486,13.0,19.0,1.9,69.7,15.8,9.9,1.93,129,3.4,5.1,0.5,18.5,4.2,2.6,0.51,4,35,full-prep,no spice,Global Kitchen,Vegan; Vegetarian; Dairy Free,4.34,1909,True,"[{""name"": ""red pepper"", ""label"": ""Red pepper"", ""in_box"": 1}, {""name"": ""sweet pepper relish"", ""label"": ""Sweet pepper relish (20g)"", ""in_box"": 1}, {""name"": ""ground paprika"", ""label"": ""Ground paprika (1tsp)"", ""in_box"": 1}, {""name"": ""tomato paste"", ""label"": ""Tomato paste (32g)"", ""in_box"": 1}, {""name"": ""ground cumin"", ""label"": ""Ground cumin (1tsp)"", ""in_box"": 1}, {""name"": ""vegan mayonnaise"", ""label"": ""Vegan mayonnaise (25ml)"", ""in_box"": 1}, {""name"": ""intense vegetable stock mix"", ""label"": ""Intense vegetable stock mix (5.5g)"", ""in_box"": 1}, {""name"": ""courgette"", ""label"": ""Courgette"", ""in_box"": 1}, {""name"": ""walnuts"", ""label"": ""Walnuts (25g)"", ""in_box"": 1}, {""name"": ""parsley & mint"", ""label"": ""Parsley & mint (10g)"", ""in_box"": 1}, {""name"": ""cherry tomatoes"", ""label"": ""Cherry tomatoes (125g)"", ""in_box"": 1}, {""name"": ""red onion"", ""label"": ""Red onion"", ""in_box"": 1}, {""name"": ""bulgur wheat"", ""label"": ""Bulgur wheat (130g)"", ""in_box"": 1}]"
2026-09-29,2026-08-12,c9be1047-c298-46ac-a2eb-6514010b5495,7414,Vietnamese-Style Pork Bun Cha Rice Noodles,False,0.0,375,546,32.8,14.0,4.7,73.7,8.0,4.4,3.72,145,8.7,3.7,1.3,19.7,2.1,1.2,0.99,1,30,full-prep,spicy,Global Kitchen,Dairy Free; Gluten Free,4.33,6478,True,"[{""name"": ""carrot & cabbage slaw mix"", ""label"": ""Carrot & cabbage slaw mix (160g)"", ""in_box"": 1}, {""name"": ""chicken stock mix"", ""label"": ""Chicken stock mix (5.5g)"", ""in_box"": 1}, {""name"": ""fish sauce"", ""label"": ""Fish sauce (8ml)"", ""in_box"": 1}, {""name"": ""red chilli"", ""label"": ""Red chilli"", ""in_box"": 1}, {""name"": ""rice noodles"", ""label"": ""Rice noodles (150g)"", ""in_box"": 1}, {""name"": ""pork mince"", ""label"": ""Pork mince (250g)"", ""in_box"": 1}, {""name"": ""pho broth paste"", ""label"": ""Pho broth paste (25g)"", ""in_box"": 1}, {""name"": ""garlic clove"", ""label"": ""Garlic clove"", ""in_box"": 1}, {""name"": ""ginger & garlic paste"", ""label"": ""Ginger & garlic paste (15g)"", ""in_box"": 1}, {""name"": ""lime"", ""label"": ""Lime"", ""in_box"": 1}, {""name"": ""coriander & mint"", ""label"": ""Coriander & mint (10g)"", ""in_box"": 1}]"
2026-09-29,2026-08-12,8a67fadb-eba0-4e87-b645-b8c696bde03d,414,Walnut & Cheddar Pesto Chicken With Bulgur,False,0.0,330,566,42.3,21.1,7.0,54.7,3.0,6.5,0.55,171,12.8,6.4,2.1,16.5,0.9,2.0,0.16,1,35,full-prep,no spice,Modern Bistro,,4.08,5165,True,"[{""name"": ""chicken breast strips"", ""label"": ""Chicken breast strips (250g)"", ""in_box"": 1}, {""name"": ""cheddar cheese"", ""label"": ""Cheddar cheese (40g)"", ""in_box"": 1}, {""name"": ""garlic clove"", ""label"": ""Garlic clove"", ""in_box"": 1}, {""name"": ""walnuts"", ""label"": ""Walnuts (25g)"", ""in_box"": 1}, {""name"": ""basil"", ""label"": ""Basil (10g) x2"", ""in_box"": 2}, {""name"": ""rocket"", ""label"": ""Rocket (50g)"", ""in_box"": 1}, {""name"": ""cherry tomatoes"", ""label"": ""Cherry tomatoes (125g)"", ""in_box"": 1}, {""name"": ""red wine vinegar"", ""label"": ""Red wine vinegar (15ml)"", ""in_box"": 1}, {""name"": ""bulgur wheat"", ""label"": ""Bulgur wheat (130g)"", ""in_box"": 1}]"
2026-09-29,2026-08-12,bab0b22d-7757-4133-a862-3869c2212f6c,2920,Warm Halloumi Salad With Harissa Honey Dressing,False,0.0,408,404,24.1,24.3,15.9,22.8,19.5,4.4,2.38,99,5.9,6.0,3.9,5.6,4.8,1.1,0.58,3,25,full-prep,mild,20 minute meals,Vegetarian; Gluten Free,4.27,18772,True,"[{""name"": ""yellow pepper"", ""label"": ""Yellow pepper"", ""in_box"": 1}, {""name"": ""tomato"", ""label"": ""Tomato"", ""in_box"": 1}, {""name"": ""courgette"", ""label"": ""Courgette"", ""in_box"": 1}, {""name"": ""halloumi"", ""label"": ""Halloumi (200g)"", ""in_box"": 1}, {""name"": ""harissa paste"", ""label"": ""Harissa paste (20g)"", ""in_box"": 1}, {""name"": ""gem lettuce"", ""label"": ""Gem lettuce"", ""in_box"": 1}, {""name"": ""white wine vinegar"", ""label"": ""White wine vinegar (15ml)"", ""in_box"": 1}, {""name"": ""red onion"", ""label"": ""Red onion"", ""in_box"": 1}, {""name"": ""honey"", ""label"": ""Honey (25g)"", ""in_box"": 1}]"
2026-09-29,2026-08-12,f371b9ac-830f-48e4-bb1d-ad1f52bfe30c,13497,Whipped Goats’ Cheese With Rhubarb Glazed Courgette And Grains,False,0.0,396,487,17.1,21.8,12.4,53.4,10.3,6.7,0.84,123,4.3,5.5,3.1,13.5,2.6,1.7,0.21,2,25,full-prep,no spice,20 minute meals,Vegetarian,4.41,506,True,"[{""name"": ""rhubarb sauce"", ""label"": ""Rhubarb sauce (40g)"", ""in_box"": 1}, {""name"": ""soft goats' cheese"", ""label"": ""Soft goats' cheese (75g)"", ""in_box"": 1}, {""name"": ""garlic clove"", ""label"": ""Garlic clove"", ""in_box"": 1}, {""name"": ""glorious grains"", ""label"": ""Glorious grains (250g)"", ""in_box"": 1}, {""name"": ""courgette"", ""label"": ""Courgette x2"", ""in_box"": 2}, {""name"": ""crispy onions"", ""label"": ""Crispy onions (15g)"", ""in_box"": 1}, {""name"": ""soft cheese"", ""label"": ""Soft cheese (50g)"", ""in_box"": 1}, {""name"": ""rocket"", ""label"": ""Rocket (20g)"", ""in_box"": 1}, {""name"": ""red wine vinegar"", ""label"": ""Red wine vinegar (15ml)"", ""in_box"": 1}]"
