menu_week_start,scraped_at,id,core_recipe_id,name,is_surcharge,surcharge_per_portion_gbp,portion_weight_g,kcal_per_portion,protein_g_per_portion,fat_g_per_portion,fat_saturates_g_per_portion,carbs_g_per_portion,sugars_g_per_portion,fibre_g_per_portion,salt_g_per_portion,kcal_per_100g,protein_g_per_100g,fat_g_per_100g,fat_saturates_g_per_100g,carbs_g_per_100g,sugars_g_per_100g,fibre_g_per_100g,salt_g_per_100g,five_a_day,prep_time_min,preparation_type,spice_level,food_brand,dietary_claims,rating_avg,rating_count,is_available,ingredients_json
2026-09-08,2026-09-02,3bd1ca17-8824-40c1-bb27-1b222d536c88,16899,2 Meals: Beef Chilli & Crispy Tortillas x Chilli Con Carne With Rice,True,3.25,,1478,80.1,71.2,,131.1,,9.7,4.09,,,,,,,,,1,45,full-prep,mild,Batch Cooking,,4.5,8,True,
2026-09-08,2026-09-02,1c3c6bab-17ab-4cb8-b28c-98b70332d446,16908,2 Meals: Pulled Shiitake Mushrooms Bourguignon x Ragù Tortiglioni,True,4.0,784,1217,42.8,34.8,18.0,147.2,24.6,41.4,7.66,155,5.5,4.4,2.3,18.8,3.1,5.3,0.98,2,45,full-prep,no spice,Batch Cooking,Vegan; Vegetarian; Dairy Free,4.3,10,True,"[{""name"": ""Fable® meaty pulled mushrooms"", ""label"": ""Fable® meaty pulled mushrooms (180g) x2"", ""in_box"": 2}, {""name"": ""red wine paste"", ""label"": ""Red wine paste (10g)"", ""in_box"": 1}, {""name"": ""panko breadcrumbs"", ""label"": ""Panko breadcrumbs (20g)"", ""in_box"": 1}, {""name"": ""finely chopped tomatoes"", ""label"": ""Finely chopped tomatoes (200g)"", ""in_box"": 1}, {""name"": ""tomato paste"", ""label"": ""Tomato paste (32g) x2"", ""in_box"": 2}, {""name"": ""intense vegetable stock mix"", ""label"": ""Intense vegetable stock mix (5.5g) x2"", ""in_box"": 2}, {""name"": ""garlic clove"", ""label"": ""Garlic clove x4"", ""in_box"": 4}, {""name"": ""Dried bay leaf"", ""label"": ""Dried bay leaf x2"", ""in_box"": 2}, {""name"": ""Chinese rice wine"", ""label"": ""Chinese rice wine (30ml)"", ""in_box"": 1}, {""name"": ""parsley"", ""label"": ""Parsley (5g)"", ""in_box"": 1}, {""name"": ""shallot"", ""label"": ""Shallot x4"", ""in_box"": 4}, {""name"": ""gluten free soy sauce"", ""label"": ""Gluten free soy sauce (15ml) x2"", ""in_box"": 2}, {""name"": ""Henderson's Relish"", ""label"": ""Henderson's Relish (15ml) x2"", ""in_box"": 2}, {""name"": ""rosemary"", ""label"": ""Rosemary (5g)"", ""in_box"": 1}, {""name"": ""carrot"", ""label"": ""Carrot x2"", ""in_box"": 2}, {""name"": ""tortiglioni"", ""label"": ""Tortiglioni (200g)"", ""in_box"": 1}, {""name"": ""white potato"", ""label"": ""White potato x3"", ""in_box"": 3}]"
2026-09-08,2026-09-02,9814c47a-9ec0-4ecf-bad1-b4492b2ce7d7,15661,2 Meals: Southern Style Chicken & Chips x Chipotle Chicken Rice Bowl,True,4.5,1014,1260,75.1,58.2,13.3,111.9,16.4,16.3,1.07,124,7.4,5.7,1.3,11.0,1.6,1.6,0.1,2,40,full-prep,spicy,Batch Cooking,Dairy Free; Gluten Free,0,0,True,"[{""name"": ""hot pepper sauce"", ""label"": ""Hot pepper sauce (20g)"", ""in_box"": 1}, {""name"": ""white long grain rice"", ""label"": ""White long grain rice (130g)"", ""in_box"": 1}, {""name"": ""red pepper"", ""label"": ""Red pepper x2"", ""in_box"": 2}, {""name"": ""skinless chicken thighs"", ""label"": ""Skinless chicken thighs (320g) x2"", ""in_box"": 2}, {""name"": ""mayonnaise"", ""label"": ""Mayonnaise (25ml)"", ""in_box"": 1}, {""name"": ""southern fried seasoning"", ""label"": ""Southern fried seasoning (1tbsp)"", ""in_box"": 1}, {""name"": ""chipotle paste"", ""label"": ""Chipotle paste (20g)"", ""in_box"": 1}, {""name"": ""black beans"", ""label"": ""Black beans (185g)"", ""in_box"": 1}, {""name"": ""avocado"", ""label"": ""Avocado"", ""in_box"": 1}, {""name"": ""tomato paste"", ""label"": ""Tomato paste (16g)"", ""in_box"": 1}, {""name"": ""rocket"", ""label"": ""Rocket (20g)"", ""in_box"": 1}, {""name"": ""lime"", ""label"": ""Lime"", ""in_box"": 1}, {""name"": ""red onion"", ""label"": ""Red onion x2"", ""in_box"": 2}, {""name"": ""white potato"", ""label"": ""White potato x3"", ""in_box"": 3}]"
2026-09-08,2026-09-02,ba87a8c0-7a14-41a6-94db-414eb07582a5,5304,All In One Halloumi Souvlaki-Style Salad,False,0.0,537,515,29.0,25.4,16.7,46.8,16.9,8.1,2.41,95,5.4,4.7,3.1,8.7,3.1,1.5,0.45,3,45,full-prep,no spice,Prepped in 5,Vegetarian; Gluten Free,4.31,9973,True,"[{""name"": ""halloumi"", ""label"": ""Halloumi (200g)"", ""in_box"": 1}, {""name"": ""tomato"", ""label"": ""Tomato"", ""in_box"": 1}, {""name"": ""dried oregano"", ""label"": ""Dried oregano (1tsp)"", ""in_box"": 1}, {""name"": ""red pepper"", ""label"": ""Red pepper"", ""in_box"": 1}, {""name"": ""waxy potatoes"", ""label"": ""Waxy potatoes (350g)"", ""in_box"": 1}, {""name"": ""cumin seeds"", ""label"": ""Cumin seeds (1tsp)"", ""in_box"": 1}, {""name"": ""ground smoked paprika"", ""label"": ""Ground smoked paprika (2tsp)"", ""in_box"": 1}, {""name"": ""garlic clove"", ""label"": ""Garlic clove"", ""in_box"": 1}, {""name"": ""natural yoghurt"", ""label"": ""Natural yoghurt (80g)"", ""in_box"": 1}, {""name"": ""mint sauce"", ""label"": ""Mint sauce (20g)"", ""in_box"": 1}, {""name"": ""gem lettuce"", ""label"": ""Gem lettuce"", ""in_box"": 1}, {""name"": ""red wine vinegar"", ""label"": ""Red wine vinegar (15ml)"", ""in_box"": 1}, {""name"": ""red onion"", ""label"": ""Red onion"", ""in_box"": 1}]"
2026-09-08,2026-09-02,4e6dc935-ff19-4b8b-9342-38ffbcedd7ef,8403,All In One Honey Baked Greek Cheese & Crispy Gnocchi,False,0.0,474,478,20.4,11.1,7.3,75.5,16.0,5.7,2.36,100,4.3,2.3,1.5,15.9,3.4,1.2,0.5,4,40,full-prep,mild,Prepped in 5,Vegetarian,4.12,676,True,"[{""name"": ""Greek salad cheese"", ""label"": ""Greek salad cheese (100g)"", ""in_box"": 1}, {""name"": ""dried chilli flakes"", ""label"": ""Dried chilli flakes (0.5tsp)"", ""in_box"": 1}, {""name"": ""dried oregano"", ""label"": ""Dried oregano (1tsp)"", ""in_box"": 1}, {""name"": ""gnocchi"", ""label"": ""Gnocchi (350g)"", ""in_box"": 1}, {""name"": ""courgette"", ""label"": ""Courgette"", ""in_box"": 1}, {""name"": ""gem lettuce"", ""label"": ""Gem lettuce"", ""in_box"": 1}, {""name"": ""cherry tomatoes"", ""label"": ""Cherry tomatoes (125g)"", ""in_box"": 1}, {""name"": ""red wine vinegar"", ""label"": ""Red wine vinegar (15ml)"", ""in_box"": 1}, {""name"": ""red onion"", ""label"": ""Red onion"", ""in_box"": 1}, {""name"": ""honey"", ""label"": ""Honey (25g)"", ""in_box"": 1}]"
2026-09-08,2026-09-02,74645e80-6f24-4462-9a7d-923dd09e7581,4933,Almond Crusted Lamb Meatloaf With Spiced Tomato Sauce,False,0.0,310,620,33.0,22.2,8.4,74.4,15.0,4.8,0.56,199,10.6,7.2,2.7,24.0,4.8,1.5,0.18,2,50,full-prep,mild,Global Kitchen,Gluten Free; Dairy Free,4.02,614,True,"[{""name"": ""cornflour"", ""label"": ""Cornflour (1tsp)"", ""in_box"": 1}, {""name"": ""white long grain rice"", ""label"": ""White long grain rice (130g)"", ""in_box"": 1}, {""name"": ""cumin seeds"", ""label"": ""Cumin seeds (1tsp)"", ""in_box"": 1}, {""name"": ""ras el hanout"", ""label"": ""Ras el hanout (1tbsp)"", ""in_box"": 1}, {""name"": ""garlic clove"", ""label"": ""Garlic clove"", ""in_box"": 1}, {""name"": ""brown onion"", ""label"": ""Brown onion"", ""in_box"": 1}, {""name"": ""lamb mince"", ""label"": ""Lamb mince (250g)"", ""in_box"": 1}, {""name"": ""tomato paste"", ""label"": ""Tomato paste (16g)"", ""in_box"": 1}, {""name"": ""sultanas"", ""label"": ""Sultanas (30g)"", ""in_box"": 1}, {""name"": ""spinach"", ""label"": ""Spinach (80g)"", ""in_box"": 1}, {""name"": ""flaked almonds"", ""label"": ""Flaked almonds (15g)"", ""in_box"": 1}]"
2026-09-08,2026-09-02,fc05aeaa-9f68-4992-9fef-30e435cfa9e6,2651,Alpine-Style Cheesy Bacon & Potato Gratin,False,0.0,416,424,15.4,19.3,11.6,48.9,7.5,6.5,1.15,101,3.7,4.6,2.8,11.7,1.8,1.6,0.28,1,55,full-prep,no spice,Modern Bistro,Gluten Free,4.43,13978,True,"[{""name"": ""cheddar cheese"", ""label"": ""Cheddar cheese (40g)"", ""in_box"": 1}, {""name"": ""crème fraîche"", ""label"": ""Crème fraîche (80g)"", ""in_box"": 1}, {""name"": ""tomato"", ""label"": ""Tomato"", ""in_box"": 1}, {""name"": ""garlic clove"", ""label"": ""Garlic clove x2"", ""in_box"": 2}, {""name"": ""brown onion"", ""label"": ""Brown onion"", ""in_box"": 1}, {""name"": ""bacon lardons"", ""label"": ""Bacon lardons (50g)"", ""in_box"": 1}, {""name"": ""Chinese rice wine"", ""label"": ""Chinese rice wine (15ml)"", ""in_box"": 1}, {""name"": ""rocket"", ""label"": ""Rocket (50g)"", ""in_box"": 1}, {""name"": ""balsamic vinegar"", ""label"": ""Balsamic vinegar (15ml)"", ""in_box"": 1}, {""name"": ""white potato"", ""label"": ""White potato x4"", ""in_box"": 4}]"
2026-09-08,2026-09-02,2f1820af-b2a1-4639-af09-d35a3bd2233b,4882,Aubergine Thai Green Pesto Pasta,False,0.0,396,601,18.7,20.7,11.3,83.6,11.0,9.7,1.06,151,4.7,5.2,2.9,21.1,2.8,2.5,0.27,2,25,full-prep,mild,20 minute meals,Vegan; Vegetarian; Dairy Free,4.09,264,True,"[{""name"": ""green chilli"", ""label"": ""Green chilli"", ""in_box"": 1}, {""name"": ""solid creamed coconut"", ""label"": ""Solid creamed coconut (25g)"", ""in_box"": 1}, {""name"": ""Thai basil"", ""label"": ""Thai basil (5g) x2"", ""in_box"": 2}, {""name"": ""garlic clove"", ""label"": ""Garlic clove"", ""in_box"": 1}, {""name"": ""shallot"", ""label"": ""Shallot"", ""in_box"": 1}, {""name"": ""crispy onions"", ""label"": ""Crispy onions (15g)"", ""in_box"": 1}, {""name"": ""vegetable stock mix"", ""label"": ""Vegetable stock mix (5.5g)"", ""in_box"": 1}, {""name"": ""lime"", ""label"": ""Lime"", ""in_box"": 1}, {""name"": ""cherry tomatoes"", ""label"": ""Cherry tomatoes (125g)"", ""in_box"": 1}, {""name"": ""roasted peanuts"", ""label"": ""Roasted peanuts (25g)"", ""in_box"": 1}, {""name"": ""aubergine"", ""label"": ""Aubergine"", ""in_box"": 1}, {""name"": ""spaghetti"", ""label"": ""Spaghetti (190g)"", ""in_box"": 1}]"
2026-09-08,2026-09-02,c23bd33e-5595-4137-a611-654a6c6c91b3,3171,Bacon & Garlic Mushrooms With Creamy Mash,False,0.0,464,406,18.1,17.0,8.5,47.8,4.6,7.8,2.58,87,3.9,3.7,1.8,10.3,1.0,1.7,0.56,2,25,full-prep,no spice,20 minute meals,,4.39,8858,True,"[{""name"": ""crème fraîche"", ""label"": ""Crème fraîche (80g)"", ""in_box"": 1}, {""name"": ""cornflour"", ""label"": ""Cornflour (1tsp)"", ""in_box"": 1}, {""name"": ""chicken stock mix"", ""label"": ""Chicken stock mix (5.5g)"", ""in_box"": 1}, {""name"": ""soy sauce"", ""label"": ""Soy sauce (8ml)"", ""in_box"": 1}, {""name"": ""bacon lardons"", ""label"": ""Bacon lardons (100g)"", ""in_box"": 1}, {""name"": ""garlic clove"", ""label"": ""Garlic clove x2"", ""in_box"": 2}, {""name"": ""white cup mushrooms"", ""label"": ""White cup mushrooms (160g)"", ""in_box"": 1}, {""name"": ""Tenderstem broccoli"", ""label"": ""Tenderstem broccoli (160g)"", ""in_box"": 1}, {""name"": ""white potato"", ""label"": ""White potato x4"", ""in_box"": 4}]"
2026-09-08,2026-09-02,19a4a644-95fc-4f23-83cb-0ba8b06247eb,7305,"Bacon, Leek & Mushroom Pie With Mash",False,0.0,490,584,19.8,28.1,11.8,64.8,6.9,8.6,1.8,119,4.0,5.7,2.4,13.2,1.4,1.8,0.37,2,45,full-prep,no spice,Modern Bistro,Dairy Free,4.27,2083,True,"[{""name"": ""leek"", ""label"": ""Leek"", ""in_box"": 1}, {""name"": ""bacon lardons"", ""label"": ""Bacon lardons (100g)"", ""in_box"": 1}, {""name"": ""puff pastry"", ""label"": ""Puff pastry (160g)"", ""in_box"": 1}, {""name"": ""garlic clove"", ""label"": ""Garlic clove x3"", ""in_box"": 3}, {""name"": ""Dried bay leaf"", ""label"": ""Dried bay leaf x2"", ""in_box"": 2}, {""name"": ""white cup mushrooms"", ""label"": ""White cup mushrooms (160g)"", ""in_box"": 1}, {""name"": ""shredded kale"", ""label"": ""Shredded kale (80g)"", ""in_box"": 1}, {""name"": ""white potato"", ""label"": ""White potato x3"", ""in_box"": 3}]"
2026-09-08,2026-09-02,256622f3-e2aa-4448-a8e6-f8ca5d16eb97,4273,Baked Chicken Thigh & Almond Curry With Rice And Naan,False,0.0,500,756,39.5,24.7,5.3,99.3,14.4,8.0,2.26,151,7.9,4.9,1.1,19.8,2.9,1.6,0.45,2,60,full-prep,mild,Prepped in 5,,4.26,7701,True,"[{""name"": ""tomato"", ""label"": ""Tomato x2"", ""in_box"": 2}, {""name"": ""mini garlic & coriander naans"", ""label"": ""Mini garlic & coriander naans (2pcs)"", ""in_box"": 1}, {""name"": ""intense chicken stock mix"", ""label"": ""Intense chicken stock mix (5.5g)"", ""in_box"": 1}, {""name"": ""white long grain rice"", ""label"": ""White long grain rice (130g)"", ""in_box"": 1}, {""name"": ""red pepper"", ""label"": ""Red pepper"", ""in_box"": 1}, {""name"": ""ground turmeric"", ""label"": ""Ground turmeric (1tsp)"", ""in_box"": 1}, {""name"": ""diced chicken thigh"", ""label"": ""Diced chicken thigh (250g)"", ""in_box"": 1}, {""name"": ""ground smoked paprika"", ""label"": ""Ground smoked paprika (1tsp)"", ""in_box"": 1}, {""name"": ""garam masala"", ""label"": ""Garam masala (1tsp)"", ""in_box"": 1}, {""name"": ""curry powder"", ""label"": ""Curry powder (1tbsp)"", ""in_box"": 1}, {""name"": ""brown onion"", ""label"": ""Brown onion"", ""in_box"": 1}, {""name"": ""natural yoghurt"", ""label"": ""Natural yoghurt (80g)"", ""in_box"": 1}, {""name"": ""ground almonds"", ""label"": ""Ground almonds (25g)"", ""in_box"": 1}]"
2026-09-08,2026-09-02,8e95d172-e7d6-41f0-a5fc-5ddf2a9d9f8d,5049,Baked Greek Cheese & Peri Peri Farfalle With Salad,False,0.0,322,578,22.3,18.4,11.4,85.7,9.9,6.0,2.76,179,6.9,5.7,3.5,26.6,3.1,1.9,0.86,1,25,full-prep,spicy,20 minute meals,Vegetarian,4.35,6350,True,"[{""name"": ""Greek salad cheese"", ""label"": ""Greek salad cheese (100g)"", ""in_box"": 1}, {""name"": ""dried oregano"", ""label"": ""Dried oregano (1tsp)"", ""in_box"": 1}, {""name"": ""red chilli"", ""label"": ""Red chilli"", ""in_box"": 1}, {""name"": ""intense vegetable stock mix"", ""label"": ""Intense vegetable stock mix (5.5g)"", ""in_box"": 1}, {""name"": ""chipotle paste"", ""label"": ""Chipotle paste (20g)"", ""in_box"": 1}, {""name"": ""garlic clove"", ""label"": ""Garlic clove x2"", ""in_box"": 2}, {""name"": ""lemon"", ""label"": ""Lemon"", ""in_box"": 1}, {""name"": ""soft cheese"", ""label"": ""Soft cheese (50g)"", ""in_box"": 1}, {""name"": ""tomato paste"", ""label"": ""Tomato paste (16g)"", ""in_box"": 1}, {""name"": ""farfalle"", ""label"": ""Farfalle (200g)"", ""in_box"": 1}, {""name"": ""sweet pointed pepper"", ""label"": ""Sweet pointed pepper"", ""in_box"": 1}, {""name"": ""rocket"", ""label"": ""Rocket (20g)"", ""in_box"": 1}]"
2026-09-08,2026-09-02,dc24bc3e-7cd2-4084-b6aa-1af0a63b7fff,6205,Baked Harissa & Red Wine Orzo With Honey Greek Cheese,False,0.0,339,509,20.9,12.5,7.4,77.4,21.7,6.5,1.9,150,6.2,3.7,2.2,22.8,6.4,1.9,0.56,2,35,full-prep,mild,Modern Bistro,Vegetarian,4.12,9797,True,"[{""name"": ""Greek salad cheese"", ""label"": ""Greek salad cheese (100g)"", ""in_box"": 1}, {""name"": ""harissa paste"", ""label"": ""Harissa paste (20g)"", ""in_box"": 1}, {""name"": ""red pepper"", ""label"": ""Red pepper"", ""in_box"": 1}, {""name"": ""red wine paste"", ""label"": ""Red wine paste (10g)"", ""in_box"": 1}, {""name"": ""garlic clove"", ""label"": ""Garlic clove x2"", ""in_box"": 2}, {""name"": ""parsley"", ""label"": ""Parsley (5g)"", ""in_box"": 1}, {""name"": ""tomato paste"", ""label"": ""Tomato paste (16g)"", ""in_box"": 1}, {""name"": ""cherry tomatoes"", ""label"": ""Cherry tomatoes (125g)"", ""in_box"": 1}, {""name"": ""red onion"", ""label"": ""Red onion"", ""in_box"": 1}, {""name"": ""orzo"", ""label"": ""Orzo (150g)"", ""in_box"": 1}, {""name"": ""honey"", ""label"": ""Honey (25g)"", ""in_box"": 1}]"
2026-09-08,2026-09-02,f066d4a2-b79b-4561-94ea-db03bd226829,7511,"Baked Salmon With Potatoes, Asparagus & Hollandaise",True,2.25,416,582,28.7,38.5,5.2,31.6,4.9,6.9,0.38,139,6.9,9.3,1.3,7.6,1.2,1.7,0.09,1,40,full-prep,no spice,Fine Dine In,Dairy Free; Gluten Free,4.52,1004,True,"[{""name"": ""asparagus spears"", ""label"": ""Asparagus spears (120g)"", ""in_box"": 1}, {""name"": ""waxy potatoes"", ""label"": ""Waxy potatoes (350g)"", ""in_box"": 1}, {""name"": ""skin on salmon fillets"", ""label"": ""Skin on salmon fillets (2pcs)"", ""in_box"": 1}, {""name"": ""mayonnaise"", ""label"": ""Mayonnaise (50ml)"", ""in_box"": 1}, {""name"": ""Tenderstem broccoli"", ""label"": ""Tenderstem broccoli (80g)"", ""in_box"": 1}, {""name"": ""Chinese rice wine"", ""label"": ""Chinese rice wine (15ml)"", ""in_box"": 1}, {""name"": ""dill"", ""label"": ""Dill (5g)"", ""in_box"": 1}]"
2026-09-08,2026-09-02,0f3e3986-e6e9-4e6f-bfb6-6310cb41be87,17606,Beef Brisket Massaman With Coconut Rice,True,0.75,384,468,18.0,13.4,5.4,66.4,13.0,6.1,1.96,121,4.7,3.5,1.4,17.3,3.4,1.6,0.51,2,7,heat-only,mild,Heat & Eat,,0,0,True,"[{""name"": ""beef brisket massaman with coconut rice"", ""label"": ""Beef brisket massaman with coconut rice (420g) x2"", ""in_box"": 2}]"
2026-09-08,2026-09-02,c36206ef-198d-45ef-b548-2ca714500169,17604,Beef Dan Dan Udon Noodles,True,0.75,387,414,15.1,10.8,1.5,60.4,15.5,7.7,2.28,106,3.9,2.8,0.4,15.6,4.0,2.0,0.59,2,7,heat-only,no spice,Heat & Eat,,0,0,True,"[{""name"": ""beef dan dan udon noodles"", ""label"": ""Beef dan dan udon noodles (420g) x2"", ""in_box"": 2}]"
2026-09-08,2026-09-02,69551c9d-a996-4866-a2c5-26eef7e61fe9,14513,Beef Spaghetti Bolognese,False,0.0,445,738,42.3,25.1,11.1,84.8,15.3,7.6,2.08,165,9.5,5.6,2.5,19.0,3.4,1.7,0.47,3,30,full-prep,no spice,Everyday Favourites,,4.65,977,True,"[{""name"": ""Italian hard cheese"", ""label"": ""Italian hard cheese (20g)"", ""in_box"": 1}, {""name"": ""intense beef stock mix"", ""label"": ""Intense beef stock mix (5.5g)"", ""in_box"": 1}, {""name"": ""dried oregano"", ""label"": ""Dried oregano (1tsp)"", ""in_box"": 1}, {""name"": ""beef mince"", ""label"": ""Beef mince (250g)"", ""in_box"": 1}, {""name"": ""soy sauce"", ""label"": ""Soy sauce (8ml)"", ""in_box"": 1}, {""name"": ""finely chopped tomatoes"", ""label"": ""Finely chopped tomatoes (200g)"", ""in_box"": 1}, {""name"": ""tomato paste"", ""label"": ""Tomato paste (32g)"", ""in_box"": 1}, {""name"": ""garlic clove"", ""label"": ""Garlic clove"", ""in_box"": 1}, {""name"": ""brown onion"", ""label"": ""Brown onion"", ""in_box"": 1}, {""name"": ""carrot"", ""label"": ""Carrot"", ""in_box"": 1}, {""name"": ""spaghetti"", ""label"": ""Spaghetti (190g)"", ""in_box"": 1}]"
2026-09-08,2026-09-02,20884328-e285-47af-ade0-7a172eada8e5,15647,Brown Butter Roasted Hispi With Creamy Leeks & Butter Bean Gratin,False,0.0,371,354,22.3,15.7,9.1,29.4,10.2,12.2,1.23,95,6.0,4.2,2.5,7.9,2.7,3.3,0.33,3,50,full-prep,no spice,Modern Bistro,Vegetarian,0,0,True,"[{""name"": ""cheddar cheese"", ""label"": ""Cheddar cheese (40g)"", ""in_box"": 1}, {""name"": ""leek"", ""label"": ""Leek"", ""in_box"": 1}, {""name"": ""umami seasoning"", ""label"": ""Umami seasoning (1tbsp)"", ""in_box"": 1}, {""name"": ""hispi cabbage"", ""label"": ""Hispi cabbage (220g)"", ""in_box"": 1}, {""name"": ""panko breadcrumbs"", ""label"": ""Panko breadcrumbs (30g)"", ""in_box"": 1}, {""name"": ""garlic clove"", ""label"": ""Garlic clove x2"", ""in_box"": 2}, {""name"": ""butter beans"", ""label"": ""Butter beans (185g)"", ""in_box"": 1}, {""name"": ""baby leaf salad"", ""label"": ""Baby leaf salad (50g)"", ""in_box"": 1}, {""name"": ""parsley"", ""label"": ""Parsley (5g)"", ""in_box"": 1}, {""name"": ""soft cheese"", ""label"": ""Soft cheese (50g)"", ""in_box"": 1}, {""name"": ""wholegrain mustard"", ""label"": ""Wholegrain mustard (42g)"", ""in_box"": 1}, {""name"": ""white wine vinegar"", ""label"": ""White wine vinegar (15ml)"", ""in_box"": 1}]"
2026-09-08,2026-09-02,de22d1d0-3b03-4b55-9669-4958c80a5c81,3601,Buffalo Chicken Salad Bowl With Ranch Dressing,False,0.0,438,324,35.0,6.3,1.9,31.6,10.8,5.1,0.81,74,8.0,1.4,0.4,7.2,2.5,1.2,0.18,2,25,full-prep,spicy,20 minute meals,,4.06,11108,True,"[{""name"": ""carrot & cabbage slaw mix"", ""label"": ""Carrot & cabbage slaw mix (160g)"", ""in_box"": 1}, {""name"": ""dried oregano"", ""label"": ""Dried oregano (1tsp)"", ""in_box"": 1}, {""name"": ""chicken breast strips"", ""label"": ""Chicken breast strips (250g)"", ""in_box"": 1}, {""name"": ""cayenne pepper"", ""label"": ""Cayenne pepper (0.5tsp)"", ""in_box"": 1}, {""name"": ""sriracha hot chilli sauce"", ""label"": ""Sriracha hot chilli sauce (8ml)"", ""in_box"": 1}, {""name"": ""ciabatta"", ""label"": ""Ciabatta"", ""in_box"": 1}, {""name"": ""natural yoghurt"", ""label"": ""Natural yoghurt (80g)"", ""in_box"": 1}, {""name"": ""cucumber"", ""label"": ""Cucumber (0.5pcs)"", ""in_box"": 1}, {""name"": ""Henderson's Relish"", ""label"": ""Henderson's Relish (15ml)"", ""in_box"": 1}, {""name"": ""chives"", ""label"": ""Chives (5g)"", ""in_box"": 1}, {""name"": ""gem lettuce"", ""label"": ""Gem lettuce"", ""in_box"": 1}, {""name"": ""white wine vinegar"", ""label"": ""White wine vinegar (15ml)"", ""in_box"": 1}]"
2026-09-08,2026-09-02,399dd457-45fd-4375-839b-00c6f0c7fe5f,14808,Buffalo Chicken Thigh Shawarma Kebab,False,0.0,,689,39.6,35.9,,53.5,,6.2,1.21,,,,,,,,,2,30,full-prep,spicy,Classic Fakeaways,Dairy Free,0,0,True,
2026-09-08,2026-09-02,0dfc31b5-2217-4d1b-84d4-b73d91240364,14969,Buffalo Halloumi Shawarma Kebab,False,0.0,388,627,30.2,33.9,16.7,51.6,9.9,5.6,2.93,161,7.8,8.7,4.3,13.3,2.6,1.5,0.76,2,25,full-prep,spicy,Classic Fakeaways,Vegetarian,0,0,True,"[{""name"": ""sriracha hot chilli sauce"", ""label"": ""Sriracha hot chilli sauce (8ml)"", ""in_box"": 1}, {""name"": ""dried oregano"", ""label"": ""Dried oregano (1tsp)"", ""in_box"": 1}, {""name"": ""ground smoked paprika"", ""label"": ""Ground smoked paprika (2tsp)"", ""in_box"": 1}, {""name"": ""mayonnaise"", ""label"": ""Mayonnaise (25ml)"", ""in_box"": 1}, {""name"": ""garlic clove"", ""label"": ""Garlic clove x2"", ""in_box"": 2}, {""name"": ""sourdough pittas"", ""label"": ""Sourdough pittas (2pcs)"", ""in_box"": 1}, {""name"": ""tomato"", ""label"": ""Tomato x2"", ""in_box"": 2}, {""name"": ""halloumi"", ""label"": ""Halloumi (200g)"", ""in_box"": 1}, {""name"": ""gem lettuce"", ""label"": ""Gem lettuce"", ""in_box"": 1}, {""name"": ""white wine vinegar"", ""label"": ""White wine vinegar (15ml)"", ""in_box"": 1}, {""name"": ""red onion"", ""label"": ""Red onion"", ""in_box"": 1}]"
2026-09-08,2026-09-02,e5cc2bda-b418-4c7d-8bdd-a594d67ae76b,15729,Char Siu Pork Stir-Fry With Smashed Cucumber & Rice,False,0.0,436,436,35.7,7.7,1.7,56.0,11.0,3.9,2.12,100,8.2,1.8,0.4,12.8,2.5,0.9,0.48,2,10,full-prep,mild,10-Minute,Dairy Free,0,0,True,"[{""name"": ""cooked white long grain rice"", ""label"": ""Cooked white long grain rice (280g)"", ""in_box"": 1}, {""name"": ""char siu sauce"", ""label"": ""Char siu sauce (40g)"", ""in_box"": 1}, {""name"": ""pork strips"", ""label"": ""Pork strips (250g)"", ""in_box"": 1}, {""name"": ""garlic clove"", ""label"": ""Garlic clove"", ""in_box"": 1}, {""name"": ""brown onion"", ""label"": ""Brown onion"", ""in_box"": 1}, {""name"": ""tomato paste"", ""label"": ""Tomato paste (16g)"", ""in_box"": 1}, {""name"": ""cucumber"", ""label"": ""Cucumber (0.5pcs)"", ""in_box"": 1}, {""name"": ""rice vinegar"", ""label"": ""Rice vinegar (15ml)"", ""in_box"": 1}, {""name"": ""soy sauce"", ""label"": ""Soy sauce (15ml)"", ""in_box"": 1}]"
2026-09-08,2026-09-02,da7b0c3f-2853-47b7-a0d7-659fdfd46859,5250,Charred Corn & Creamy Leek Chowder,False,0.0,574,600,14.8,19.9,2.7,90.9,21.2,13.8,2.65,104,2.6,3.5,0.5,15.8,3.7,2.4,0.46,3,40,full-prep,mild,Modern Bistro,Vegan; Vegetarian; Dairy Free,4.24,2352,True,"[{""name"": ""leek"", ""label"": ""Leek"", ""in_box"": 1}, {""name"": ""Sweetcorn"", ""label"": ""Sweetcorn (150g)"", ""in_box"": 1}, {""name"": ""smoked sea salt flakes"", ""label"": ""Smoked sea salt flakes (1g)"", ""in_box"": 1}, {""name"": ""intense vegetable stock mix"", ""label"": ""Intense vegetable stock mix (5.5g)"", ""in_box"": 1}, {""name"": ""creamy single oat"", ""label"": ""Creamy single oat (250ml)"", ""in_box"": 1}, {""name"": ""ground smoked paprika"", ""label"": ""Ground smoked paprika (2tsp)"", ""in_box"": 1}, {""name"": ""ciabatta"", ""label"": ""Ciabatta x2"", ""in_box"": 2}, {""name"": ""garlic clove"", ""label"": ""Garlic clove x3"", ""in_box"": 3}, {""name"": ""brown onion"", ""label"": ""Brown onion"", ""in_box"": 1}, {""name"": ""Chinese rice wine"", ""label"": ""Chinese rice wine (15ml)"", ""in_box"": 1}, {""name"": ""carrot"", ""label"": ""Carrot"", ""in_box"": 1}, {""name"": ""chives"", ""label"": ""Chives (5g)"", ""in_box"": 1}, {""name"": ""white potato"", ""label"": ""White potato x2"", ""in_box"": 2}, {""name"": ""cracked black pepper"", ""label"": ""Cracked black pepper (2.5g)"", ""in_box"": 1}]"
2026-09-08,2026-09-02,2aff4781-7bd2-46b0-8a97-f0ff76dafe97,9200,Charred Romesco Hispi With Paella-Style Baked Rice,False,0.0,440,592,18.1,19.0,1.8,87.8,18.2,15.4,2.31,134,4.1,4.3,0.4,19.9,4.1,3.5,0.52,4,45,full-prep,mild,Veg Boost,Vegetarian; Dairy Free,4.14,112,True,"[{""name"": ""romesco sauce"", ""label"": ""Romesco sauce (40g)"", ""in_box"": 1}, {""name"": ""yellow pepper"", ""label"": ""Yellow pepper"", ""in_box"": 1}, {""name"": ""soy sauce"", ""label"": ""Soy sauce (8ml)"", ""in_box"": 1}, {""name"": ""hispi cabbage"", ""label"": ""Hispi cabbage (220g)"", ""in_box"": 1}, {""name"": ""intense vegetable stock mix"", ""label"": ""Intense vegetable stock mix (5.5g)"", ""in_box"": 1}, {""name"": ""ground smoked paprika"", ""label"": ""Ground smoked paprika (2tsp)"", ""in_box"": 1}, {""name"": ""mayonnaise"", ""label"": ""Mayonnaise (25ml)"", ""in_box"": 1}, {""name"": ""garlic clove"", ""label"": ""Garlic clove x2"", ""in_box"": 2}, {""name"": ""brown onion"", ""label"": ""Brown onion"", ""in_box"": 1}, {""name"": ""blanched peas"", ""label"": ""Blanched peas (160g)"", ""in_box"": 1}, {""name"": ""arborio rice"", ""label"": ""Arborio rice (160g)"", ""in_box"": 1}, {""name"": ""tomato paste"", ""label"": ""Tomato paste (16g)"", ""in_box"": 1}, {""name"": ""flaked almonds"", ""label"": ""Flaked almonds (15g)"", ""in_box"": 1}]"
2026-09-08,2026-09-02,c3baa898-c344-456f-87f4-04ebf0062e03,5230,"Cheese, Bacon & Pepper Relish Pastry Turnover With Wedges",False,0.0,436,767,22.1,47.7,18.0,63.6,7.1,5.4,2.5,176,5.1,10.9,4.1,14.6,1.6,1.2,0.57,1,45,full-prep,no spice,Modern Bistro,,4.23,597,True,"[{""name"": ""cheddar cheese"", ""label"": ""Cheddar cheese (40g)"", ""in_box"": 1}, {""name"": ""dried oregano"", ""label"": ""Dried oregano (1tsp)"", ""in_box"": 1}, {""name"": ""sweet pepper relish"", ""label"": ""Sweet pepper relish (20g)"", ""in_box"": 1}, {""name"": ""mayonnaise"", ""label"": ""Mayonnaise (25ml)"", ""in_box"": 1}, {""name"": ""smoked streaky bacon"", ""label"": ""Smoked streaky bacon (90g)"", ""in_box"": 1}, {""name"": ""puff pastry"", ""label"": ""Puff pastry (160g)"", ""in_box"": 1}, {""name"": ""baby leaf salad"", ""label"": ""Baby leaf salad (50g)"", ""in_box"": 1}, {""name"": ""cucumber"", ""label"": ""Cucumber (0.5pcs)"", ""in_box"": 1}, {""name"": ""red wine vinegar"", ""label"": ""Red wine vinegar (15ml)"", ""in_box"": 1}, {""name"": ""white potato"", ""label"": ""White potato x3"", ""in_box"": 3}]"
2026-09-08,2026-09-02,b3e6826e-79ef-42c5-9a96-28073bb8f5f2,5598,Cheesy Black Bean Enchiladas,False,0.0,334,564,24.1,16.0,8.2,76.1,7.9,14.7,2.53,168,7.2,4.8,2.5,22.8,2.4,4.4,0.76,3,35,full-prep,mild,Global Kitchen,Vegetarian,4.34,21167,True,"[{""name"": ""plain tortillas"", ""label"": ""Plain tortillas (6pcs)"", ""in_box"": 1}, {""name"": ""cheddar cheese"", ""label"": ""Cheddar cheese (40g)"", ""in_box"": 1}, {""name"": ""black beans"", ""label"": ""Black beans (380g)"", ""in_box"": 1}, {""name"": ""ground cumin"", ""label"": ""Ground cumin (1tsp)"", ""in_box"": 1}, {""name"": ""intense vegetable stock mix"", ""label"": ""Intense vegetable stock mix (5.5g)"", ""in_box"": 1}, {""name"": ""ground smoked paprika"", ""label"": ""Ground smoked paprika (2tsp)"", ""in_box"": 1}, {""name"": ""garlic clove"", ""label"": ""Garlic clove x2"", ""in_box"": 2}, {""name"": ""tomato paste"", ""label"": ""Tomato paste (16g)"", ""in_box"": 1}, {""name"": ""spinach"", ""label"": ""Spinach (80g)"", ""in_box"": 1}, {""name"": ""red onion"", ""label"": ""Red onion"", ""in_box"": 1}]"
2026-09-08,2026-09-02,24eb172b-34bb-4b8a-a7ea-8501acd863cd,4457,Cheesy Chipotle Chicken Thigh & Pepper Enchiladas,False,0.0,422,694,42.6,26.6,11.2,68.6,8.8,8.1,2.42,164,10.1,6.3,2.7,16.3,2.1,1.9,0.57,3,45,full-prep,spicy,Takeaway Night,,4.12,3031,True,"[{""name"": ""plain tortillas"", ""label"": ""Plain tortillas (6pcs)"", ""in_box"": 1}, {""name"": ""cheddar cheese"", ""label"": ""Cheddar cheese (40g)"", ""in_box"": 1}, {""name"": ""intense chicken stock mix"", ""label"": ""Intense chicken stock mix (5.5g)"", ""in_box"": 1}, {""name"": ""dried oregano"", ""label"": ""Dried oregano (1tsp)"", ""in_box"": 1}, {""name"": ""yellow pepper"", ""label"": ""Yellow pepper"", ""in_box"": 1}, {""name"": ""diced chicken thigh"", ""label"": ""Diced chicken thigh (250g)"", ""in_box"": 1}, {""name"": ""ground cumin"", ""label"": ""Ground cumin (1tsp)"", ""in_box"": 1}, {""name"": ""chipotle paste"", ""label"": ""Chipotle paste (20g)"", ""in_box"": 1}, {""name"": ""garlic clove"", ""label"": ""Garlic clove"", ""in_box"": 1}, {""name"": ""black beans"", ""label"": ""Black beans (185g)"", ""in_box"": 1}, {""name"": ""tomato paste"", ""label"": ""Tomato paste (16g)"", ""in_box"": 1}, {""name"": ""rocket"", ""label"": ""Rocket (50g)"", ""in_box"": 1}]"
2026-09-08,2026-09-02,3cb05702-b828-46d4-9e84-7a1c2d9da836,4926,Cheesy Mexican-Style Rice With Crème Fraîche,False,0.0,636,675,27.9,25.2,13.6,81.0,17.8,17.6,2.35,106,4.4,4.0,2.1,12.7,2.8,2.8,0.37,4,10,full-prep,mild,10-Minute,Vegetarian; Gluten Free,4.3,5438,True,"[{""name"": ""crème fraîche"", ""label"": ""Crème fraîche (80g)"", ""in_box"": 1}, {""name"": ""cooked white long grain rice"", ""label"": ""Cooked white long grain rice (280g)"", ""in_box"": 1}, {""name"": ""black beans"", ""label"": ""Black beans (380g)"", ""in_box"": 1}, {""name"": ""red pepper"", ""label"": ""Red pepper"", ""in_box"": 1}, {""name"": ""finely chopped tomatoes"", ""label"": ""Finely chopped tomatoes (200g)"", ""in_box"": 1}, {""name"": ""ground cumin"", ""label"": ""Ground cumin (1tsp)"", ""in_box"": 1}, {""name"": ""Sweetcorn"", ""label"": ""Sweetcorn (150g)"", ""in_box"": 1}, {""name"": ""intense vegetable stock mix"", ""label"": ""Intense vegetable stock mix (5.5g)"", ""in_box"": 1}, {""name"": ""ground smoked paprika"", ""label"": ""Ground smoked paprika (2tsp)"", ""in_box"": 1}, {""name"": ""chipotle paste"", ""label"": ""Chipotle paste (20g)"", ""in_box"": 1}, {""name"": ""shallot"", ""label"": ""Shallot"", ""in_box"": 1}, {""name"": ""roasted garlic paste"", ""label"": ""Roasted garlic paste (15g)"", ""in_box"": 1}, {""name"": ""mozzarella"", ""label"": ""Mozzarella (125g)"", ""in_box"": 1}, {""name"": ""chives"", ""label"": ""Chives (5g)"", ""in_box"": 1}]"
2026-09-08,2026-09-02,01a76fc8-b8bc-4008-8f1f-10420cd5f332,11794,Cheesy Pepperoni Pasta Bake,False,0.0,364,613,29.1,26.1,15.2,70.0,11.9,7.0,2.02,168,8.0,7.2,4.2,19.2,3.3,1.9,0.55,3,40,full-prep,mild,Modern Bistro,,4.54,840,True,"[{""name"": ""cheddar cheese"", ""label"": ""Cheddar cheese (40g)"", ""in_box"": 1}, {""name"": ""dried oregano"", ""label"": ""Dried oregano (1tsp)"", ""in_box"": 1}, {""name"": ""red pepper"", ""label"": ""Red pepper"", ""in_box"": 1}, {""name"": ""sliced pepperoni"", ""label"": ""Sliced pepperoni (30g)"", ""in_box"": 1}, {""name"": ""tomato paste"", ""label"": ""Tomato paste (32g)"", ""in_box"": 1}, {""name"": ""basil"", ""label"": ""Basil (5g)"", ""in_box"": 1}, {""name"": ""vegetable stock mix"", ""label"": ""Vegetable stock mix (5.5g)"", ""in_box"": 1}, {""name"": ""mozzarella"", ""label"": ""Mozzarella (125g)"", ""in_box"": 1}, {""name"": ""cherry tomatoes"", ""label"": ""Cherry tomatoes (125g)"", ""in_box"": 1}, {""name"": ""tortiglioni"", ""label"": ""Tortiglioni (150g)"", ""in_box"": 1}, {""name"": ""red onion"", ""label"": ""Red onion"", ""in_box"": 1}]"
2026-09-08,2026-09-02,4e2d3364-0b2a-4a8c-858a-6ec9b6a5f896,6459,Cheesy Pork & Beef Meatballs And Garlic Ciabatta,False,0.0,482,761,45.0,38.5,17.8,57.4,9.9,5.3,1.84,157,9.3,8.0,3.7,11.9,2.1,1.1,0.38,2,50,full-prep,no spice,Modern Bistro,,4.42,4226,True,"[{""name"": ""pork & beef mince"", ""label"": ""Pork & beef mince (250g)"", ""in_box"": 1}, {""name"": ""panko breadcrumbs"", ""label"": ""Panko breadcrumbs (20g)"", ""in_box"": 1}, {""name"": ""finely chopped tomatoes"", ""label"": ""Finely chopped tomatoes (200g)"", ""in_box"": 1}, {""name"": ""ciabatta"", ""label"": ""Ciabatta x2"", ""in_box"": 2}, {""name"": ""beef stock mix"", ""label"": ""Beef stock mix (5.5g)"", ""in_box"": 1}, {""name"": ""garlic clove"", ""label"": ""Garlic clove x3"", ""in_box"": 3}, {""name"": ""brown onion"", ""label"": ""Brown onion"", ""in_box"": 1}, {""name"": ""mozzarella"", ""label"": ""Mozzarella (125g)"", ""in_box"": 1}, {""name"": ""gem lettuce"", ""label"": ""Gem lettuce"", ""in_box"": 1}, {""name"": ""balsamic vinegar"", ""label"": ""Balsamic vinegar (15ml)"", ""in_box"": 1}]"
2026-09-08,2026-09-02,d86eb399-4d3e-4769-884d-42b8770e858b,7324,Cheesy Sausage & Pepper Chilli Con Carne Pasta Bake,False,0.0,425,546,28.6,22.1,10.3,60.9,11.4,12.9,2.51,128,6.7,5.2,2.4,14.3,2.7,3.0,0.59,3,40,full-prep,mild,Family Kitchen,,4.33,6976,True,"[{""name"": ""cheddar cheese"", ""label"": ""Cheddar cheese (40g)"", ""in_box"": 1}, {""name"": ""intense chicken stock mix"", ""label"": ""Intense chicken stock mix (5.5g)"", ""in_box"": 1}, {""name"": ""black beans"", ""label"": ""Black beans (380g)"", ""in_box"": 1}, {""name"": ""red pepper"", ""label"": ""Red pepper"", ""in_box"": 1}, {""name"": ""Jolly Hog pork sausagemeat"", ""label"": ""Jolly Hog pork sausagemeat (150g)"", ""in_box"": 1}, {""name"": ""ground coriander"", ""label"": ""Ground coriander (1tsp)"", ""in_box"": 1}, {""name"": ""ground paprika"", ""label"": ""Ground paprika (1tsp)"", ""in_box"": 1}, {""name"": ""finely chopped tomatoes"", ""label"": ""Finely chopped tomatoes (200g)"", ""in_box"": 1}, {""name"": ""ground cumin"", ""label"": ""Ground cumin (1tsp)"", ""in_box"": 1}, {""name"": ""farfalle"", ""label"": ""Farfalle (100g)"", ""in_box"": 1}, {""name"": ""garlic clove"", ""label"": ""Garlic clove x2"", ""in_box"": 2}, {""name"": ""coriander"", ""label"": ""Coriander (5g)"", ""in_box"": 1}, {""name"": ""red onion"", ""label"": ""Red onion"", ""in_box"": 1}]"
2026-09-08,2026-09-02,b32cb4e8-8667-414b-8d9b-d155895480b5,2779,Chicken & Chorizo Pie With Herby Mash And Greens,True,2.0,615,937,51.2,48.0,20.2,75.8,12.9,10.9,2.26,152,8.3,7.8,3.3,12.3,2.1,1.8,0.37,2,45,full-prep,mild,Gastropub,,4.42,24513,True,"[{""name"": ""crème fraîche"", ""label"": ""Crème fraîche (80g)"", ""in_box"": 1}, {""name"": ""chicken breast portions"", ""label"": ""Chicken breast portions (2pcs)"", ""in_box"": 1}, {""name"": ""diced chorizo"", ""label"": ""Diced chorizo (100g)"", ""in_box"": 1}, {""name"": ""puff pastry"", ""label"": ""Puff pastry (160g)"", ""in_box"": 1}, {""name"": ""blanched peas"", ""label"": ""Blanched peas (160g)"", ""in_box"": 1}, {""name"": ""Chinese rice wine"", ""label"": ""Chinese rice wine (15ml)"", ""in_box"": 1}, {""name"": ""fine green beans"", ""label"": ""Fine green beans (80g)"", ""in_box"": 1}, {""name"": ""chives"", ""label"": ""Chives (5g)"", ""in_box"": 1}, {""name"": ""red onion"", ""label"": ""Red onion"", ""in_box"": 1}, {""name"": ""white potato"", ""label"": ""White potato x3"", ""in_box"": 3}]"
2026-09-08,2026-09-02,eed4b73f-ee9f-4e59-af31-3a0b35ba4c96,2332,Chicken Caesar Salad With Ciabatta Croutons,False,0.0,353,585,38.7,28.7,5.0,41.6,2.6,3.9,1.57,165,10.9,8.1,1.4,11.8,0.7,1.1,0.44,1,10,full-prep,no spice,10-Minute,,4.42,30061,True,"[{""name"": ""Italian hard cheese"", ""label"": ""Italian hard cheese (20g)"", ""in_box"": 1}, {""name"": ""chicken breast strips"", ""label"": ""Chicken breast strips (250g)"", ""in_box"": 1}, {""name"": ""mini cosberg lettuce"", ""label"": ""Mini cosberg lettuce x2"", ""in_box"": 2}, {""name"": ""capers"", ""label"": ""Capers (20g)"", ""in_box"": 1}, {""name"": ""mayonnaise"", ""label"": ""Mayonnaise (25ml) x2"", ""in_box"": 2}, {""name"": ""ciabatta"", ""label"": ""Ciabatta x2"", ""in_box"": 2}, {""name"": ""garlic clove"", ""label"": ""Garlic clove"", ""in_box"": 1}, {""name"": ""white wine vinegar"", ""label"": ""White wine vinegar (15ml)"", ""in_box"": 1}, {""name"": ""Dijon mustard"", ""label"": ""Dijon mustard (5.5g)"", ""in_box"": 1}]"
2026-09-08,2026-09-02,9b7ccab9-0073-4726-8ffe-2afb46890fed,6075,Chicken Katsu Salad With Curried Coconut Croutons,False,0.0,364,482,36.6,14.4,9.3,49.5,14.3,6.7,1.71,132,10.1,3.9,2.6,13.6,3.9,1.8,0.47,2,35,full-prep,spicy,Takeaway Night,Dairy Free,4.43,10695,True,"[{""name"": ""carrot & cabbage slaw mix"", ""label"": ""Carrot & cabbage slaw mix (160g)"", ""in_box"": 1}, {""name"": ""mango chutney"", ""label"": ""Mango chutney (20g)"", ""in_box"": 1}, {""name"": ""solid creamed coconut"", ""label"": ""Solid creamed coconut (25g)"", ""in_box"": 1}, {""name"": ""ground turmeric"", ""label"": ""Ground turmeric (0.5tsp)"", ""in_box"": 1}, {""name"": ""soy sauce"", ""label"": ""Soy sauce (8ml)"", ""in_box"": 1}, {""name"": ""red chilli"", ""label"": ""Red chilli"", ""in_box"": 1}, {""name"": ""chicken breast portions"", ""label"": ""Chicken breast portions (2pcs)"", ""in_box"": 1}, {""name"": ""panko breadcrumbs"", ""label"": ""Panko breadcrumbs (40g)"", ""in_box"": 1}, {""name"": ""ciabatta"", ""label"": ""Ciabatta"", ""in_box"": 1}, {""name"": ""curry powder"", ""label"": ""Curry powder (0.5tbsp)"", ""in_box"": 1}, {""name"": ""ginger & garlic paste"", ""label"": ""Ginger & garlic paste (15g)"", ""in_box"": 1}, {""name"": ""rice vinegar"", ""label"": ""Rice vinegar (15ml)"", ""in_box"": 1}, {""name"": ""gem lettuce"", ""label"": ""Gem lettuce"", ""in_box"": 1}]"
2026-09-08,2026-09-02,d2044314-10c3-4711-b4f6-e64636c75768,10894,Chicken Korma With Spinach Rice,False,0.0,,548,36.7,18.0,,58.7,,6.2,1.7,,,,,,,,,3,35,full-prep,mild,Calorie Controlled,Dairy Free; Gluten Free,4.41,641,True,
2026-09-08,2026-09-02,a59cf48f-a756-4e49-a2d3-8cc950e72773,2642,Chicken Satay With Pickled Chilli Cucumber,False,0.0,404,564,36.6,22.8,10.2,51.1,9.3,4.8,1.62,139,9.1,5.7,2.5,12.7,2.3,1.2,0.4,1,25,full-prep,spicy,20 minute meals,Dairy Free,4.31,12581,True,"[{""name"": ""cooked white long grain rice"", ""label"": ""Cooked white long grain rice (280g)"", ""in_box"": 1}, {""name"": ""solid creamed coconut"", ""label"": ""Solid creamed coconut (25g)"", ""in_box"": 1}, {""name"": ""dried chilli flakes"", ""label"": ""Dried chilli flakes (0.5tsp)"", ""in_box"": 1}, {""name"": ""diced chicken breast"", ""label"": ""Diced chicken breast (250g)"", ""in_box"": 1}, {""name"": ""cucumber"", ""label"": ""Cucumber (0.5pcs)"", ""in_box"": 1}, {""name"": ""red chilli relish"", ""label"": ""Red chilli relish (25g)"", ""in_box"": 1}, {""name"": ""rice vinegar"", ""label"": ""Rice vinegar (15ml)"", ""in_box"": 1}, {""name"": ""soy sauce"", ""label"": ""Soy sauce (15ml)"", ""in_box"": 1}, {""name"": ""smooth peanut butter"", ""label"": ""Smooth peanut butter (26g)"", ""in_box"": 1}]"
2026-09-08,2026-09-02,6577cc3b-9e8d-4bb2-a449-dbefbb75ae5d,3207,Chicken Thigh & Butter Bean Hotpot,False,0.0,485,438,32.7,19.0,7.3,34.1,8.3,10.4,1.66,90,6.7,3.9,1.5,7.0,1.7,2.2,0.34,2,55,full-prep,no spice,Prepped in 5,,4.09,7869,True,"[{""name"": ""intense chicken stock mix"", ""label"": ""Intense chicken stock mix (5.5g)"", ""in_box"": 1}, {""name"": ""dried oregano"", ""label"": ""Dried oregano (1tsp)"", ""in_box"": 1}, {""name"": ""diced chicken thigh"", ""label"": ""Diced chicken thigh (250g)"", ""in_box"": 1}, {""name"": ""butter beans"", ""label"": ""Butter beans (185g)"", ""in_box"": 1}, {""name"": ""soft cheese"", ""label"": ""Soft cheese (50g)"", ""in_box"": 1}, {""name"": ""carrot"", ""label"": ""Carrot"", ""in_box"": 1}, {""name"": ""fine green beans"", ""label"": ""Fine green beans (160g)"", ""in_box"": 1}, {""name"": ""baby button mushrooms"", ""label"": ""Baby button mushrooms (80g)"", ""in_box"": 1}, {""name"": ""white potato"", ""label"": ""White potato x2"", ""in_box"": 2}, {""name"": ""Dijon mustard"", ""label"": ""Dijon mustard (5.5g)"", ""in_box"": 1}]"
2026-09-08,2026-09-02,213b34b5-4afc-47dc-a30f-b3c2859ba2ab,8174,Chicken Yakitori Skewers With Candied Sweet Potato,False,0.0,,614,32.0,25.7,,64.1,,5.8,1.88,,,,,,,,,3,45,full-prep,no spice,Global Kitchen,Dairy Free,0,0,True,
2026-09-08,2026-09-02,58a09125-9773-479a-9499-0a59338f82be,15518,"Chicken, Bacon & Red Wine Chasseur With Crushed Potatoes",True,2.0,473,439,43.1,13.7,4.4,37.7,7.3,6.8,2.9,92,9.1,2.9,0.9,8.0,1.6,1.4,0.61,1,10,full-prep,no spice,Fine Dine In,Dairy Free; Gluten Free,4.5,330,True,"[{""name"": ""gravy base"", ""label"": ""Gravy base (14g)"", ""in_box"": 1}, {""name"": ""red wine paste"", ""label"": ""Red wine paste (10g)"", ""in_box"": 1}, {""name"": ""waxy potatoes"", ""label"": ""Waxy potatoes (350g)"", ""in_box"": 1}, {""name"": ""diced chicken breast"", ""label"": ""Diced chicken breast (250g)"", ""in_box"": 1}, {""name"": ""bacon lardons"", ""label"": ""Bacon lardons (100g)"", ""in_box"": 1}, {""name"": ""garlic clove"", ""label"": ""Garlic clove"", ""in_box"": 1}, {""name"": ""shallot"", ""label"": ""Shallot x2"", ""in_box"": 2}, {""name"": ""tomato paste"", ""label"": ""Tomato paste (16g)"", ""in_box"": 1}, {""name"": ""Tenderstem broccoli"", ""label"": ""Tenderstem broccoli (160g)"", ""in_box"": 1}]"
2026-09-08,2026-09-02,b4e0d0e3-29e5-42bb-b81a-c2bbb5019380,6270,Chilli Halloumi With Buttery Waxy Potatoes & Chunky Tzatziki,False,0.0,462,518,28.3,25.0,16.7,46.8,20.2,4.5,2.44,111,6.1,5.4,3.6,10.1,4.4,1.0,0.53,1,10,full-prep,mild,10-Minute,Vegetarian; Gluten Free,4.18,9079,True,"[{""name"": ""halloumi"", ""label"": ""Halloumi (200g)"", ""in_box"": 1}, {""name"": ""waxy potatoes"", ""label"": ""Waxy potatoes (350g)"", ""in_box"": 1}, {""name"": ""red chilli relish"", ""label"": ""Red chilli relish (40g)"", ""in_box"": 1}, {""name"": ""baby leaf salad"", ""label"": ""Baby leaf salad (50g)"", ""in_box"": 1}, {""name"": ""natural yoghurt"", ""label"": ""Natural yoghurt (80g)"", ""in_box"": 1}, {""name"": ""mint sauce"", ""label"": ""Mint sauce (20g)"", ""in_box"": 1}, {""name"": ""cucumber"", ""label"": ""Cucumber (0.5pcs)"", ""in_box"": 1}, {""name"": ""white wine vinegar"", ""label"": ""White wine vinegar (15ml)"", ""in_box"": 1}]"
2026-09-08,2026-09-02,3faf408e-ec1a-44a2-879c-296f7f07553d,6491,Chilli Salmon & King Prawn Sauce With Fresh Tagliatelle,True,2.5,413,569,37.1,9.0,1.6,83.4,8.8,6.7,2.27,137,9.0,2.2,0.4,20.2,2.1,1.6,0.55,2,25,full-prep,mild,Fine Dine In,Dairy Free,3.81,1236,True,"[{""name"": ""dried chilli flakes"", ""label"": ""Dried chilli flakes (0.5tsp)"", ""in_box"": 1}, {""name"": ""raw peeled king prawns"", ""label"": ""Raw peeled king prawns (171g)"", ""in_box"": 1}, {""name"": ""salmon flakes"", ""label"": ""Salmon flakes (100g)"", ""in_box"": 1}, {""name"": ""fresh tagliatelle"", ""label"": ""Fresh tagliatelle (250g)"", ""in_box"": 1}, {""name"": ""garlic clove"", ""label"": ""Garlic clove x2"", ""in_box"": 2}, {""name"": ""brown onion"", ""label"": ""Brown onion"", ""in_box"": 1}, {""name"": ""vegetable stock mix"", ""label"": ""Vegetable stock mix (5.5g)"", ""in_box"": 1}, {""name"": ""tomato paste"", ""label"": ""Tomato paste (16g)"", ""in_box"": 1}, {""name"": ""rocket"", ""label"": ""Rocket (50g)"", ""in_box"": 1}, {""name"": ""cherry tomatoes"", ""label"": ""Cherry tomatoes (125g)"", ""in_box"": 1}, {""name"": ""balsamic vinegar"", ""label"": ""Balsamic vinegar (15ml)"", ""in_box"": 1}]"
2026-09-08,2026-09-02,7cae5bbf-5142-4afa-9ecd-e0f530560b6a,4425,Chinese-Style Hot & Sour King Prawn Stir-Fry,False,0.0,316,328,19.3,1.4,0.3,63.3,4.7,4.3,1.59,103,6.1,0.4,0.1,20.1,1.5,1.4,0.5,2,30,full-prep,spicy,Takeaway Night,Dairy Free,4.07,4636,True,"[{""name"": ""cornflour"", ""label"": ""Cornflour (1tsp)"", ""in_box"": 1}, {""name"": ""white basmati rice"", ""label"": ""White basmati rice (130g)"", ""in_box"": 1}, {""name"": ""dried chilli flakes"", ""label"": ""Dried chilli flakes (1tsp)"", ""in_box"": 1}, {""name"": ""raw peeled king prawns"", ""label"": ""Raw peeled king prawns (171g)"", ""in_box"": 1}, {""name"": ""soy sauce"", ""label"": ""Soy sauce (8ml)"", ""in_box"": 1}, {""name"": ""sriracha hot chilli sauce"", ""label"": ""Sriracha hot chilli sauce (8ml)"", ""in_box"": 1}, {""name"": ""garlic clove"", ""label"": ""Garlic clove"", ""in_box"": 1}, {""name"": ""fresh root ginger"", ""label"": ""Fresh root ginger (15g)"", ""in_box"": 1}, {""name"": ""rice vinegar"", ""label"": ""Rice vinegar (30ml)"", ""in_box"": 1}, {""name"": ""carrot"", ""label"": ""Carrot"", ""in_box"": 1}, {""name"": ""baby button mushrooms"", ""label"": ""Baby button mushrooms (80g)"", ""in_box"": 1}, {""name"": ""spinach"", ""label"": ""Spinach (80g)"", ""in_box"": 1}]"
2026-09-08,2026-09-02,29405074-69fe-4d77-bef6-637941758c29,6290,Chipotle Meat-Free Empanadas With Chimichurri Potatoes,False,0.0,434,693,26.2,31.3,10.6,80.8,10.5,12.4,1.86,159,6.0,7.2,2.5,18.6,2.4,2.9,0.43,1,45,full-prep,spicy,Global Kitchen,Vegan; Vegetarian; Dairy Free,4.29,1378,True,"[{""name"": ""ultimate vegan burger patties"", ""label"": ""Ultimate vegan burger patties (2pcs)"", ""in_box"": 1}, {""name"": ""dried oregano"", ""label"": ""Dried oregano (1tsp)"", ""in_box"": 1}, {""name"": ""green chilli"", ""label"": ""Green chilli"", ""in_box"": 1}, {""name"": ""chipotle paste"", ""label"": ""Chipotle paste (40g)"", ""in_box"": 1}, {""name"": ""puff pastry"", ""label"": ""Puff pastry (160g)"", ""in_box"": 1}, {""name"": ""garlic clove"", ""label"": ""Garlic clove x2"", ""in_box"": 2}, {""name"": ""parsley"", ""label"": ""Parsley (5g) x2"", ""in_box"": 2}, {""name"": ""sweet pointed pepper"", ""label"": ""Sweet pointed pepper"", ""in_box"": 1}, {""name"": ""red wine vinegar"", ""label"": ""Red wine vinegar (15ml)"", ""in_box"": 1}, {""name"": ""white potato"", ""label"": ""White potato x3"", ""in_box"": 3}]"
2026-09-08,2026-09-02,ad55adcb-b789-442f-9daf-d966f431369c,4504,Chipotle Pork & Corn Stew With Crème Fraîche,False,0.0,512,528,33.0,21.9,10.1,52.6,14.7,9.0,1.66,103,6.4,4.3,2.0,10.3,2.9,1.8,0.32,3,40,full-prep,mild,Global Kitchen,Gluten Free,4.37,845,True,"[{""name"": ""crème fraîche"", ""label"": ""Crème fraîche (80g)"", ""in_box"": 1}, {""name"": ""intense beef stock mix"", ""label"": ""Intense beef stock mix (5.5g)"", ""in_box"": 1}, {""name"": ""dried oregano"", ""label"": ""Dried oregano (1tsp)"", ""in_box"": 1}, {""name"": ""green pepper"", ""label"": ""Green pepper"", ""in_box"": 1}, {""name"": ""chipotle paste"", ""label"": ""Chipotle paste (40g)"", ""in_box"": 1}, {""name"": ""tomato paste"", ""label"": ""Tomato paste (32g)"", ""in_box"": 1}, {""name"": ""ground cumin"", ""label"": ""Ground cumin (1tsp)"", ""in_box"": 1}, {""name"": ""ground smoked paprika"", ""label"": ""Ground smoked paprika (1tsp)"", ""in_box"": 1}, {""name"": ""Sweetcorn"", ""label"": ""Sweetcorn (150g)"", ""in_box"": 1}, {""name"": ""pork mince"", ""label"": ""Pork mince (250g)"", ""in_box"": 1}, {""name"": ""garlic clove"", ""label"": ""Garlic clove"", ""in_box"": 1}, {""name"": ""shallot"", ""label"": ""Shallot"", ""in_box"": 1}, {""name"": ""white potato"", ""label"": ""White potato x3"", ""in_box"": 3}]"
2026-09-08,2026-09-02,efb8e50a-18fb-4b22-b786-6d8fbd4d4b08,5857,Chorizo & Black Bean Quesadillas,False,0.0,382,748,32.4,32.9,13.6,75.9,8.6,14.0,2.87,196,8.5,8.6,3.6,19.9,2.2,3.7,0.75,2,40,full-prep,mild,Global Kitchen,,4.21,6068,True,"[{""name"": ""plain tortillas"", ""label"": ""Plain tortillas (6pcs)"", ""in_box"": 1}, {""name"": ""cheddar cheese"", ""label"": ""Cheddar cheese (40g)"", ""in_box"": 1}, {""name"": ""tomato"", ""label"": ""Tomato"", ""in_box"": 1}, {""name"": ""black beans"", ""label"": ""Black beans (380g)"", ""in_box"": 1}, {""name"": ""ground smoked paprika"", ""label"": ""Ground smoked paprika (2tsp)"", ""in_box"": 1}, {""name"": ""diced chorizo"", ""label"": ""Diced chorizo (100g)"", ""in_box"": 1}, {""name"": ""garlic clove"", ""label"": ""Garlic clove"", ""in_box"": 1}, {""name"": ""cider vinegar"", ""label"": ""Cider vinegar (15ml)"", ""in_box"": 1}, {""name"": ""red onion"", ""label"": ""Red onion"", ""in_box"": 1}]"
2026-09-08,2026-09-02,54b8fd9a-20c5-49f1-857c-ddcc0244e550,14862,Classic Beef Cottage Pie With Cheesy Mash,False,0.0,533,606,39.9,24.4,10.9,60.0,14.8,12.3,1.96,113,7.5,4.6,2.1,11.3,2.8,2.3,0.37,3,45,full-prep,no spice,Everyday Favourites,,0,0,True,"[{""name"": ""intense beef stock mix"", ""label"": ""Intense beef stock mix (5.5g)"", ""in_box"": 1}, {""name"": ""beef mince"", ""label"": ""Beef mince (250g)"", ""in_box"": 1}, {""name"": ""tomato paste"", ""label"": ""Tomato paste (32g)"", ""in_box"": 1}, {""name"": ""garlic clove"", ""label"": ""Garlic clove x2"", ""in_box"": 2}, {""name"": ""blanched peas"", ""label"": ""Blanched peas (160g)"", ""in_box"": 1}, {""name"": ""Italian hard cheese"", ""label"": ""Italian hard cheese (20g)"", ""in_box"": 1}, {""name"": ""carrot"", ""label"": ""Carrot"", ""in_box"": 1}, {""name"": ""Marmite"", ""label"": ""Marmite (8g)"", ""in_box"": 1}, {""name"": ""red onion"", ""label"": ""Red onion"", ""in_box"": 1}, {""name"": ""white potato"", ""label"": ""White potato x4"", ""in_box"": 4}]"
2026-09-08,2026-09-02,b3ac4c7a-fb75-4af0-8e61-52b10229591e,13315,Classic Sweet 'N' Sour Chicken Thigh With Pepper & Pineapple,False,0.0,483,611,31.7,12.6,3.4,94.5,29.7,3.9,3.54,126,6.6,2.6,0.7,19.6,6.2,0.8,0.73,2,30,full-prep,no spice,Classic Fakeaways,Dairy Free,4.34,1818,True,"[{""name"": ""white long grain rice"", ""label"": ""White long grain rice (130g)"", ""in_box"": 1}, {""name"": ""red pepper"", ""label"": ""Red pepper"", ""in_box"": 1}, {""name"": ""pineapple slices"", ""label"": ""Pineapple slices (220g)"", ""in_box"": 1}, {""name"": ""tomato ketchup"", ""label"": ""Tomato ketchup (30ml) x2"", ""in_box"": 2}, {""name"": ""spring onion"", ""label"": ""Spring onion"", ""in_box"": 1}, {""name"": ""diced chicken thigh"", ""label"": ""Diced chicken thigh (250g)"", ""in_box"": 1}, {""name"": ""cornflour"", ""label"": ""Cornflour (1tbsp)"", ""in_box"": 1}, {""name"": ""garlic clove"", ""label"": ""Garlic clove x2"", ""in_box"": 2}, {""name"": ""brown onion"", ""label"": ""Brown onion"", ""in_box"": 1}, {""name"": ""ginger paste"", ""label"": ""Ginger paste (15g)"", ""in_box"": 1}, {""name"": ""rice vinegar"", ""label"": ""Rice vinegar (15ml)"", ""in_box"": 1}, {""name"": ""soy sauce"", ""label"": ""Soy sauce (30ml)"", ""in_box"": 1}]"
2026-09-08,2026-09-02,86e3c3f9-a929-4260-9061-2b14de796129,15126,Classic Sweet 'N' Sour Tofu With Pepper & Pineapple,False,0.0,510,654,37.1,12.6,2.1,98.5,30.0,8.2,3.52,128,7.3,2.5,0.4,19.3,5.9,1.6,0.69,2,30,full-prep,no spice,Classic Fakeaways,Vegan; Vegetarian; Dairy Free,0,0,True,"[{""name"": ""white long grain rice"", ""label"": ""White long grain rice (130g)"", ""in_box"": 1}, {""name"": ""red pepper"", ""label"": ""Red pepper"", ""in_box"": 1}, {""name"": ""ground paprika"", ""label"": ""Ground paprika (2tsp)"", ""in_box"": 1}, {""name"": ""plain tofu"", ""label"": ""Plain tofu (280g)"", ""in_box"": 1}, {""name"": ""pineapple slices"", ""label"": ""Pineapple slices (220g)"", ""in_box"": 1}, {""name"": ""tomato ketchup"", ""label"": ""Tomato ketchup (30ml) x2"", ""in_box"": 2}, {""name"": ""spring onion"", ""label"": ""Spring onion"", ""in_box"": 1}, {""name"": ""umami seasoning"", ""label"": ""Umami seasoning (1tbsp)"", ""in_box"": 1}, {""name"": ""cornflour"", ""label"": ""Cornflour (1tbsp)"", ""in_box"": 1}, {""name"": ""garlic clove"", ""label"": ""Garlic clove x2"", ""in_box"": 2}, {""name"": ""brown onion"", ""label"": ""Brown onion"", ""in_box"": 1}, {""name"": ""ginger paste"", ""label"": ""Ginger paste (15g)"", ""in_box"": 1}, {""name"": ""rice vinegar"", ""label"": ""Rice vinegar (15ml)"", ""in_box"": 1}, {""name"": ""soy sauce"", ""label"": ""Soy sauce (30ml)"", ""in_box"": 1}]"
2026-09-08,2026-09-02,386e96f4-d995-4587-901d-dd99865afc89,15747,Classic Thai Green Tofu Curry With Rice,False,0.0,380,745,38.8,31.3,18.2,75.8,8.1,10.9,2.35,195,10.2,8.2,4.8,19.9,2.1,2.9,0.62,1,30,full-prep,spicy,Classic Fakeaways,Vegan; Vegetarian; Dairy Free; Gluten Free,0,0,True,"[{""name"": ""lemongrass and lime leaf paste"", ""label"": ""Lemongrass and lime leaf paste (20g)"", ""in_box"": 1}, {""name"": ""white long grain rice"", ""label"": ""White long grain rice (130g)"", ""in_box"": 1}, {""name"": ""solid creamed coconut"", ""label"": ""Solid creamed coconut (25g) x2"", ""in_box"": 2}, {""name"": ""plain tofu"", ""label"": ""Plain tofu (280g)"", ""in_box"": 1}, {""name"": ""red chilli"", ""label"": ""Red chilli"", ""in_box"": 1}, {""name"": ""Thai basil"", ""label"": ""Thai basil (5g)"", ""in_box"": 1}, {""name"": ""umami seasoning"", ""label"": ""Umami seasoning (1tbsp)"", ""in_box"": 1}, {""name"": ""cornflour"", ""label"": ""Cornflour (1tbsp)"", ""in_box"": 1}, {""name"": ""garlic clove"", ""label"": ""Garlic clove x2"", ""in_box"": 2}, {""name"": ""gluten free soy sauce"", ""label"": ""Gluten free soy sauce (15ml)"", ""in_box"": 1}, {""name"": ""Thai green curry paste"", ""label"": ""Thai green curry paste (40g)"", ""in_box"": 1}, {""name"": ""fine green beans"", ""label"": ""Fine green beans (80g)"", ""in_box"": 1}, {""name"": ""sweet pea pods"", ""label"": ""Sweet pea pods (80g)"", ""in_box"": 1}]"
2026-09-08,2026-09-02,0c18bf87-1411-48d1-9490-c9df36faa7ac,4720,Coconut Peanut Curry With Crispy Fried Tofu,False,0.0,521,742,39.5,33.9,11.7,63.6,7.7,15.8,2.0,142,7.6,6.5,2.2,12.2,1.5,3.0,0.38,2,10,full-prep,mild,10-Minute,Vegan; Vegetarian; Dairy Free; Gluten Free,3.88,3735,True,"[{""name"": ""cooked white long grain rice"", ""label"": ""Cooked white long grain rice (280g)"", ""in_box"": 1}, {""name"": ""yellow pepper"", ""label"": ""Yellow pepper"", ""in_box"": 1}, {""name"": ""solid creamed coconut"", ""label"": ""Solid creamed coconut (25g)"", ""in_box"": 1}, {""name"": ""plain tofu"", ""label"": ""Plain tofu (280g)"", ""in_box"": 1}, {""name"": ""garam masala"", ""label"": ""Garam masala (1tsp)"", ""in_box"": 1}, {""name"": ""curry powder"", ""label"": ""Curry powder (1tbsp)"", ""in_box"": 1}, {""name"": ""chickpeas"", ""label"": ""Chickpeas (390g)"", ""in_box"": 1}, {""name"": ""shallot"", ""label"": ""Shallot"", ""in_box"": 1}, {""name"": ""gluten free soy sauce"", ""label"": ""Gluten free soy sauce (15ml)"", ""in_box"": 1}, {""name"": ""ginger & garlic paste"", ""label"": ""Ginger & garlic paste (15g)"", ""in_box"": 1}, {""name"": ""coriander"", ""label"": ""Coriander (5g)"", ""in_box"": 1}, {""name"": ""smooth peanut butter"", ""label"": ""Smooth peanut butter (26g)"", ""in_box"": 1}]"
2026-09-08,2026-09-02,65f3b05b-6876-4d7d-a521-27383a05e19d,1055,Coronation Chicken Salad & Baby Naan,False,0.0,418,447,37.4,10.6,2.6,50.8,23.2,4.7,1.75,106,8.9,2.5,0.6,12.1,5.6,1.1,0.42,2,40,full-prep,,Modern Bistro,,4.27,441,True,"[{""name"": ""mini garlic & coriander naans"", ""label"": ""Mini garlic & coriander naans (2pcs)"", ""in_box"": 1}, {""name"": ""mango chutney"", ""label"": ""Mango chutney (20g)"", ""in_box"": 1}, {""name"": ""spring onion"", ""label"": ""Spring onion"", ""in_box"": 1}, {""name"": ""chicken breast portions"", ""label"": ""Chicken breast portions (2pcs)"", ""in_box"": 1}, {""name"": ""curry powder"", ""label"": ""Curry powder (2tbsp)"", ""in_box"": 1}, {""name"": ""garlic clove"", ""label"": ""Garlic clove"", ""in_box"": 1}, {""name"": ""baby leaf salad"", ""label"": ""Baby leaf salad (50g)"", ""in_box"": 1}, {""name"": ""natural yoghurt"", ""label"": ""Natural yoghurt (80g)"", ""in_box"": 1}, {""name"": ""black mustard seeds"", ""label"": ""Black mustard seeds (1tsp)"", ""in_box"": 1}, {""name"": ""cucumber"", ""label"": ""Cucumber (0.5pcs)"", ""in_box"": 1}, {""name"": ""sultanas"", ""label"": ""Sultanas (30g)"", ""in_box"": 1}, {""name"": ""lime"", ""label"": ""Lime"", ""in_box"": 1}]"
2026-09-08,2026-09-02,5fd218b9-8c5d-468f-b4a7-abfd26548529,16781,Courgette & Black Pepper Sauce W. Fresh Tagliatelle & A Chicken Breast,True,1.5,408,586,45.4,9.7,4.5,78.4,5.2,3.8,1.69,143,11.2,2.4,1.1,19.2,1.3,0.9,0.41,1,20,full-prep,no spice,20 minute meals,,4.21,28,True,"[{""name"": ""grated Italian hard cheese"", ""label"": ""Grated Italian hard cheese (30g)"", ""in_box"": 1}, {""name"": ""chicken breast portions"", ""label"": ""Chicken breast portions (2pcs)"", ""in_box"": 1}, {""name"": ""fresh tagliatelle"", ""label"": ""Fresh tagliatelle (250g)"", ""in_box"": 1}, {""name"": ""intense vegetable stock mix"", ""label"": ""Intense vegetable stock mix (5.5g)"", ""in_box"": 1}, {""name"": ""garlic clove"", ""label"": ""Garlic clove x2"", ""in_box"": 2}, {""name"": ""courgette"", ""label"": ""Courgette"", ""in_box"": 1}, {""name"": ""lemon"", ""label"": ""Lemon"", ""in_box"": 1}, {""name"": ""basil"", ""label"": ""Basil (5g)"", ""in_box"": 1}, {""name"": ""cracked black pepper"", ""label"": ""Cracked black pepper (2.5g)"", ""in_box"": 1}]"
2026-09-08,2026-09-02,981b5c4f-749c-4ea8-8360-616f4fbc31dd,7464,"Creamy Bacon, Leek And Pea Wholewheat Tortiglioni",False,0.0,337,547,30.9,19.3,8.8,66.4,11.8,13.3,2.95,162,9.2,5.7,2.6,19.7,3.5,3.9,0.88,1,25,full-prep,no spice,20 minute meals,,4.22,1744,True,"[{""name"": ""intense chicken stock mix"", ""label"": ""Intense chicken stock mix (5.5g)"", ""in_box"": 1}, {""name"": ""leek"", ""label"": ""Leek"", ""in_box"": 1}, {""name"": ""bacon lardons"", ""label"": ""Bacon lardons (100g)"", ""in_box"": 1}, {""name"": ""garlic clove"", ""label"": ""Garlic clove x3"", ""in_box"": 3}, {""name"": ""wholewheat tortiglioni"", ""label"": ""Wholewheat tortiglioni (150g)"", ""in_box"": 1}, {""name"": ""blanched peas"", ""label"": ""Blanched peas (160g)"", ""in_box"": 1}, {""name"": ""lighter cheese"", ""label"": ""Lighter cheese (30g)"", ""in_box"": 1}, {""name"": ""soft cheese"", ""label"": ""Soft cheese (50g)"", ""in_box"": 1}]"
2026-09-08,2026-09-02,35f22ff0-1f7d-4102-92cf-1bafc5aa2b57,7692,Creamy Basa & Leek Pie With Garlic & Parsley Butter,False,0.0,494,415,31.7,9.4,5.5,51.6,7.8,6.7,1.78,83,6.4,1.9,1.1,10.4,1.6,1.4,0.36,2,50,full-prep,no spice,Family Kitchen,Gluten Free,4.29,1491,True,"[{""name"": ""cheddar cheese"", ""label"": ""Cheddar cheese (40g)"", ""in_box"": 1}, {""name"": ""garden veg mix"", ""label"": ""Garden veg mix (160g)"", ""in_box"": 1}, {""name"": ""leek"", ""label"": ""Leek"", ""in_box"": 1}, {""name"": ""basa fillets"", ""label"": ""Basa fillets (2pcs)"", ""in_box"": 1}, {""name"": ""intense vegetable stock mix"", ""label"": ""Intense vegetable stock mix (5.5g)"", ""in_box"": 1}, {""name"": ""garlic clove"", ""label"": ""Garlic clove x3"", ""in_box"": 3}, {""name"": ""parsley"", ""label"": ""Parsley (5g)"", ""in_box"": 1}, {""name"": ""white potato"", ""label"": ""White potato x4"", ""in_box"": 4}]"
2026-09-08,2026-09-02,908206c0-8dad-4347-9cef-220d8da0f339,1662,Creamy Cajun-Style Chicken & Pepper Linguine,False,0.0,353,597,42.1,12.2,5.5,78.6,8.9,6.2,1.39,169,11.9,3.5,1.6,22.2,2.5,1.7,0.39,1,30,full-prep,mild,20 minute meals,,4.25,51549,True,"[{""name"": ""intense chicken stock mix"", ""label"": ""Intense chicken stock mix (5.5g)"", ""in_box"": 1}, {""name"": ""dried oregano"", ""label"": ""Dried oregano (1tsp)"", ""in_box"": 1}, {""name"": ""cayenne pepper"", ""label"": ""Cayenne pepper (0.5tsp)"", ""in_box"": 1}, {""name"": ""ground coriander"", ""label"": ""Ground coriander (1tsp)"", ""in_box"": 1}, {""name"": ""chicken breast portions"", ""label"": ""Chicken breast portions (2pcs)"", ""in_box"": 1}, {""name"": ""ground cumin"", ""label"": ""Ground cumin (1tsp)"", ""in_box"": 1}, {""name"": ""ground smoked paprika"", ""label"": ""Ground smoked paprika (1tsp)"", ""in_box"": 1}, {""name"": ""linguine"", ""label"": ""Linguine (190g)"", ""in_box"": 1}, {""name"": ""garlic clove"", ""label"": ""Garlic clove"", ""in_box"": 1}, {""name"": ""soft cheese"", ""label"": ""Soft cheese (50g)"", ""in_box"": 1}, {""name"": ""Chinese rice wine"", ""label"": ""Chinese rice wine (15ml)"", ""in_box"": 1}, {""name"": ""sweet pointed pepper"", ""label"": ""Sweet pointed pepper"", ""in_box"": 1}, {""name"": ""red onion"", ""label"": ""Red onion"", ""in_box"": 1}]"
2026-09-08,2026-09-02,40c5b508-78e3-4d62-89aa-8efc850337ea,2641,Creamy Caper Chicken Thigh & Green Beans With Mash,False,0.0,488,516,37.1,21.8,8.0,43.9,4.8,7.3,0.76,105,7.6,4.5,1.6,9.0,1.0,1.5,0.16,1,35,full-prep,no spice,Modern Bistro,,4.1,1593,True,"[{""name"": ""skinless chicken thighs"", ""label"": ""Skinless chicken thighs (320g)"", ""in_box"": 1}, {""name"": ""capers"", ""label"": ""Capers (20g)"", ""in_box"": 1}, {""name"": ""garlic clove"", ""label"": ""Garlic clove"", ""in_box"": 1}, {""name"": ""soft cheese"", ""label"": ""Soft cheese (50g)"", ""in_box"": 1}, {""name"": ""Chinese rice wine"", ""label"": ""Chinese rice wine (15ml)"", ""in_box"": 1}, {""name"": ""fine green beans"", ""label"": ""Fine green beans (160g)"", ""in_box"": 1}, {""name"": ""white potato"", ""label"": ""White potato x4"", ""in_box"": 4}, {""name"": ""Dijon mustard"", ""label"": ""Dijon mustard (5.5g)"", ""in_box"": 1}]"
2026-09-08,2026-09-02,17aa1a30-8134-4c29-ac53-a2b7f3d064d4,3083,Creamy Chicken & Pesto Wholewheat Tortiglioni With Basil,False,0.0,355,685,45.9,31.8,11.9,57.4,6.5,7.7,1.98,192,12.9,8.9,3.4,16.2,1.8,2.2,0.56,1,25,full-prep,no spice,20 minute meals,,4.33,4029,True,"[{""name"": ""cheddar cheese"", ""label"": ""Cheddar cheese (40g)"", ""in_box"": 1}, {""name"": ""chicken stock mix"", ""label"": ""Chicken stock mix (5.5g)"", ""in_box"": 1}, {""name"": ""chicken breast strips"", ""label"": ""Chicken breast strips (250g)"", ""in_box"": 1}, {""name"": ""wholewheat tortiglioni"", ""label"": ""Wholewheat tortiglioni (150g)"", ""in_box"": 1}, {""name"": ""soft cheese"", ""label"": ""Soft cheese (50g)"", ""in_box"": 1}, {""name"": ""basil"", ""label"": ""Basil (10g)"", ""in_box"": 1}, {""name"": ""traditional Italian pesto"", ""label"": ""Traditional Italian pesto (45g)"", ""in_box"": 1}, {""name"": ""spinach"", ""label"": ""Spinach (80g)"", ""in_box"": 1}, {""name"": ""red onion"", ""label"": ""Red onion"", ""in_box"": 1}]"
2026-09-08,2026-09-02,c8ffd804-3ee7-4268-ae08-0a1a21a9efcd,5749,"Creamy Chicken Breast, Leek & Carrot Pie",True,0.7,419,584,36.7,29.9,13.6,42.6,12.2,7.0,2.16,139,8.8,7.1,3.3,10.2,2.9,1.7,0.52,2,45,full-prep,no spice,Modern Bistro,,4.35,874,True,"[{""name"": ""intense chicken stock mix"", ""label"": ""Intense chicken stock mix (5.5g)"", ""in_box"": 1}, {""name"": ""dried oregano"", ""label"": ""Dried oregano (1tsp)"", ""in_box"": 1}, {""name"": ""leek"", ""label"": ""Leek"", ""in_box"": 1}, {""name"": ""diced chicken breast"", ""label"": ""Diced chicken breast (250g)"", ""in_box"": 1}, {""name"": ""puff pastry"", ""label"": ""Puff pastry (160g)"", ""in_box"": 1}, {""name"": ""garlic clove"", ""label"": ""Garlic clove x2"", ""in_box"": 2}, {""name"": ""brown onion"", ""label"": ""Brown onion"", ""in_box"": 1}, {""name"": ""soft cheese"", ""label"": ""Soft cheese (50g)"", ""in_box"": 1}, {""name"": ""carrot"", ""label"": ""Carrot"", ""in_box"": 1}, {""name"": ""wholegrain mustard"", ""label"": ""Wholegrain mustard (42g)"", ""in_box"": 1}]"
2026-09-08,2026-09-02,b2157caf-4214-4639-a55b-afb2f85d61a2,6362,Creamy Chicken Mughlai Curry With Cardamom Rice,False,0.0,330,664,37.2,24.9,9.8,74.7,16.0,5.5,1.45,201,11.3,7.5,3.0,22.6,4.8,1.7,0.44,1,30,full-prep,mild,Global Kitchen,Gluten Free,4.26,2546,True,"[{""name"": ""intense chicken stock mix"", ""label"": ""Intense chicken stock mix (5.5g)"", ""in_box"": 1}, {""name"": ""white long grain rice"", ""label"": ""White long grain rice (130g)"", ""in_box"": 1}, {""name"": ""ground turmeric"", ""label"": ""Ground turmeric (0.5tsp)"", ""in_box"": 1}, {""name"": ""Cornish clotted cream"", ""label"": ""Cornish clotted cream (40g)"", ""in_box"": 1}, {""name"": ""diced chicken breast"", ""label"": ""Diced chicken breast (250g)"", ""in_box"": 1}, {""name"": ""garam masala"", ""label"": ""Garam masala (1tsp)"", ""in_box"": 1}, {""name"": ""brown onion"", ""label"": ""Brown onion"", ""in_box"": 1}, {""name"": ""ginger & garlic paste"", ""label"": ""Ginger & garlic paste (15g)"", ""in_box"": 1}, {""name"": ""sultanas"", ""label"": ""Sultanas (30g)"", ""in_box"": 1}, {""name"": ""fine green beans"", ""label"": ""Fine green beans (80g)"", ""in_box"": 1}, {""name"": ""ground almonds"", ""label"": ""Ground almonds (25g)"", ""in_box"": 1}, {""name"": ""cardamom pod"", ""label"": ""Cardamom pod x2"", ""in_box"": 2}]"
2026-09-08,2026-09-02,1c09b989-fb4a-4041-a71f-655c002c48de,9091,Creamy Chicken Thigh & Mushroom Hot Pot With Kale,False,0.0,528,484,31.9,18.9,7.3,50.0,9.7,8.8,1.5,91,6.0,3.6,1.4,9.5,1.8,1.7,0.28,2,45,full-prep,no spice,Calorie Controlled,Gluten Free,4.38,244,True,"[{""name"": ""intense chicken stock mix"", ""label"": ""Intense chicken stock mix (5.5g)"", ""in_box"": 1}, {""name"": ""dried oregano"", ""label"": ""Dried oregano (1tsp)"", ""in_box"": 1}, {""name"": ""diced chicken thigh"", ""label"": ""Diced chicken thigh (250g)"", ""in_box"": 1}, {""name"": ""garlic clove"", ""label"": ""Garlic clove x2"", ""in_box"": 2}, {""name"": ""brown onion"", ""label"": ""Brown onion"", ""in_box"": 1}, {""name"": ""soft cheese"", ""label"": ""Soft cheese (50g)"", ""in_box"": 1}, {""name"": ""carrot"", ""label"": ""Carrot"", ""in_box"": 1}, {""name"": ""baby button mushrooms"", ""label"": ""Baby button mushrooms (80g)"", ""in_box"": 1}, {""name"": ""shredded kale"", ""label"": ""Shredded kale (80g)"", ""in_box"": 1}, {""name"": ""white potato"", ""label"": ""White potato x4"", ""in_box"": 4}]"
2026-09-08,2026-09-02,bd699ab9-9c01-4ae6-81a6-236b64af0ba5,11064,Creamy Chorizo & Butternut Squash Farfalle,False,0.0,,715,25.2,31.7,,87.7,,5.0,2.56,,,,,,,,,1,25,full-prep,mild,20 minute meals,,4.45,1271,True,
2026-09-08,2026-09-02,fa551113-3433-40b5-929a-5524ac198cde,2253,Creamy Coronation Chickpea Salad,False,0.0,559,423,14.1,12.3,4.9,62.7,22.7,12.5,0.79,75,2.5,2.2,0.9,11.2,4.1,2.2,0.14,3,25,full-prep,spicy,20 minute meals,Vegan; Vegetarian; Dairy Free; Gluten Free,4.24,4609,True,"[{""name"": ""cultured coconut"", ""label"": ""Cultured coconut (80g)"", ""in_box"": 1}, {""name"": ""mango chutney"", ""label"": ""Mango chutney (20g)"", ""in_box"": 1}, {""name"": ""waxy potatoes"", ""label"": ""Waxy potatoes (350g)"", ""in_box"": 1}, {""name"": ""red chilli"", ""label"": ""Red chilli"", ""in_box"": 1}, {""name"": ""curry powder"", ""label"": ""Curry powder (1tbsp)"", ""in_box"": 1}, {""name"": ""chickpeas"", ""label"": ""Chickpeas (390g)"", ""in_box"": 1}, {""name"": ""cucumber"", ""label"": ""Cucumber (0.5pcs)"", ""in_box"": 1}, {""name"": ""coriander"", ""label"": ""Coriander (5g)"", ""in_box"": 1}, {""name"": ""sultanas"", ""label"": ""Sultanas (30g)"", ""in_box"": 1}, {""name"": ""gem lettuce"", ""label"": ""Gem lettuce"", ""in_box"": 1}, {""name"": ""lime"", ""label"": ""Lime"", ""in_box"": 1}, {""name"": ""flaked almonds"", ""label"": ""Flaked almonds (15g)"", ""in_box"": 1}]"
2026-09-08,2026-09-02,e57bc177-fd9a-4dbf-940d-1b993a50f19f,17608,Creamy Garlic Mushroom Fusilli,True,0.75,412,449,20.2,14.4,6.6,55.6,3.7,6.6,2.43,109,4.9,3.5,1.6,13.5,0.9,1.6,0.59,2,7,heat-only,mild,Heat & Eat,Vegetarian,0,0,True,"[{""name"": ""creamy mushroom fusilli"", ""label"": ""Creamy mushroom fusilli (420g) x2"", ""in_box"": 2}]"
2026-09-08,2026-09-02,43bc58e4-60e4-4920-b59f-57165e25725f,6334,Creamy Harissa Basa Risotto With Crumbled Feta,False,0.0,347,566,31.9,15.6,8.0,71.8,8.0,6.7,2.25,162,9.2,4.5,2.3,20.7,2.3,1.9,0.65,2,40,full-prep,spicy,Global Kitchen,Gluten Free,4.36,1954,True,"[{""name"": ""harissa paste"", ""label"": ""Harissa paste (40g)"", ""in_box"": 1}, {""name"": ""ground sumac"", ""label"": ""Ground sumac (1tsp)"", ""in_box"": 1}, {""name"": ""basa fillets"", ""label"": ""Basa fillets (2pcs)"", ""in_box"": 1}, {""name"": ""tomato paste"", ""label"": ""Tomato paste (32g)"", ""in_box"": 1}, {""name"": ""intense vegetable stock mix"", ""label"": ""Intense vegetable stock mix (5.5g)"", ""in_box"": 1}, {""name"": ""baharat"", ""label"": ""Baharat (1tbsp)"", ""in_box"": 1}, {""name"": ""garlic clove"", ""label"": ""Garlic clove"", ""in_box"": 1}, {""name"": ""brown onion"", ""label"": ""Brown onion"", ""in_box"": 1}, {""name"": ""arborio rice"", ""label"": ""Arborio rice (160g)"", ""in_box"": 1}, {""name"": ""feta"", ""label"": ""Feta (30g)"", ""in_box"": 1}, {""name"": ""soft cheese"", ""label"": ""Soft cheese (50g)"", ""in_box"": 1}, {""name"": ""spinach"", ""label"": ""Spinach (80g)"", ""in_box"": 1}]"
2026-09-08,2026-09-02,45257f21-ab66-4dca-ba66-8353b4069109,16647,Creamy Jumbo King Prawn Pasanda With Naan And Rice,True,0.63,384,685,31.1,26.8,10.5,79.9,12.2,9.2,2.98,178,8.1,7.0,2.7,20.8,3.2,2.4,0.78,1,40,full-prep,mild,Takeaway Night,,0,0,True,"[{""name"": ""tomato"", ""label"": ""Tomato"", ""in_box"": 1}, {""name"": ""mini garlic & coriander naans"", ""label"": ""Mini garlic & coriander naans (2pcs)"", ""in_box"": 1}, {""name"": ""solid creamed coconut"", ""label"": ""Solid creamed coconut (25g)"", ""in_box"": 1}, {""name"": ""ground turmeric"", ""label"": ""Ground turmeric (0.5tsp)"", ""in_box"": 1}, {""name"": ""jumbo king prawns"", ""label"": ""Jumbo king prawns (212g)"", ""in_box"": 1}, {""name"": ""intense vegetable stock mix"", ""label"": ""Intense vegetable stock mix (5.5g)"", ""in_box"": 1}, {""name"": ""garlic clove"", ""label"": ""Garlic clove x2"", ""in_box"": 2}, {""name"": ""garam masala"", ""label"": ""Garam masala (1tbsp)"", ""in_box"": 1}, {""name"": ""brown onion"", ""label"": ""Brown onion"", ""in_box"": 1}, {""name"": ""natural yoghurt"", ""label"": ""Natural yoghurt (80g)"", ""in_box"": 1}, {""name"": ""ginger paste"", ""label"": ""Ginger paste (15g)"", ""in_box"": 1}, {""name"": ""ground almonds"", ""label"": ""Ground almonds (25g)"", ""in_box"": 1}, {""name"": ""flaked almonds"", ""label"": ""Flaked almonds (15g)"", ""in_box"": 1}, {""name"": ""brown long grain rice"", ""label"": ""Brown long grain rice (100g)"", ""in_box"": 1}]"
2026-09-08,2026-09-02,a2ca4894-3614-44d6-99ed-04d272bf0db0,6744,Creamy Lemon & Asparagus Sauce With Fresh Tagliatelle,False,0.0,311,526,20.2,13.9,8.7,79.5,5.2,5.0,1.57,168,6.5,4.5,2.8,25.6,1.7,1.6,0.51,1,10,full-prep,no spice,Pasta Pronto,Vegetarian,4.21,6231,True,"[{""name"": ""crème fraîche"", ""label"": ""Cr√®me fra√Æche (80g)"", ""in_box"": 1}, {""name"": ""grated Italian hard cheese"", ""label"": ""Grated Italian hard cheese (30g)"", ""in_box"": 1}, {""name"": ""asparagus spears"", ""label"": ""Asparagus spears (120g)"", ""in_box"": 1}, {""name"": ""fresh tagliatelle"", ""label"": ""Fresh tagliatelle (250g)"", ""in_box"": 1}, {""name"": ""intense vegetable stock mix"", ""label"": ""Intense vegetable stock mix (5.5g)"", ""in_box"": 1}, {""name"": ""garlic clove"", ""label"": ""Garlic clove x2"", ""in_box"": 2}, {""name"": ""lemon"", ""label"": ""Lemon"", ""in_box"": 1}, {""name"": ""basil"", ""label"": ""Basil (5g)"", ""in_box"": 1}, {""name"": ""rocket"", ""label"": ""Rocket (20g)"", ""in_box"": 1}]"
2026-09-08,2026-09-02,5df1a4ac-337d-420a-8ec8-e0fafdde3227,4942,Creamy Mustard Chicken Breast With Spinach Crushed Potatoes,False,0.0,461,358,34.8,11.4,5.2,30.9,4.0,4.8,1.86,77,7.5,2.5,1.1,6.7,0.9,1.0,0.4,2,10,full-prep,no spice,10-Minute,Gluten Free,4.35,5665,True,"[{""name"": ""intense chicken stock mix"", ""label"": ""Intense chicken stock mix (5.5g)"", ""in_box"": 1}, {""name"": ""chicken breast strips"", ""label"": ""Chicken breast strips (250g)"", ""in_box"": 1}, {""name"": ""waxy potatoes"", ""label"": ""Waxy potatoes (350g)"", ""in_box"": 1}, {""name"": ""garlic clove"", ""label"": ""Garlic clove"", ""in_box"": 1}, {""name"": ""soft cheese"", ""label"": ""Soft cheese (50g)"", ""in_box"": 1}, {""name"": ""wholegrain mustard"", ""label"": ""Wholegrain mustard (21g)"", ""in_box"": 1}, {""name"": ""white cup mushrooms"", ""label"": ""White cup mushrooms (160g)"", ""in_box"": 1}, {""name"": ""spinach"", ""label"": ""Spinach (80g)"", ""in_box"": 1}]"
2026-09-08,2026-09-02,2f751016-7c8a-4fb7-8746-9285037c6ab3,7997,Creamy Pesto Orzo With Cheesy Crunchy Cauliflower,False,0.0,293,585,22.8,25.0,9.3,66.4,7.0,4.9,2.54,199,7.8,8.5,3.2,22.7,2.4,1.7,0.87,2,25,full-prep,no spice,Modern Bistro,Vegetarian,4.28,2062,True,"[{""name"": ""grated Italian hard cheese"", ""label"": ""Grated Italian hard cheese (30g)"", ""in_box"": 1}, {""name"": ""panko breadcrumbs"", ""label"": ""Panko breadcrumbs (20g)"", ""in_box"": 1}, {""name"": ""intense vegetable stock mix"", ""label"": ""Intense vegetable stock mix (5.5g)"", ""in_box"": 1}, {""name"": ""basil"", ""label"": ""Basil (5g)"", ""in_box"": 1}, {""name"": ""soft cheese"", ""label"": ""Soft cheese (50g)"", ""in_box"": 1}, {""name"": ""traditional Italian pesto"", ""label"": ""Traditional Italian pesto (45g)"", ""in_box"": 1}, {""name"": ""spinach"", ""label"": ""Spinach (80g)"", ""in_box"": 1}, {""name"": ""cauliflower"", ""label"": ""Cauliflower"", ""in_box"": 1}, {""name"": ""orzo"", ""label"": ""Orzo (150g)"", ""in_box"": 1}]"
2026-09-08,2026-09-02,6620aeb0-3c96-4151-af2c-8a1f3d843e18,4363,Creamy Sausage & Mushroom Linguine ,False,0.0,367,780,35.3,36.8,16.3,75.5,5.8,4.1,2.19,212,9.6,10.0,4.4,20.5,1.6,1.1,0.59,1,25,full-prep,no spice,20 minute meals,,4.39,3240,True,"[{""name"": ""grated Italian hard cheese"", ""label"": ""Grated Italian hard cheese (30g)"", ""in_box"": 1}, {""name"": ""chicken stock mix"", ""label"": ""Chicken stock mix (5.5g)"", ""in_box"": 1}, {""name"": ""linguine"", ""label"": ""Linguine (190g)"", ""in_box"": 1}, {""name"": ""Proper Porker sausages"", ""label"": ""Proper Porker sausages (4pcs)"", ""in_box"": 1}, {""name"": ""garlic clove"", ""label"": ""Garlic clove"", ""in_box"": 1}, {""name"": ""baby leaf salad"", ""label"": ""Baby leaf salad (50g)"", ""in_box"": 1}, {""name"": ""soft cheese"", ""label"": ""Soft cheese (50g)"", ""in_box"": 1}, {""name"": ""white cup mushrooms"", ""label"": ""White cup mushrooms (160g)"", ""in_box"": 1}, {""name"": ""white wine vinegar"", ""label"": ""White wine vinegar (15ml)"", ""in_box"": 1}]"
2026-09-08,2026-09-02,128f80bf-d5fa-43b5-96e8-cf6e5a767dd7,7649,Creamy Stroganoff-Style Pork & Mushroom Tortiglioni,False,0.0,349,494,41.1,11.6,5.5,60.8,3.3,4.7,1.39,141,11.8,3.3,1.6,17.4,0.9,1.3,0.4,2,20,full-prep,no spice,Protein Hit,,4.18,4117,True,"[{""name"": ""intense chicken stock mix"", ""label"": ""Intense chicken stock mix (5.5g)"", ""in_box"": 1}, {""name"": ""pork strips"", ""label"": ""Pork strips (250g)"", ""in_box"": 1}, {""name"": ""ground smoked paprika"", ""label"": ""Ground smoked paprika (1tsp)"", ""in_box"": 1}, {""name"": ""soft cheese"", ""label"": ""Soft cheese (50g)"", ""in_box"": 1}, {""name"": ""white cup mushrooms"", ""label"": ""White cup mushrooms (160g)"", ""in_box"": 1}, {""name"": ""spinach"", ""label"": ""Spinach (80g)"", ""in_box"": 1}, {""name"": ""tortiglioni"", ""label"": ""Tortiglioni (150g)"", ""in_box"": 1}]"
2026-09-08,2026-09-02,083c4860-595d-4828-96f3-c1f54f76a05a,13132,Creamy Tuna Pasta Bake,False,0.0,288,598,38.5,10.3,5.4,91.1,5.1,3.9,1.69,207,13.3,3.6,1.9,31.6,1.8,1.3,0.59,1,30,full-prep,no spice,Modern Bistro,,4.15,958,True,"[{""name"": ""cheddar cheese"", ""label"": ""Cheddar cheese (40g)"", ""in_box"": 1}, {""name"": ""garden veg mix"", ""label"": ""Garden veg mix (160g)"", ""in_box"": 1}, {""name"": ""panko breadcrumbs"", ""label"": ""Panko breadcrumbs (20g)"", ""in_box"": 1}, {""name"": ""tuna chunks in spring water"", ""label"": ""Tuna chunks in spring water (145g)"", ""in_box"": 1}, {""name"": ""garlic clove"", ""label"": ""Garlic clove"", ""in_box"": 1}, {""name"": ""vegetable stock mix"", ""label"": ""Vegetable stock mix (5.5g)"", ""in_box"": 1}, {""name"": ""farfalle"", ""label"": ""Farfalle (200g)"", ""in_box"": 1}]"
2026-09-08,2026-09-02,7095072f-18f5-45ba-a0d8-afbc11392d4d,2192,Crispy Bacon & Leek Tart With Zingy Potato Salad,False,0.0,402,620,18.2,33.4,15.7,62.7,6.8,6.5,1.89,154,4.5,8.3,3.9,15.6,1.7,1.6,0.47,1,45,full-prep,no spice,Modern Bistro,,4.32,13884,True,"[{""name"": ""leek"", ""label"": ""Leek"", ""in_box"": 1}, {""name"": ""bacon lardons"", ""label"": ""Bacon lardons (100g)"", ""in_box"": 1}, {""name"": ""puff pastry"", ""label"": ""Puff pastry (160g)"", ""in_box"": 1}, {""name"": ""soft cheese"", ""label"": ""Soft cheese (50g)"", ""in_box"": 1}, {""name"": ""rocket"", ""label"": ""Rocket (20g)"", ""in_box"": 1}, {""name"": ""white wine vinegar"", ""label"": ""White wine vinegar (15ml)"", ""in_box"": 1}, {""name"": ""white potato"", ""label"": ""White potato x3"", ""in_box"": 3}]"
2026-09-08,2026-09-02,c184b241-c256-4f8b-ac50-5fb550fada36,10783,Crispy Baked Wholemeal Tacos With Refried Beans,False,0.0,562,562,19.6,9.9,3.6,90.8,27.9,19.8,0.87,100,3.5,1.8,0.6,16.2,5.0,3.5,0.15,4,40,full-prep,mild,Global Kitchen,Vegan; Vegetarian; Dairy Free,3.5,104,True,"[{""name"": ""black beans"", ""label"": ""Black beans (380g)"", ""in_box"": 1}, {""name"": ""dried chilli flakes"", ""label"": ""Dried chilli flakes (1tsp)"", ""in_box"": 1}, {""name"": ""pineapple slices"", ""label"": ""Pineapple slices (220g)"", ""in_box"": 1}, {""name"": ""spring onion"", ""label"": ""Spring onion"", ""in_box"": 1}, {""name"": ""finely chopped tomatoes"", ""label"": ""Finely chopped tomatoes (200g)"", ""in_box"": 1}, {""name"": ""ground cumin"", ""label"": ""Ground cumin (1tsp)"", ""in_box"": 1}, {""name"": ""ground smoked paprika"", ""label"": ""Ground smoked paprika (2tsp)"", ""in_box"": 1}, {""name"": ""chipotle paste"", ""label"": ""Chipotle paste (20g)"", ""in_box"": 1}, {""name"": ""wholemeal tortillas"", ""label"": ""Wholemeal tortillas (6pcs)"", ""in_box"": 1}, {""name"": ""garlic clove"", ""label"": ""Garlic clove"", ""in_box"": 1}, {""name"": ""coriander"", ""label"": ""Coriander (5g)"", ""in_box"": 1}, {""name"": ""lime"", ""label"": ""Lime"", ""in_box"": 1}, {""name"": ""cherry tomatoes"", ""label"": ""Cherry tomatoes (125g)"", ""in_box"": 1}]"
2026-09-08,2026-09-02,f0639769-7c3c-4eda-8618-43df101da0c5,7682,Crispy Chicken & Warm Kale Caesar Salad,False,0.0,353,405,37.8,19.7,5.1,19.0,4.5,4.0,0.62,114,10.7,5.6,1.4,5.4,1.3,1.1,0.18,2,30,full-prep,no spice,Modern Bistro,,4.22,3262,True,"[{""name"": ""grated Italian hard cheese"", ""label"": ""Grated Italian hard cheese (30g)"", ""in_box"": 1}, {""name"": ""tomato"", ""label"": ""Tomato"", ""in_box"": 1}, {""name"": ""gem lettuce"", ""label"": ""Gem lettuce"", ""in_box"": 1}, {""name"": ""chicken breast portions"", ""label"": ""Chicken breast portions (2pcs)"", ""in_box"": 1}, {""name"": ""mayonnaise"", ""label"": ""Mayonnaise (25ml)"", ""in_box"": 1}, {""name"": ""panko breadcrumbs"", ""label"": ""Panko breadcrumbs (40g)"", ""in_box"": 1}, {""name"": ""fine green beans"", ""label"": ""Fine green beans (80g)"", ""in_box"": 1}, {""name"": ""shredded kale"", ""label"": ""Shredded kale (80g)"", ""in_box"": 1}, {""name"": ""white wine vinegar"", ""label"": ""White wine vinegar (15ml)"", ""in_box"": 1}, {""name"": ""Dijon mustard"", ""label"": ""Dijon mustard (5.5g)"", ""in_box"": 1}]"
2026-09-08,2026-09-02,6ae317e6-2404-4f2a-b1f7-3b1cc132c04f,7369,Curried Basa W. Saag Aloo-Style Potatoes & Mango Yoghurt,False,0.0,444,429,32.5,10.7,2.1,52.5,16.5,10.0,0.94,96,7.3,2.4,0.5,11.8,3.7,2.3,0.21,2,20,full-prep,spicy,Protein Hit,Gluten Free,4.33,1848,True,"[{""name"": ""mango chutney"", ""label"": ""Mango chutney (20g)"", ""in_box"": 1}, {""name"": ""ground turmeric"", ""label"": ""Ground turmeric (0.5tsp)"", ""in_box"": 1}, {""name"": ""basa fillets"", ""label"": ""Basa fillets (2pcs)"", ""in_box"": 1}, {""name"": ""curry powder"", ""label"": ""Curry powder (1tbsp)"", ""in_box"": 1}, {""name"": ""natural yoghurt"", ""label"": ""Natural yoghurt (80g)"", ""in_box"": 1}, {""name"": ""blanched peas"", ""label"": ""Blanched peas (160g)"", ""in_box"": 1}, {""name"": ""black mustard seeds"", ""label"": ""Black mustard seeds (1tsp)"", ""in_box"": 1}, {""name"": ""ginger & garlic paste"", ""label"": ""Ginger & garlic paste (15g)"", ""in_box"": 1}, {""name"": ""black sesame seeds"", ""label"": ""Black sesame seeds (5g)"", ""in_box"": 1}, {""name"": ""spinach"", ""label"": ""Spinach (80g)"", ""in_box"": 1}, {""name"": ""flaked almonds"", ""label"": ""Flaked almonds (15g)"", ""in_box"": 1}, {""name"": ""white potato"", ""label"": ""White potato x3"", ""in_box"": 3}]"
2026-09-08,2026-09-02,e56b0658-ebda-4451-ab26-76762832e2fa,5111,"Curried Basa, Sultana Rice & Indian-Style Carrot Slaw",False,0.0,412,457,27.3,4.3,1.1,81.3,21.9,7.1,1.9,111,6.6,1.0,0.3,19.7,5.3,1.7,0.46,2,35,full-prep,spicy,Global Kitchen,Dairy Free; Gluten Free,4.42,380,True,"[{""name"": ""white basmati rice"", ""label"": ""White basmati rice (130g)"", ""in_box"": 1}, {""name"": ""ground turmeric"", ""label"": ""Ground turmeric (1tsp)"", ""in_box"": 1}, {""name"": ""spring onion"", ""label"": ""Spring onion"", ""in_box"": 1}, {""name"": ""basa fillets"", ""label"": ""Basa fillets (2pcs)"", ""in_box"": 1}, {""name"": ""intense vegetable stock mix"", ""label"": ""Intense vegetable stock mix (5.5g)"", ""in_box"": 1}, {""name"": ""curry powder"", ""label"": ""Curry powder (1tbsp)"", ""in_box"": 1}, {""name"": ""lemon"", ""label"": ""Lemon"", ""in_box"": 1}, {""name"": ""sultanas"", ""label"": ""Sultanas (30g)"", ""in_box"": 1}, {""name"": ""carrot"", ""label"": ""Carrot x2"", ""in_box"": 2}, {""name"": ""black sesame seeds"", ""label"": ""Black sesame seeds (5g)"", ""in_box"": 1}, {""name"": ""cardamom pod"", ""label"": ""Cardamom pod x3"", ""in_box"": 3}, {""name"": ""coriander & mint"", ""label"": ""Coriander & mint (10g)"", ""in_box"": 1}, {""name"": ""cherry tomatoes"", ""label"": ""Cherry tomatoes (125g)"", ""in_box"": 1}]"
2026-09-08,2026-09-02,912fab0b-4984-46d0-a8f9-f978463f28c1,5239,Curried Lentil & Chicken Soup With Garlic Roti,False,0.0,465,709,51.3,13.2,2.1,95.4,13.9,20.1,2.11,152,11.0,2.8,0.5,20.5,3.0,4.3,0.45,3,40,full-prep,mild,Fibre Fix,Dairy Free,4.43,2220,True,"[{""name"": ""roti"", ""label"": ""Roti (4pcs)"", ""in_box"": 1}, {""name"": ""intense chicken stock mix"", ""label"": ""Intense chicken stock mix (5.5g)"", ""in_box"": 1}, {""name"": ""chicken breast strips"", ""label"": ""Chicken breast strips (250g)"", ""in_box"": 1}, {""name"": ""red lentils"", ""label"": ""Red lentils (100g)"", ""in_box"": 1}, {""name"": ""tomato paste"", ""label"": ""Tomato paste (32g)"", ""in_box"": 1}, {""name"": ""curry powder"", ""label"": ""Curry powder (1tbsp)"", ""in_box"": 1}, {""name"": ""garlic clove"", ""label"": ""Garlic clove x3"", ""in_box"": 3}, {""name"": ""brown onion"", ""label"": ""Brown onion"", ""in_box"": 1}, {""name"": ""carrot"", ""label"": ""Carrot x2"", ""in_box"": 2}]"
2026-09-08,2026-09-02,ee6aa6e0-429b-458a-b2ed-035167941c37,6370,Dal Makhani & Sweet Potato Bake With Broccoli,False,0.0,485,450,15.9,12.1,8.6,70.4,19.3,19.5,1.76,92,3.3,2.5,1.8,14.5,4.0,4.0,0.36,4,45,full-prep,mild,Veg Boost,Vegan; Vegetarian; Dairy Free; Gluten Free,4.21,2726,True,"[{""name"": ""solid creamed coconut"", ""label"": ""Solid creamed coconut (25g)"", ""in_box"": 1}, {""name"": ""dried chilli flakes"", ""label"": ""Dried chilli flakes (0.5tsp)"", ""in_box"": 1}, {""name"": ""ground turmeric"", ""label"": ""Ground turmeric (0.5tsp)"", ""in_box"": 1}, {""name"": ""cumin seeds"", ""label"": ""Cumin seeds (1tsp) x2"", ""in_box"": 2}, {""name"": ""ground smoked paprika"", ""label"": ""Ground smoked paprika (1tsp)"", ""in_box"": 1}, {""name"": ""intense vegetable stock mix"", ""label"": ""Intense vegetable stock mix (5.5g)"", ""in_box"": 1}, {""name"": ""garlic clove"", ""label"": ""Garlic clove x2"", ""in_box"": 2}, {""name"": ""fresh root ginger"", ""label"": ""Fresh root ginger (15g)"", ""in_box"": 1}, {""name"": ""garam masala"", ""label"": ""Garam masala (1tbsp)"", ""in_box"": 1}, {""name"": ""brown onion"", ""label"": ""Brown onion"", ""in_box"": 1}, {""name"": ""tomato paste"", ""label"": ""Tomato paste (16g)"", ""in_box"": 1}, {""name"": ""Tenderstem broccoli"", ""label"": ""Tenderstem broccoli (160g)"", ""in_box"": 1}, {""name"": ""green lentils"", ""label"": ""Green lentils (185g) x2"", ""in_box"": 2}, {""name"": ""sweet potato"", ""label"": ""Sweet potato x2"", ""in_box"": 2}]"
2026-09-08,2026-09-02,0c0aaf8d-4104-4a4b-bce1-455d04816ee6,12291,Double Chicken With Sun-Dried Tomato Sauce And Crispy Potatoes,True,1.5,594,556,62.3,14.3,6.1,46.5,6.6,9.0,0.73,93,10.5,2.4,1.0,7.8,1.1,1.5,0.12,2,40,full-prep,no spice,Modern Bistro,Gluten Free,0,0,True,"[{""name"": ""spring onion"", ""label"": ""Spring onion"", ""in_box"": 1}, {""name"": ""chicken breast portions"", ""label"": ""Chicken breast portions (2pcs) x2"", ""in_box"": 2}, {""name"": ""sun-dried tomatoes"", ""label"": ""Sun-dried tomatoes (30g)"", ""in_box"": 1}, {""name"": ""garlic clove"", ""label"": ""Garlic clove x3"", ""in_box"": 3}, {""name"": ""soft cheese"", ""label"": ""Soft cheese (50g)"", ""in_box"": 1}, {""name"": ""tomato paste"", ""label"": ""Tomato paste (16g)"", ""in_box"": 1}, {""name"": ""rosemary"", ""label"": ""Rosemary (5g)"", ""in_box"": 1}, {""name"": ""fine green beans"", ""label"": ""Fine green beans (160g)"", ""in_box"": 1}, {""name"": ""white potato"", ""label"": ""White potato x4"", ""in_box"": 4}]"
2026-09-08,2026-09-02,bb2231a1-74bf-4dad-a76c-a48f060213ac,7201,Extra Easy Margherita Pizza With Chilli Oil And Cucumber Salad,False,0.0,384,682,29.9,14.6,7.9,109.1,19.5,7.0,1.77,177,7.8,3.8,2.1,28.4,5.1,1.8,0.46,3,30,full-prep,spicy,Family Kitchen,Vegetarian,4.34,7970,True,"[{""name"": ""dried oregano"", ""label"": ""Dried oregano (1tsp)"", ""in_box"": 1}, {""name"": ""Wildfarmed pizza bases"", ""label"": ""Wildfarmed pizza bases (2pcs)"", ""in_box"": 1}, {""name"": ""dried chilli flakes"", ""label"": ""Dried chilli flakes (0.5tsp)"", ""in_box"": 1}, {""name"": ""tomato paste"", ""label"": ""Tomato paste (32g) x2"", ""in_box"": 2}, {""name"": ""garlic clove"", ""label"": ""Garlic clove"", ""in_box"": 1}, {""name"": ""basil"", ""label"": ""Basil (5g)"", ""in_box"": 1}, {""name"": ""mozzarella"", ""label"": ""Mozzarella (125g)"", ""in_box"": 1}, {""name"": ""cucumber"", ""label"": ""Cucumber (0.5pcs)"", ""in_box"": 1}, {""name"": ""rocket"", ""label"": ""Rocket (20g)"", ""in_box"": 1}, {""name"": ""balsamic vinegar"", ""label"": ""Balsamic vinegar (15ml)"", ""in_box"": 1}]"
2026-09-08,2026-09-02,7ec944ab-2731-48f5-81f1-1713fb7c32eb,9268,Fijian-Style Lime & Coconut Pollock Curry With Rice,False,0.0,398,397,23.3,6.4,4.2,65.5,5.2,2.7,1.94,99,5.9,1.6,1.1,16.5,1.3,0.7,0.49,2,25,full-prep,mild,20 minute meals,Dairy Free; Gluten Free,4.22,2640,True,"[{""name"": ""tomato"", ""label"": ""Tomato x2"", ""in_box"": 2}, {""name"": ""cultured coconut"", ""label"": ""Cultured coconut (80g)"", ""in_box"": 1}, {""name"": ""white long grain rice"", ""label"": ""White long grain rice (130g)"", ""in_box"": 1}, {""name"": ""ground turmeric"", ""label"": ""Ground turmeric (0.5tsp)"", ""in_box"": 1}, {""name"": ""diced pollock"", ""label"": ""Diced pollock (200g)"", ""in_box"": 1}, {""name"": ""intense vegetable stock mix"", ""label"": ""Intense vegetable stock mix (5.5g)"", ""in_box"": 1}, {""name"": ""curry powder"", ""label"": ""Curry powder (0.5tbsp)"", ""in_box"": 1}, {""name"": ""ginger paste"", ""label"": ""Ginger paste (15g)"", ""in_box"": 1}, {""name"": ""spinach"", ""label"": ""Spinach (80g)"", ""in_box"": 1}, {""name"": ""lime"", ""label"": ""Lime"", ""in_box"": 1}]"
2026-09-08,2026-09-02,6f71820e-3c51-4524-82ae-3a49e4404703,1542,Flat White Mushroom Rogan Josh,False,0.0,366,372,9.7,5.8,0.6,75.1,14.7,6.2,1.62,101,2.6,1.6,0.2,20.5,4.0,1.7,0.44,4,40,full-prep,mild,Global Kitchen,Vegan; Vegetarian; Dairy Free; Gluten Free,4.16,4151,True,"[{""name"": ""tomato"", ""label"": ""Tomato x2"", ""in_box"": 2}, {""name"": ""white long grain rice"", ""label"": ""White long grain rice (130g)"", ""in_box"": 1}, {""name"": ""mango chutney"", ""label"": ""Mango chutney (20g)"", ""in_box"": 1}, {""name"": ""ground turmeric"", ""label"": ""Ground turmeric (0.5tsp)"", ""in_box"": 1}, {""name"": ""red chilli"", ""label"": ""Red chilli"", ""in_box"": 1}, {""name"": ""ground coriander"", ""label"": ""Ground coriander (2tsp)"", ""in_box"": 1}, {""name"": ""tomato paste"", ""label"": ""Tomato paste (32g)"", ""in_box"": 1}, {""name"": ""ground cumin"", ""label"": ""Ground cumin (1tsp)"", ""in_box"": 1}, {""name"": ""intense vegetable stock mix"", ""label"": ""Intense vegetable stock mix (5.5g)"", ""in_box"": 1}, {""name"": ""flat white mushrooms"", ""label"": ""Flat white mushrooms (150g)"", ""in_box"": 1}, {""name"": ""coriander"", ""label"": ""Coriander (10g)"", ""in_box"": 1}, {""name"": ""brown onion"", ""label"": ""Brown onion"", ""in_box"": 1}, {""name"": ""baby button mushrooms"", ""label"": ""Baby button mushrooms (80g)"", ""in_box"": 1}, {""name"": ""flaked almonds"", ""label"": ""Flaked almonds (15g)"", ""in_box"": 1}]"
2026-09-08,2026-09-02,af8e70d4-d164-45fd-991a-24aea2d2de04,980,Fragrant Chicken Saag Masala With Pilau Rice,False,0.0,322,434,35.9,5.1,1.3,64.8,5.2,4.8,1.33,134,11.2,1.6,0.4,20.1,1.6,1.5,0.41,3,45,full-prep,spicy,Global Kitchen,Gluten Free; Dairy Free,4.25,33743,True,"[{""name"": ""intense chicken stock mix"", ""label"": ""Intense chicken stock mix (5.5g)"", ""in_box"": 1}, {""name"": ""white long grain rice"", ""label"": ""White long grain rice (130g)"", ""in_box"": 1}, {""name"": ""chicken breast strips"", ""label"": ""Chicken breast strips (250g)"", ""in_box"": 1}, {""name"": ""dried chilli flakes"", ""label"": ""Dried chilli flakes (1tsp)"", ""in_box"": 1}, {""name"": ""tomato paste"", ""label"": ""Tomato paste (32g)"", ""in_box"": 1}, {""name"": ""garlic clove"", ""label"": ""Garlic clove x2"", ""in_box"": 2}, {""name"": ""garam masala"", ""label"": ""Garam masala (1tbsp)"", ""in_box"": 1}, {""name"": ""brown onion"", ""label"": ""Brown onion"", ""in_box"": 1}, {""name"": ""coriander"", ""label"": ""Coriander (5g)"", ""in_box"": 1}, {""name"": ""cardamom pod"", ""label"": ""Cardamom pod x3"", ""in_box"": 3}, {""name"": ""spinach"", ""label"": ""Spinach (120g)"", ""in_box"": 1}]"
2026-09-08,2026-09-02,4c704349-e579-4d39-bd0a-8c541b58fbb3,11255,Fragrant Pollock Korma With Mixed Veg Brown Rice,False,0.0,352,512,25.8,18.9,9.3,53.9,5.2,8.4,1.3,145,7.3,5.4,2.6,15.3,1.5,2.4,0.37,1,10,full-prep,mild,10-Minute,Dairy Free; Gluten Free,3.82,11,True,"[{""name"": ""solid creamed coconut"", ""label"": ""Solid creamed coconut (25g)"", ""in_box"": 1}, {""name"": ""diced pollock"", ""label"": ""Diced pollock (200g)"", ""in_box"": 1}, {""name"": ""garden veg mix"", ""label"": ""Garden veg mix (160g)"", ""in_box"": 1}, {""name"": ""curry powder"", ""label"": ""Curry powder (0.5tbsp)"", ""in_box"": 1}, {""name"": ""cooked brown long grain rice"", ""label"": ""Cooked brown long grain rice (280g)"", ""in_box"": 1}, {""name"": ""vegetable stock mix"", ""label"": ""Vegetable stock mix (5.5g)"", ""in_box"": 1}, {""name"": ""ginger & garlic paste"", ""label"": ""Ginger & garlic paste (15g)"", ""in_box"": 1}, {""name"": ""flaked almonds"", ""label"": ""Flaked almonds (15g)"", ""in_box"": 1}]"
2026-09-08,2026-09-02,fc8dceac-2860-4678-b820-517079c1e932,4937,Garlic King Prawn And Potato Salad With Zingy Chipotle Mayo,False,0.0,502,382,18.9,12.6,1.3,51.0,15.1,9.8,1.04,76,3.8,2.5,0.3,10.2,3.0,2.0,0.21,2,35,full-prep,mild,Global Kitchen,Dairy Free; Gluten Free,4.45,5979,True,"[{""name"": ""dried oregano"", ""label"": ""Dried oregano (1tsp)"", ""in_box"": 1}, {""name"": ""raw peeled king prawns"", ""label"": ""Raw peeled king prawns (171g)"", ""in_box"": 1}, {""name"": ""ground cumin"", ""label"": ""Ground cumin (1tsp)"", ""in_box"": 1}, {""name"": ""Sweetcorn"", ""label"": ""Sweetcorn (150g)"", ""in_box"": 1}, {""name"": ""mayonnaise"", ""label"": ""Mayonnaise (25ml)"", ""in_box"": 1}, {""name"": ""chipotle paste"", ""label"": ""Chipotle paste (20g)"", ""in_box"": 1}, {""name"": ""garlic clove"", ""label"": ""Garlic clove"", ""in_box"": 1}, {""name"": ""baby leaf salad"", ""label"": ""Baby leaf salad (50g)"", ""in_box"": 1}, {""name"": ""carrot"", ""label"": ""Carrot"", ""in_box"": 1}, {""name"": ""lime"", ""label"": ""Lime"", ""in_box"": 1}, {""name"": ""red onion"", ""label"": ""Red onion"", ""in_box"": 1}, {""name"": ""white potato"", ""label"": ""White potato x3"", ""in_box"": 3}]"
2026-09-08,2026-09-02,3de66648-80c4-44d6-a3d4-e297a5d69177,12814,Goan-Style Pork Balchão Curry With Brown Rice,False,0.0,394,713,37.0,34.8,12.3,66.6,11.2,6.5,0.36,180,9.4,8.8,3.1,16.9,2.8,1.6,0.09,3,35,full-prep,spicy,Global Kitchen,Dairy Free; Gluten Free,0,0,True,"[{""name"": ""brown long grain rice"", ""label"": ""Brown long grain rice (130g)"", ""in_box"": 1}, {""name"": ""pork loin steaks"", ""label"": ""Pork loin steaks (300g)"", ""in_box"": 1}, {""name"": ""dried chilli flakes"", ""label"": ""Dried chilli flakes (0.5tsp)"", ""in_box"": 1}, {""name"": ""cayenne pepper"", ""label"": ""Cayenne pepper (0.5tsp)"", ""in_box"": 1}, {""name"": ""ground coriander"", ""label"": ""Ground coriander (1tsp)"", ""in_box"": 1}, {""name"": ""tomato paste"", ""label"": ""Tomato paste (32g)"", ""in_box"": 1}, {""name"": ""ground cumin"", ""label"": ""Ground cumin (1tsp)"", ""in_box"": 1}, {""name"": ""cider vinegar"", ""label"": ""Cider vinegar (30ml)"", ""in_box"": 1}, {""name"": ""garlic clove"", ""label"": ""Garlic clove x3"", ""in_box"": 3}, {""name"": ""fresh root ginger"", ""label"": ""Fresh root ginger (15g)"", ""in_box"": 1}, {""name"": ""spinach"", ""label"": ""Spinach (80g)"", ""in_box"": 1}, {""name"": ""red onion"", ""label"": ""Red onion x2"", ""in_box"": 2}, {""name"": ""tamarind paste"", ""label"": ""Tamarind paste (15g)"", ""in_box"": 1}]"
2026-09-08,2026-09-02,da9e13b3-00da-4664-a910-80838a67b00c,6858,Goan-Style Spicy Vindaloo Pork With Curried Potatoes & Greens,False,0.0,460,613,36.2,34.4,12.3,41.6,8.8,8.4,1.59,133,7.9,7.5,2.7,9.0,1.9,1.8,0.34,2,45,full-prep,spicy,Global Kitchen,Dairy Free; Gluten Free,4.16,784,True,"[{""name"": ""intense chicken stock mix"", ""label"": ""Intense chicken stock mix (5.5g)"", ""in_box"": 1}, {""name"": ""pork loin steaks"", ""label"": ""Pork loin steaks (300g)"", ""in_box"": 1}, {""name"": ""dried chilli flakes"", ""label"": ""Dried chilli flakes (1tsp)"", ""in_box"": 1}, {""name"": ""cumin seeds"", ""label"": ""Cumin seeds (1tsp)"", ""in_box"": 1}, {""name"": ""tomato paste"", ""label"": ""Tomato paste (32g)"", ""in_box"": 1}, {""name"": ""curry powder"", ""label"": ""Curry powder (0.5tbsp)"", ""in_box"": 1}, {""name"": ""garlic clove"", ""label"": ""Garlic clove x2"", ""in_box"": 2}, {""name"": ""fresh root ginger"", ""label"": ""Fresh root ginger (15g)"", ""in_box"": 1}, {""name"": ""brown onion"", ""label"": ""Brown onion"", ""in_box"": 1}, {""name"": ""spring greens"", ""label"": ""Spring greens (150g)"", ""in_box"": 1}, {""name"": ""cardamom pod"", ""label"": ""Cardamom pod"", ""in_box"": 1}, {""name"": ""red wine vinegar"", ""label"": ""Red wine vinegar (15ml)"", ""in_box"": 1}, {""name"": ""white potato"", ""label"": ""White potato x3"", ""in_box"": 3}]"
2026-09-08,2026-09-02,af046fd6-3051-4a39-b2a9-d6099be4a096,8571,Gochujang Glazed Pork Belly Baos With Kimchi-Style Slaw,True,1.25,557,905,41.6,36.9,11.8,104.5,19.7,11.7,2.43,162,7.5,6.6,2.1,18.8,3.5,2.1,0.44,1,70,full-prep,spicy,Ultimate Fakeaway,Dairy Free,4.2,170,True,"[{""name"": ""kimchi ketchup"", ""label"": ""Kimchi ketchup (40g)"", ""in_box"": 1}, {""name"": ""pork belly"", ""label"": ""Pork belly (300g)"", ""in_box"": 1}, {""name"": ""gochujang paste"", ""label"": ""Gochujang paste (30g)"", ""in_box"": 1}, {""name"": ""spring onion"", ""label"": ""Spring onion"", ""in_box"": 1}, {""name"": ""soy sauce"", ""label"": ""Soy sauce (8ml)"", ""in_box"": 1}, {""name"": ""bao buns"", ""label"": ""Bao buns (6pcs)"", ""in_box"": 1}, {""name"": ""toasted sesame seeds"", ""label"": ""Toasted sesame seeds (5g)"", ""in_box"": 1}, {""name"": ""rice vinegar"", ""label"": ""Rice vinegar (15ml)"", ""in_box"": 1}, {""name"": ""carrot"", ""label"": ""Carrot x2"", ""in_box"": 2}, {""name"": ""white potato"", ""label"": ""White potato x3"", ""in_box"": 3}]"
2026-09-08,2026-09-02,42127a6c-0fbd-489b-9aa5-f10ed14c3bd1,778,Greek-Style Chicken Thigh Tray Bake With Feta,False,0.0,674,585,36.5,31.2,9.8,42.0,12.3,6.7,1.08,86,5.4,4.6,1.4,6.2,1.8,1.0,0.16,3,40,full-prep,no spice,Modern Bistro,Gluten Free,4.14,3562,True,"[{""name"": ""dried oregano"", ""label"": ""Dried oregano (1tsp)"", ""in_box"": 1}, {""name"": ""waxy potatoes"", ""label"": ""Waxy potatoes (350g)"", ""in_box"": 1}, {""name"": ""skin-on chicken thighs"", ""label"": ""Skin-on chicken thighs (320g)"", ""in_box"": 1}, {""name"": ""black olives"", ""label"": ""Black olives (40g)"", ""in_box"": 1}, {""name"": ""garlic clove"", ""label"": ""Garlic clove x3"", ""in_box"": 3}, {""name"": ""courgette"", ""label"": ""Courgette"", ""in_box"": 1}, {""name"": ""lemon"", ""label"": ""Lemon"", ""in_box"": 1}, {""name"": ""feta"", ""label"": ""Feta (30g)"", ""in_box"": 1}, {""name"": ""cherry tomatoes"", ""label"": ""Cherry tomatoes (250g)"", ""in_box"": 1}, {""name"": ""red onion"", ""label"": ""Red onion"", ""in_box"": 1}]"
2026-09-08,2026-09-02,981923a2-717e-48a0-89e8-9e971afb283b,5559,Green Tikka Masala Basa Curry With Almonds And Rice,False,0.0,350,498,29.3,15.1,9.0,64.6,5.7,5.8,1.87,142,8.4,4.3,2.6,18.4,1.6,1.6,0.53,2,30,full-prep,spicy,Takeaway Night,Gluten Free; Dairy Free,4.6,2780,True,"[{""name"": ""tomato"", ""label"": ""Tomato x2"", ""in_box"": 2}, {""name"": ""green chilli"", ""label"": ""Green chilli"", ""in_box"": 1}, {""name"": ""white basmati rice"", ""label"": ""White basmati rice (130g)"", ""in_box"": 1}, {""name"": ""solid creamed coconut"", ""label"": ""Solid creamed coconut (25g)"", ""in_box"": 1}, {""name"": ""basa fillets"", ""label"": ""Basa fillets (2pcs)"", ""in_box"": 1}, {""name"": ""intense vegetable stock mix"", ""label"": ""Intense vegetable stock mix (5.5g)"", ""in_box"": 1}, {""name"": ""curry powder"", ""label"": ""Curry powder (1tbsp)"", ""in_box"": 1}, {""name"": ""garlic clove"", ""label"": ""Garlic clove"", ""in_box"": 1}, {""name"": ""coriander"", ""label"": ""Coriander (10g)"", ""in_box"": 1}, {""name"": ""shallot"", ""label"": ""Shallot"", ""in_box"": 1}, {""name"": ""spinach"", ""label"": ""Spinach (80g)"", ""in_box"": 1}, {""name"": ""flaked almonds"", ""label"": ""Flaked almonds (15g)"", ""in_box"": 1}]"
2026-09-08,2026-09-02,f4d245ed-940c-4bb4-ab8f-6e79a3ec4d7a,14934,Herby Breaded Basa ‘N’ Chips With Lemon Mayo,False,0.0,614,563,29.2,23.3,2.4,62.6,22.2,15.2,0.49,91,4.8,3.8,0.4,10.2,3.6,2.5,0.08,3,30,full-prep,no spice,Everyday Favourites,Dairy Free,0,0,True,"[{""name"": ""basa fillets"", ""label"": ""Basa fillets (2pcs)"", ""in_box"": 1}, {""name"": ""panko breadcrumbs"", ""label"": ""Panko breadcrumbs (20g)"", ""in_box"": 1}, {""name"": ""mayonnaise"", ""label"": ""Mayonnaise (50ml)"", ""in_box"": 1}, {""name"": ""blanched peas"", ""label"": ""Blanched peas (160g)"", ""in_box"": 1}, {""name"": ""lemon"", ""label"": ""Lemon"", ""in_box"": 1}, {""name"": ""carrot"", ""label"": ""Carrot x4"", ""in_box"": 4}, {""name"": ""chives"", ""label"": ""Chives (5g)"", ""in_box"": 1}, {""name"": ""white potato"", ""label"": ""White potato x3"", ""in_box"": 3}]"
2026-09-08,2026-09-02,ca9e4f2c-cb07-4d8f-81f3-8cc52353f843,5611,Herby Chicken With Creamy Leek Sauce And Buttery Mash,False,0.0,552,449,34.7,12.2,6.3,53.5,12.8,10.8,1.5,81,6.3,2.2,1.1,9.7,2.3,1.9,0.27,2,45,full-prep,no spice,Modern Bistro,,4.19,14258,True,"[{""name"": ""crème fraîche"", ""label"": ""Crème fraîche (80g)"", ""in_box"": 1}, {""name"": ""intense chicken stock mix"", ""label"": ""Intense chicken stock mix (5.5g)"", ""in_box"": 1}, {""name"": ""leek"", ""label"": ""Leek"", ""in_box"": 1}, {""name"": ""chicken breast portions"", ""label"": ""Chicken breast portions (2pcs)"", ""in_box"": 1}, {""name"": ""dried thyme"", ""label"": ""Dried thyme (0.5tsp)"", ""in_box"": 1}, {""name"": ""garlic clove"", ""label"": ""Garlic clove"", ""in_box"": 1}, {""name"": ""carrot"", ""label"": ""Carrot x2"", ""in_box"": 2}, {""name"": ""white potato"", ""label"": ""White potato x4"", ""in_box"": 4}, {""name"": ""Dijon mustard"", ""label"": ""Dijon mustard (5.5g)"", ""in_box"": 1}]"
2026-09-08,2026-09-02,1628ec1c-5068-4fff-92a9-d40b34ae16a9,13602,Higgidy Smoked Ham & Cheddar Quiche With Herby Butter Potatoes,True,2.5,430,544,19.9,24.3,8.8,64.5,5.7,7.4,1.5,126,4.6,5.6,2.0,15.0,1.3,1.7,0.35,1,25,full-prep,no spice,Semi-Prepped,,4.55,62,True,"[{""name"": ""smoked bacon & extra mature cheddar quiche with ham hock"", ""label"": ""Smoked bacon & extra mature cheddar quiche with ham hock (155g) x2"", ""in_box"": 2}, {""name"": ""waxy potatoes"", ""label"": ""Waxy potatoes (350g)"", ""in_box"": 1}, {""name"": ""baby leaf salad"", ""label"": ""Baby leaf salad (50g)"", ""in_box"": 1}, {""name"": ""chives"", ""label"": ""Chives (5g)"", ""in_box"": 1}, {""name"": ""cherry tomatoes"", ""label"": ""Cherry tomatoes (125g)"", ""in_box"": 1}, {""name"": ""white wine vinegar"", ""label"": ""White wine vinegar (15ml)"", ""in_box"": 1}, {""name"": ""Dijon mustard"", ""label"": ""Dijon mustard (5.5g)"", ""in_box"": 1}]"
2026-09-08,2026-09-02,2cca0258-a206-4040-b22e-c626a83d87cb,4551,Hoisin Glazed Meatloaf With Crispy Potatoes,False,0.0,558,494,33.3,14.6,4.9,59.5,18.7,8.4,2.0,88,6.0,2.6,0.9,10.7,3.4,1.5,0.36,2,55,full-prep,mild,Global Kitchen,Dairy Free,4.28,3987,True,"[{""name"": ""ground coriander"", ""label"": ""Ground coriander (1tsp)"", ""in_box"": 1}, {""name"": ""red chilli"", ""label"": ""Red chilli"", ""in_box"": 1}, {""name"": ""panko breadcrumbs"", ""label"": ""Panko breadcrumbs (20g)"", ""in_box"": 1}, {""name"": ""pork mince"", ""label"": ""Pork mince (250g)"", ""in_box"": 1}, {""name"": ""garlic clove"", ""label"": ""Garlic clove x3"", ""in_box"": 3}, {""name"": ""fresh root ginger"", ""label"": ""Fresh root ginger (15g)"", ""in_box"": 1}, {""name"": ""pak choi"", ""label"": ""Pak choi (200g)"", ""in_box"": 1}, {""name"": ""toasted sesame seeds"", ""label"": ""Toasted sesame seeds (5g)"", ""in_box"": 1}, {""name"": ""shallot"", ""label"": ""Shallot"", ""in_box"": 1}, {""name"": ""hoisin sauce"", ""label"": ""Hoisin sauce (40g)"", ""in_box"": 1}, {""name"": ""Chinese rice wine"", ""label"": ""Chinese rice wine (15ml)"", ""in_box"": 1}, {""name"": ""carrot"", ""label"": ""Carrot x2"", ""in_box"": 2}, {""name"": ""soy sauce"", ""label"": ""Soy sauce (15ml)"", ""in_box"": 1}, {""name"": ""white potato"", ""label"": ""White potato x3"", ""in_box"": 3}]"
2026-09-08,2026-09-02,72a0cad4-aa34-4eb5-99a2-99c354cc0ce6,5550,Hoisin Glazed Pork Belly Bao With Soy Smashed Cucumber,True,2.0,596,964,41.3,45.5,12.1,99.7,17.3,9.7,2.12,161,6.9,7.6,2.0,16.7,2.9,1.6,0.35,1,70,full-prep,mild,Ultimate Fakeaway,Dairy Free,4.45,4653,True,"[{""name"": ""pork belly"", ""label"": ""Pork belly (300g)"", ""in_box"": 1}, {""name"": ""spring onion"", ""label"": ""Spring onion"", ""in_box"": 1}, {""name"": ""sriracha hot chilli sauce"", ""label"": ""Sriracha hot chilli sauce (8ml)"", ""in_box"": 1}, {""name"": ""mayonnaise"", ""label"": ""Mayonnaise (25ml)"", ""in_box"": 1}, {""name"": ""bao buns"", ""label"": ""Bao buns (6pcs)"", ""in_box"": 1}, {""name"": ""hoisin sauce"", ""label"": ""Hoisin sauce (40g)"", ""in_box"": 1}, {""name"": ""cucumber"", ""label"": ""Cucumber (0.5pcs)"", ""in_box"": 1}, {""name"": ""rice vinegar"", ""label"": ""Rice vinegar (15ml)"", ""in_box"": 1}, {""name"": ""carrot"", ""label"": ""Carrot"", ""in_box"": 1}, {""name"": ""soy sauce"", ""label"": ""Soy sauce (15ml)"", ""in_box"": 1}, {""name"": ""white potato"", ""label"": ""White potato x3"", ""in_box"": 3}]"
2026-09-08,2026-09-02,48be4469-5571-4cb5-941c-6de3e68634c1,15769,Honey Mustard Salmon & Waxy Potato Salad,False,0.0,450,493,17.6,29.3,2.8,42.4,14.2,5.2,1.52,109,3.9,6.5,0.6,9.4,3.2,1.1,0.34,2,10,full-prep,no spice,No Cook,Dairy Free; Gluten Free,4.4,1313,True,"[{""name"": ""waxy potatoes"", ""label"": ""Waxy potatoes (350g)"", ""in_box"": 1}, {""name"": ""salmon flakes"", ""label"": ""Salmon flakes (100g)"", ""in_box"": 1}, {""name"": ""mayonnaise"", ""label"": ""Mayonnaise (50ml)"", ""in_box"": 1}, {""name"": ""lemon"", ""label"": ""Lemon"", ""in_box"": 1}, {""name"": ""cucumber"", ""label"": ""Cucumber (0.5pcs)"", ""in_box"": 1}, {""name"": ""wholegrain mustard"", ""label"": ""Wholegrain mustard (21g)"", ""in_box"": 1}, {""name"": ""spinach"", ""label"": ""Spinach (80g)"", ""in_box"": 1}, {""name"": ""chives"", ""label"": ""Chives (5g)"", ""in_box"": 1}, {""name"": ""honey"", ""label"": ""Honey (25g)"", ""in_box"": 1}]"
2026-09-08,2026-09-02,78538176-4871-4d95-8b10-a783c3b705af,4424,Honey Sesame Chicken With Potato & Green Bean Curry,False,0.0,448,463,34.8,14.5,9.4,50.0,14.5,8.7,1.3,103,7.7,3.2,2.1,11.2,3.2,1.9,0.29,2,40,full-prep,spicy,Global Kitchen,Dairy Free; Gluten Free,4.28,11634,True,"[{""name"": ""tomato"", ""label"": ""Tomato"", ""in_box"": 1}, {""name"": ""solid creamed coconut"", ""label"": ""Solid creamed coconut (25g)"", ""in_box"": 1}, {""name"": ""ground turmeric"", ""label"": ""Ground turmeric (0.5tsp)"", ""in_box"": 1}, {""name"": ""chicken breast portions"", ""label"": ""Chicken breast portions (2pcs)"", ""in_box"": 1}, {""name"": ""curry powder"", ""label"": ""Curry powder (1tbsp)"", ""in_box"": 1}, {""name"": ""garlic clove"", ""label"": ""Garlic clove x2"", ""in_box"": 2}, {""name"": ""fresh root ginger"", ""label"": ""Fresh root ginger (15g)"", ""in_box"": 1}, {""name"": ""vegetable stock mix"", ""label"": ""Vegetable stock mix (5.5g)"", ""in_box"": 1}, {""name"": ""fine green beans"", ""label"": ""Fine green beans (80g)"", ""in_box"": 1}, {""name"": ""black sesame seeds"", ""label"": ""Black sesame seeds (5g)"", ""in_box"": 1}, {""name"": ""spinach"", ""label"": ""Spinach (80g)"", ""in_box"": 1}, {""name"": ""white potato"", ""label"": ""White potato x3"", ""in_box"": 3}, {""name"": ""honey"", ""label"": ""Honey (25g)"", ""in_box"": 1}]"
2026-09-08,2026-09-02,ea9e585d-82f3-4e3a-aeab-1a5d81feafe3,4524,Indian-Style Pea & Sweetcorn Fritters With Sesame Egg,False,0.0,455,394,21.1,13.3,2.8,49.6,23.3,9.1,0.58,86,4.6,2.9,0.6,10.9,5.1,2.0,0.13,3,10,full-prep,mild,10-Minute,Vegetarian; Dairy Free; Gluten Free,3.94,7919,True,"[{""name"": ""ground coriander"", ""label"": ""Ground coriander (1tsp)"", ""in_box"": 1}, {""name"": ""free range egg"", ""label"": ""Free range egg x3"", ""in_box"": 3}, {""name"": ""ground turmeric"", ""label"": ""Ground turmeric (1tsp)"", ""in_box"": 1}, {""name"": ""ground cumin"", ""label"": ""Ground cumin (1tsp)"", ""in_box"": 1}, {""name"": ""Sweetcorn"", ""label"": ""Sweetcorn (150g)"", ""in_box"": 1}, {""name"": ""cornflour"", ""label"": ""Cornflour (4tbsp)"", ""in_box"": 1}, {""name"": ""red chilli relish"", ""label"": ""Red chilli relish (40g)"", ""in_box"": 1}, {""name"": ""baby leaf salad"", ""label"": ""Baby leaf salad (50g)"", ""in_box"": 1}, {""name"": ""blanched peas"", ""label"": ""Blanched peas (160g)"", ""in_box"": 1}, {""name"": ""lemon"", ""label"": ""Lemon"", ""in_box"": 1}, {""name"": ""ginger & garlic paste"", ""label"": ""Ginger & garlic paste (15g)"", ""in_box"": 1}, {""name"": ""cucumber"", ""label"": ""Cucumber (0.5pcs)"", ""in_box"": 1}, {""name"": ""black sesame seeds"", ""label"": ""Black sesame seeds (5g)"", ""in_box"": 1}]"
2026-09-08,2026-09-02,a3165410-1a53-4393-8fe3-5648bf3975f8,1511,Indonesian-Style King Prawn Curry & Green Bean Rice,False,0.0,311,428,20.6,9.6,8.2,67.7,8.8,7.1,1.92,137,6.6,3.1,2.6,21.8,2.8,2.3,0.61,1,35,full-prep,spicy,Global Kitchen,Dairy Free; Gluten Free,4.18,10345,True,"[{""name"": ""fish sauce"", ""label"": ""Fish sauce (8ml)"", ""in_box"": 1}, {""name"": ""white basmati rice"", ""label"": ""White basmati rice (130g)"", ""in_box"": 1}, {""name"": ""solid creamed coconut"", ""label"": ""Solid creamed coconut (25g)"", ""in_box"": 1}, {""name"": ""dried chilli flakes"", ""label"": ""Dried chilli flakes (0.5tsp)"", ""in_box"": 1}, {""name"": ""raw peeled king prawns"", ""label"": ""Raw peeled king prawns (171g)"", ""in_box"": 1}, {""name"": ""chipotle paste"", ""label"": ""Chipotle paste (20g)"", ""in_box"": 1}, {""name"": ""garlic clove"", ""label"": ""Garlic clove x2"", ""in_box"": 2}, {""name"": ""fresh root ginger"", ""label"": ""Fresh root ginger (15g)"", ""in_box"": 1}, {""name"": ""fine green beans"", ""label"": ""Fine green beans (80g)"", ""in_box"": 1}, {""name"": ""cardamom pod"", ""label"": ""Cardamom pod"", ""in_box"": 1}, {""name"": ""red onion"", ""label"": ""Red onion x2"", ""in_box"": 2}]"
2026-09-08,2026-09-02,c172fc36-2394-4fdf-846d-65979ce9a846,8862,Kimchi Glazed Hispi Cabbage With Smashed Cucumber Salad,False,0.0,449,454,13.2,8.3,1.3,80.6,15.4,11.0,1.84,101,2.9,1.9,0.3,17.9,3.4,2.4,0.41,3,40,full-prep,spicy,Prepped in 5,Vegan; Vegetarian; Dairy Free; Gluten Free,0,0,True,"[{""name"": ""kimchi ketchup"", ""label"": ""Kimchi ketchup (40g)"", ""in_box"": 1}, {""name"": ""dried chilli flakes"", ""label"": ""Dried chilli flakes (0.5tsp)"", ""in_box"": 1}, {""name"": ""sushi rice"", ""label"": ""Sushi rice (150g)"", ""in_box"": 1}, {""name"": ""spring onion"", ""label"": ""Spring onion"", ""in_box"": 1}, {""name"": ""hispi cabbage"", ""label"": ""Hispi cabbage (220g) x2"", ""in_box"": 2}, {""name"": ""garlic clove"", ""label"": ""Garlic clove x2"", ""in_box"": 2}, {""name"": ""toasted sesame oil"", ""label"": ""Toasted sesame oil (10ml)"", ""in_box"": 1}, {""name"": ""gluten free soy sauce"", ""label"": ""Gluten free soy sauce (15ml)"", ""in_box"": 1}, {""name"": ""cucumber"", ""label"": ""Cucumber (0.5pcs)"", ""in_box"": 1}, {""name"": ""rice vinegar"", ""label"": ""Rice vinegar (30ml)"", ""in_box"": 1}, {""name"": ""mirin"", ""label"": ""Mirin (15ml)"", ""in_box"": 1}, {""name"": ""black sesame seeds"", ""label"": ""Black sesame seeds (5g)"", ""in_box"": 1}]"
2026-09-08,2026-09-02,6b1f514a-63b7-44a7-9e61-1680de6876c0,17607,King Prawn Arrabbiata Linguine,True,0.75,385,393,19.2,10.8,1.2,50.4,13.5,8.9,3.08,102,5.0,2.8,0.3,13.1,3.5,2.3,0.8,2,7,heat-only,mild,Heat & Eat,,0,0,True,"[{""name"": ""king prawn arrabbiata linguine"", ""label"": ""King prawn arrabbiata linguine (420g) x2"", ""in_box"": 2}]"
2026-09-08,2026-09-02,7d261740-4d77-45f3-a0f9-9125ffcaf4df,2503,King Prawn Jalfrezi With Jeera Rice,False,0.0,344,371,20.4,2.3,0.4,71.5,9.6,5.8,2.03,107,5.9,0.7,0.1,20.8,2.8,1.7,0.59,3,35,full-prep,spicy,Takeaway Night,Gluten Free; Dairy Free,4.33,11922,True,"[{""name"": ""tomato"", ""label"": ""Tomato"", ""in_box"": 1}, {""name"": ""green pepper"", ""label"": ""Green pepper"", ""in_box"": 1}, {""name"": ""white basmati rice"", ""label"": ""White basmati rice (130g)"", ""in_box"": 1}, {""name"": ""dried chilli flakes"", ""label"": ""Dried chilli flakes (0.5tsp)"", ""in_box"": 1}, {""name"": ""raw peeled king prawns"", ""label"": ""Raw peeled king prawns (171g)"", ""in_box"": 1}, {""name"": ""cumin seeds"", ""label"": ""Cumin seeds (1tsp)"", ""in_box"": 1}, {""name"": ""tomato paste"", ""label"": ""Tomato paste (32g)"", ""in_box"": 1}, {""name"": ""curry powder"", ""label"": ""Curry powder (1tbsp)"", ""in_box"": 1}, {""name"": ""garlic clove"", ""label"": ""Garlic clove x3"", ""in_box"": 3}, {""name"": ""vegetable stock mix"", ""label"": ""Vegetable stock mix (5.5g)"", ""in_box"": 1}, {""name"": ""ginger paste"", ""label"": ""Ginger paste (15g)"", ""in_box"": 1}, {""name"": ""red onion"", ""label"": ""Red onion"", ""in_box"": 1}]"
2026-09-08,2026-09-02,7515f6b3-0d2e-4463-b1cb-5d9905051d97,3177,King Prawn Korma With Cardamom & Green Bean Rice,False,0.0,264,419,19.2,9.9,8.4,64.5,5.3,6.5,1.16,158,7.3,3.7,3.2,24.4,2.0,2.5,0.44,1,25,full-prep,mild,20 minute meals,Gluten Free; Dairy Free,4.11,7143,True,"[{""name"": ""white long grain rice"", ""label"": ""White long grain rice (130g)"", ""in_box"": 1}, {""name"": ""solid creamed coconut"", ""label"": ""Solid creamed coconut (25g)"", ""in_box"": 1}, {""name"": ""raw peeled king prawns"", ""label"": ""Raw peeled king prawns (171g)"", ""in_box"": 1}, {""name"": ""curry powder"", ""label"": ""Curry powder (1tbsp)"", ""in_box"": 1}, {""name"": ""garlic clove"", ""label"": ""Garlic clove x2"", ""in_box"": 2}, {""name"": ""fresh root ginger"", ""label"": ""Fresh root ginger (15g)"", ""in_box"": 1}, {""name"": ""brown onion"", ""label"": ""Brown onion"", ""in_box"": 1}, {""name"": ""coriander"", ""label"": ""Coriander (5g)"", ""in_box"": 1}, {""name"": ""fine green beans"", ""label"": ""Fine green beans (80g)"", ""in_box"": 1}, {""name"": ""cardamom pod"", ""label"": ""Cardamom pod x3"", ""in_box"": 3}]"
2026-09-08,2026-09-02,d75b3db9-b84c-4ccb-bc38-92b13b632a71,5394,Korean-Style Pulled Shiitake Mushroom Sandwich,False,0.0,437,744,21.4,29.6,9.9,79.4,17.7,22.7,3.2,170,4.9,6.8,2.3,18.2,4.0,5.2,0.73,1,40,full-prep,spicy,Global Kitchen,Vegan; Vegetarian; Dairy Free,4.48,1770,True,"[{""name"": ""Fable® meaty pulled mushrooms"", ""label"": ""Fable® meaty pulled mushrooms (180g)"", ""in_box"": 1}, {""name"": ""carrot & cabbage slaw mix"", ""label"": ""Carrot & cabbage slaw mix (160g)"", ""in_box"": 1}, {""name"": ""gochujang paste"", ""label"": ""Gochujang paste (30g)"", ""in_box"": 1}, {""name"": ""spring onion"", ""label"": ""Spring onion"", ""in_box"": 1}, {""name"": ""soy sauce"", ""label"": ""Soy sauce (8ml)"", ""in_box"": 1}, {""name"": ""vegan mayonnaise"", ""label"": ""Vegan mayonnaise (25ml)"", ""in_box"": 1}, {""name"": ""brioche style buns"", ""label"": ""Brioche style buns (2pcs)"", ""in_box"": 1}, {""name"": ""ginger & garlic paste"", ""label"": ""Ginger & garlic paste (15g)"", ""in_box"": 1}, {""name"": ""rice vinegar"", ""label"": ""Rice vinegar (15ml)"", ""in_box"": 1}, {""name"": ""black sesame seeds"", ""label"": ""Black sesame seeds (5g)"", ""in_box"": 1}, {""name"": ""white potato"", ""label"": ""White potato x3"", ""in_box"": 3}]"
2026-09-08,2026-09-02,baa08157-7f73-40f3-8e0c-27f107026a5c,1908,Lamb Keema Pav With Turmeric Roast Potatoes,False,0.0,510,621,36.0,21.3,8.1,74.9,13.2,11.2,1.3,121,7.1,4.2,1.6,14.7,2.6,2.2,0.25,2,45,full-prep,mild,Global Kitchen,Dairy Free,4.25,4828,True,"[{""name"": ""tomato"", ""label"": ""Tomato x2"", ""in_box"": 2}, {""name"": ""chicken stock mix"", ""label"": ""Chicken stock mix (5.5g)"", ""in_box"": 1}, {""name"": ""brioche style buns"", ""label"": ""Brioche style buns (2pcs)"", ""in_box"": 1}, {""name"": ""green chilli"", ""label"": ""Green chilli"", ""in_box"": 1}, {""name"": ""ground turmeric"", ""label"": ""Ground turmeric (0.5tsp)"", ""in_box"": 1}, {""name"": ""ground coriander"", ""label"": ""Ground coriander (2tsp)"", ""in_box"": 1}, {""name"": ""tomato paste"", ""label"": ""Tomato paste (32g)"", ""in_box"": 1}, {""name"": ""ground cumin"", ""label"": ""Ground cumin (1tsp)"", ""in_box"": 1}, {""name"": ""garlic clove"", ""label"": ""Garlic clove x2"", ""in_box"": 2}, {""name"": ""garam masala"", ""label"": ""Garam masala (1tbsp)"", ""in_box"": 1}, {""name"": ""lamb mince"", ""label"": ""Lamb mince (250g)"", ""in_box"": 1}, {""name"": ""red onion"", ""label"": ""Red onion"", ""in_box"": 1}, {""name"": ""white potato"", ""label"": ""White potato x3"", ""in_box"": 3}]"
2026-09-08,2026-09-02,f0889895-92a4-4e67-831a-6b061d64179b,4686,Lebanese-Style Chicken Thigh Wraps With Tahini Yoghurt,False,0.0,470,679,37.9,24.5,7.8,75.6,21.3,7.0,0.89,144,8.1,5.2,1.7,16.1,4.5,1.5,0.19,2,10,full-prep,no spice,10-Minute,,3.89,685,True,"[{""name"": ""plain tortillas"", ""label"": ""Plain tortillas (6pcs)"", ""in_box"": 1}, {""name"": ""tomato"", ""label"": ""Tomato"", ""in_box"": 1}, {""name"": ""carrot & cabbage slaw mix"", ""label"": ""Carrot & cabbage slaw mix (160g)"", ""in_box"": 1}, {""name"": ""ground sumac"", ""label"": ""Ground sumac (1tsp)"", ""in_box"": 1}, {""name"": ""diced chicken thigh"", ""label"": ""Diced chicken thigh (250g)"", ""in_box"": 1}, {""name"": ""cider vinegar"", ""label"": ""Cider vinegar (30ml)"", ""in_box"": 1}, {""name"": ""natural yoghurt"", ""label"": ""Natural yoghurt (80g)"", ""in_box"": 1}, {""name"": ""gem lettuce"", ""label"": ""Gem lettuce"", ""in_box"": 1}, {""name"": ""tahini"", ""label"": ""Tahini (15g)"", ""in_box"": 1}, {""name"": ""honey"", ""label"": ""Honey (25g)"", ""in_box"": 1}]"
2026-09-08,2026-09-02,37d6697b-1f10-4778-89ff-705cd71e935d,3093,Lebanese-Style Halloumi Pitta With Tahini Yoghurt Dressing,False,0.0,372,554,32.3,29.6,17.5,39.1,10.6,8.1,2.51,148,8.7,8.0,4.7,10.5,2.8,2.2,0.68,2,10,full-prep,mild,10-Minute,Vegetarian,3.83,19358,True,"[{""name"": ""halloumi"", ""label"": ""Halloumi (200g)"", ""in_box"": 1}, {""name"": ""tomato"", ""label"": ""Tomato"", ""in_box"": 1}, {""name"": ""wholemeal pittas"", ""label"": ""Wholemeal pittas (2pcs)"", ""in_box"": 1}, {""name"": ""carrot & cabbage slaw mix"", ""label"": ""Carrot & cabbage slaw mix (160g)"", ""in_box"": 1}, {""name"": ""baharat"", ""label"": ""Baharat (1tbsp)"", ""in_box"": 1}, {""name"": ""garlic clove"", ""label"": ""Garlic clove"", ""in_box"": 1}, {""name"": ""baby leaf salad"", ""label"": ""Baby leaf salad (50g)"", ""in_box"": 1}, {""name"": ""natural yoghurt"", ""label"": ""Natural yoghurt (80g)"", ""in_box"": 1}, {""name"": ""cider vinegar"", ""label"": ""Cider vinegar (15ml)"", ""in_box"": 1}, {""name"": ""tahini"", ""label"": ""Tahini (15g)"", ""in_box"": 1}]"
2026-09-08,2026-09-02,673accca-8ace-4059-92ec-0548b6e07572,6440,Leek & Triple Cheese Fondue With Fresh Tagliatelle,False,0.0,352,752,34.1,28.0,17.5,87.6,8.4,5.7,2.51,213,9.7,8.0,5.0,24.9,2.4,1.6,0.71,1,10,full-prep,no spice,Pasta Pronto,Vegetarian,4.16,8345,True,"[{""name"": ""cheddar cheese"", ""label"": ""Cheddar cheese (40g)"", ""in_box"": 1}, {""name"": ""grated Italian hard cheese"", ""label"": ""Grated Italian hard cheese (30g)"", ""in_box"": 1}, {""name"": ""leek"", ""label"": ""Leek"", ""in_box"": 1}, {""name"": ""cornflour"", ""label"": ""Cornflour (1tbsp)"", ""in_box"": 1}, {""name"": ""fresh tagliatelle"", ""label"": ""Fresh tagliatelle (250g)"", ""in_box"": 1}, {""name"": ""intense vegetable stock mix"", ""label"": ""Intense vegetable stock mix (5.5g)"", ""in_box"": 1}, {""name"": ""Chinese rice wine"", ""label"": ""Chinese rice wine (30ml)"", ""in_box"": 1}, {""name"": ""shallot"", ""label"": ""Shallot"", ""in_box"": 1}, {""name"": ""crispy onions"", ""label"": ""Crispy onions (15g)"", ""in_box"": 1}, {""name"": ""roasted garlic paste"", ""label"": ""Roasted garlic paste (15g)"", ""in_box"": 1}, {""name"": ""mozzarella"", ""label"": ""Mozzarella (125g)"", ""in_box"": 1}, {""name"": ""chives"", ""label"": ""Chives (5g)"", ""in_box"": 1}]"
2026-09-08,2026-09-02,ea6f9668-2fda-45f8-a169-69bef0f3b9dd,326,Lemon Baked Basa With Spinach Mornay,False,0.0,420,308,27.5,4.9,2.8,40.6,2.9,4.6,0.18,73,6.5,1.2,0.7,9.7,0.7,1.1,0.04,1,45,full-prep,no spice,Modern Bistro,Gluten Free,4.24,24716,True,"[{""name"": ""Italian hard cheese"", ""label"": ""Italian hard cheese (20g)"", ""in_box"": 1}, {""name"": ""basa fillets"", ""label"": ""Basa fillets (2pcs)"", ""in_box"": 1}, {""name"": ""lemon"", ""label"": ""Lemon"", ""in_box"": 1}, {""name"": ""spinach"", ""label"": ""Spinach (120g)"", ""in_box"": 1}, {""name"": ""white potato"", ""label"": ""White potato x4"", ""in_box"": 4}]"
2026-09-08,2026-09-02,7750f1ef-cf1d-48aa-8959-07902cc8c236,4637,Lemon Pepper Chicken With Sweet Potato Mash,False,0.0,509,376,35.0,4.9,1.3,49.4,12.8,8.2,2.61,73,6.9,1.0,0.2,9.7,2.5,1.6,0.51,2,45,full-prep,no spice,Modern Bistro,Dairy Free,4.24,9936,True,"[{""name"": ""intense chicken stock mix"", ""label"": ""Intense chicken stock mix (5.5g)"", ""in_box"": 1}, {""name"": ""chicken breast portions"", ""label"": ""Chicken breast portions (2pcs)"", ""in_box"": 1}, {""name"": ""brown onion"", ""label"": ""Brown onion"", ""in_box"": 1}, {""name"": ""lemon"", ""label"": ""Lemon"", ""in_box"": 1}, {""name"": ""Chinese rice wine"", ""label"": ""Chinese rice wine (15ml)"", ""in_box"": 1}, {""name"": ""soy sauce"", ""label"": ""Soy sauce (15ml)"", ""in_box"": 1}, {""name"": ""spring greens"", ""label"": ""Spring greens (150g)"", ""in_box"": 1}, {""name"": ""white potato"", ""label"": ""White potato x2"", ""in_box"": 2}, {""name"": ""cracked black pepper"", ""label"": ""Cracked black pepper (2.5g)"", ""in_box"": 1}, {""name"": ""sweet potato"", ""label"": ""Sweet potato"", ""in_box"": 1}]"
2026-09-08,2026-09-02,f54d2571-3049-4a8f-90b1-843e8955a48c,6316,Lemon-Crusted Cod With Pea Risotto And Crispy Prosciutto,True,1.75,387,570,42.4,9.1,4.0,79.5,7.0,6.6,2.73,147,11.0,2.4,1.0,20.5,1.8,1.7,0.7,1,50,full-prep,no spice,Fine Dine In,,4.46,5228,True,"[{""name"": ""Italian hard cheese"", ""label"": ""Italian hard cheese (20g)"", ""in_box"": 1}, {""name"": ""intense chicken stock mix"", ""label"": ""Intense chicken stock mix (5.5g)"", ""in_box"": 1}, {""name"": ""cod fillets"", ""label"": ""Cod fillets (2pcs)"", ""in_box"": 1}, {""name"": ""panko breadcrumbs"", ""label"": ""Panko breadcrumbs (20g)"", ""in_box"": 1}, {""name"": ""sliced prosciutto"", ""label"": ""Sliced prosciutto (52g)"", ""in_box"": 1}, {""name"": ""garlic clove"", ""label"": ""Garlic clove x2"", ""in_box"": 2}, {""name"": ""parsley"", ""label"": ""Parsley (5g)"", ""in_box"": 1}, {""name"": ""shallot"", ""label"": ""Shallot"", ""in_box"": 1}, {""name"": ""blanched peas"", ""label"": ""Blanched peas (160g)"", ""in_box"": 1}, {""name"": ""lemon"", ""label"": ""Lemon"", ""in_box"": 1}, {""name"": ""arborio rice"", ""label"": ""Arborio rice (160g)"", ""in_box"": 1}]"
2026-09-08,2026-09-02,75e072bd-ac85-418b-9bc8-666fad8937ff,14010,Lemongrass & Sticky Onion Pork Burger With Warm Potato Salad,False,0.0,518,591,36.2,14.6,4.9,79.9,10.4,8.9,2.58,114,7.0,2.8,0.9,15.4,2.0,1.7,0.5,2,20,full-prep,no spice,20 minute meals,Dairy Free,4.09,1158,True,"[{""name"": ""lemongrass and lime leaf paste"", ""label"": ""Lemongrass and lime leaf paste (20g)"", ""in_box"": 1}, {""name"": ""carrot & cabbage slaw mix"", ""label"": ""Carrot & cabbage slaw mix (160g)"", ""in_box"": 1}, {""name"": ""pork mince"", ""label"": ""Pork mince (250g)"", ""in_box"": 1}, {""name"": ""ciabatta"", ""label"": ""Ciabatta x2"", ""in_box"": 2}, {""name"": ""tomato paste"", ""label"": ""Tomato paste (16g)"", ""in_box"": 1}, {""name"": ""rice vinegar"", ""label"": ""Rice vinegar (15ml)"", ""in_box"": 1}, {""name"": ""soy sauce"", ""label"": ""Soy sauce (15ml)"", ""in_box"": 1}, {""name"": ""rocket"", ""label"": ""Rocket (20g)"", ""in_box"": 1}, {""name"": ""red onion"", ""label"": ""Red onion"", ""in_box"": 1}, {""name"": ""white potato"", ""label"": ""White potato x3"", ""in_box"": 3}]"
2026-09-08,2026-09-02,262c3dad-3dbf-4f3e-9460-5cb3e04cf7c1,3813,Lemony King Prawn Salad With Avo Dressing,False,0.0,366,343,18.6,18.9,4.4,24.7,3.3,5.4,1.07,93,5.1,5.2,1.2,6.7,0.9,1.5,0.29,2,25,full-prep,no spice,20 minute meals,Dairy Free,4.23,3226,True,"[{""name"": ""tomato"", ""label"": ""Tomato"", ""in_box"": 1}, {""name"": ""raw peeled king prawns"", ""label"": ""Raw peeled king prawns (171g)"", ""in_box"": 1}, {""name"": ""ciabatta"", ""label"": ""Ciabatta"", ""in_box"": 1}, {""name"": ""garlic clove"", ""label"": ""Garlic clove"", ""in_box"": 1}, {""name"": ""avocado"", ""label"": ""Avocado"", ""in_box"": 1}, {""name"": ""lemon"", ""label"": ""Lemon"", ""in_box"": 1}, {""name"": ""basil"", ""label"": ""Basil (5g)"", ""in_box"": 1}, {""name"": ""spinach"", ""label"": ""Spinach (80g)"", ""in_box"": 1}]"
2026-09-08,2026-09-02,205ff331-4895-4497-aa96-840d4fe4625a,5815,Loaded Patatas Rancheros-Style With Greek Cheese,False,0.0,563,561,22.9,22.9,8.2,63.8,16.0,18.0,2.31,99,4.1,4.1,1.5,11.3,2.8,3.2,0.41,3,40,full-prep,spicy,Fibre Fix,Vegetarian; Gluten Free,4.51,16399,True,"[{""name"": ""Greek salad cheese"", ""label"": ""Greek salad cheese (100g)"", ""in_box"": 1}, {""name"": ""green chilli"", ""label"": ""Green chilli"", ""in_box"": 1}, {""name"": ""black beans"", ""label"": ""Black beans (380g)"", ""in_box"": 1}, {""name"": ""waxy potatoes"", ""label"": ""Waxy potatoes (350g)"", ""in_box"": 1}, {""name"": ""tomato paste"", ""label"": ""Tomato paste (32g)"", ""in_box"": 1}, {""name"": ""ground smoked paprika"", ""label"": ""Ground smoked paprika (1tsp)"", ""in_box"": 1}, {""name"": ""Sweetcorn"", ""label"": ""Sweetcorn (150g)"", ""in_box"": 1}, {""name"": ""mayonnaise"", ""label"": ""Mayonnaise (25ml)"", ""in_box"": 1}, {""name"": ""chipotle paste"", ""label"": ""Chipotle paste (20g)"", ""in_box"": 1}, {""name"": ""garlic clove"", ""label"": ""Garlic clove"", ""in_box"": 1}, {""name"": ""brown onion"", ""label"": ""Brown onion"", ""in_box"": 1}, {""name"": ""vegetable stock mix"", ""label"": ""Vegetable stock mix (5.5g)"", ""in_box"": 1}, {""name"": ""chives"", ""label"": ""Chives (5g)"", ""in_box"": 1}, {""name"": ""lime"", ""label"": ""Lime"", ""in_box"": 1}]"
2026-09-08,2026-09-02,d9dd89a3-9aaa-42a9-a0c1-bdd55b73ebf8,6862,Malaysian-Style Cheesy Roti Canai With Dal,False,0.0,445,857,37.0,34.8,19.0,95.8,8.6,21.1,2.51,192,8.3,7.8,4.3,21.5,1.9,4.7,0.56,2,40,full-prep,spicy,Global Kitchen,Vegetarian,4.42,4298,True,"[{""name"": ""cheddar cheese"", ""label"": ""Cheddar cheese (40g) x2"", ""in_box"": 2}, {""name"": ""roti"", ""label"": ""Roti (4pcs)"", ""in_box"": 1}, {""name"": ""solid creamed coconut"", ""label"": ""Solid creamed coconut (25g)"", ""in_box"": 1}, {""name"": ""red lentils"", ""label"": ""Red lentils (100g)"", ""in_box"": 1}, {""name"": ""red chilli"", ""label"": ""Red chilli"", ""in_box"": 1}, {""name"": ""curry powder"", ""label"": ""Curry powder (1tbsp)"", ""in_box"": 1}, {""name"": ""fresh lemongrass stalk"", ""label"": ""Fresh lemongrass stalk"", ""in_box"": 1}, {""name"": ""chickpeas"", ""label"": ""Chickpeas (185g)"", ""in_box"": 1}, {""name"": ""brown onion"", ""label"": ""Brown onion"", ""in_box"": 1}, {""name"": ""vegetable stock mix"", ""label"": ""Vegetable stock mix (5.5g)"", ""in_box"": 1}, {""name"": ""ginger & garlic paste"", ""label"": ""Ginger & garlic paste (15g)"", ""in_box"": 1}, {""name"": ""cucumber"", ""label"": ""Cucumber (0.5pcs)"", ""in_box"": 1}, {""name"": ""coriander"", ""label"": ""Coriander (5g)"", ""in_box"": 1}, {""name"": ""rice vinegar"", ""label"": ""Rice vinegar (15ml)"", ""in_box"": 1}]"
2026-09-08,2026-09-02,b1221cb1-f0bf-49d2-b87d-3e2614aa9cb6,2031,Malaysian-Style Coconut Chicken Thigh With Rice,False,0.0,399,712,41.2,31.8,12.7,66.8,8.1,5.1,1.84,178,10.3,8.0,3.2,16.7,2.0,1.3,0.46,1,45,full-prep,mild,Global Kitchen,Dairy Free,4.52,18626,True,"[{""name"": ""white basmati rice"", ""label"": ""White basmati rice (130g)"", ""in_box"": 1}, {""name"": ""solid creamed coconut"", ""label"": ""Solid creamed coconut (25g)"", ""in_box"": 1}, {""name"": ""ground turmeric"", ""label"": ""Ground turmeric (1tsp)"", ""in_box"": 1}, {""name"": ""red chilli"", ""label"": ""Red chilli"", ""in_box"": 1}, {""name"": ""skinless chicken thighs"", ""label"": ""Skinless chicken thighs (320g)"", ""in_box"": 1}, {""name"": ""fresh lemongrass stalk"", ""label"": ""Fresh lemongrass stalk"", ""in_box"": 1}, {""name"": ""shallot"", ""label"": ""Shallot x2"", ""in_box"": 2}, {""name"": ""ginger & garlic paste"", ""label"": ""Ginger & garlic paste (15g)"", ""in_box"": 1}, {""name"": ""cucumber"", ""label"": ""Cucumber (0.5pcs)"", ""in_box"": 1}, {""name"": ""rice vinegar"", ""label"": ""Rice vinegar (15ml)"", ""in_box"": 1}, {""name"": ""ground almonds"", ""label"": ""Ground almonds (25g)"", ""in_box"": 1}, {""name"": ""soy sauce"", ""label"": ""Soy sauce (15ml)"", ""in_box"": 1}, {""name"": ""tamarind paste"", ""label"": ""Tamarind paste (15g)"", ""in_box"": 1}]"
2026-09-08,2026-09-02,69cc0b53-d05b-4471-942e-21479600815d,3251,Marmite Pineapple Pizza With Bacon,False,0.0,444,754,33.8,26.3,11.5,91.7,23.8,6.1,3.42,169,7.6,5.9,2.6,20.7,5.4,1.4,0.77,3,30,full-prep,no spice,Takeaway Night,,4.05,911,True,"[{""name"": ""flame-baked pizza bases"", ""label"": ""Flame-baked pizza bases (2pcs)"", ""in_box"": 1}, {""name"": ""pineapple slices"", ""label"": ""Pineapple slices (220g)"", ""in_box"": 1}, {""name"": ""tomato paste"", ""label"": ""Tomato paste (32g) x2"", ""in_box"": 2}, {""name"": ""bacon lardons"", ""label"": ""Bacon lardons (100g)"", ""in_box"": 1}, {""name"": ""garlic clove"", ""label"": ""Garlic clove"", ""in_box"": 1}, {""name"": ""mozzarella"", ""label"": ""Mozzarella (125g)"", ""in_box"": 1}, {""name"": ""Marmite"", ""label"": ""Marmite (8g)"", ""in_box"": 1}, {""name"": ""rocket"", ""label"": ""Rocket (50g)"", ""in_box"": 1}, {""name"": ""balsamic vinegar"", ""label"": ""Balsamic vinegar (15ml)"", ""in_box"": 1}]"
2026-09-08,2026-09-02,4ef4efdd-04df-4a5e-9e4b-cff47fa36c29,14382,Meat-Free Wholewheat Spaghetti Bolognese,False,0.0,420,667,43.2,15.9,3.5,82.6,16.2,16.4,2.98,158,10.3,3.8,0.8,19.6,3.8,3.9,0.71,3,35,full-prep,no spice,Everyday Favourites,Vegetarian,0,0,True,"[{""name"": ""Italian hard cheese"", ""label"": ""Italian hard cheese (20g)"", ""in_box"": 1}, {""name"": ""dried oregano"", ""label"": ""Dried oregano (1tsp)"", ""in_box"": 1}, {""name"": ""soy sauce"", ""label"": ""Soy sauce (8ml)"", ""in_box"": 1}, {""name"": ""finely chopped tomatoes"", ""label"": ""Finely chopped tomatoes (200g)"", ""in_box"": 1}, {""name"": ""tomato paste"", ""label"": ""Tomato paste (32g)"", ""in_box"": 1}, {""name"": ""Meatless Farm mince"", ""label"": ""Meatless Farm mince (200g)"", ""in_box"": 1}, {""name"": ""intense vegetable stock mix"", ""label"": ""Intense vegetable stock mix (5.5g)"", ""in_box"": 1}, {""name"": ""garlic clove"", ""label"": ""Garlic clove"", ""in_box"": 1}, {""name"": ""wholewheat spaghetti"", ""label"": ""Wholewheat spaghetti (190g)"", ""in_box"": 1}, {""name"": ""brown onion"", ""label"": ""Brown onion"", ""in_box"": 1}, {""name"": ""carrot"", ""label"": ""Carrot"", ""in_box"": 1}]"
2026-09-08,2026-09-02,54aa761f-0d78-40fc-9928-3b643feb8f02,16676,Mediterranean-Style Chicken Pasta,True,0.75,394,492,29.9,16.5,3.1,52.3,9.4,7.1,2.6,125,7.6,4.2,0.8,13.3,2.4,1.8,0.66,2,7,heat-only,no spice,Heat & Eat,,4.18,753,True,"[{""name"": ""mediterranean style chicken pasta"", ""label"": ""Mediterranean style chicken pasta (420g) x2"", ""in_box"": 2}]"
2026-09-08,2026-09-02,c2629d7d-0ca1-47af-8b77-80d54fefec0e,2310,Mediterranean-Style Vegetable Gnocchi With Basil,False,0.0,510,449,19.3,12.5,5.7,66.1,8.5,5.0,2.21,87,3.8,2.4,1.1,12.9,1.7,1.0,0.43,4,10,full-prep,no spice,10-Minute,Vegetarian,4.16,24552,True,"[{""name"": ""cheddar cheese"", ""label"": ""Cheddar cheese (40g)"", ""in_box"": 1}, {""name"": ""dried oregano"", ""label"": ""Dried oregano (1tsp)"", ""in_box"": 1}, {""name"": ""finely chopped tomatoes"", ""label"": ""Finely chopped tomatoes (200g)"", ""in_box"": 1}, {""name"": ""black olives"", ""label"": ""Black olives (40g)"", ""in_box"": 1}, {""name"": ""gnocchi"", ""label"": ""Gnocchi (350g)"", ""in_box"": 1}, {""name"": ""courgette"", ""label"": ""Courgette"", ""in_box"": 1}, {""name"": ""roasted garlic paste"", ""label"": ""Roasted garlic paste (15g)"", ""in_box"": 1}, {""name"": ""basil"", ""label"": ""Basil (10g)"", ""in_box"": 1}, {""name"": ""spinach"", ""label"": ""Spinach (80g)"", ""in_box"": 1}, {""name"": ""cherry tomatoes"", ""label"": ""Cherry tomatoes (125g)"", ""in_box"": 1}]"
2026-09-08,2026-09-02,7f739831-0d47-441c-8585-4e0688a60a24,3613,Mediterranean-Style Vegetable Panzanella,False,0.0,456,363,14.7,10.1,1.7,52.3,10.8,9.8,0.81,79,3.2,2.2,0.4,11.5,2.4,2.2,0.18,4,40,full-prep,no spice,Prepped in 5,Vegan; Vegetarian; Dairy Free,4.28,11956,True,"[{""name"": ""red pepper"", ""label"": ""Red pepper"", ""in_box"": 1}, {""name"": ""pumpkin seeds"", ""label"": ""Pumpkin seeds (30g)"", ""in_box"": 1}, {""name"": ""ciabatta"", ""label"": ""Ciabatta x2"", ""in_box"": 2}, {""name"": ""garlic clove"", ""label"": ""Garlic clove x2"", ""in_box"": 2}, {""name"": ""basil"", ""label"": ""Basil (5g)"", ""in_box"": 1}, {""name"": ""rocket"", ""label"": ""Rocket (50g)"", ""in_box"": 1}, {""name"": ""cherry tomatoes"", ""label"": ""Cherry tomatoes (250g)"", ""in_box"": 1}, {""name"": ""aubergine"", ""label"": ""Aubergine"", ""in_box"": 1}, {""name"": ""red wine vinegar"", ""label"": ""Red wine vinegar (15ml)"", ""in_box"": 1}, {""name"": ""Dijon mustard"", ""label"": ""Dijon mustard (5.5g)"", ""in_box"": 1}]"
2026-09-08,2026-09-02,b5f76efd-e510-48aa-853c-2b112b0e0657,5307,Mexican-Style Creamy Corn & Greek Cheese Tortiglioni,False,0.0,284,609,22.9,19.3,11.5,91.4,11.2,7.0,2.74,214,8.1,6.8,4.0,32.2,3.9,2.5,0.96,1,25,full-prep,mild,20 minute meals,Vegetarian,4.18,3059,True,"[{""name"": ""Greek salad cheese"", ""label"": ""Greek salad cheese (100g)"", ""in_box"": 1}, {""name"": ""Sweetcorn"", ""label"": ""Sweetcorn (150g)"", ""in_box"": 1}, {""name"": ""intense vegetable stock mix"", ""label"": ""Intense vegetable stock mix (5.5g)"", ""in_box"": 1}, {""name"": ""chipotle paste"", ""label"": ""Chipotle paste (20g)"", ""in_box"": 1}, {""name"": ""garlic clove"", ""label"": ""Garlic clove x2"", ""in_box"": 2}, {""name"": ""coriander"", ""label"": ""Coriander (10g)"", ""in_box"": 1}, {""name"": ""shallot"", ""label"": ""Shallot"", ""in_box"": 1}, {""name"": ""soft cheese"", ""label"": ""Soft cheese (50g)"", ""in_box"": 1}, {""name"": ""tortiglioni"", ""label"": ""Tortiglioni (200g)"", ""in_box"": 1}]"
2026-09-08,2026-09-02,bffa1aad-d1bb-402f-8ceb-348e84045974,4271,Moroccan-Style Beef Kofta & Halloumi Burger W. Roasties,True,2.5,614,1027,58.3,58.2,25.7,69.6,11.5,10.6,3.4,167,9.5,9.5,4.2,11.3,1.9,1.7,0.55,1,55,full-prep,no spice,Ultimate Fakeaway,,4.21,991,True,"[{""name"": ""halloumi"", ""label"": ""Halloumi (200g)"", ""in_box"": 1}, {""name"": ""brioche style buns"", ""label"": ""Brioche style buns (2pcs)"", ""in_box"": 1}, {""name"": ""green chilli"", ""label"": ""Green chilli"", ""in_box"": 1}, {""name"": ""ground coriander"", ""label"": ""Ground coriander (1tsp)"", ""in_box"": 1}, {""name"": ""beef mince"", ""label"": ""Beef mince (250g)"", ""in_box"": 1}, {""name"": ""Tenderstem broccoli"", ""label"": ""Tenderstem broccoli (80g)"", ""in_box"": 1}, {""name"": ""mayonnaise"", ""label"": ""Mayonnaise (25ml)"", ""in_box"": 1}, {""name"": ""ras el hanout"", ""label"": ""Ras el hanout (1tbsp)"", ""in_box"": 1}, {""name"": ""ground cumin"", ""label"": ""Ground cumin (2tsp)"", ""in_box"": 1}, {""name"": ""coriander"", ""label"": ""Coriander (10g)"", ""in_box"": 1}, {""name"": ""lemon"", ""label"": ""Lemon"", ""in_box"": 1}, {""name"": ""rocket"", ""label"": ""Rocket (20g)"", ""in_box"": 1}, {""name"": ""red onion"", ""label"": ""Red onion"", ""in_box"": 1}, {""name"": ""white potato"", ""label"": ""White potato x3"", ""in_box"": 3}]"
2026-09-08,2026-09-02,4d33fe55-08cc-475f-baf1-64f2cd7190b7,6365,One Pan Alpine-Style Sausage & Waxy Potato Hash,False,0.0,361,414,20.6,22.0,10.3,36.0,6.4,6.8,1.9,114,5.7,6.1,2.8,10.0,1.8,1.9,0.53,1,10,full-prep,no spice,10-Minute,Gluten Free,4.25,8436,True,"[{""name"": ""cheddar cheese"", ""label"": ""Cheddar cheese (40g)"", ""in_box"": 1}, {""name"": ""Jolly Hog pork sausagemeat"", ""label"": ""Jolly Hog pork sausagemeat (150g)"", ""in_box"": 1}, {""name"": ""waxy potatoes"", ""label"": ""Waxy potatoes (350g)"", ""in_box"": 1}, {""name"": ""dried thyme"", ""label"": ""Dried thyme (0.5tsp)"", ""in_box"": 1}, {""name"": ""baby leaf salad"", ""label"": ""Baby leaf salad (50g)"", ""in_box"": 1}, {""name"": ""brown onion"", ""label"": ""Brown onion"", ""in_box"": 1}, {""name"": ""roasted garlic paste"", ""label"": ""Roasted garlic paste (15g)"", ""in_box"": 1}, {""name"": ""wholegrain mustard"", ""label"": ""Wholegrain mustard (42g)"", ""in_box"": 1}, {""name"": ""red wine vinegar"", ""label"": ""Red wine vinegar (15ml)"", ""in_box"": 1}]"
2026-09-08,2026-09-02,6c800aaa-b1c1-4b5d-8a02-511a5e1f69e6,1476,One Pan Cheesy Chorizo & Pea Risotto,False,0.0,316,621,26.6,22.0,7.9,77.9,10.3,7.8,2.97,196,8.4,6.9,2.5,24.6,3.2,2.5,0.94,2,45,full-prep,no spice,One Pan Wonders,Gluten Free,4.24,42325,True,"[{""name"": ""Italian hard cheese"", ""label"": ""Italian hard cheese (20g)"", ""in_box"": 1}, {""name"": ""intense chicken stock mix"", ""label"": ""Intense chicken stock mix (5.5g)"", ""in_box"": 1}, {""name"": ""diced chorizo"", ""label"": ""Diced chorizo (100g)"", ""in_box"": 1}, {""name"": ""garlic clove"", ""label"": ""Garlic clove x2"", ""in_box"": 2}, {""name"": ""brown onion"", ""label"": ""Brown onion"", ""in_box"": 1}, {""name"": ""blanched peas"", ""label"": ""Blanched peas (160g)"", ""in_box"": 1}, {""name"": ""arborio rice"", ""label"": ""Arborio rice (160g)"", ""in_box"": 1}, {""name"": ""Chinese rice wine"", ""label"": ""Chinese rice wine (15ml)"", ""in_box"": 1}, {""name"": ""sweet pea pods"", ""label"": ""Sweet pea pods (80g)"", ""in_box"": 1}]"
2026-09-08,2026-09-02,1bac5ca0-6e8e-44af-ae13-d1159e6289c5,7177,"One Pan Creamy Sausage, Mushroom & Spinach Orzo",False,0.0,327,566,28.6,23.5,11.5,58.6,4.3,5.4,2.42,173,8.8,7.2,3.5,17.9,1.3,1.7,0.74,2,30,full-prep,no spice,One Pan Wonders,,4.42,15134,True,"[{""name"": ""Italian hard cheese"", ""label"": ""Italian hard cheese (20g)"", ""in_box"": 1}, {""name"": ""intense chicken stock mix"", ""label"": ""Intense chicken stock mix (5.5g)"", ""in_box"": 1}, {""name"": ""Jolly Hog pork sausagemeat"", ""label"": ""Jolly Hog pork sausagemeat (150g)"", ""in_box"": 1}, {""name"": ""garlic clove"", ""label"": ""Garlic clove x3"", ""in_box"": 3}, {""name"": ""soft cheese"", ""label"": ""Soft cheese (50g)"", ""in_box"": 1}, {""name"": ""Chinese rice wine"", ""label"": ""Chinese rice wine (15ml)"", ""in_box"": 1}, {""name"": ""white cup mushrooms"", ""label"": ""White cup mushrooms (160g)"", ""in_box"": 1}, {""name"": ""spinach"", ""label"": ""Spinach (80g)"", ""in_box"": 1}, {""name"": ""orzo"", ""label"": ""Orzo (150g)"", ""in_box"": 1}, {""name"": ""Dijon mustard"", ""label"": ""Dijon mustard (5.5g)"", ""in_box"": 1}]"
2026-09-08,2026-09-02,837bc170-9d5c-40f2-990d-6e49ad5b499b,13458,One Pan Pea & Bacon Risotto With Crispy Leek,False,0.0,411,555,26.6,14.4,6.7,78.8,11.9,9.4,2.69,134,6.5,3.5,1.6,19.2,2.9,2.3,0.65,2,35,full-prep,no spice,One Pan Wonders,Gluten Free,4.17,1356,True,"[{""name"": ""grated Italian hard cheese"", ""label"": ""Grated Italian hard cheese (30g)"", ""in_box"": 1}, {""name"": ""intense chicken stock mix"", ""label"": ""Intense chicken stock mix (5.5g)"", ""in_box"": 1}, {""name"": ""leek"", ""label"": ""Leek"", ""in_box"": 1}, {""name"": ""bacon lardons"", ""label"": ""Bacon lardons (100g)"", ""in_box"": 1}, {""name"": ""garlic clove"", ""label"": ""Garlic clove x2"", ""in_box"": 2}, {""name"": ""brown onion"", ""label"": ""Brown onion"", ""in_box"": 1}, {""name"": ""blanched peas"", ""label"": ""Blanched peas (160g)"", ""in_box"": 1}, {""name"": ""lemon"", ""label"": ""Lemon"", ""in_box"": 1}, {""name"": ""arborio rice"", ""label"": ""Arborio rice (160g)"", ""in_box"": 1}, {""name"": ""Chinese rice wine"", ""label"": ""Chinese rice wine (15ml)"", ""in_box"": 1}]"
2026-09-08,2026-09-02,42fbda8b-01bb-45f9-bb34-a20d289000e7,6454,One Pot Butter Chicken Tortiglioni,False,0.0,327,661,42.1,19.6,9.4,83.4,6.6,6.4,1.9,202,12.9,6.0,2.9,25.5,2.0,2.0,0.58,2,40,full-prep,mild,Prepped in 5,,4.45,21170,True,"[{""name"": ""intense chicken stock mix"", ""label"": ""Intense chicken stock mix (5.5g)"", ""in_box"": 1}, {""name"": ""Cornish clotted cream"", ""label"": ""Cornish clotted cream (40g)"", ""in_box"": 1}, {""name"": ""diced chicken breast"", ""label"": ""Diced chicken breast (250g)"", ""in_box"": 1}, {""name"": ""tomato paste"", ""label"": ""Tomato paste (32g)"", ""in_box"": 1}, {""name"": ""garam masala"", ""label"": ""Garam masala (1tsp)"", ""in_box"": 1}, {""name"": ""curry powder"", ""label"": ""Curry powder (1tbsp)"", ""in_box"": 1}, {""name"": ""shallot"", ""label"": ""Shallot"", ""in_box"": 1}, {""name"": ""ginger & garlic paste"", ""label"": ""Ginger & garlic paste (15g)"", ""in_box"": 1}, {""name"": ""spinach"", ""label"": ""Spinach (80g)"", ""in_box"": 1}, {""name"": ""tortiglioni"", ""label"": ""Tortiglioni (200g)"", ""in_box"": 1}]"
2026-09-08,2026-09-02,7004c95f-b34b-49d1-9e42-a700def22d48,1853,One Pot Cheesy Tomato Gnocchi Bake,False,0.0,474,538,28.9,18.9,12.6,64.5,7.6,4.8,2.01,113,6.1,4.0,2.7,13.6,1.6,1.0,0.42,3,40,full-prep,no spice,One Pan Wonders,Vegetarian,4.09,15399,True,"[{""name"": ""cheddar cheese"", ""label"": ""Cheddar cheese (40g)"", ""in_box"": 1}, {""name"": ""finely chopped tomatoes"", ""label"": ""Finely chopped tomatoes (200g)"", ""in_box"": 1}, {""name"": ""gnocchi"", ""label"": ""Gnocchi (350g)"", ""in_box"": 1}, {""name"": ""garlic clove"", ""label"": ""Garlic clove"", ""in_box"": 1}, {""name"": ""basil"", ""label"": ""Basil (5g)"", ""in_box"": 1}, {""name"": ""mozzarella"", ""label"": ""Mozzarella (125g)"", ""in_box"": 1}, {""name"": ""tomato paste"", ""label"": ""Tomato paste (16g)"", ""in_box"": 1}, {""name"": ""spinach"", ""label"": ""Spinach (80g)"", ""in_box"": 1}, {""name"": ""cherry tomatoes"", ""label"": ""Cherry tomatoes (125g)"", ""in_box"": 1}]"
2026-09-08,2026-09-02,1497d295-86e1-4b73-a40c-4b048d5874e5,3263,One Pot Chicken Rogan Josh With Yoghurt,False,0.0,469,495,40.7,9.0,2.4,62.8,12.8,6.3,2.51,105,8.7,1.9,0.5,13.4,2.7,1.3,0.53,2,40,full-prep,spicy,Prepped in 5,,4.37,46138,True,"[{""name"": ""tomato"", ""label"": ""Tomato"", ""in_box"": 1}, {""name"": ""plain naan"", ""label"": ""Plain naan (2pcs)"", ""in_box"": 1}, {""name"": ""intense chicken stock mix"", ""label"": ""Intense chicken stock mix (5.5g)"", ""in_box"": 1}, {""name"": ""dried chilli flakes"", ""label"": ""Dried chilli flakes (0.5tsp)"", ""in_box"": 1}, {""name"": ""ground coriander"", ""label"": ""Ground coriander (1tsp)"", ""in_box"": 1}, {""name"": ""ground turmeric"", ""label"": ""Ground turmeric (1tsp)"", ""in_box"": 1}, {""name"": ""diced chicken breast"", ""label"": ""Diced chicken breast (250g)"", ""in_box"": 1}, {""name"": ""finely chopped tomatoes"", ""label"": ""Finely chopped tomatoes (200g)"", ""in_box"": 1}, {""name"": ""curry powder"", ""label"": ""Curry powder (1tbsp)"", ""in_box"": 1}, {""name"": ""garlic clove"", ""label"": ""Garlic clove x3"", ""in_box"": 3}, {""name"": ""brown onion"", ""label"": ""Brown onion"", ""in_box"": 1}, {""name"": ""natural yoghurt"", ""label"": ""Natural yoghurt (80g)"", ""in_box"": 1}, {""name"": ""cardamom pod"", ""label"": ""Cardamom pod x3"", ""in_box"": 3}]"
2026-09-08,2026-09-02,eee3e8cf-c8b7-4022-bc67-844052cb00a9,16634,One Pot Chicken Thigh Shawarma Couscous With Harissa Yoghurt,False,0.0,394,515,37.6,15.3,4.1,55.4,12.1,6.8,2.6,130,9.6,3.9,1.1,14.1,3.1,1.7,0.66,2,30,full-prep,mild,One Pan Wonders,,0,0,True,"[{""name"": ""harissa paste"", ""label"": ""Harissa paste (20g)"", ""in_box"": 1}, {""name"": ""intense chicken stock mix"", ""label"": ""Intense chicken stock mix (5.5g)"", ""in_box"": 1}, {""name"": ""red pepper"", ""label"": ""Red pepper"", ""in_box"": 1}, {""name"": ""Mediterranean-style seasoning"", ""label"": ""Mediterranean-style seasoning (3g)"", ""in_box"": 1}, {""name"": ""soy sauce"", ""label"": ""Soy sauce (8ml)"", ""in_box"": 1}, {""name"": ""diced chicken thigh"", ""label"": ""Diced chicken thigh (250g)"", ""in_box"": 1}, {""name"": ""ground smoked paprika"", ""label"": ""Ground smoked paprika (1tsp)"", ""in_box"": 1}, {""name"": ""smoked sea salt flakes"", ""label"": ""Smoked sea salt flakes (1g)"", ""in_box"": 1}, {""name"": ""garlic clove"", ""label"": ""Garlic clove x3"", ""in_box"": 3}, {""name"": ""baby leaf salad"", ""label"": ""Baby leaf salad (50g)"", ""in_box"": 1}, {""name"": ""natural yoghurt"", ""label"": ""Natural yoghurt (80g)"", ""in_box"": 1}, {""name"": ""couscous"", ""label"": ""Couscous (120g)"", ""in_box"": 1}, {""name"": ""red wine vinegar"", ""label"": ""Red wine vinegar (15ml)"", ""in_box"": 1}, {""name"": ""red onion"", ""label"": ""Red onion"", ""in_box"": 1}]"
2026-09-08,2026-09-02,73354967-45f8-4501-b722-5c4c0a2b9c3a,1930,"One Pot Smoked Basa, Leek & Sweetcorn Chowder",False,0.0,436,363,25.1,10.1,5.3,46.0,11.2,7.8,2.12,83,5.8,2.3,1.2,10.6,2.6,1.8,0.48,1,40,full-prep,no spice,One Pan Wonders,Gluten Free,4.34,11177,True,"[{""name"": ""leek"", ""label"": ""Leek"", ""in_box"": 1}, {""name"": ""Sweetcorn"", ""label"": ""Sweetcorn (150g)"", ""in_box"": 1}, {""name"": ""garlic clove"", ""label"": ""Garlic clove"", ""in_box"": 1}, {""name"": ""smoked basa fillets"", ""label"": ""Smoked basa fillets (2pcs)"", ""in_box"": 1}, {""name"": ""vegetable stock mix"", ""label"": ""Vegetable stock mix (5.5g)"", ""in_box"": 1}, {""name"": ""soft cheese"", ""label"": ""Soft cheese (50g)"", ""in_box"": 1}, {""name"": ""white potato"", ""label"": ""White potato x3"", ""in_box"": 3}]"
2026-09-08,2026-09-02,ce1a4f74-7bca-4b61-95e9-a6b45ae761d5,3008,One Pot Spiced Beef With Couscous,False,0.0,400,665,41.9,27.6,9.9,59.6,12.8,9.3,1.82,166,10.5,6.9,2.5,14.9,3.2,2.3,0.45,2,25,full-prep,mild,20 minute meals,,4.07,2732,True,"[{""name"": ""tomato"", ""label"": ""Tomato"", ""in_box"": 1}, {""name"": ""intense beef stock mix"", ""label"": ""Intense beef stock mix (5.5g)"", ""in_box"": 1}, {""name"": ""beef mince"", ""label"": ""Beef mince (250g)"", ""in_box"": 1}, {""name"": ""tomato paste"", ""label"": ""Tomato paste (32g)"", ""in_box"": 1}, {""name"": ""ras el hanout"", ""label"": ""Ras el hanout (1tbsp)"", ""in_box"": 1}, {""name"": ""butter beans"", ""label"": ""Butter beans (185g)"", ""in_box"": 1}, {""name"": ""natural yoghurt"", ""label"": ""Natural yoghurt (80g)"", ""in_box"": 1}, {""name"": ""couscous"", ""label"": ""Couscous (120g)"", ""in_box"": 1}, {""name"": ""flaked almonds"", ""label"": ""Flaked almonds (15g)"", ""in_box"": 1}, {""name"": ""red onion"", ""label"": ""Red onion"", ""in_box"": 1}]"
2026-09-08,2026-09-02,bc1dfac1-bf64-4f6c-aecd-5857a7a0ef6c,11159,One Pot Spicy Gumbo-Inspired Sausage Stew With Brown Rice,False,0.0,421,615,27.8,29.8,11.2,57.5,7.7,12.5,2.96,146,6.6,7.1,2.7,13.7,1.8,3.0,0.7,2,30,full-prep,spicy,One Pan Wonders,Dairy Free; Gluten Free,0,0,True,"[{""name"": ""intense beef stock mix"", ""label"": ""Intense beef stock mix (5.5g)"", ""in_box"": 1}, {""name"": ""red pepper"", ""label"": ""Red pepper"", ""in_box"": 1}, {""name"": ""Jolly Hog pork sausagemeat"", ""label"": ""Jolly Hog pork sausagemeat (150g) x2"", ""in_box"": 2}, {""name"": ""southern fried seasoning"", ""label"": ""Southern fried seasoning (1tbsp)"", ""in_box"": 1}, {""name"": ""garlic clove"", ""label"": ""Garlic clove x2"", ""in_box"": 2}, {""name"": ""cooked brown long grain rice"", ""label"": ""Cooked brown long grain rice (280g)"", ""in_box"": 1}, {""name"": ""parsley"", ""label"": ""Parsley (5g)"", ""in_box"": 1}, {""name"": ""brown onion"", ""label"": ""Brown onion"", ""in_box"": 1}, {""name"": ""tomato paste"", ""label"": ""Tomato paste (16g)"", ""in_box"": 1}]"
2026-09-08,2026-09-02,1e734fe4-3249-4f8d-b64e-f2e80f0b8fa9,14257,"One Tray Crispy Chicken Thigh W. Wedges, Roasted Veg & Rhubarb Harissa",False,0.0,511,557,34.5,28.2,9.2,44.1,11.8,6.1,0.97,109,6.7,5.5,1.8,8.6,2.3,1.2,0.19,2,50,full-prep,mild,One Pan Wonders,Gluten Free,0,0,True,"[{""name"": ""harissa paste"", ""label"": ""Harissa paste (20g)"", ""in_box"": 1}, {""name"": ""tomato"", ""label"": ""Tomato x2"", ""in_box"": 2}, {""name"": ""rhubarb sauce"", ""label"": ""Rhubarb sauce (40g)"", ""in_box"": 1}, {""name"": ""skin-on chicken thighs"", ""label"": ""Skin-on chicken thighs (320g)"", ""in_box"": 1}, {""name"": ""ground paprika"", ""label"": ""Ground paprika (1tsp)"", ""in_box"": 1}, {""name"": ""baby leaf salad"", ""label"": ""Baby leaf salad (50g)"", ""in_box"": 1}, {""name"": ""feta"", ""label"": ""Feta (30g)"", ""in_box"": 1}, {""name"": ""red onion"", ""label"": ""Red onion"", ""in_box"": 1}, {""name"": ""white potato"", ""label"": ""White potato x3"", ""in_box"": 3}]"
2026-09-08,2026-09-02,f35f7738-6f49-4eef-b85d-921942c1483a,15672,One Tray Fishcake With Peri Peri Wedges & Sweet Chilli Slaw,False,0.0,512,665,19.1,30.0,2.6,84.4,24.9,10.7,1.75,130,3.7,5.9,0.5,16.5,4.9,2.1,0.34,3,30,full-prep,mild,Semi-Prepped,Dairy Free,0,0,True,"[{""name"": ""pollock fishcake"", ""label"": ""Pollock fishcake (2pcs)"", ""in_box"": 1}, {""name"": ""carrot & cabbage slaw mix"", ""label"": ""Carrot & cabbage slaw mix (160g)"", ""in_box"": 1}, {""name"": ""spring onion"", ""label"": ""Spring onion"", ""in_box"": 1}, {""name"": ""mayonnaise"", ""label"": ""Mayonnaise (50ml)"", ""in_box"": 1}, {""name"": ""peri peri spice mix"", ""label"": ""Peri peri spice mix (1tbsp)"", ""in_box"": 1}, {""name"": ""lemon"", ""label"": ""Lemon"", ""in_box"": 1}, {""name"": ""red chilli relish"", ""label"": ""Red chilli relish (25g)"", ""in_box"": 1}, {""name"": ""sweet potato"", ""label"": ""Sweet potato x2"", ""in_box"": 2}]"
2026-09-08,2026-09-02,8a23b2c6-0d9c-42ee-8874-90b9afc06bf9,6390,Oven Baked Chipotle Pork Stew With Chilli Pickle Potatoes,False,0.0,534,542,39.6,13.4,4.8,63.4,9.0,16.7,1.65,101,7.4,2.5,0.9,11.9,1.7,3.1,0.31,2,65,full-prep,spicy,Prepped in 5,Dairy Free; Gluten Free,4.27,2932,True,"[{""name"": ""intense beef stock mix"", ""label"": ""Intense beef stock mix (5.5g)"", ""in_box"": 1}, {""name"": ""dried oregano"", ""label"": ""Dried oregano (1tsp)"", ""in_box"": 1}, {""name"": ""green chilli"", ""label"": ""Green chilli"", ""in_box"": 1}, {""name"": ""black beans"", ""label"": ""Black beans (380g)"", ""in_box"": 1}, {""name"": ""diced pork"", ""label"": ""Diced pork (250g)"", ""in_box"": 1}, {""name"": ""tomato paste"", ""label"": ""Tomato paste (32g)"", ""in_box"": 1}, {""name"": ""ground smoked paprika"", ""label"": ""Ground smoked paprika (1tsp)"", ""in_box"": 1}, {""name"": ""chipotle paste"", ""label"": ""Chipotle paste (20g)"", ""in_box"": 1}, {""name"": ""garlic clove"", ""label"": ""Garlic clove x2"", ""in_box"": 2}, {""name"": ""cider vinegar"", ""label"": ""Cider vinegar (15ml)"", ""in_box"": 1}, {""name"": ""red onion"", ""label"": ""Red onion"", ""in_box"": 1}, {""name"": ""white potato"", ""label"": ""White potato x4"", ""in_box"": 4}]"
2026-09-08,2026-09-02,bbea35ea-0e94-4bde-abaa-c99a2ec79fb3,3188,Oven Baked Creamy Chorizo & Leek Pasta With Salad,False,0.0,338,646,26.7,31.1,14.0,66.1,8.0,5.6,3.05,191,7.9,9.2,4.2,19.6,2.4,1.7,0.9,1,35,full-prep,no spice,Prepped in 5,,4.23,55091,True,"[{""name"": ""crème fraîche"", ""label"": ""Cr√®me fra√Æche (80g)"", ""in_box"": 1}, {""name"": ""grated Italian hard cheese"", ""label"": ""Grated Italian hard cheese (30g)"", ""in_box"": 1}, {""name"": ""intense chicken stock mix"", ""label"": ""Intense chicken stock mix (5.5g)"", ""in_box"": 1}, {""name"": ""leek"", ""label"": ""Leek"", ""in_box"": 1}, {""name"": ""diced chorizo"", ""label"": ""Diced chorizo (100g)"", ""in_box"": 1}, {""name"": ""Chinese rice wine"", ""label"": ""Chinese rice wine (30ml)"", ""in_box"": 1}, {""name"": ""lemon"", ""label"": ""Lemon"", ""in_box"": 1}, {""name"": ""rocket"", ""label"": ""Rocket (20g)"", ""in_box"": 1}, {""name"": ""tortiglioni"", ""label"": ""Tortiglioni (150g)"", ""in_box"": 1}]"
2026-09-08,2026-09-02,5abb64cd-ff5b-4184-8d52-390f92798ef3,7440,Oven Baked Creamy Pork Shoulder & Thyme Casserole,False,0.0,477,539,32.7,25.7,12.5,47.2,7.0,8.2,1.42,113,6.9,5.4,2.6,9.9,1.5,1.7,0.3,1,65,full-prep,no spice,Prepped in 5,,4.3,1788,True,"[{""name"": ""intense chicken stock mix"", ""label"": ""Intense chicken stock mix (5.5g)"", ""in_box"": 1}, {""name"": ""diced pork"", ""label"": ""Diced pork (250g)"", ""in_box"": 1}, {""name"": ""Cornish clotted cream"", ""label"": ""Cornish clotted cream (40g)"", ""in_box"": 1}, {""name"": ""dried thyme"", ""label"": ""Dried thyme (0.5tsp)"", ""in_box"": 1}, {""name"": ""garlic clove"", ""label"": ""Garlic clove x2"", ""in_box"": 2}, {""name"": ""brown onion"", ""label"": ""Brown onion"", ""in_box"": 1}, {""name"": ""fine green beans"", ""label"": ""Fine green beans (160g)"", ""in_box"": 1}, {""name"": ""white potato"", ""label"": ""White potato x4"", ""in_box"": 4}, {""name"": ""Dijon mustard"", ""label"": ""Dijon mustard (5.5g)"", ""in_box"": 1}]"
2026-09-08,2026-09-02,be7b7c26-a3bb-4be8-9aa0-8a06ad0aa511,14273,Oven Baked Walnut Mince Tagine With Jewelled Couscous,False,0.0,394,502,18.3,17.2,2.4,66.3,28.8,11.3,2.37,127,4.6,4.4,0.6,16.8,7.3,2.9,0.6,3,40,full-prep,spicy,Prepped in 5,Vegetarian,0,0,True,"[{""name"": ""nutty supermince"", ""label"": ""Nutty supermince (150g)"", ""in_box"": 1}, {""name"": ""soy sauce"", ""label"": ""Soy sauce (8ml)"", ""in_box"": 1}, {""name"": ""finely chopped tomatoes"", ""label"": ""Finely chopped tomatoes (200g)"", ""in_box"": 1}, {""name"": ""tomato paste"", ""label"": ""Tomato paste (32g)"", ""in_box"": 1}, {""name"": ""couscous"", ""label"": ""Couscous (80g)"", ""in_box"": 1}, {""name"": ""intense vegetable stock mix"", ""label"": ""Intense vegetable stock mix (5.5g)"", ""in_box"": 1}, {""name"": ""ras el hanout"", ""label"": ""Ras el hanout (1tbsp)"", ""in_box"": 1}, {""name"": ""garlic clove"", ""label"": ""Garlic clove x2"", ""in_box"": 2}, {""name"": ""parsley"", ""label"": ""Parsley (5g)"", ""in_box"": 1}, {""name"": ""brown onion"", ""label"": ""Brown onion"", ""in_box"": 1}, {""name"": ""natural yoghurt"", ""label"": ""Natural yoghurt (80g)"", ""in_box"": 1}, {""name"": ""sultanas"", ""label"": ""Sultanas (30g)"", ""in_box"": 1}, {""name"": ""carrot"", ""label"": ""Carrot"", ""in_box"": 1}]"
2026-09-08,2026-09-02,41fa5e54-0003-4259-af9b-4ab1ed72c15b,7301,Pepperoni Pizza With Hot Honey,False,0.0,376,690,27.3,24.7,11.2,87.7,19.0,7.3,2.11,183,7.3,6.6,3.0,23.3,5.0,1.9,0.56,3,35,full-prep,spicy,Family Kitchen,,4.48,10331,True,"[{""name"": ""flame-baked pizza bases"", ""label"": ""Flame-baked pizza bases (2pcs)"", ""in_box"": 1}, {""name"": ""dried oregano"", ""label"": ""Dried oregano (1tsp)"", ""in_box"": 1}, {""name"": ""red pepper"", ""label"": ""Red pepper"", ""in_box"": 1}, {""name"": ""dried chilli flakes"", ""label"": ""Dried chilli flakes (0.5tsp)"", ""in_box"": 1}, {""name"": ""sliced pepperoni"", ""label"": ""Sliced pepperoni (30g)"", ""in_box"": 1}, {""name"": ""tomato paste"", ""label"": ""Tomato paste (32g) x2"", ""in_box"": 2}, {""name"": ""garlic clove"", ""label"": ""Garlic clove"", ""in_box"": 1}, {""name"": ""baby leaf salad"", ""label"": ""Baby leaf salad (50g)"", ""in_box"": 1}, {""name"": ""mozzarella"", ""label"": ""Mozzarella (125g)"", ""in_box"": 1}, {""name"": ""balsamic vinegar"", ""label"": ""Balsamic vinegar (15ml)"", ""in_box"": 1}, {""name"": ""honey"", ""label"": ""Honey (25g)"", ""in_box"": 1}]"
2026-09-08,2026-09-02,9354cfb8-747a-4a1c-9d0c-547710711bfe,14365,"Pepperoni, Mozzarella & Basil Mayo Ciabatta With Garlicky Potatoes",False,0.0,418,736,24.5,39.0,12.0,73.4,5.6,6.1,1.81,175,5.9,9.3,2.9,17.5,1.3,1.5,0.43,1,15,full-prep,no spice,No Cook,,4.33,75,True,"[{""name"": ""tomato"", ""label"": ""Tomato"", ""in_box"": 1}, {""name"": ""sliced pepperoni"", ""label"": ""Sliced pepperoni (30g)"", ""in_box"": 1}, {""name"": ""mayonnaise"", ""label"": ""Mayonnaise (50ml)"", ""in_box"": 1}, {""name"": ""ciabatta"", ""label"": ""Ciabatta x2"", ""in_box"": 2}, {""name"": ""garlic clove"", ""label"": ""Garlic clove x2"", ""in_box"": 2}, {""name"": ""baby leaf salad"", ""label"": ""Baby leaf salad (50g)"", ""in_box"": 1}, {""name"": ""basil"", ""label"": ""Basil (5g)"", ""in_box"": 1}, {""name"": ""mozzarella"", ""label"": ""Mozzarella (125g)"", ""in_box"": 1}, {""name"": ""balsamic vinegar"", ""label"": ""Balsamic vinegar (15ml)"", ""in_box"": 1}, {""name"": ""white potato"", ""label"": ""White potato x3"", ""in_box"": 3}]"
2026-09-08,2026-09-02,233a0f64-0bfd-4652-a2cf-99a257d246b1,1651,Peri Peri Chicken & Pepper Rice,False,0.0,410,404,33.2,8.2,1.7,49.7,6.9,4.0,1.58,98,8.1,2.0,0.4,12.1,1.7,1.0,0.39,1,10,full-prep,spicy,10-Minute,Dairy Free; Gluten Free,4.09,22259,True,"[{""name"": ""intense chicken stock mix"", ""label"": ""Intense chicken stock mix (5.5g)"", ""in_box"": 1}, {""name"": ""cooked white long grain rice"", ""label"": ""Cooked white long grain rice (280g)"", ""in_box"": 1}, {""name"": ""dried oregano"", ""label"": ""Dried oregano (1tsp)"", ""in_box"": 1}, {""name"": ""chicken breast strips"", ""label"": ""Chicken breast strips (250g)"", ""in_box"": 1}, {""name"": ""red pepper"", ""label"": ""Red pepper"", ""in_box"": 1}, {""name"": ""cayenne pepper"", ""label"": ""Cayenne pepper (0.5tsp)"", ""in_box"": 1}, {""name"": ""spring onion"", ""label"": ""Spring onion"", ""in_box"": 1}, {""name"": ""ground smoked paprika"", ""label"": ""Ground smoked paprika (1tsp)"", ""in_box"": 1}, {""name"": ""chipotle paste"", ""label"": ""Chipotle paste (20g)"", ""in_box"": 1}, {""name"": ""lemon"", ""label"": ""Lemon"", ""in_box"": 1}, {""name"": ""roasted garlic paste"", ""label"": ""Roasted garlic paste (15g)"", ""in_box"": 1}]"
2026-09-08,2026-09-02,a8af620f-eb3a-4329-b43e-16f2500992ad,11192,Peri Peri Rump Steak With Red Brown Rice And Fiery Sauce,True,3.0,408,550,38.6,19.8,7.3,51.1,5.5,7.5,1.51,134,9.4,4.9,1.8,12.5,1.3,1.8,0.37,1,10,full-prep,spicy,Gastropub,Dairy Free; Gluten Free,4.12,26,True,"[{""name"": ""rump pavé steak"", ""label"": ""Rump pavé steak (300g)"", ""in_box"": 1}, {""name"": ""intense chicken stock mix"", ""label"": ""Intense chicken stock mix (5.5g)"", ""in_box"": 1}, {""name"": ""tomato ketchup"", ""label"": ""Tomato ketchup (30ml)"", ""in_box"": 1}, {""name"": ""spring onion"", ""label"": ""Spring onion"", ""in_box"": 1}, {""name"": ""peri peri spice mix"", ""label"": ""Peri peri spice mix (1tbsp)"", ""in_box"": 1}, {""name"": ""garlic clove"", ""label"": ""Garlic clove x2"", ""in_box"": 2}, {""name"": ""cooked brown long grain rice"", ""label"": ""Cooked brown long grain rice (280g)"", ""in_box"": 1}, {""name"": ""baby leaf salad"", ""label"": ""Baby leaf salad (50g)"", ""in_box"": 1}, {""name"": ""tomato paste"", ""label"": ""Tomato paste (16g)"", ""in_box"": 1}, {""name"": ""coriander"", ""label"": ""Coriander (5g)"", ""in_box"": 1}, {""name"": ""lime"", ""label"": ""Lime"", ""in_box"": 1}]"
2026-09-08,2026-09-02,52d2112f-b9af-4cd1-8422-74dda540f8f5,17605,Piri Piri Chicken And Spicy Rice,True,0.75,379,455,24.3,12.1,1.5,54.6,13.7,15.9,2.05,119,6.4,3.2,0.4,14.4,3.6,4.2,0.54,2,7,heat-only,mild,Heat & Eat,,0,0,True,"[{""name"": ""piri piri chicken with spicy rice"", ""label"": ""Piri piri chicken with spicy rice (420g) x2"", ""in_box"": 2}]"
2026-09-08,2026-09-02,04b4dba2-3953-435f-89fa-e124d5965562,6838,Pizza-Style Loaded Beans On Toast,False,0.0,517,533,29.6,16.2,10.1,63.9,12.7,11.5,2.61,103,5.7,3.1,1.9,12.4,2.5,2.2,0.51,4,30,full-prep,no spice,Modern Bistro,Vegetarian,4.06,282,True,"[{""name"": ""Italian hard cheese"", ""label"": ""Italian hard cheese (20g)"", ""in_box"": 1}, {""name"": ""dried oregano"", ""label"": ""Dried oregano (1tsp)"", ""in_box"": 1}, {""name"": ""finely chopped tomatoes"", ""label"": ""Finely chopped tomatoes (200g)"", ""in_box"": 1}, {""name"": ""intense vegetable stock mix"", ""label"": ""Intense vegetable stock mix (5.5g)"", ""in_box"": 1}, {""name"": ""butter beans"", ""label"": ""Butter beans (390g)"", ""in_box"": 1}, {""name"": ""ciabatta"", ""label"": ""Ciabatta x2"", ""in_box"": 2}, {""name"": ""garlic clove"", ""label"": ""Garlic clove x2"", ""in_box"": 2}, {""name"": ""brown onion"", ""label"": ""Brown onion"", ""in_box"": 1}, {""name"": ""mozzarella"", ""label"": ""Mozzarella (125g)"", ""in_box"": 1}, {""name"": ""basil"", ""label"": ""Basil (10g)"", ""in_box"": 1}, {""name"": ""rocket"", ""label"": ""Rocket (50g)"", ""in_box"": 1}, {""name"": ""cherry tomatoes"", ""label"": ""Cherry tomatoes (125g)"", ""in_box"": 1}, {""name"": ""balsamic vinegar"", ""label"": ""Balsamic vinegar (15ml)"", ""in_box"": 1}]"
2026-09-08,2026-09-02,57acf1ef-dc6f-476a-8a27-4e947d04fe2f,4904,Plant-Based Smoky Gnocchi & Crispy Mushrooms,False,0.0,496,504,15.2,18.7,2.4,69.6,6.8,6.3,2.57,101,3.1,3.8,0.5,14.0,1.4,1.3,0.52,2,30,full-prep,mild,Modern Bistro,Vegan; Vegetarian; Dairy Free,4.12,12735,True,"[{""name"": ""ground smoked paprika"", ""label"": ""Ground smoked paprika (1tsp)"", ""in_box"": 1}, {""name"": ""creamy single oat"", ""label"": ""Creamy single oat (250ml)"", ""in_box"": 1}, {""name"": ""gnocchi"", ""label"": ""Gnocchi (350g)"", ""in_box"": 1}, {""name"": ""Dijon mustard"", ""label"": ""Dijon mustard (18g)"", ""in_box"": 1}, {""name"": ""garlic clove"", ""label"": ""Garlic clove x2"", ""in_box"": 2}, {""name"": ""flat white mushrooms"", ""label"": ""Flat white mushrooms (150g)"", ""in_box"": 1}, {""name"": ""vegetable stock mix"", ""label"": ""Vegetable stock mix (5.5g)"", ""in_box"": 1}, {""name"": ""spinach"", ""label"": ""Spinach (80g)"", ""in_box"": 1}, {""name"": ""cherry tomatoes"", ""label"": ""Cherry tomatoes (125g)"", ""in_box"": 1}]"
2026-09-08,2026-09-02,67dfe86a-4e1b-4f08-a311-d8811d85a3e8,14520,Pork & Beef Cheeseburger With Fries,False,0.0,431,822,36.7,46.5,15.9,64.6,9.8,7.4,1.99,190,8.5,10.8,3.7,15.0,2.3,1.7,0.46,1,35,full-prep,no spice,Classic Fakeaways,,4.49,726,True,"[{""name"": ""cheddar cheese"", ""label"": ""Cheddar cheese (40g)"", ""in_box"": 1}, {""name"": ""brioche style buns"", ""label"": ""Brioche style buns (2pcs)"", ""in_box"": 1}, {""name"": ""pork & beef mince"", ""label"": ""Pork & beef mince (250g)"", ""in_box"": 1}, {""name"": ""tomato ketchup"", ""label"": ""Tomato ketchup (30ml)"", ""in_box"": 1}, {""name"": ""smoked sea salt flakes"", ""label"": ""Smoked sea salt flakes (1g)"", ""in_box"": 1}, {""name"": ""mayonnaise"", ""label"": ""Mayonnaise (25ml)"", ""in_box"": 1}, {""name"": ""gem lettuce"", ""label"": ""Gem lettuce"", ""in_box"": 1}, {""name"": ""white potato"", ""label"": ""White potato x3"", ""in_box"": 3}]"
2026-09-08,2026-09-02,c859aa86-e4df-478c-81b5-486ec8188e95,2230,Pork Loin With Crushed Potatoes And Peppercorn Sauce,False,0.0,452,623,34.3,39.7,16.1,32.5,5.4,6.5,0.49,137,7.6,8.8,3.6,7.2,1.2,1.4,0.11,1,40,full-prep,mild,Modern Bistro,,4.23,30085,True,"[{""name"": ""pork loin steaks"", ""label"": ""Pork loin steaks (300g)"", ""in_box"": 1}, {""name"": ""waxy potatoes"", ""label"": ""Waxy potatoes (350g)"", ""in_box"": 1}, {""name"": ""shallot"", ""label"": ""Shallot"", ""in_box"": 1}, {""name"": ""soft cheese"", ""label"": ""Soft cheese (50g)"", ""in_box"": 1}, {""name"": ""Chinese rice wine"", ""label"": ""Chinese rice wine (15ml)"", ""in_box"": 1}, {""name"": ""fine green beans"", ""label"": ""Fine green beans (160g)"", ""in_box"": 1}, {""name"": ""cracked black pepper"", ""label"": ""Cracked black pepper (2.5g)"", ""in_box"": 1}, {""name"": ""Dijon mustard"", ""label"": ""Dijon mustard (5.5g)"", ""in_box"": 1}]"
2026-09-08,2026-09-02,fa1fe67a-c898-4657-b453-866739568498,5671,"Pork, Fennel & Red Wine Ragù With Tortiglioni",False,0.0,382,653,42.0,17.2,6.9,87.7,9.8,5.8,2.08,171,11.0,4.5,1.8,23.0,2.6,1.5,0.55,2,25,full-prep,no spice,20 minute meals,,4.42,30267,True,"[{""name"": ""Italian hard cheese"", ""label"": ""Italian hard cheese (20g)"", ""in_box"": 1}, {""name"": ""intense beef stock mix"", ""label"": ""Intense beef stock mix (5.5g)"", ""in_box"": 1}, {""name"": ""fennel seeds"", ""label"": ""Fennel seeds (1tsp)"", ""in_box"": 1}, {""name"": ""red wine paste"", ""label"": ""Red wine paste (10g)"", ""in_box"": 1}, {""name"": ""finely chopped tomatoes"", ""label"": ""Finely chopped tomatoes (200g)"", ""in_box"": 1}, {""name"": ""tomato paste"", ""label"": ""Tomato paste (32g)"", ""in_box"": 1}, {""name"": ""pork mince"", ""label"": ""Pork mince (250g)"", ""in_box"": 1}, {""name"": ""garlic clove"", ""label"": ""Garlic clove x3"", ""in_box"": 3}, {""name"": ""parsley"", ""label"": ""Parsley (5g)"", ""in_box"": 1}, {""name"": ""shallot"", ""label"": ""Shallot"", ""in_box"": 1}, {""name"": ""tortiglioni"", ""label"": ""Tortiglioni (200g)"", ""in_box"": 1}]"
2026-09-08,2026-09-02,ff9b9b61-a01b-4b06-ab16-a983e6213e23,5627,Pulled Chicken Breast & Sweetcorn Quesadillas,True,0.7,450,806,49.6,37.0,14.9,69.1,10.7,5.8,1.67,179,11.0,8.2,3.3,15.3,2.4,1.3,0.37,1,40,full-prep,mild,Takeaway Night,,4.31,284,True,"[{""name"": ""plain tortillas"", ""label"": ""Plain tortillas (6pcs)"", ""in_box"": 1}, {""name"": ""cheddar cheese"", ""label"": ""Cheddar cheese (40g) x2"", ""in_box"": 2}, {""name"": ""spring onion"", ""label"": ""Spring onion"", ""in_box"": 1}, {""name"": ""chicken breast portions"", ""label"": ""Chicken breast portions (2pcs)"", ""in_box"": 1}, {""name"": ""ground cumin"", ""label"": ""Ground cumin (1tsp)"", ""in_box"": 1}, {""name"": ""ground smoked paprika"", ""label"": ""Ground smoked paprika (1tsp)"", ""in_box"": 1}, {""name"": ""Sweetcorn"", ""label"": ""Sweetcorn (150g)"", ""in_box"": 1}, {""name"": ""mayonnaise"", ""label"": ""Mayonnaise (25ml)"", ""in_box"": 1}, {""name"": ""chipotle paste"", ""label"": ""Chipotle paste (20g)"", ""in_box"": 1}, {""name"": ""garlic clove"", ""label"": ""Garlic clove x2"", ""in_box"": 2}, {""name"": ""baby leaf salad"", ""label"": ""Baby leaf salad (50g)"", ""in_box"": 1}, {""name"": ""lime"", ""label"": ""Lime"", ""in_box"": 1}]"
2026-09-08,2026-09-02,1af8aab6-70e7-472d-a941-b53cce3e60eb,5039,Puttanesca-Style Sauce With Tomato & Mozzarella Tortelloni,False,0.0,266,409,17.3,14.7,4.3,51.9,9.0,3.9,1.94,153,6.5,5.5,1.6,19.5,3.4,1.4,0.73,1,10,full-prep,no spice,Pasta Pronto,Vegetarian,4.07,10104,True,"[{""name"": ""tomato & mozzarella tortelloni"", ""label"": ""Tomato & mozzarella tortelloni (250g)"", ""in_box"": 1}, {""name"": ""capers"", ""label"": ""Capers (20g)"", ""in_box"": 1}, {""name"": ""finely chopped tomatoes"", ""label"": ""Finely chopped tomatoes (200g)"", ""in_box"": 1}, {""name"": ""black olives"", ""label"": ""Black olives (40g)"", ""in_box"": 1}, {""name"": ""garlic clove"", ""label"": ""Garlic clove x3"", ""in_box"": 3}, {""name"": ""parsley"", ""label"": ""Parsley (5g)"", ""in_box"": 1}]"
2026-09-08,2026-09-02,d0b40651-9f97-4ebe-bb7b-b3966d17aeee,5236,Ras El Hanout Butternut Squash & Feta Tart With Herby Potatoes,False,0.0,502,627,14.6,27.9,11.9,80.8,21.9,8.4,1.02,125,2.9,5.6,2.4,16.1,4.4,1.7,0.2,2,45,full-prep,mild,Modern Bistro,Vegetarian,4.43,402,True,"[{""name"": ""waxy potatoes"", ""label"": ""Waxy potatoes (350g)"", ""in_box"": 1}, {""name"": ""ras el hanout"", ""label"": ""Ras el hanout (1tbsp)"", ""in_box"": 1}, {""name"": ""puff pastry"", ""label"": ""Puff pastry (160g)"", ""in_box"": 1}, {""name"": ""red chilli relish"", ""label"": ""Red chilli relish (40g)"", ""in_box"": 1}, {""name"": ""lemon"", ""label"": ""Lemon"", ""in_box"": 1}, {""name"": ""feta"", ""label"": ""Feta (30g)"", ""in_box"": 1}, {""name"": ""butternut squash cubes"", ""label"": ""Butternut squash cubes (160g)"", ""in_box"": 1}, {""name"": ""coriander & mint"", ""label"": ""Coriander & mint (10g)"", ""in_box"": 1}, {""name"": ""rocket"", ""label"": ""Rocket (50g)"", ""in_box"": 1}, {""name"": ""flaked almonds"", ""label"": ""Flaked almonds (15g)"", ""in_box"": 1}, {""name"": ""red onion"", ""label"": ""Red onion"", ""in_box"": 1}]"
2026-09-08,2026-09-02,35551b15-c69f-4d56-837b-20dc37279eba,13512,RE:NOURISH Chicken Soup With Pesto Cheese Toastie,True,2.0,668,884,32.0,55.2,14.1,67.7,8.7,8.3,4.32,132,4.8,8.3,2.1,10.1,1.3,1.2,0.65,1,10,full-prep,no spice,Semi-Prepped,,4.33,18,True,"[{""name"": ""cheddar cheese"", ""label"": ""Cheddar cheese (40g) x2"", ""in_box"": 2}, {""name"": ""RENOURISH Recover Classic Roast Chicken Soup 500g"", ""label"": ""RENOURISH Recover Classic Roast Chicken Soup 500g (500g) x2"", ""in_box"": 2}, {""name"": ""mayonnaise"", ""label"": ""Mayonnaise (50ml)"", ""in_box"": 1}, {""name"": ""ciabatta"", ""label"": ""Ciabatta x2"", ""in_box"": 2}, {""name"": ""traditional Italian pesto"", ""label"": ""Traditional Italian pesto (45g)"", ""in_box"": 1}]"
2026-09-08,2026-09-02,e8e68df5-97ba-4bb7-8243-d02ffef5b30a,13509,RE:NOURISH Tomato & Basil Soup W. Mozzarella & Pesto Toastie,True,2.0,662,599,22.1,30.1,11.2,56.0,13.4,8.2,3.19,90,3.3,4.5,1.7,8.4,2.0,1.2,0.48,3,10,full-prep,no spice,Semi-Prepped,Vegetarian,4.02,55,True,"[{""name"": ""ciabatta"", ""label"": ""Ciabatta x2"", ""in_box"": 2}, {""name"": ""RE:NOURISH Calm Tomato & Basil Soup"", ""label"": ""RE:NOURISH Calm Tomato & Basil Soup (500g) x2"", ""in_box"": 2}, {""name"": ""parsley and tarragon pesto"", ""label"": ""Parsley and tarragon pesto (40g)"", ""in_box"": 1}, {""name"": ""mozzarella"", ""label"": ""Mozzarella (125g)"", ""in_box"": 1}]"
2026-09-08,2026-09-02,bf9b500a-7632-40fb-9900-3d6e8e15566b,15547,Ready-To-Heat Chicken & Leek Pie With Mash And Peas,True,2.5,480,732,29.4,27.4,12.5,92.0,8.7,11.6,1.81,152,6.1,5.7,2.6,19.2,1.8,2.4,0.38,1,30,full-prep,no spice,Semi-Prepped,,4.4,77,True,"[{""name"": ""Higgidy Creamy Chicken & Sautéed Leek Pie with white wine"", ""label"": ""Higgidy Creamy Chicken & Saut√©ed Leek Pie with white wine (200g) x2"", ""in_box"": 2}, {""name"": ""blanched peas"", ""label"": ""Blanched peas (160g)"", ""in_box"": 1}, {""name"": ""white potato"", ""label"": ""White potato x4"", ""in_box"": 4}]"
2026-09-08,2026-09-02,76b8e374-4d66-4781-900c-7130de5c48cd,7470,Red Wine Pork Shoulder With Garlic Crushed Potatoes,False,0.0,472,436,32.7,14.2,4.8,46.8,14.0,9.9,2.15,92,6.9,3.0,1.0,9.9,3.0,2.1,0.46,2,65,full-prep,no spice,Prepped in 5,Dairy Free; Gluten Free,4.29,4321,True,"[{""name"": ""intense chicken stock mix"", ""label"": ""Intense chicken stock mix (5.5g)"", ""in_box"": 1}, {""name"": ""red wine paste"", ""label"": ""Red wine paste (10g)"", ""in_box"": 1}, {""name"": ""diced pork"", ""label"": ""Diced pork (250g)"", ""in_box"": 1}, {""name"": ""ground paprika"", ""label"": ""Ground paprika (1tsp)"", ""in_box"": 1}, {""name"": ""tomato paste"", ""label"": ""Tomato paste (32g)"", ""in_box"": 1}, {""name"": ""Dried bay leaf"", ""label"": ""Dried bay leaf x2"", ""in_box"": 2}, {""name"": ""roasted garlic paste"", ""label"": ""Roasted garlic paste (15g)"", ""in_box"": 1}, {""name"": ""carrot"", ""label"": ""Carrot"", ""in_box"": 1}, {""name"": ""spring greens"", ""label"": ""Spring greens (150g)"", ""in_box"": 1}, {""name"": ""red onion"", ""label"": ""Red onion"", ""in_box"": 1}, {""name"": ""white potato"", ""label"": ""White potato x3"", ""in_box"": 3}]"
2026-09-08,2026-09-02,ad6e6a2d-8f71-469f-b062-95133bed6065,8797,Roast Duck Breast And Honey & Soy Sauce With Pak Choi,True,3.25,421,660,31.3,25.4,6.8,78.5,12.7,1.7,3.04,156,7.4,6.0,1.6,18.6,3.0,0.4,0.72,1,30,full-prep,mild,Ultimate Fakeaway,Dairy Free,4.46,391,True,"[{""name"": ""sushi rice"", ""label"": ""Sushi rice (150g)"", ""in_box"": 1}, {""name"": ""spring onion"", ""label"": ""Spring onion"", ""in_box"": 1}, {""name"": ""red chilli"", ""label"": ""Red chilli"", ""in_box"": 1}, {""name"": ""duck breast portions"", ""label"": ""Duck breast portions (2pcs)"", ""in_box"": 1}, {""name"": ""garlic clove"", ""label"": ""Garlic clove x2"", ""in_box"": 2}, {""name"": ""pak choi"", ""label"": ""Pak choi (200g)"", ""in_box"": 1}, {""name"": ""ginger paste"", ""label"": ""Ginger paste (15g)"", ""in_box"": 1}, {""name"": ""soy sauce"", ""label"": ""Soy sauce (30ml)"", ""in_box"": 1}, {""name"": ""lime"", ""label"": ""Lime"", ""in_box"": 1}, {""name"": ""honey"", ""label"": ""Honey (25g)"", ""in_box"": 1}]"
2026-09-08,2026-09-02,2501cd1d-7791-4f6b-beac-0a0d71609a2b,8665,Roast Peri Peri Chicken Feast With Chips & Buttered Corn,True,2.5,684,742,68.2,33.0,4.4,45.4,9.9,8.1,0.73,108,10.0,4.8,0.7,6.6,1.5,1.2,0.11,1,45,full-prep,mild,Ultimate Fakeaway,Dairy Free; Gluten Free,4.42,552,True,"[{""name"": ""carrot & cabbage slaw mix"", ""label"": ""Carrot & cabbage slaw mix (160g)"", ""in_box"": 1}, {""name"": ""chicken breast joint"", ""label"": ""Chicken breast joint x2"", ""in_box"": 2}, {""name"": ""mayonnaise"", ""label"": ""Mayonnaise (50ml)"", ""in_box"": 1}, {""name"": ""peri peri spice mix"", ""label"": ""Peri peri spice mix (1tbsp)"", ""in_box"": 1}, {""name"": ""red wine vinegar"", ""label"": ""Red wine vinegar (30ml)"", ""in_box"": 1}, {""name"": ""sweetcorn cobettes"", ""label"": ""Sweetcorn cobettes (2pcs)"", ""in_box"": 1}, {""name"": ""white potato"", ""label"": ""White potato x3"", ""in_box"": 3}]"
2026-09-08,2026-09-02,d054101a-1158-4bea-8bf3-017ab2b7bc3f,4588,"Roasted Courgette, Pepper & Onion Skewer Salad With Satay Dressing",False,0.0,608,427,14.0,14.4,5.2,60.1,15.6,10.1,1.76,70,2.3,2.4,0.8,9.9,2.6,1.7,0.29,4,35,full-prep,mild,Veg Boost,Vegan; Vegetarian; Dairy Free; Gluten Free,4.09,182,True,"[{""name"": ""cultured coconut"", ""label"": ""Cultured coconut (80g)"", ""in_box"": 1}, {""name"": ""red pepper"", ""label"": ""Red pepper"", ""in_box"": 1}, {""name"": ""yellow pepper"", ""label"": ""Yellow pepper"", ""in_box"": 1}, {""name"": ""sriracha hot chilli sauce"", ""label"": ""Sriracha hot chilli sauce (8ml)"", ""in_box"": 1}, {""name"": ""curry powder"", ""label"": ""Curry powder (1tbsp)"", ""in_box"": 1}, {""name"": ""courgette"", ""label"": ""Courgette"", ""in_box"": 1}, {""name"": ""gluten free soy sauce"", ""label"": ""Gluten free soy sauce (15ml)"", ""in_box"": 1}, {""name"": ""skewers"", ""label"": ""Skewers x4"", ""in_box"": 4}, {""name"": ""black sesame seeds"", ""label"": ""Black sesame seeds (5g)"", ""in_box"": 1}, {""name"": ""gem lettuces"", ""label"": ""Gem lettuces (2pcs)"", ""in_box"": 1}, {""name"": ""lime"", ""label"": ""Lime"", ""in_box"": 1}, {""name"": ""smooth peanut butter"", ""label"": ""Smooth peanut butter (26g)"", ""in_box"": 1}, {""name"": ""red onion"", ""label"": ""Red onion"", ""in_box"": 1}, {""name"": ""brown long grain rice"", ""label"": ""Brown long grain rice (100g)"", ""in_box"": 1}]"
2026-09-08,2026-09-02,c12b4b82-6ed6-4d61-ae3e-fd8615284c28,16645,Rump Steak With Charred Miso Hispi Cabbage & Creamy Chive Mash,True,4.0,526,672,40.6,36.0,18.6,49.0,8.8,9.1,1.59,127,7.7,6.8,3.5,9.3,1.7,1.7,0.3,1,35,full-prep,no spice,Fine Dine In,Gluten Free,0,0,True,"[{""name"": ""rump pavé steak"", ""label"": ""Rump pavé steak (300g)"", ""in_box"": 1}, {""name"": ""gravy base"", ""label"": ""Gravy base (14g)"", ""in_box"": 1}, {""name"": ""white miso paste"", ""label"": ""White miso paste (17g)"", ""in_box"": 1}, {""name"": ""Cornish clotted cream"", ""label"": ""Cornish clotted cream (40g)"", ""in_box"": 1}, {""name"": ""hispi cabbage"", ""label"": ""Hispi cabbage (220g)"", ""in_box"": 1}, {""name"": ""garlic clove"", ""label"": ""Garlic clove"", ""in_box"": 1}, {""name"": ""soft cheese"", ""label"": ""Soft cheese (50g)"", ""in_box"": 1}, {""name"": ""chives"", ""label"": ""Chives (5g)"", ""in_box"": 1}, {""name"": ""white potato"", ""label"": ""White potato x4"", ""in_box"": 4}]"
2026-09-08,2026-09-02,65853120-951e-4a8e-b3d9-0d446ce74fe7,5727,Rump Steak With Crispy Cheesy Potatoes And Red Wine Jus,True,3.0,401,464,39.7,18.7,8.6,36.4,4.4,5.9,1.32,115,9.9,4.7,2.1,9.1,1.1,1.5,0.33,1,65,full-prep,no spice,Fine Dine In,Gluten Free,4.42,4228,True,"[{""name"": ""rump pavé steak"", ""label"": ""Rump pavé steak (300g)"", ""in_box"": 1}, {""name"": ""Italian hard cheese"", ""label"": ""Italian hard cheese (20g)"", ""in_box"": 1}, {""name"": ""red wine paste"", ""label"": ""Red wine paste (10g)"", ""in_box"": 1}, {""name"": ""beef stock mix"", ""label"": ""Beef stock mix (5.5g)"", ""in_box"": 1}, {""name"": ""garlic clove"", ""label"": ""Garlic clove"", ""in_box"": 1}, {""name"": ""fine green beans"", ""label"": ""Fine green beans (160g)"", ""in_box"": 1}, {""name"": ""white potato"", ""label"": ""White potato x3"", ""in_box"": 3}]"
2026-09-08,2026-09-02,1e12b6fc-6585-4c61-b35f-6368bdf88df2,2888,Saag Aloo With Peas And Pitta,False,0.0,432,488,16.2,12.9,8.7,77.6,17.4,14.0,1.53,112,3.7,3.0,2.0,18.0,4.0,3.2,0.35,3,10,full-prep,mild,10-Minute,Vegan; Vegetarian; Dairy Free,4.32,38896,True,"[{""name"": ""wholemeal pittas"", ""label"": ""Wholemeal pittas (2pcs)"", ""in_box"": 1}, {""name"": ""mango chutney"", ""label"": ""Mango chutney (20g)"", ""in_box"": 1}, {""name"": ""solid creamed coconut"", ""label"": ""Solid creamed coconut (25g)"", ""in_box"": 1}, {""name"": ""ground turmeric"", ""label"": ""Ground turmeric (0.5tsp)"", ""in_box"": 1}, {""name"": ""waxy potatoes"", ""label"": ""Waxy potatoes (350g)"", ""in_box"": 1}, {""name"": ""cumin seeds"", ""label"": ""Cumin seeds (1tsp)"", ""in_box"": 1}, {""name"": ""red chilli"", ""label"": ""Red chilli"", ""in_box"": 1}, {""name"": ""curry powder"", ""label"": ""Curry powder (0.5tbsp)"", ""in_box"": 1}, {""name"": ""blanched peas"", ""label"": ""Blanched peas (160g)"", ""in_box"": 1}, {""name"": ""vegetable stock mix"", ""label"": ""Vegetable stock mix (5.5g)"", ""in_box"": 1}, {""name"": ""ginger & garlic paste"", ""label"": ""Ginger & garlic paste (15g)"", ""in_box"": 1}, {""name"": ""tomato paste"", ""label"": ""Tomato paste (16g)"", ""in_box"": 1}, {""name"": ""black sesame seeds"", ""label"": ""Black sesame seeds (5g)"", ""in_box"": 1}, {""name"": ""spinach"", ""label"": ""Spinach (120g)"", ""in_box"": 1}]"
2026-09-08,2026-09-02,5087ab67-d972-4c75-9369-ef6ff1e7d07f,7548,Sausage And Garlic Mash With Mixed Greens,False,0.0,494,548,24.7,26.7,8.9,55.5,10.5,8.8,2.14,110,5.0,5.4,1.8,11.2,2.1,1.8,0.43,2,40,full-prep,no spice,Calorie Controlled,Dairy Free; Gluten Free,4.29,4405,True,"[{""name"": ""gravy base"", ""label"": ""Gravy base (14g)"", ""in_box"": 1}, {""name"": ""Proper Porker sausages"", ""label"": ""Proper Porker sausages (4pcs)"", ""in_box"": 1}, {""name"": ""garlic clove"", ""label"": ""Garlic clove x2"", ""in_box"": 2}, {""name"": ""roasted garlic paste"", ""label"": ""Roasted garlic paste (15g)"", ""in_box"": 1}, {""name"": ""fine green beans"", ""label"": ""Fine green beans (160g)"", ""in_box"": 1}, {""name"": ""red onion"", ""label"": ""Red onion"", ""in_box"": 1}, {""name"": ""white potato"", ""label"": ""White potato x4"", ""in_box"": 4}, {""name"": ""sweet pea pods"", ""label"": ""Sweet pea pods (80g)"", ""in_box"": 1}]"
2026-09-08,2026-09-02,9e9f00fe-ba68-4bab-a4a3-e7fba1587c1b,6745,"Sausage, Leek & Fennel Sauce With Fresh Orecchiette",False,0.0,337,671,30.3,25.1,12.6,81.4,6.4,6.9,2.3,198,9.0,7.5,3.7,24.1,1.9,2.0,0.68,1,10,full-prep,no spice,Pasta Pronto,,4.42,3617,True,"[{""name"": ""grated Italian hard cheese"", ""label"": ""Grated Italian hard cheese (30g)"", ""in_box"": 1}, {""name"": ""intense chicken stock mix"", ""label"": ""Intense chicken stock mix (5.5g)"", ""in_box"": 1}, {""name"": ""Jolly Hog pork sausagemeat"", ""label"": ""Jolly Hog pork sausagemeat (150g)"", ""in_box"": 1}, {""name"": ""fennel seeds"", ""label"": ""Fennel seeds (1tsp)"", ""in_box"": 1}, {""name"": ""leek"", ""label"": ""Leek"", ""in_box"": 1}, {""name"": ""garlic clove"", ""label"": ""Garlic clove"", ""in_box"": 1}, {""name"": ""shallot"", ""label"": ""Shallot"", ""in_box"": 1}, {""name"": ""fresh orecchiette"", ""label"": ""Fresh orecchiette (250g)"", ""in_box"": 1}, {""name"": ""soft cheese"", ""label"": ""Soft cheese (50g)"", ""in_box"": 1}]"
2026-09-08,2026-09-02,900bb357-e25b-4f1c-962a-ed15025d820c,5136,Scandi-Style Salmon & Dill Chowder,False,0.0,451,453,22.0,16.2,6.5,56.6,6.5,8.2,2.95,100,4.9,3.6,1.4,12.6,1.4,1.8,0.65,2,35,full-prep,no spice,Modern Bistro,,4.27,14707,True,"[{""name"": ""crème fraîche"", ""label"": ""Crème fraîche (80g)"", ""in_box"": 1}, {""name"": ""leek"", ""label"": ""Leek"", ""in_box"": 1}, {""name"": ""salmon flakes"", ""label"": ""Salmon flakes (100g)"", ""in_box"": 1}, {""name"": ""capers"", ""label"": ""Capers (20g)"", ""in_box"": 1}, {""name"": ""intense vegetable stock mix"", ""label"": ""Intense vegetable stock mix (5.5g)"", ""in_box"": 1}, {""name"": ""ciabatta"", ""label"": ""Ciabatta"", ""in_box"": 1}, {""name"": ""garlic clove"", ""label"": ""Garlic clove"", ""in_box"": 1}, {""name"": ""shallot"", ""label"": ""Shallot"", ""in_box"": 1}, {""name"": ""dill"", ""label"": ""Dill (5g)"", ""in_box"": 1}, {""name"": ""spinach"", ""label"": ""Spinach (120g)"", ""in_box"": 1}, {""name"": ""white potato"", ""label"": ""White potato x3"", ""in_box"": 3}, {""name"": ""Dijon mustard"", ""label"": ""Dijon mustard (5.5g)"", ""in_box"": 1}]"
2026-09-08,2026-09-02,cb22a76a-76ce-45d6-817c-5853ec46e014,1283,Sea Bass With Lemon And Paprika Risotto,True,2.25,320,585,36.5,18.7,7.0,67.4,4.5,4.3,1.89,182,11.4,5.8,2.2,21.0,1.4,1.3,0.59,1,45,full-prep,no spice,Fine Dine In,Gluten Free,4.43,1992,True,"[{""name"": ""cheddar cheese"", ""label"": ""Cheddar cheese (40g)"", ""in_box"": 1}, {""name"": ""ground paprika"", ""label"": ""Ground paprika (2tsp)"", ""in_box"": 1}, {""name"": ""sea bass fillets"", ""label"": ""Sea bass fillets (2pcs)"", ""in_box"": 1}, {""name"": ""intense vegetable stock mix"", ""label"": ""Intense vegetable stock mix (5.5g)"", ""in_box"": 1}, {""name"": ""garlic clove"", ""label"": ""Garlic clove"", ""in_box"": 1}, {""name"": ""baby leaf salad"", ""label"": ""Baby leaf salad (50g)"", ""in_box"": 1}, {""name"": ""brown onion"", ""label"": ""Brown onion"", ""in_box"": 1}, {""name"": ""lemon"", ""label"": ""Lemon"", ""in_box"": 1}, {""name"": ""arborio rice"", ""label"": ""Arborio rice (160g)"", ""in_box"": 1}, {""name"": ""white wine vinegar"", ""label"": ""White wine vinegar (15ml)"", ""in_box"": 1}]"
2026-09-08,2026-09-02,b92b3b3f-2a39-42e1-93b7-4b1098980510,14275,"Seafood Boil-Inspired Loaded Fries, Tail On Prawns & Crispy Squid",True,2.5,628,618,32.9,22.2,2.4,68.8,5.9,7.4,2.48,98,5.2,3.5,0.4,10.9,0.9,1.2,0.39,1,35,full-prep,spicy,Ultimate Fakeaway,Dairy Free,4.46,261,True,"[{""name"": ""dried oregano"", ""label"": ""Dried oregano (1tsp)"", ""in_box"": 1}, {""name"": ""cayenne pepper"", ""label"": ""Cayenne pepper (0.5tsp)"", ""in_box"": 1}, {""name"": ""salt & pepper squid"", ""label"": ""Salt & pepper squid (160g)"", ""in_box"": 1}, {""name"": ""smoked sea salt flakes"", ""label"": ""Smoked sea salt flakes (1g)"", ""in_box"": 1}, {""name"": ""ground smoked paprika"", ""label"": ""Ground smoked paprika (2tsp)"", ""in_box"": 1}, {""name"": ""mayonnaise"", ""label"": ""Mayonnaise (25ml)"", ""in_box"": 1}, {""name"": ""tail on jumbo king prawns"", ""label"": ""Tail on jumbo king prawns (227g)"", ""in_box"": 1}, {""name"": ""garlic clove"", ""label"": ""Garlic clove x2"", ""in_box"": 2}, {""name"": ""parsley"", ""label"": ""Parsley (5g)"", ""in_box"": 1}, {""name"": ""red potato"", ""label"": ""Red potato x2"", ""in_box"": 2}, {""name"": ""lemon"", ""label"": ""Lemon"", ""in_box"": 1}, {""name"": ""sweetcorn cobettes"", ""label"": ""Sweetcorn cobettes (2pcs)"", ""in_box"": 1}]"
2026-09-08,2026-09-02,b8bc97d0-367a-484b-879a-f8d49c8ec05f,1784,Seared Rump Steak Balsamic Salad With Crispy Potatoes,True,3.25,430,444,38.3,18.8,8.7,31.8,5.2,4.7,0.17,103,8.9,4.4,2.0,7.4,1.2,1.1,0.04,1,40,full-prep,no spice,Fine Dine In,Gluten Free,4.41,7572,True,"[{""name"": ""rump pavé steak"", ""label"": ""Rump pavé steak (300g)"", ""in_box"": 1}, {""name"": ""Italian hard cheese"", ""label"": ""Italian hard cheese (20g)"", ""in_box"": 1}, {""name"": ""waxy potatoes"", ""label"": ""Waxy potatoes (350g)"", ""in_box"": 1}, {""name"": ""rocket"", ""label"": ""Rocket (50g)"", ""in_box"": 1}, {""name"": ""cherry tomatoes"", ""label"": ""Cherry tomatoes (125g)"", ""in_box"": 1}, {""name"": ""balsamic vinegar"", ""label"": ""Balsamic vinegar (15ml)"", ""in_box"": 1}]"
2026-09-08,2026-09-02,d371ab28-1be0-4014-999b-e99569ce4432,4454,Seeded Chicken & Sweet Potato Salad,False,0.0,468,481,35.2,11.1,2.4,61.7,27.0,8.7,0.39,102,7.5,2.4,0.5,13.2,5.8,1.9,0.08,4,45,full-prep,no spice,Modern Bistro,Dairy Free; Gluten Free,4.11,857,True,"[{""name"": ""pumpkin seeds"", ""label"": ""Pumpkin seeds (30g)"", ""in_box"": 1}, {""name"": ""chicken breast portions"", ""label"": ""Chicken breast portions (2pcs)"", ""in_box"": 1}, {""name"": ""baby leaf salad"", ""label"": ""Baby leaf salad (50g)"", ""in_box"": 1}, {""name"": ""sultanas"", ""label"": ""Sultanas (30g)"", ""in_box"": 1}, {""name"": ""white wine vinegar"", ""label"": ""White wine vinegar (15ml)"", ""in_box"": 1}, {""name"": ""red onion"", ""label"": ""Red onion x2"", ""in_box"": 2}, {""name"": ""sweet potato"", ""label"": ""Sweet potato x2"", ""in_box"": 2}]"
2026-09-08,2026-09-02,0ae01ec6-50f2-418c-8526-a97b4924b614,4863,Serbian-Style Cevapi Sandwich With Kaymak Cheese & Chips,False,0.0,485,823,39.3,42.7,16.6,72.2,4.7,6.6,1.45,169,8.1,8.8,3.4,14.9,1.0,1.4,0.3,1,25,full-prep,mild,Global Kitchen,,4.19,2200,True,"[{""name"": ""beef mince"", ""label"": ""Beef mince (250g)"", ""in_box"": 1}, {""name"": ""red chilli"", ""label"": ""Red chilli"", ""in_box"": 1}, {""name"": ""ground smoked paprika"", ""label"": ""Ground smoked paprika (2tsp)"", ""in_box"": 1}, {""name"": ""mayonnaise"", ""label"": ""Mayonnaise (25ml)"", ""in_box"": 1}, {""name"": ""ciabatta"", ""label"": ""Ciabatta x2"", ""in_box"": 2}, {""name"": ""garlic clove"", ""label"": ""Garlic clove"", ""in_box"": 1}, {""name"": ""shallot"", ""label"": ""Shallot"", ""in_box"": 1}, {""name"": ""feta"", ""label"": ""Feta (30g)"", ""in_box"": 1}, {""name"": ""soft cheese"", ""label"": ""Soft cheese (50g)"", ""in_box"": 1}, {""name"": ""gem lettuce"", ""label"": ""Gem lettuce"", ""in_box"": 1}, {""name"": ""white wine vinegar"", ""label"": ""White wine vinegar (15ml)"", ""in_box"": 1}, {""name"": ""white potato"", ""label"": ""White potato x3"", ""in_box"": 3}]"
2026-09-08,2026-09-02,16534bd0-2213-446e-910c-3a36c993de54,2770,Sicilian-Style Pollock Stew With Herby Couscous,False,0.0,292,333,26.6,2.5,0.2,50.7,8.4,6.1,1.83,113,9.1,0.9,0.1,17.3,2.9,2.1,0.62,2,10,full-prep,mild,10-Minute,Dairy Free,3.93,2559,True,"[{""name"": ""tomato"", ""label"": ""Tomato"", ""in_box"": 1}, {""name"": ""dried oregano"", ""label"": ""Dried oregano (1tsp)"", ""in_box"": 1}, {""name"": ""diced pollock"", ""label"": ""Diced pollock (200g)"", ""in_box"": 1}, {""name"": ""capers"", ""label"": ""Capers (20g)"", ""in_box"": 1}, {""name"": ""tomato paste"", ""label"": ""Tomato paste (32g)"", ""in_box"": 1}, {""name"": ""intense vegetable stock mix"", ""label"": ""Intense vegetable stock mix (5.5g)"", ""in_box"": 1}, {""name"": ""ground smoked paprika"", ""label"": ""Ground smoked paprika (2tsp)"", ""in_box"": 1}, {""name"": ""garlic clove"", ""label"": ""Garlic clove x2"", ""in_box"": 2}, {""name"": ""couscous"", ""label"": ""Couscous (120g)"", ""in_box"": 1}, {""name"": ""sweet pointed pepper"", ""label"": ""Sweet pointed pepper"", ""in_box"": 1}]"
2026-09-08,2026-09-02,c0182b06-f0cf-4c81-bf89-c03fa4ce4ef1,16714,Singapore Noodles With Char Siu Pork & Prawns,True,0.75,392,412,22.0,11.0,2.0,52.6,9.0,7.1,2.63,104,5.6,2.8,0.5,13.4,2.3,1.8,0.67,2,7,heat-only,mild,Heat & Eat,,3.8,419,True,"[{""name"": ""singapore noodles with char siu pork and prawns"", ""label"": ""Singapore noodles with char siu pork and prawns (420g) x2"", ""in_box"": 2}]"
2026-09-08,2026-09-02,df61ea12-e7ca-4b62-9ab8-c77196f4603c,5479,Slow Cooker Korean-Style Aubergine Rice Bowl,False,0.0,481,433,9.5,15.3,1.6,64.2,16.9,7.2,3.03,89,2.0,3.2,0.3,13.3,3.5,1.5,0.63,3,190,full-prep,spicy,Slow Cooker,Vegan; Vegetarian; Dairy Free,3.67,15,True,"[{""name"": ""cooked white long grain rice"", ""label"": ""Cooked white long grain rice (280g)"", ""in_box"": 1}, {""name"": ""red pepper"", ""label"": ""Red pepper"", ""in_box"": 1}, {""name"": ""gochujang paste"", ""label"": ""Gochujang paste (30g)"", ""in_box"": 1}, {""name"": ""vegan mayonnaise"", ""label"": ""Vegan mayonnaise (25ml)"", ""in_box"": 1}, {""name"": ""garlic clove"", ""label"": ""Garlic clove x2"", ""in_box"": 2}, {""name"": ""vegetable stock mix"", ""label"": ""Vegetable stock mix (5.5g)"", ""in_box"": 1}, {""name"": ""cucumber"", ""label"": ""Cucumber (0.5pcs)"", ""in_box"": 1}, {""name"": ""mirin"", ""label"": ""Mirin (15ml)"", ""in_box"": 1}, {""name"": ""rice vinegar"", ""label"": ""Rice vinegar (15ml)"", ""in_box"": 1}, {""name"": ""black sesame seeds"", ""label"": ""Black sesame seeds (5g) x2"", ""in_box"": 2}, {""name"": ""soy sauce"", ""label"": ""Soy sauce (15ml)"", ""in_box"": 1}, {""name"": ""aubergine"", ""label"": ""Aubergine"", ""in_box"": 1}]"
2026-09-08,2026-09-02,10f13716-d10f-4d9d-bb19-eef95fe809fa,2875,Smoked Basa With Leek & Potato Salad,False,0.0,423,411,29.7,18.4,3.2,33.4,4.8,5.8,1.8,97,7.0,4.4,0.8,7.9,1.1,1.4,0.43,1,35,full-prep,no spice,Modern Bistro,Dairy Free,4.41,4591,True,"[{""name"": ""free range egg"", ""label"": ""Free range egg x2"", ""in_box"": 2}, {""name"": ""leek"", ""label"": ""Leek"", ""in_box"": 1}, {""name"": ""mayonnaise"", ""label"": ""Mayonnaise (25ml)"", ""in_box"": 1}, {""name"": ""smoked basa fillets"", ""label"": ""Smoked basa fillets (2pcs)"", ""in_box"": 1}, {""name"": ""rocket"", ""label"": ""Rocket (20g)"", ""in_box"": 1}, {""name"": ""white wine vinegar"", ""label"": ""White wine vinegar (15ml)"", ""in_box"": 1}, {""name"": ""white potato"", ""label"": ""White potato x3"", ""in_box"": 3}, {""name"": ""Dijon mustard"", ""label"": ""Dijon mustard (5.5g)"", ""in_box"": 1}]"
2026-09-08,2026-09-02,df8820e1-a6fa-4a6f-b70f-5381b3686c9a,2022,Smoky Basa & Sweetcorn Wraps With Zingy Salsa,False,0.0,498,692,30.4,31.7,6.0,73.3,14.2,7.4,2.21,138,6.1,6.4,1.2,14.7,2.8,1.5,0.44,3,10,full-prep,mild,10-Minute,Dairy Free,4.19,9339,True,"[{""name"": ""plain tortillas"", ""label"": ""Plain tortillas (6pcs)"", ""in_box"": 1}, {""name"": ""tomato"", ""label"": ""Tomato x2"", ""in_box"": 2}, {""name"": ""dried oregano"", ""label"": ""Dried oregano (1tsp)"", ""in_box"": 1}, {""name"": ""ground paprika"", ""label"": ""Ground paprika (2tsp)"", ""in_box"": 1}, {""name"": ""ground cumin"", ""label"": ""Ground cumin (1tsp)"", ""in_box"": 1}, {""name"": ""mayonnaise"", ""label"": ""Mayonnaise (50ml)"", ""in_box"": 1}, {""name"": ""Sweetcorn"", ""label"": ""Sweetcorn (150g)"", ""in_box"": 1}, {""name"": ""chipotle paste"", ""label"": ""Chipotle paste (20g)"", ""in_box"": 1}, {""name"": ""smoked basa fillets"", ""label"": ""Smoked basa fillets (2pcs)"", ""in_box"": 1}, {""name"": ""gem lettuce"", ""label"": ""Gem lettuce"", ""in_box"": 1}, {""name"": ""lime"", ""label"": ""Lime"", ""in_box"": 1}]"
2026-09-08,2026-09-02,6dcced57-a8bc-4158-ae65-6582ca72c557,1477,Smoky Beef Mince Enchiladas With Tomato Salsa,False,0.0,385,745,41.5,35.7,16.8,64.5,10.0,5.8,2.28,193,10.8,9.3,4.4,16.8,2.6,1.5,0.59,2,35,full-prep,spicy,Takeaway Night,,4.48,70112,True,"[{""name"": ""plain tortillas"", ""label"": ""Plain tortillas (6pcs)"", ""in_box"": 1}, {""name"": ""cheddar cheese"", ""label"": ""Cheddar cheese (40g)"", ""in_box"": 1}, {""name"": ""intense beef stock mix"", ""label"": ""Intense beef stock mix (5.5g)"", ""in_box"": 1}, {""name"": ""dried chilli flakes"", ""label"": ""Dried chilli flakes (1tsp)"", ""in_box"": 1}, {""name"": ""beef mince"", ""label"": ""Beef mince (250g)"", ""in_box"": 1}, {""name"": ""spring onion"", ""label"": ""Spring onion x2"", ""in_box"": 2}, {""name"": ""tomato paste"", ""label"": ""Tomato paste (32g)"", ""in_box"": 1}, {""name"": ""ground cumin"", ""label"": ""Ground cumin (1tsp)"", ""in_box"": 1}, {""name"": ""ground smoked paprika"", ""label"": ""Ground smoked paprika (2tsp)"", ""in_box"": 1}, {""name"": ""coriander"", ""label"": ""Coriander (10g)"", ""in_box"": 1}, {""name"": ""brown onion"", ""label"": ""Brown onion"", ""in_box"": 1}, {""name"": ""cherry tomatoes"", ""label"": ""Cherry tomatoes (125g)"", ""in_box"": 1}]"
2026-09-08,2026-09-02,76cbe7d5-ad31-4fe4-8213-b5c3ada98c2d,15740,Smoky Chipotle Pulled Shiitake Mushrooms With Corn Salsa & Rice,False,0.0,444,582,18.3,20.8,9.4,61.3,10.6,18.6,2.28,130,4.1,4.7,2.1,13.8,2.4,4.2,0.51,2,10,full-prep,spicy,10-Minute,Vegan; Vegetarian; Dairy Free,0,0,True,"[{""name"": ""Fable® meaty pulled mushrooms"", ""label"": ""Fable® meaty pulled mushrooms (180g)"", ""in_box"": 1}, {""name"": ""tomato"", ""label"": ""Tomato"", ""in_box"": 1}, {""name"": ""cooked white long grain rice"", ""label"": ""Cooked white long grain rice (280g)"", ""in_box"": 1}, {""name"": ""spring onion"", ""label"": ""Spring onion"", ""in_box"": 1}, {""name"": ""ground smoked paprika"", ""label"": ""Ground smoked paprika (1tsp)"", ""in_box"": 1}, {""name"": ""Sweetcorn"", ""label"": ""Sweetcorn (150g)"", ""in_box"": 1}, {""name"": ""chipotle paste"", ""label"": ""Chipotle paste (20g)"", ""in_box"": 1}, {""name"": ""garlic clove"", ""label"": ""Garlic clove"", ""in_box"": 1}, {""name"": ""shallot"", ""label"": ""Shallot"", ""in_box"": 1}, {""name"": ""tomato paste"", ""label"": ""Tomato paste (16g)"", ""in_box"": 1}, {""name"": ""soy sauce"", ""label"": ""Soy sauce (15ml)"", ""in_box"": 1}, {""name"": ""lime"", ""label"": ""Lime"", ""in_box"": 1}]"
2026-09-08,2026-09-02,3c6a958d-94fb-4efd-822c-df189264a3fb,5485,Smoky Chorizo & Pepper Farfalle,False,0.0,273,728,28.9,33.0,14.7,84.6,7.2,6.2,2.8,266,10.6,12.1,5.4,31.0,2.6,2.3,1.02,1,25,full-prep,mild,20 minute meals,,4.39,17159,True,"[{""name"": ""cheddar cheese"", ""label"": ""Cheddar cheese (40g)"", ""in_box"": 1}, {""name"": ""chicken stock mix"", ""label"": ""Chicken stock mix (5.5g)"", ""in_box"": 1}, {""name"": ""red pepper"", ""label"": ""Red pepper"", ""in_box"": 1}, {""name"": ""ground smoked paprika"", ""label"": ""Ground smoked paprika (2tsp)"", ""in_box"": 1}, {""name"": ""diced chorizo"", ""label"": ""Diced chorizo (100g)"", ""in_box"": 1}, {""name"": ""garlic clove"", ""label"": ""Garlic clove x2"", ""in_box"": 2}, {""name"": ""soft cheese"", ""label"": ""Soft cheese (50g)"", ""in_box"": 1}, {""name"": ""farfalle"", ""label"": ""Farfalle (200g)"", ""in_box"": 1}]"
2026-09-08,2026-09-02,cd28eef1-594e-46cd-8cd0-88778a27b1bb,7835,Smoky Sausage & Black Bean Stew With Rice,False,0.0,482,728,33.4,27.0,10.4,85.6,9.3,13.8,2.85,151,6.9,5.6,2.2,17.8,1.9,2.9,0.59,3,25,full-prep,mild,Protein Hit,Gluten Free,4.12,380,True,"[{""name"": ""intense chicken stock mix"", ""label"": ""Intense chicken stock mix (5.5g)"", ""in_box"": 1}, {""name"": ""white long grain rice"", ""label"": ""White long grain rice (130g)"", ""in_box"": 1}, {""name"": ""pork sausage"", ""label"": ""Pork sausage (200g)"", ""in_box"": 1}, {""name"": ""black beans"", ""label"": ""Black beans (380g)"", ""in_box"": 1}, {""name"": ""finely chopped tomatoes"", ""label"": ""Finely chopped tomatoes (200g)"", ""in_box"": 1}, {""name"": ""southern fried seasoning"", ""label"": ""Southern fried seasoning (1tbsp)"", ""in_box"": 1}, {""name"": ""lighter cheese"", ""label"": ""Lighter cheese (30g)"", ""in_box"": 1}, {""name"": ""spinach"", ""label"": ""Spinach (80g)"", ""in_box"": 1}, {""name"": ""red onion"", ""label"": ""Red onion"", ""in_box"": 1}]"
2026-09-08,2026-09-02,2eb4c1e7-013a-4d24-a759-96984f2ad0b7,15676,Sole With Maître D’Hôtel Butter & Cheesy Crushed Potatoes,True,1.5,522,352,35.5,7.0,3.8,40.6,9.9,10.3,0.45,67,6.8,1.3,0.7,7.8,1.9,2.0,0.09,2,25,full-prep,no spice,Fine Dine In,Gluten Free,0,0,True,"[{""name"": ""grated Italian hard cheese"", ""label"": ""Grated Italian hard cheese (30g)"", ""in_box"": 1}, {""name"": ""yellowfin sole fillets"", ""label"": ""Yellowfin sole fillets (240g)"", ""in_box"": 1}, {""name"": ""waxy potatoes"", ""label"": ""Waxy potatoes (350g)"", ""in_box"": 1}, {""name"": ""parsley"", ""label"": ""Parsley (5g)"", ""in_box"": 1}, {""name"": ""blanched peas"", ""label"": ""Blanched peas (160g)"", ""in_box"": 1}, {""name"": ""lemon"", ""label"": ""Lemon"", ""in_box"": 1}, {""name"": ""Tenderstem broccoli"", ""label"": ""Tenderstem broccoli (160g)"", ""in_box"": 1}]"
2026-09-08,2026-09-02,2055ae5b-1181-4efd-a389-4160c79cafe4,14892,"Southern Fried Chicken Thigh With Creamy Slaw, Chips & Gravy",False,0.0,429,620,35.3,36.2,5.6,40.8,7.2,6.8,1.14,144,8.2,8.4,1.3,9.5,1.7,1.6,0.27,1,35,full-prep,spicy,Classic Fakeaways,Dairy Free; Gluten Free,4.32,298,True,"[{""name"": ""carrot & cabbage slaw mix"", ""label"": ""Carrot & cabbage slaw mix (160g)"", ""in_box"": 1}, {""name"": ""gravy base"", ""label"": ""Gravy base (14g)"", ""in_box"": 1}, {""name"": ""skinless chicken thighs"", ""label"": ""Skinless chicken thighs (320g)"", ""in_box"": 1}, {""name"": ""mayonnaise"", ""label"": ""Mayonnaise (50ml)"", ""in_box"": 1}, {""name"": ""southern fried seasoning"", ""label"": ""Southern fried seasoning (1tbsp)"", ""in_box"": 1}, {""name"": ""garlic clove"", ""label"": ""Garlic clove"", ""in_box"": 1}, {""name"": ""white potato"", ""label"": ""White potato x3"", ""in_box"": 3}]"
2026-09-08,2026-09-02,77377146-1ab8-420b-bca8-4b53f1b5b45c,7365,"Southern-Style Chicken, Sweet Potato Mash & Gravy",False,0.0,418,361,33.2,5.3,1.3,47.6,9.1,8.2,0.88,86,7.9,1.3,0.3,11.4,2.2,2.0,0.21,2,25,full-prep,spicy,Protein Hit,Gluten Free; Dairy Free,4.32,8674,True,"[{""name"": ""gravy base"", ""label"": ""Gravy base (14g)"", ""in_box"": 1}, {""name"": ""chicken breast portions"", ""label"": ""Chicken breast portions (2pcs)"", ""in_box"": 1}, {""name"": ""southern fried seasoning"", ""label"": ""Southern fried seasoning (1tbsp)"", ""in_box"": 1}, {""name"": ""fine green beans"", ""label"": ""Fine green beans (160g)"", ""in_box"": 1}, {""name"": ""chives"", ""label"": ""Chives (5g)"", ""in_box"": 1}, {""name"": ""white potato"", ""label"": ""White potato x2"", ""in_box"": 2}, {""name"": ""sweet potato"", ""label"": ""Sweet potato"", ""in_box"": 1}]"
2026-09-08,2026-09-02,e2ebf7ce-1d2d-4b4a-9f87-82ca060c31d9,2881,Spanakopita-Style Herby Gnocchi,False,0.0,445,427,21.4,11.2,7.3,61.1,4.6,5.9,2.4,95,4.8,2.5,1.6,13.7,1.0,1.3,0.54,3,25,full-prep,no spice,20 minute meals,Vegetarian,3.99,1510,True,"[{""name"": ""Greek salad cheese"", ""label"": ""Greek salad cheese (100g)"", ""in_box"": 1}, {""name"": ""leek"", ""label"": ""Leek"", ""in_box"": 1}, {""name"": ""gnocchi"", ""label"": ""Gnocchi (350g)"", ""in_box"": 1}, {""name"": ""lemon"", ""label"": ""Lemon"", ""in_box"": 1}, {""name"": ""basil"", ""label"": ""Basil (5g)"", ""in_box"": 1}, {""name"": ""dill"", ""label"": ""Dill (5g)"", ""in_box"": 1}, {""name"": ""spinach"", ""label"": ""Spinach (120g)"", ""in_box"": 1}, {""name"": ""rocket"", ""label"": ""Rocket (50g)"", ""in_box"": 1}]"
2026-09-08,2026-09-02,69e24332-1e03-49f1-a8e9-c92a00aff1c4,7376,Spanish-Style Chorizo Orzo With Lemon Aioli,False,0.0,396,678,27.9,29.6,6.7,75.5,16.3,10.4,2.44,171,7.0,7.5,1.7,19.1,4.1,2.6,0.62,3,35,full-prep,no spice,Family Kitchen,,4.31,5319,True,"[{""name"": ""chicken stock mix"", ""label"": ""Chicken stock mix (5.5g)"", ""in_box"": 1}, {""name"": ""red pepper"", ""label"": ""Red pepper"", ""in_box"": 1}, {""name"": ""ground smoked paprika"", ""label"": ""Ground smoked paprika (2tsp)"", ""in_box"": 1}, {""name"": ""mayonnaise"", ""label"": ""Mayonnaise (25ml)"", ""in_box"": 1}, {""name"": ""diced chorizo"", ""label"": ""Diced chorizo (100g)"", ""in_box"": 1}, {""name"": ""garlic clove"", ""label"": ""Garlic clove x2"", ""in_box"": 2}, {""name"": ""parsley"", ""label"": ""Parsley (5g)"", ""in_box"": 1}, {""name"": ""brown onion"", ""label"": ""Brown onion"", ""in_box"": 1}, {""name"": ""blanched peas"", ""label"": ""Blanched peas (160g)"", ""in_box"": 1}, {""name"": ""lemon"", ""label"": ""Lemon"", ""in_box"": 1}, {""name"": ""tomato paste"", ""label"": ""Tomato paste (16g)"", ""in_box"": 1}, {""name"": ""orzo"", ""label"": ""Orzo (150g)"", ""in_box"": 1}]"
2026-09-08,2026-09-02,ec985ac8-a7e0-4d0a-93b2-34b2862fea50,5788,Spiced Aubergine & Halloumi Pilaf With Yoghurt And Sumac,False,0.0,388,652,31.6,29.6,17.2,68.2,9.8,6.4,2.61,167,8.1,7.6,4.4,17.6,2.5,1.6,0.67,1,30,full-prep,mild,Global Kitchen,Vegetarian; Gluten Free,3.99,1040,True,"[{""name"": ""halloumi"", ""label"": ""Halloumi (200g)"", ""in_box"": 1}, {""name"": ""white long grain rice"", ""label"": ""White long grain rice (130g)"", ""in_box"": 1}, {""name"": ""ground sumac"", ""label"": ""Ground sumac (1tsp)"", ""in_box"": 1}, {""name"": ""ras el hanout"", ""label"": ""Ras el hanout (1tbsp)"", ""in_box"": 1}, {""name"": ""garlic clove"", ""label"": ""Garlic clove"", ""in_box"": 1}, {""name"": ""parsley"", ""label"": ""Parsley (5g)"", ""in_box"": 1}, {""name"": ""natural yoghurt"", ""label"": ""Natural yoghurt (80g)"", ""in_box"": 1}, {""name"": ""aubergine"", ""label"": ""Aubergine"", ""in_box"": 1}, {""name"": ""flaked almonds"", ""label"": ""Flaked almonds (15g)"", ""in_box"": 1}, {""name"": ""red onion"", ""label"": ""Red onion"", ""in_box"": 1}]"
2026-09-08,2026-09-02,09b68d14-3f46-46e1-94b0-6d9f2af5711a,4448,Spiced Chickpea Tray Bake With Harissa-Honey Greek Cheese,False,0.0,515,535,22.9,17.9,8.3,66.8,25.5,15.4,2.69,103,4.4,3.5,1.6,13.0,4.9,3.0,0.52,5,45,full-prep,spicy,Global Kitchen,Vegetarian,4.28,1619,True,"[{""name"": ""Greek salad cheese"", ""label"": ""Greek salad cheese (100g)"", ""in_box"": 1}, {""name"": ""harissa paste"", ""label"": ""Harissa paste (40g)"", ""in_box"": 1}, {""name"": ""wholemeal pittas"", ""label"": ""Wholemeal pittas (2pcs)"", ""in_box"": 1}, {""name"": ""yellow pepper"", ""label"": ""Yellow pepper"", ""in_box"": 1}, {""name"": ""tomato paste"", ""label"": ""Tomato paste (32g)"", ""in_box"": 1}, {""name"": ""ras el hanout"", ""label"": ""Ras el hanout (1tbsp)"", ""in_box"": 1}, {""name"": ""chickpeas"", ""label"": ""Chickpeas (390g)"", ""in_box"": 1}, {""name"": ""vegetable stock mix"", ""label"": ""Vegetable stock mix (5.5g)"", ""in_box"": 1}, {""name"": ""black sesame seeds"", ""label"": ""Black sesame seeds (5g)"", ""in_box"": 1}, {""name"": ""cherry tomatoes"", ""label"": ""Cherry tomatoes (250g)"", ""in_box"": 1}, {""name"": ""red onion"", ""label"": ""Red onion"", ""in_box"": 1}, {""name"": ""honey"", ""label"": ""Honey (25g)"", ""in_box"": 1}]"
2026-09-08,2026-09-02,912b8af8-0d69-4ede-8e10-039c9390608f,4762,Spiced Squash & Chickpea Seekh Kebabs With Roti,False,0.0,525,655,19.3,19.4,2.1,96.4,17.2,15.5,1.35,124,3.7,3.7,0.4,18.3,3.3,3.0,0.26,4,45,full-prep,no spice,Veg Boost,Vegan; Vegetarian; Dairy Free,3.9,580,True,"[{""name"": ""tomato"", ""label"": ""Tomato"", ""in_box"": 1}, {""name"": ""roti"", ""label"": ""Roti (4pcs)"", ""in_box"": 1}, {""name"": ""mango chutney"", ""label"": ""Mango chutney (20g)"", ""in_box"": 1}, {""name"": ""panko breadcrumbs"", ""label"": ""Panko breadcrumbs (20g)"", ""in_box"": 1}, {""name"": ""vegan mayonnaise"", ""label"": ""Vegan mayonnaise (25ml)"", ""in_box"": 1}, {""name"": ""garam masala"", ""label"": ""Garam masala (1tsp)"", ""in_box"": 1}, {""name"": ""curry powder"", ""label"": ""Curry powder (1tbsp)"", ""in_box"": 1}, {""name"": ""chickpeas"", ""label"": ""Chickpeas (390g)"", ""in_box"": 1}, {""name"": ""shallot"", ""label"": ""Shallot"", ""in_box"": 1}, {""name"": ""coriander"", ""label"": ""Coriander (5g)"", ""in_box"": 1}, {""name"": ""skewers"", ""label"": ""Skewers x4"", ""in_box"": 4}, {""name"": ""butternut squash cubes"", ""label"": ""Butternut squash cubes (160g) x2"", ""in_box"": 2}, {""name"": ""rocket"", ""label"": ""Rocket (50g)"", ""in_box"": 1}, {""name"": ""white wine vinegar"", ""label"": ""White wine vinegar (15ml)"", ""in_box"": 1}]"
2026-09-08,2026-09-02,584ab1c3-72df-40fc-8c1a-ab73d10ae2bb,10582,"Spiced Turkish-Style Beef, Spinach & Feta Wholemeal Flatbreads",False,0.0,382,696,38.7,33.2,15.0,58.7,8.1,9.9,2.19,182,10.1,8.7,3.9,15.4,2.1,2.6,0.57,2,35,full-prep,spicy,Global Kitchen,,4.03,218,True,"[{""name"": ""tomato"", ""label"": ""Tomato"", ""in_box"": 1}, {""name"": ""intense beef stock mix"", ""label"": ""Intense beef stock mix (5.5g)"", ""in_box"": 1}, {""name"": ""cayenne pepper"", ""label"": ""Cayenne pepper (0.5tsp)"", ""in_box"": 1}, {""name"": ""ground coriander"", ""label"": ""Ground coriander (1tsp)"", ""in_box"": 1}, {""name"": ""beef mince"", ""label"": ""Beef mince (250g)"", ""in_box"": 1}, {""name"": ""ground cumin"", ""label"": ""Ground cumin (1tsp)"", ""in_box"": 1}, {""name"": ""ground smoked paprika"", ""label"": ""Ground smoked paprika (1tsp)"", ""in_box"": 1}, {""name"": ""wholemeal tortillas"", ""label"": ""Wholemeal tortillas (6pcs)"", ""in_box"": 1}, {""name"": ""garlic clove"", ""label"": ""Garlic clove"", ""in_box"": 1}, {""name"": ""feta"", ""label"": ""Feta (30g)"", ""in_box"": 1}, {""name"": ""tomato paste"", ""label"": ""Tomato paste (16g)"", ""in_box"": 1}, {""name"": ""spinach"", ""label"": ""Spinach (80g)"", ""in_box"": 1}, {""name"": ""red onion"", ""label"": ""Red onion"", ""in_box"": 1}]"
2026-09-08,2026-09-02,1f479fd0-2695-4bae-9e2d-d7a73a8b0126,6743,Spicy Arrabbiata Sauce With Fresh Tagliatelle,False,0.0,295,446,18.5,5.1,2.5,81.4,8.1,6.0,1.51,151,6.3,1.7,0.8,27.6,2.8,2.0,0.51,2,10,full-prep,spicy,Pasta Pronto,Vegetarian,4.24,11664,True,"[{""name"": ""Italian hard cheese"", ""label"": ""Italian hard cheese (20g)"", ""in_box"": 1}, {""name"": ""dried chilli flakes"", ""label"": ""Dried chilli flakes (1tsp)"", ""in_box"": 1}, {""name"": ""finely chopped tomatoes"", ""label"": ""Finely chopped tomatoes (200g)"", ""in_box"": 1}, {""name"": ""Tenderstem broccoli"", ""label"": ""Tenderstem broccoli (80g)"", ""in_box"": 1}, {""name"": ""fresh tagliatelle"", ""label"": ""Fresh tagliatelle (250g)"", ""in_box"": 1}, {""name"": ""intense vegetable stock mix"", ""label"": ""Intense vegetable stock mix (5.5g)"", ""in_box"": 1}, {""name"": ""garlic clove"", ""label"": ""Garlic clove x2"", ""in_box"": 2}, {""name"": ""basil"", ""label"": ""Basil (5g)"", ""in_box"": 1}, {""name"": ""tomato paste"", ""label"": ""Tomato paste (16g)"", ""in_box"": 1}]"
2026-09-08,2026-09-02,29f60dae-c256-41ff-8521-8dbc17d727d6,3325,Spicy Chicken Madras With Cooling Raita,False,0.0,494,486,39.0,6.5,2.0,73.1,13.0,5.1,1.79,98,7.9,1.3,0.4,14.8,2.6,1.0,0.36,4,35,full-prep,spicy,Takeaway Night,Gluten Free,4.24,10082,True,"[{""name"": ""tomato"", ""label"": ""Tomato x2"", ""in_box"": 2}, {""name"": ""intense chicken stock mix"", ""label"": ""Intense chicken stock mix (5.5g)"", ""in_box"": 1}, {""name"": ""white basmati rice"", ""label"": ""White basmati rice (130g)"", ""in_box"": 1}, {""name"": ""dried chilli flakes"", ""label"": ""Dried chilli flakes (1tsp)"", ""in_box"": 1}, {""name"": ""red chilli"", ""label"": ""Red chilli"", ""in_box"": 1}, {""name"": ""chicken breast portions"", ""label"": ""Chicken breast portions (2pcs)"", ""in_box"": 1}, {""name"": ""tomato paste"", ""label"": ""Tomato paste (32g)"", ""in_box"": 1}, {""name"": ""curry powder"", ""label"": ""Curry powder (1tbsp)"", ""in_box"": 1}, {""name"": ""garlic clove"", ""label"": ""Garlic clove"", ""in_box"": 1}, {""name"": ""fresh root ginger"", ""label"": ""Fresh root ginger (15g)"", ""in_box"": 1}, {""name"": ""brown onion"", ""label"": ""Brown onion"", ""in_box"": 1}, {""name"": ""natural yoghurt"", ""label"": ""Natural yoghurt (80g)"", ""in_box"": 1}, {""name"": ""cucumber"", ""label"": ""Cucumber (0.5pcs)"", ""in_box"": 1}, {""name"": ""coriander & mint"", ""label"": ""Coriander & mint (10g)"", ""in_box"": 1}]"
2026-09-08,2026-09-02,afb55d4c-6f61-4217-9e84-9399f1d6b311,7636,Spicy Pork Bulgogi With Rice,False,0.0,402,513,34.9,13.4,2.6,63.0,17.1,5.4,2.28,127,8.7,3.3,0.6,15.7,4.3,1.3,0.57,1,10,full-prep,spicy,10-Minute,Dairy Free; Gluten Free,4.24,1240,True,"[{""name"": ""cooked white long grain rice"", ""label"": ""Cooked white long grain rice (280g)"", ""in_box"": 1}, {""name"": ""gochujang paste"", ""label"": ""Gochujang paste (30g)"", ""in_box"": 1}, {""name"": ""spring onion"", ""label"": ""Spring onion"", ""in_box"": 1}, {""name"": ""pork strips"", ""label"": ""Pork strips (250g)"", ""in_box"": 1}, {""name"": ""toasted sesame oil"", ""label"": ""Toasted sesame oil (10ml)"", ""in_box"": 1}, {""name"": ""brown onion"", ""label"": ""Brown onion"", ""in_box"": 1}, {""name"": ""gluten free soy sauce"", ""label"": ""Gluten free soy sauce (15ml)"", ""in_box"": 1}, {""name"": ""ginger & garlic paste"", ""label"": ""Ginger & garlic paste (15g)"", ""in_box"": 1}, {""name"": ""mirin"", ""label"": ""Mirin (15ml)"", ""in_box"": 1}, {""name"": ""carrot"", ""label"": ""Carrot"", ""in_box"": 1}]"
2026-09-08,2026-09-02,c375f750-2c8b-42c6-b498-cbb0d91726e8,1894,Spicy Salmon Sushi Bowl With Sriracha Mayo,True,1.75,493,873,39.5,57.5,8.9,47.0,3.4,7.0,0.79,177,8.0,11.7,1.8,9.5,0.7,1.4,0.16,2,10,full-prep,spicy,Ultimate Fakeaway,Dairy Free; Gluten Free,4.38,7276,True,"[{""name"": ""spring onion"", ""label"": ""Spring onion"", ""in_box"": 1}, {""name"": ""red chilli"", ""label"": ""Red chilli"", ""in_box"": 1}, {""name"": ""sriracha hot chilli sauce"", ""label"": ""Sriracha hot chilli sauce (8ml) x2"", ""in_box"": 2}, {""name"": ""mayonnaise"", ""label"": ""Mayonnaise (50ml)"", ""in_box"": 1}, {""name"": ""skin-on salmon fillets"", ""label"": ""Skin-on salmon fillets (2pcs)"", ""in_box"": 1}, {""name"": ""skin on salmon fillet"", ""label"": ""Skin on salmon fillet"", ""in_box"": 1}, {""name"": ""toasted sesame oil"", ""label"": ""Toasted sesame oil (10ml)"", ""in_box"": 1}, {""name"": ""cooked brown long grain rice"", ""label"": ""Cooked brown long grain rice (280g)"", ""in_box"": 1}, {""name"": ""cucumber"", ""label"": ""Cucumber (0.5pcs)"", ""in_box"": 1}, {""name"": ""rice vinegar"", ""label"": ""Rice vinegar (15ml)"", ""in_box"": 1}, {""name"": ""black sesame seeds"", ""label"": ""Black sesame seeds (5g)"", ""in_box"": 1}, {""name"": ""spinach"", ""label"": ""Spinach (80g)"", ""in_box"": 1}]"
2026-09-08,2026-09-02,4fdedf42-7fe8-400f-97db-10353354bfc3,11227,Sticky Spicy Pineapple Chicken With Garlic Rice & Corn Salad,False,0.0,371,526,37.2,9.4,4.4,76.6,14.4,4.4,1.13,141,10.0,2.5,1.2,20.7,3.9,1.2,0.3,2,20,full-prep,spicy,Protein Hit,Gluten Free,0,0,True,"[{""name"": ""chicken stock mix"", ""label"": ""Chicken stock mix (5.5g)"", ""in_box"": 1}, {""name"": ""white long grain rice"", ""label"": ""White long grain rice (130g)"", ""in_box"": 1}, {""name"": ""chicken breast portions"", ""label"": ""Chicken breast portions (2pcs)"", ""in_box"": 1}, {""name"": ""pineapple & birds eye chilli sauce"", ""label"": ""Pineapple & birds eye chilli sauce (30g)"", ""in_box"": 1}, {""name"": ""Sweetcorn"", ""label"": ""Sweetcorn (150g)"", ""in_box"": 1}, {""name"": ""garlic clove"", ""label"": ""Garlic clove"", ""in_box"": 1}, {""name"": ""shallot"", ""label"": ""Shallot x2"", ""in_box"": 2}, {""name"": ""feta"", ""label"": ""Feta (30g)"", ""in_box"": 1}, {""name"": ""sweet pointed pepper"", ""label"": ""Sweet pointed pepper"", ""in_box"": 1}]"
2026-09-08,2026-09-02,5f8a9966-4107-4c13-9b2e-c6031477c46b,8359,Sticky Sweet Chilli Pork With Rice,False,0.0,440,521,34.1,13.1,4.7,69.7,11.9,5.4,2.67,118,7.7,3.0,1.1,15.8,2.7,1.2,0.61,2,25,full-prep,mild,Protein Hit,Dairy Free,4.36,4206,True,"[{""name"": ""red pepper"", ""label"": ""Red pepper"", ""in_box"": 1}, {""name"": ""white basmati rice"", ""label"": ""White basmati rice (130g)"", ""in_box"": 1}, {""name"": ""spring onion"", ""label"": ""Spring onion"", ""in_box"": 1}, {""name"": ""pork mince"", ""label"": ""Pork mince (250g)"", ""in_box"": 1}, {""name"": ""garlic clove"", ""label"": ""Garlic clove"", ""in_box"": 1}, {""name"": ""fresh root ginger"", ""label"": ""Fresh root ginger (15g)"", ""in_box"": 1}, {""name"": ""coriander"", ""label"": ""Coriander (5g)"", ""in_box"": 1}, {""name"": ""red chilli relish"", ""label"": ""Red chilli relish (25g)"", ""in_box"": 1}, {""name"": ""Chinese rice wine"", ""label"": ""Chinese rice wine (15ml)"", ""in_box"": 1}, {""name"": ""fine green beans"", ""label"": ""Fine green beans (160g)"", ""in_box"": 1}, {""name"": ""soy sauce"", ""label"": ""Soy sauce (30ml)"", ""in_box"": 1}, {""name"": ""lime"", ""label"": ""Lime"", ""in_box"": 1}]"
2026-09-08,2026-09-02,bcffc604-7a0a-4b6b-a874-92da57323da0,3576,Summery Salmon & Pea Pesto Spaghetti,False,0.0,293,709,30.0,28.0,7.3,83.1,10.3,9.2,2.71,241,10.2,9.6,2.5,28.3,3.5,3.1,0.93,1,15,full-prep,no spice,10-Minute,,4.02,8107,True,"[{""name"": ""salmon flakes"", ""label"": ""Salmon flakes (100g)"", ""in_box"": 1}, {""name"": ""sun-dried tomatoes"", ""label"": ""Sun-dried tomatoes (30g)"", ""in_box"": 1}, {""name"": ""garlic clove"", ""label"": ""Garlic clove"", ""in_box"": 1}, {""name"": ""blanched peas"", ""label"": ""Blanched peas (160g)"", ""in_box"": 1}, {""name"": ""vegetable stock mix"", ""label"": ""Vegetable stock mix (5.5g)"", ""in_box"": 1}, {""name"": ""soft cheese"", ""label"": ""Soft cheese (50g)"", ""in_box"": 1}, {""name"": ""traditional Italian pesto"", ""label"": ""Traditional Italian pesto (45g)"", ""in_box"": 1}, {""name"": ""spaghetti"", ""label"": ""Spaghetti (190g)"", ""in_box"": 1}]"
2026-09-08,2026-09-02,ea398b42-3262-41eb-afd2-10f4c4a6be3b,6893,Sun-Dried Tomato & Goats' Cheese Fresh Orecchiette,False,0.0,241,533,21.5,14.3,6.7,76.7,4.0,5.3,2.09,220,8.9,5.9,2.8,31.8,1.7,2.2,0.86,1,10,full-prep,no spice,Pasta Pronto,Vegetarian,4.2,5343,True,"[{""name"": ""sun-dried tomatoes"", ""label"": ""Sun-dried tomatoes (30g)"", ""in_box"": 1}, {""name"": ""intense vegetable stock mix"", ""label"": ""Intense vegetable stock mix (5.5g)"", ""in_box"": 1}, {""name"": ""soft goats' cheese"", ""label"": ""Soft goats' cheese (75g)"", ""in_box"": 1}, {""name"": ""garlic clove"", ""label"": ""Garlic clove x2"", ""in_box"": 2}, {""name"": ""fresh orecchiette"", ""label"": ""Fresh orecchiette (250g)"", ""in_box"": 1}, {""name"": ""Chinese rice wine"", ""label"": ""Chinese rice wine (15ml)"", ""in_box"": 1}, {""name"": ""spinach"", ""label"": ""Spinach (80g)"", ""in_box"": 1}, {""name"": ""flaked almonds"", ""label"": ""Flaked almonds (15g)"", ""in_box"": 1}]"
2026-09-08,2026-09-02,6c0d4cda-41f6-4621-a25a-127563f71db2,2353,Sweet Chilli Halloumi Burger With Quick-Pickled Cucumber,False,0.0,426,550,29.8,26.8,16.2,46.3,20.2,5.7,2.77,129,7.0,6.3,3.8,10.9,4.8,1.4,0.65,3,10,full-prep,mild,10-Minute,Vegetarian,4.26,20607,True,"[{""name"": ""halloumi"", ""label"": ""Halloumi (200g)"", ""in_box"": 1}, {""name"": ""brioche style buns"", ""label"": ""Brioche style buns (2pcs)"", ""in_box"": 1}, {""name"": ""red chilli relish"", ""label"": ""Red chilli relish (40g)"", ""in_box"": 1}, {""name"": ""baby leaf salad"", ""label"": ""Baby leaf salad (50g)"", ""in_box"": 1}, {""name"": ""cucumber"", ""label"": ""Cucumber (0.5pcs)"", ""in_box"": 1}, {""name"": ""cherry tomatoes"", ""label"": ""Cherry tomatoes (250g)"", ""in_box"": 1}, {""name"": ""white wine vinegar"", ""label"": ""White wine vinegar (15ml)"", ""in_box"": 1}]"
2026-09-08,2026-09-02,49240dfb-11fa-4160-8927-5e509d360953,16675,Thai Red Chicken Curry With Jasmine Rice,True,0.75,394,421,28.4,14.6,7.1,41.8,11.0,5.9,2.32,106,7.2,3.7,1.8,10.6,2.8,1.5,0.59,2,7,heat-only,mild,Heat & Eat,,3.88,920,True,"[{""name"": ""thai red chicken curry with jasmine rice"", ""label"": ""Thai red chicken curry with jasmine rice (420g) x2"", ""in_box"": 2}]"
2026-09-08,2026-09-02,30b2c003-dc83-4784-8e71-071098a0e573,13124,Thai-Style Yellow Chicken Curry With Rice,False,0.0,354,522,34.9,13.5,9.3,67.1,7.5,5.7,2.16,147,9.9,3.8,2.6,18.9,2.1,1.6,0.61,1,30,full-prep,mild,Takeaway Night,Dairy Free; Gluten Free,4.45,3203,True,"[{""name"": ""chicken stock mix"", ""label"": ""Chicken stock mix (5.5g)"", ""in_box"": 1}, {""name"": ""white long grain rice"", ""label"": ""White long grain rice (130g)"", ""in_box"": 1}, {""name"": ""fish sauce"", ""label"": ""Fish sauce (8ml)"", ""in_box"": 1}, {""name"": ""chicken breast strips"", ""label"": ""Chicken breast strips (250g)"", ""in_box"": 1}, {""name"": ""solid creamed coconut"", ""label"": ""Solid creamed coconut (25g)"", ""in_box"": 1}, {""name"": ""ground turmeric"", ""label"": ""Ground turmeric (0.5tsp)"", ""in_box"": 1}, {""name"": ""red chilli"", ""label"": ""Red chilli"", ""in_box"": 1}, {""name"": ""curry powder"", ""label"": ""Curry powder (0.5tbsp)"", ""in_box"": 1}, {""name"": ""garlic clove"", ""label"": ""Garlic clove x2"", ""in_box"": 2}, {""name"": ""shallot"", ""label"": ""Shallot x2"", ""in_box"": 2}, {""name"": ""ginger paste"", ""label"": ""Ginger paste (15g)"", ""in_box"": 1}, {""name"": ""carrot"", ""label"": ""Carrot"", ""in_box"": 1}, {""name"": ""lime"", ""label"": ""Lime"", ""in_box"": 1}]"
2026-09-08,2026-09-02,54eebc52-0d0c-4856-8c09-3a89e28ff5bc,2668,The Ultimate Plant-Based Stack Burger,False,0.0,502,731,27.6,28.0,6.9,96.3,14.3,15.5,2.53,145,5.5,5.6,1.4,19.2,2.9,3.1,0.51,1,45,full-prep,no spice,Takeaway Night,Vegan; Vegetarian; Dairy Free,4.52,13047,True,"[{""name"": ""ultimate vegan burger patties"", ""label"": ""Ultimate vegan burger patties (2pcs)"", ""in_box"": 1}, {""name"": ""brioche style buns"", ""label"": ""Brioche style buns (2pcs)"", ""in_box"": 1}, {""name"": ""cheese flavour slices"", ""label"": ""Cheese flavour slices (2pcs)"", ""in_box"": 1}, {""name"": ""tomato ketchup"", ""label"": ""Tomato ketchup (15ml)"", ""in_box"": 1}, {""name"": ""ground smoked paprika"", ""label"": ""Ground smoked paprika (1tsp)"", ""in_box"": 1}, {""name"": ""vegan mayonnaise"", ""label"": ""Vegan mayonnaise (25ml)"", ""in_box"": 1}, {""name"": ""gem lettuce"", ""label"": ""Gem lettuce"", ""in_box"": 1}, {""name"": ""balsamic vinegar"", ""label"": ""Balsamic vinegar (15ml)"", ""in_box"": 1}, {""name"": ""red onion"", ""label"": ""Red onion"", ""in_box"": 1}, {""name"": ""white potato"", ""label"": ""White potato x4"", ""in_box"": 4}]"
2026-09-08,2026-09-02,c8088d53-98a7-4aa8-9786-50573739499d,5826,"Tofu Souvlaki With Herby Fries, Garlic Mayo & Pitta",False,0.0,500,645,33.1,28.2,3.1,65.6,5.6,10.8,1.77,129,6.6,5.6,0.6,13.1,1.1,2.2,0.35,1,40,full-prep,mild,Takeaway Night,Vegan; Vegetarian; Dairy Free,4.14,464,True,"[{""name"": ""tomato"", ""label"": ""Tomato"", ""in_box"": 1}, {""name"": ""wholemeal pittas"", ""label"": ""Wholemeal pittas (2pcs)"", ""in_box"": 1}, {""name"": ""dried oregano"", ""label"": ""Dried oregano (1tsp) x2"", ""in_box"": 2}, {""name"": ""plain tofu"", ""label"": ""Plain tofu (280g)"", ""in_box"": 1}, {""name"": ""ground cumin"", ""label"": ""Ground cumin (1tsp)"", ""in_box"": 1}, {""name"": ""vegan mayonnaise"", ""label"": ""Vegan mayonnaise (25ml) x2"", ""in_box"": 2}, {""name"": ""ground smoked paprika"", ""label"": ""Ground smoked paprika (2tsp)"", ""in_box"": 1}, {""name"": ""garlic clove"", ""label"": ""Garlic clove"", ""in_box"": 1}, {""name"": ""shallot"", ""label"": ""Shallot"", ""in_box"": 1}, {""name"": ""skewers"", ""label"": ""Skewers x4"", ""in_box"": 4}, {""name"": ""soy sauce"", ""label"": ""Soy sauce (15ml)"", ""in_box"": 1}, {""name"": ""gem lettuce"", ""label"": ""Gem lettuce"", ""in_box"": 1}, {""name"": ""white wine vinegar"", ""label"": ""White wine vinegar (15ml)"", ""in_box"": 1}, {""name"": ""white potato"", ""label"": ""White potato x3"", ""in_box"": 3}]"
2026-09-08,2026-09-02,90c3b461-639e-468b-88d9-3d0eaf4af805,5229,Tomato & Harissa Smoked Basa With Roast Garlic Feta Mash,False,0.0,490,339,25.4,8.6,4.2,42.1,12.3,6.7,1.96,69,5.2,1.8,0.8,8.6,2.5,1.4,0.4,2,35,full-prep,mild,Modern Bistro,Gluten Free,4.2,892,True,"[{""name"": ""harissa paste"", ""label"": ""Harissa paste (20g)"", ""in_box"": 1}, {""name"": ""red pepper"", ""label"": ""Red pepper"", ""in_box"": 1}, {""name"": ""finely chopped tomatoes"", ""label"": ""Finely chopped tomatoes (200g)"", ""in_box"": 1}, {""name"": ""smoked basa fillets"", ""label"": ""Smoked basa fillets (2pcs)"", ""in_box"": 1}, {""name"": ""roasted garlic paste"", ""label"": ""Roasted garlic paste (15g)"", ""in_box"": 1}, {""name"": ""feta"", ""label"": ""Feta (30g)"", ""in_box"": 1}, {""name"": ""red onion"", ""label"": ""Red onion"", ""in_box"": 1}, {""name"": ""white potato"", ""label"": ""White potato x3"", ""in_box"": 3}]"
2026-09-08,2026-09-02,23821fd9-e232-48f5-8271-4180c463df83,4330,Tomato & King Prawn Risotto With Basil Oil,False,0.0,442,475,25.6,8.5,5.2,73.4,10.7,4.8,2.47,107,5.8,1.9,1.2,16.6,2.4,1.1,0.56,3,50,full-prep,no spice,Modern Bistro,Gluten Free,4.18,1748,True,"[{""name"": ""cheddar cheese"", ""label"": ""Cheddar cheese (40g)"", ""in_box"": 1}, {""name"": ""raw peeled king prawns"", ""label"": ""Raw peeled king prawns (171g)"", ""in_box"": 1}, {""name"": ""finely chopped tomatoes"", ""label"": ""Finely chopped tomatoes (390g)"", ""in_box"": 1}, {""name"": ""intense vegetable stock mix"", ""label"": ""Intense vegetable stock mix (5.5g)"", ""in_box"": 1}, {""name"": ""garlic clove"", ""label"": ""Garlic clove x2"", ""in_box"": 2}, {""name"": ""brown onion"", ""label"": ""Brown onion"", ""in_box"": 1}, {""name"": ""arborio rice"", ""label"": ""Arborio rice (160g)"", ""in_box"": 1}, {""name"": ""basil"", ""label"": ""Basil (10g)"", ""in_box"": 1}, {""name"": ""red wine vinegar"", ""label"": ""Red wine vinegar (15ml)"", ""in_box"": 1}]"
2026-09-08,2026-09-02,02d80780-8829-44f6-8e08-18b5b8dc8877,2262,Trapanese-Style Pesto Linguine With King Prawns,False,0.0,348,507,27.4,10.4,1.2,75.2,7.4,5.4,0.73,145,7.9,3.0,0.3,21.6,2.1,1.6,0.21,1,25,full-prep,no spice,20 minute meals,Dairy Free,4.09,9009,True,"[{""name"": ""tomato"", ""label"": ""Tomato x2"", ""in_box"": 2}, {""name"": ""raw peeled king prawns"", ""label"": ""Raw peeled king prawns (171g)"", ""in_box"": 1}, {""name"": ""linguine"", ""label"": ""Linguine (190g)"", ""in_box"": 1}, {""name"": ""garlic clove"", ""label"": ""Garlic clove"", ""in_box"": 1}, {""name"": ""lemon"", ""label"": ""Lemon"", ""in_box"": 1}, {""name"": ""basil"", ""label"": ""Basil (10g) x2"", ""in_box"": 2}, {""name"": ""flaked almonds"", ""label"": ""Flaked almonds (15g) x2"", ""in_box"": 2}]"
2026-09-08,2026-09-02,a27282ff-ea85-40c7-bcbd-8159ce0fe3f5,7503,Tteokbokki-Style Gnocchi With Sesame Broccoli,False,0.0,356,490,20.3,14.9,6.0,70.2,11.2,7.6,2.67,137,5.7,4.2,1.7,19.8,3.2,2.1,0.75,3,10,full-prep,spicy,10-Minute,Vegetarian,4.39,5795,True,"[{""name"": ""cheddar cheese"", ""label"": ""Cheddar cheese (40g)"", ""in_box"": 1}, {""name"": ""gochujang paste"", ""label"": ""Gochujang paste (30g)"", ""in_box"": 1}, {""name"": ""spring onion"", ""label"": ""Spring onion"", ""in_box"": 1}, {""name"": ""gnocchi"", ""label"": ""Gnocchi (350g)"", ""in_box"": 1}, {""name"": ""toasted sesame oil"", ""label"": ""Toasted sesame oil (10ml)"", ""in_box"": 1}, {""name"": ""roasted garlic paste"", ""label"": ""Roasted garlic paste (15g)"", ""in_box"": 1}, {""name"": ""tomato paste"", ""label"": ""Tomato paste (16g)"", ""in_box"": 1}, {""name"": ""fine green beans"", ""label"": ""Fine green beans (80g)"", ""in_box"": 1}, {""name"": ""Tenderstem broccoli"", ""label"": ""Tenderstem broccoli (160g)"", ""in_box"": 1}]"
2026-09-08,2026-09-02,55758206-8ce6-4a38-996b-4c863a72bcef,11150,Tuna Wholewheat Puttanesca With Capers & Basil,False,0.0,355,486,32.4,6.3,1.3,72.0,10.7,9.1,1.89,136,9.1,1.8,0.4,20.3,3.0,2.6,0.53,2,25,full-prep,spicy,20 minute meals,Dairy Free,4.03,157,True,"[{""name"": ""dried oregano"", ""label"": ""Dried oregano (1tsp)"", ""in_box"": 1}, {""name"": ""dried chilli flakes"", ""label"": ""Dried chilli flakes (0.5tsp)"", ""in_box"": 1}, {""name"": ""capers"", ""label"": ""Capers (20g)"", ""in_box"": 1}, {""name"": ""finely chopped tomatoes"", ""label"": ""Finely chopped tomatoes (200g)"", ""in_box"": 1}, {""name"": ""tuna chunks in spring water"", ""label"": ""Tuna chunks in spring water (145g)"", ""in_box"": 1}, {""name"": ""black olives"", ""label"": ""Black olives (40g)"", ""in_box"": 1}, {""name"": ""garlic clove"", ""label"": ""Garlic clove"", ""in_box"": 1}, {""name"": ""wholewheat spaghetti"", ""label"": ""Wholewheat spaghetti (190g)"", ""in_box"": 1}, {""name"": ""basil"", ""label"": ""Basil (5g)"", ""in_box"": 1}, {""name"": ""vegetable stock mix"", ""label"": ""Vegetable stock mix (5.5g)"", ""in_box"": 1}, {""name"": ""tomato paste"", ""label"": ""Tomato paste (16g)"", ""in_box"": 1}, {""name"": ""red onion"", ""label"": ""Red onion"", ""in_box"": 1}]"
2026-09-08,2026-09-02,3b45dbd0-82be-4932-89fa-b379d0f51db7,8791,"Ultimate Lasagne With Beef Brisket, Red Wine & Cheddar",True,3.5,418,747,47.9,35.6,16.7,57.4,10.5,4.5,3.4,178,11.5,8.5,4.0,13.8,2.5,1.1,0.81,3,50,full-prep,no spice,Gastropub,,4.63,1334,True,"[{""name"": ""cheddar cheese"", ""label"": ""Cheddar cheese (40g)"", ""in_box"": 1}, {""name"": ""intense beef stock mix"", ""label"": ""Intense beef stock mix (5.5g)"", ""in_box"": 1}, {""name"": ""dried oregano"", ""label"": ""Dried oregano (1tsp)"", ""in_box"": 1}, {""name"": ""red wine paste"", ""label"": ""Red wine paste (10g)"", ""in_box"": 1}, {""name"": ""slow cooked beef brisket"", ""label"": ""Slow cooked beef brisket (350g)"", ""in_box"": 1}, {""name"": ""finely chopped tomatoes"", ""label"": ""Finely chopped tomatoes (200g)"", ""in_box"": 1}, {""name"": ""tomato paste"", ""label"": ""Tomato paste (32g)"", ""in_box"": 1}, {""name"": ""garlic clove"", ""label"": ""Garlic clove x2"", ""in_box"": 2}, {""name"": ""lasagne sheets"", ""label"": ""Lasagne sheets (120g)"", ""in_box"": 1}, {""name"": ""baby leaf salad"", ""label"": ""Baby leaf salad (50g)"", ""in_box"": 1}, {""name"": ""balsamic vinegar"", ""label"": ""Balsamic vinegar (15ml)"", ""in_box"": 1}]"
2026-09-08,2026-09-02,5fab42db-c87a-4c33-ac40-e924f47187f1,2223,Venetian-Style Chicken Scaloppine With Crispy Potatoes,False,0.0,475,447,33.2,16.9,9.0,43.2,5.1,6.7,0.16,94,7.0,3.6,1.9,9.1,1.1,1.4,0.03,1,40,full-prep,no spice,Modern Bistro,Gluten Free,4.07,40405,True,"[{""name"": ""Cornish clotted cream"", ""label"": ""Cornish clotted cream (40g)"", ""in_box"": 1}, {""name"": ""chicken breast portions"", ""label"": ""Chicken breast portions (2pcs)"", ""in_box"": 1}, {""name"": ""lemon"", ""label"": ""Lemon"", ""in_box"": 1}, {""name"": ""fine green beans"", ""label"": ""Fine green beans (160g)"", ""in_box"": 1}, {""name"": ""white potato"", ""label"": ""White potato x4"", ""in_box"": 4}]"
2026-09-08,2026-09-02,a78cac22-cb26-4517-b9c5-f0da232d61fe,8741,"Wagyu Cheese Burger With Posh Burger Sauce, Fries & Wedge Salad",True,4.0,509,1242,38.7,89.8,28.2,71.0,10.6,8.6,2.49,244,7.6,17.6,5.5,13.9,2.1,1.7,0.49,1,35,full-prep,no spice,Ultimate Fakeaway,,4.62,171,True,"[{""name"": ""cheddar cheese"", ""label"": ""Cheddar cheese (40g)"", ""in_box"": 1}, {""name"": ""brioche style buns"", ""label"": ""Brioche style buns (2pcs)"", ""in_box"": 1}, {""name"": ""wagyu beef burger"", ""label"": ""Wagyu beef burger (2pcs)"", ""in_box"": 1}, {""name"": ""ground smoked paprika"", ""label"": ""Ground smoked paprika (1tsp)"", ""in_box"": 1}, {""name"": ""mayonnaise"", ""label"": ""Mayonnaise (50ml)"", ""in_box"": 1}, {""name"": ""mustard ketchup"", ""label"": ""Mustard ketchup (20g)"", ""in_box"": 1}, {""name"": ""shallot"", ""label"": ""Shallot"", ""in_box"": 1}, {""name"": ""crispy onions"", ""label"": ""Crispy onions (15g)"", ""in_box"": 1}, {""name"": ""cider vinegar"", ""label"": ""Cider vinegar (15ml)"", ""in_box"": 1}, {""name"": ""gem lettuce"", ""label"": ""Gem lettuce"", ""in_box"": 1}, {""name"": ""white potato"", ""label"": ""White potato x3"", ""in_box"": 3}]"
