menu_week_start,scraped_at,id,core_recipe_id,name,is_surcharge,surcharge_per_portion_gbp,portion_weight_g,kcal_per_portion,protein_g_per_portion,fat_g_per_portion,fat_saturates_g_per_portion,carbs_g_per_portion,sugars_g_per_portion,fibre_g_per_portion,salt_g_per_portion,kcal_per_100g,protein_g_per_100g,fat_g_per_100g,fat_saturates_g_per_100g,carbs_g_per_100g,sugars_g_per_100g,fibre_g_per_100g,salt_g_per_100g,five_a_day,prep_time_min,preparation_type,spice_level,food_brand,dietary_claims,rating_avg,rating_count,is_available,ingredients_json
2026-08-04,2026-08-03,073862ba-7965-4e1c-a424-34fb6cc5085f,8858,2 Meals: Butter Paneer x Curried Paneer Loaded Pitta,True,0.75,793,1163,58.1,41.9,26.1,142.3,39.8,10.8,4.99,146,7.3,5.3,3.3,17.9,5.0,1.4,0.63,2,45,full-prep,mild,Batch Cooking,Vegetarian,4.34,70,True,"[{""name"": ""green chilli"", ""label"": ""Green chilli"", ""in_box"": 1}, {""name"": ""white basmati rice"", ""label"": ""White basmati rice (130g)"", ""in_box"": 1}, {""name"": ""tomato paste"", ""label"": ""Tomato paste (32g) x2"", ""in_box"": 2}, {""name"": ""garam masala"", ""label"": ""Garam masala (1tsp) x2"", ""in_box"": 2}, {""name"": ""intense vegetable stock mix"", ""label"": ""Intense vegetable stock mix (5.5g)"", ""in_box"": 1}, {""name"": ""curry powder"", ""label"": ""Curry powder (2tbsp)"", ""in_box"": 1}, {""name"": ""garlic clove"", ""label"": ""Garlic clove x4"", ""in_box"": 4}, {""name"": ""fresh root ginger"", ""label"": ""Fresh root ginger (15g) x2"", ""in_box"": 2}, {""name"": ""sourdough pittas"", ""label"": ""Sourdough pittas (2pcs)"", ""in_box"": 1}, {""name"": ""tomato"", ""label"": ""Tomato"", ""in_box"": 1}, {""name"": ""brown onion"", ""label"": ""Brown onion x2"", ""in_box"": 2}, {""name"": ""natural yoghurt"", ""label"": ""Natural yoghurt (80g) x2"", ""in_box"": 2}, {""name"": ""paneer"", ""label"": ""Paneer (200g) x2"", ""in_box"": 2}, {""name"": ""cucumber"", ""label"": ""Cucumber (0.5pcs)"", ""in_box"": 1}, {""name"": ""coriander"", ""label"": ""Coriander (5g)"", ""in_box"": 1}, {""name"": ""red chilli relish"", ""label"": ""Red chilli relish (25g) x2"", ""in_box"": 2}, {""name"": ""spinach"", ""label"": ""Spinach (80g)"", ""in_box"": 1}, {""name"": ""white wine vinegar"", ""label"": ""White wine vinegar (15ml)"", ""in_box"": 1}]"
2026-08-04,2026-08-03,4188c0aa-e248-4011-a9e8-51c8123e9bec,8701,2 Meals: Pulled Shiitake Mushrooms Bourguignon x Ragù Tortiglioni,True,4.0,784,1217,42.8,34.8,18.0,147.2,24.6,41.4,7.66,155,5.5,4.4,2.3,18.8,3.1,5.3,0.98,2,45,full-prep,no spice,Batch Cooking,Vegan; Vegetarian; Dairy Free,4.54,171,True,"[{""name"": ""red wine paste"", ""label"": ""Red wine paste (10g)"", ""in_box"": 1}, {""name"": ""panko breadcrumbs"", ""label"": ""Panko breadcrumbs (20g)"", ""in_box"": 1}, {""name"": ""finely chopped tomatoes"", ""label"": ""Finely chopped tomatoes (200g)"", ""in_box"": 1}, {""name"": ""tomato paste"", ""label"": ""Tomato paste (32g) x2"", ""in_box"": 2}, {""name"": ""intense vegetable stock mix"", ""label"": ""Intense vegetable stock mix (5.5g) x2"", ""in_box"": 2}, {""name"": ""garlic clove"", ""label"": ""Garlic clove x4"", ""in_box"": 4}, {""name"": ""Dried bay leaf"", ""label"": ""Dried bay leaf x2"", ""in_box"": 2}, {""name"": ""Chinese rice wine"", ""label"": ""Chinese rice wine (30ml)"", ""in_box"": 1}, {""name"": ""Fable® meaty pulled mushrooms"", ""label"": ""Fable® meaty pulled mushrooms (180g) x2"", ""in_box"": 2}, {""name"": ""parsley"", ""label"": ""Parsley (5g)"", ""in_box"": 1}, {""name"": ""shallot"", ""label"": ""Shallot x4"", ""in_box"": 4}, {""name"": ""gluten free soy sauce"", ""label"": ""Gluten free soy sauce (15ml) x2"", ""in_box"": 2}, {""name"": ""Henderson's Relish"", ""label"": ""Henderson's Relish (15ml) x2"", ""in_box"": 2}, {""name"": ""rosemary"", ""label"": ""Rosemary (5g)"", ""in_box"": 1}, {""name"": ""carrot"", ""label"": ""Carrot x2"", ""in_box"": 2}, {""name"": ""tortiglioni"", ""label"": ""Tortiglioni (200g)"", ""in_box"": 1}, {""name"": ""white potato"", ""label"": ""White potato x3"", ""in_box"": 3}]"
2026-08-04,2026-08-03,fc9d75bd-9b5c-42fa-9229-7727a4aefa25,8759,2 Meals: Veggie Chilli Con Carne x Refried Bean Tortillas,True,0.88,986,1197,41.8,33.2,15.9,175.9,31.9,33.6,4.68,121,4.2,3.4,1.6,17.8,3.2,3.4,0.47,3,40,full-prep,mild,Batch Cooking,Vegetarian,4.39,127,True,"[{""name"": ""white long grain rice"", ""label"": ""White long grain rice (130g)"", ""in_box"": 1}, {""name"": ""crème fraîche"", ""label"": ""Crème fraîche (80g)"", ""in_box"": 1}, {""name"": ""black beans"", ""label"": ""Black beans (380g)"", ""in_box"": 1}, {""name"": ""red pepper"", ""label"": ""Red pepper x2"", ""in_box"": 2}, {""name"": ""chipotle paste"", ""label"": ""Chipotle paste (40g)"", ""in_box"": 1}, {""name"": ""tomato paste"", ""label"": ""Tomato paste (32g)"", ""in_box"": 1}, {""name"": ""smashed avocado"", ""label"": ""Smashed avocado (100g)"", ""in_box"": 1}, {""name"": ""intense vegetable stock mix"", ""label"": ""Intense vegetable stock mix (5.5g) x2"", ""in_box"": 2}, {""name"": ""ground smoked paprika"", ""label"": ""Ground smoked paprika (2tsp)"", ""in_box"": 1}, {""name"": ""plain tortillas"", ""label"": ""Plain tortillas (6pcs)"", ""in_box"": 1}, {""name"": ""cannellini beans"", ""label"": ""Cannellini beans (390g)"", ""in_box"": 1}, {""name"": ""cheddar cheese"", ""label"": ""Cheddar cheese (40g)"", ""in_box"": 1}, {""name"": ""ground cumin"", ""label"": ""Ground cumin (2tsp)"", ""in_box"": 1}, {""name"": ""garlic clove"", ""label"": ""Garlic clove x2"", ""in_box"": 2}, {""name"": ""tomato"", ""label"": ""Tomato"", ""in_box"": 1}, {""name"": ""coriander"", ""label"": ""Coriander (5g)"", ""in_box"": 1}, {""name"": ""red chilli relish"", ""label"": ""Red chilli relish (25g)"", ""in_box"": 1}, {""name"": ""gem lettuce"", ""label"": ""Gem lettuce"", ""in_box"": 1}, {""name"": ""sweetcorn cobettes"", ""label"": ""Sweetcorn cobettes (2pcs)"", ""in_box"": 1}, {""name"": ""red onion"", ""label"": ""Red onion x2"", ""in_box"": 2}]"
2026-08-04,2026-08-03,6cb75fd5-ac8b-43f4-990d-7f9e60f0a1b6,8913,21-Day Aged Sirloin Steak With Chips And Peppercorn Sauce,True,7.0,,644,49.9,33.4,,36.2,,6.6,0.97,,,,,,,,,1,40,full-prep,,Fine Dine In,,4.54,69,True,
2026-08-04,2026-08-03,e3f917c2-fdce-4dcc-99d6-b54cb97a3217,5950,3 Cheese Veg-Packed Pasta Bake,False,0.0,440,593,31.0,22.8,14.7,70.3,12.5,5.9,2.25,134,7.0,5.2,3.3,16.0,2.8,1.3,0.51,3,30,full-prep,no spice,Modern Bistro,Vegetarian,4.53,8728,True,"[{""name"": ""finely chopped tomatoes"", ""label"": ""Finely chopped tomatoes (200g)"", ""in_box"": 1}, {""name"": ""intense vegetable stock mix"", ""label"": ""Intense vegetable stock mix (5.5g)"", ""in_box"": 1}, {""name"": ""cheddar cheese"", ""label"": ""Cheddar cheese (40g)"", ""in_box"": 1}, {""name"": ""garlic clove"", ""label"": ""Garlic clove x2"", ""in_box"": 2}, {""name"": ""dried basil"", ""label"": ""Dried basil (1tsp)"", ""in_box"": 1}, {""name"": ""courgette"", ""label"": ""Courgette"", ""in_box"": 1}, {""name"": ""Italian hard cheese"", ""label"": ""Italian hard cheese (20g)"", ""in_box"": 1}, {""name"": ""mozzarella"", ""label"": ""Mozzarella (125g)"", ""in_box"": 1}, {""name"": ""tomato paste"", ""label"": ""Tomato paste (16g)"", ""in_box"": 1}, {""name"": ""parsley"", ""label"": ""Parsley (10g)"", ""in_box"": 1}, {""name"": ""cherry tomatoes"", ""label"": ""Cherry tomatoes (125g)"", ""in_box"": 1}, {""name"": ""tortiglioni"", ""label"": ""Tortiglioni (150g)"", ""in_box"": 1}, {""name"": ""balsamic vinegar"", ""label"": ""Balsamic vinegar (15ml)"", ""in_box"": 1}]"
2026-08-04,2026-08-03,4e6dc935-ff19-4b8b-9342-38ffbcedd7ef,8403,All In One Honey Baked Greek Cheese & Crispy Gnocchi,False,0.0,474,478,20.4,11.1,7.3,75.5,16.0,5.7,2.36,100,4.3,2.3,1.5,15.9,3.4,1.2,0.5,4,40,full-prep,mild,Prepped in 5,Vegetarian,4.17,414,True,"[{""name"": ""Greek salad cheese"", ""label"": ""Greek salad cheese (100g)"", ""in_box"": 1}, {""name"": ""dried chilli flakes"", ""label"": ""Dried chilli flakes (0.5tsp)"", ""in_box"": 1}, {""name"": ""dried oregano"", ""label"": ""Dried oregano (1tsp)"", ""in_box"": 1}, {""name"": ""gnocchi"", ""label"": ""Gnocchi (350g)"", ""in_box"": 1}, {""name"": ""courgette"", ""label"": ""Courgette"", ""in_box"": 1}, {""name"": ""gem lettuce"", ""label"": ""Gem lettuce"", ""in_box"": 1}, {""name"": ""cherry tomatoes"", ""label"": ""Cherry tomatoes (125g)"", ""in_box"": 1}, {""name"": ""red wine vinegar"", ""label"": ""Red wine vinegar (15ml)"", ""in_box"": 1}, {""name"": ""red onion"", ""label"": ""Red onion"", ""in_box"": 1}, {""name"": ""honey"", ""label"": ""Honey (25g)"", ""in_box"": 1}]"
2026-08-04,2026-08-03,9cc8aa5b-178c-4ab2-a7d4-f909280ec0e9,5390,Aromatic Basa En Papillote With Pickled Carrot & Rice,False,0.0,430,500,27.1,13.3,2.5,69.4,9.5,3.7,2.52,116,6.3,3.1,0.6,16.1,2.2,0.9,0.59,2,30,full-prep,spicy,Global Kitchen,Dairy Free,4.04,452,True,"[{""name"": ""white long grain rice"", ""label"": ""White long grain rice (130g)"", ""in_box"": 1}, {""name"": ""lemongrass and lime leaf paste"", ""label"": ""Lemongrass and lime leaf paste (20g)"", ""in_box"": 1}, {""name"": ""spring onion"", ""label"": ""Spring onion"", ""in_box"": 1}, {""name"": ""soy sauce"", ""label"": ""Soy sauce (8ml)"", ""in_box"": 1}, {""name"": ""red chilli"", ""label"": ""Red chilli"", ""in_box"": 1}, {""name"": ""basa fillets"", ""label"": ""Basa fillets (2pcs)"", ""in_box"": 1}, {""name"": ""toasted sesame oil"", ""label"": ""Toasted sesame oil (20ml)"", ""in_box"": 1}, {""name"": ""pak choi"", ""label"": ""Pak choi (200g)"", ""in_box"": 1}, {""name"": ""brown onion"", ""label"": ""Brown onion"", ""in_box"": 1}, {""name"": ""gluten free soy sauce"", ""label"": ""Gluten free soy sauce (15ml)"", ""in_box"": 1}, {""name"": ""ginger & garlic paste"", ""label"": ""Ginger & garlic paste (15g)"", ""in_box"": 1}, {""name"": ""rice vinegar"", ""label"": ""Rice vinegar (30ml)"", ""in_box"": 1}, {""name"": ""Chinese rice wine"", ""label"": ""Chinese rice wine (15ml)"", ""in_box"": 1}, {""name"": ""carrot"", ""label"": ""Carrot"", ""in_box"": 1}]"
2026-08-04,2026-08-03,c20c324c-c133-4f00-9fa7-35f90da71d63,4830,Asian-Style Pulled Hoisin Duck Salad,True,2.75,390,733,26.0,50.3,12.9,44.7,20.6,5.7,1.14,187,6.7,12.9,3.3,11.4,5.3,1.5,0.29,2,45,full-prep,mild,Ultimate Fakeaway,Dairy Free,4.5,3236,True,"[{""name"": ""spring onion"", ""label"": ""Spring onion x2"", ""in_box"": 2}, {""name"": ""toasted sesame oil"", ""label"": ""Toasted sesame oil (20ml)"", ""in_box"": 1}, {""name"": ""ciabatta"", ""label"": ""Ciabatta"", ""in_box"": 1}, {""name"": ""five-spice mix"", ""label"": ""Five-spice mix (1tsp)"", ""in_box"": 1}, {""name"": ""garlic clove"", ""label"": ""Garlic clove"", ""in_box"": 1}, {""name"": ""toasted sesame seeds"", ""label"": ""Toasted sesame seeds (5g)"", ""in_box"": 1}, {""name"": ""slow cooked duck legs"", ""label"": ""Slow cooked duck legs (2pcs)"", ""in_box"": 1}, {""name"": ""hoisin sauce"", ""label"": ""Hoisin sauce (40g) x2"", ""in_box"": 2}, {""name"": ""cucumber"", ""label"": ""Cucumber (0.5pcs)"", ""in_box"": 1}, {""name"": ""rice vinegar"", ""label"": ""Rice vinegar (15ml)"", ""in_box"": 1}, {""name"": ""carrot"", ""label"": ""Carrot"", ""in_box"": 1}, {""name"": ""black sesame seeds"", ""label"": ""Black sesame seeds (5g)"", ""in_box"": 1}, {""name"": ""gem lettuce"", ""label"": ""Gem lettuce"", ""in_box"": 1}]"
2026-08-04,2026-08-03,5ac0d218-0a90-4d97-b1f3-4796e931a27b,1606,Bacon & Mushroom Alfredo,False,0.0,290,605,26.1,21.4,10.6,73.0,5.6,3.5,1.9,208,9.0,7.4,3.7,25.2,1.9,1.2,0.66,1,10,full-prep,no spice,10-Minute,,4.35,24965,True,"[{""name"": ""bacon lardons"", ""label"": ""Bacon lardons (100g)"", ""in_box"": 1}, {""name"": ""Chinese rice wine"", ""label"": ""Chinese rice wine (30ml)"", ""in_box"": 1}, {""name"": ""parsley"", ""label"": ""Parsley (5g)"", ""in_box"": 1}, {""name"": ""roasted garlic paste"", ""label"": ""Roasted garlic paste (15g)"", ""in_box"": 1}, {""name"": ""grated Italian hard cheese"", ""label"": ""Grated Italian hard cheese (30g)"", ""in_box"": 1}, {""name"": ""soft cheese"", ""label"": ""Soft cheese (50g)"", ""in_box"": 1}, {""name"": ""chestnut mushrooms"", ""label"": ""Chestnut mushrooms (160g)"", ""in_box"": 1}, {""name"": ""spaghetti"", ""label"": ""Spaghetti (190g)"", ""in_box"": 1}]"
2026-08-04,2026-08-03,61b7828d-2e94-4a64-83e2-9ea39f065134,3076,Bacon Croque Madame With Mushroom Salad,False,0.0,290,506,28.2,25.6,10.2,39.5,1.4,3.2,2.67,174,9.7,8.8,3.5,13.6,0.5,1.1,0.92,1,35,full-prep,no spice,Modern Bistro,,4.19,4686,True,"[{""name"": ""free range egg"", ""label"": ""Free range egg x2"", ""in_box"": 2}, {""name"": ""smoked streaky bacon"", ""label"": ""Smoked streaky bacon (90g)"", ""in_box"": 1}, {""name"": ""ciabatta"", ""label"": ""Ciabatta x2"", ""in_box"": 2}, {""name"": ""cheddar cheese"", ""label"": ""Cheddar cheese (40g)"", ""in_box"": 1}, {""name"": ""shallot"", ""label"": ""Shallot"", ""in_box"": 1}, {""name"": ""cider vinegar"", ""label"": ""Cider vinegar (15ml)"", ""in_box"": 1}, {""name"": ""white cup mushrooms"", ""label"": ""White cup mushrooms (80g)"", ""in_box"": 1}, {""name"": ""rocket"", ""label"": ""Rocket (50g)"", ""in_box"": 1}, {""name"": ""Dijon mustard"", ""label"": ""Dijon mustard (5.5g)"", ""in_box"": 1}]"
2026-08-04,2026-08-03,dc24bc3e-7cd2-4084-b6aa-1af0a63b7fff,6205,Baked Harissa & Red Wine Orzo With Honey Greek Cheese,False,0.0,339,509,20.9,12.5,7.4,77.4,21.7,6.5,1.9,150,6.2,3.7,2.2,22.8,6.4,1.9,0.56,2,35,full-prep,mild,Modern Bistro,Vegetarian,4.12,9669,True,"[{""name"": ""red pepper"", ""label"": ""Red pepper"", ""in_box"": 1}, {""name"": ""red wine paste"", ""label"": ""Red wine paste (10g)"", ""in_box"": 1}, {""name"": ""Greek salad cheese"", ""label"": ""Greek salad cheese (100g)"", ""in_box"": 1}, {""name"": ""garlic clove"", ""label"": ""Garlic clove x2"", ""in_box"": 2}, {""name"": ""parsley"", ""label"": ""Parsley (5g)"", ""in_box"": 1}, {""name"": ""harissa paste"", ""label"": ""Harissa paste (20g)"", ""in_box"": 1}, {""name"": ""tomato paste"", ""label"": ""Tomato paste (16g)"", ""in_box"": 1}, {""name"": ""cherry tomatoes"", ""label"": ""Cherry tomatoes (125g)"", ""in_box"": 1}, {""name"": ""red onion"", ""label"": ""Red onion"", ""in_box"": 1}, {""name"": ""orzo"", ""label"": ""Orzo (150g)"", ""in_box"": 1}, {""name"": ""honey"", ""label"": ""Honey (25g)"", ""in_box"": 1}]"
2026-08-04,2026-08-03,7d1d6a78-f1d6-4eb8-b623-aee9c3fa7288,14054,Baked Pesto Crumbed Basa With Tomatoey Bean Stew,False,0.0,368,347,27.4,15.0,2.5,23.2,8.6,7.2,2.32,94,7.5,4.1,0.7,6.3,2.3,1.9,0.63,3,30,full-prep,no spice,Nutrient Rich,,4.3,455,True,"[{""name"": ""basa fillets"", ""label"": ""Basa fillets (2pcs)"", ""in_box"": 1}, {""name"": ""panko breadcrumbs"", ""label"": ""Panko breadcrumbs (20g)"", ""in_box"": 1}, {""name"": ""cannellini beans"", ""label"": ""Cannellini beans (185g)"", ""in_box"": 1}, {""name"": ""intense vegetable stock mix"", ""label"": ""Intense vegetable stock mix (5.5g)"", ""in_box"": 1}, {""name"": ""garlic clove"", ""label"": ""Garlic clove"", ""in_box"": 1}, {""name"": ""brown onion"", ""label"": ""Brown onion"", ""in_box"": 1}, {""name"": ""basil"", ""label"": ""Basil (10g)"", ""in_box"": 1}, {""name"": ""traditional Italian pesto"", ""label"": ""Traditional Italian pesto (45g)"", ""in_box"": 1}, {""name"": ""cherry tomatoes"", ""label"": ""Cherry tomatoes (250g)"", ""in_box"": 1}]"
2026-08-04,2026-08-03,37395ed2-746a-4935-ae8b-8f15d1f3baa9,14351,Battered Basa With Salt & Vinegar Chips And Mushy Peas,False,0.0,,489,28.1,22.3,,45.7,,7.8,1.02,,,,,,,,,1,35,full-prep,no spice,Classic Fakeaways,Dairy Free,4.47,616,True,
2026-08-04,2026-08-03,3acec115-93d4-48df-9f25-325009aa259f,6867,BBQ Pork Loin With Crispy Bacon Corn And Creamy Slaw,True,2.25,616,981,46.6,67.0,19.0,51.3,15.5,8.0,2.48,159,7.6,10.9,3.1,8.3,2.5,1.3,0.4,2,50,full-prep,mild,Gastropub,,4.29,398,True,"[{""name"": ""pork loin steaks"", ""label"": ""Pork loin steaks (300g)"", ""in_box"": 1}, {""name"": ""BBQ sauce"", ""label"": ""BBQ sauce (40g)"", ""in_box"": 1}, {""name"": ""cayenne pepper"", ""label"": ""Cayenne pepper (0.5tsp)"", ""in_box"": 1}, {""name"": ""spring onion"", ""label"": ""Spring onion"", ""in_box"": 1}, {""name"": ""carrot & cabbage slaw mix"", ""label"": ""Carrot & cabbage slaw mix (160g)"", ""in_box"": 1}, {""name"": ""mayonnaise"", ""label"": ""Mayonnaise (50ml)"", ""in_box"": 1}, {""name"": ""ground smoked paprika"", ""label"": ""Ground smoked paprika (2tsp)"", ""in_box"": 1}, {""name"": ""bacon lardons"", ""label"": ""Bacon lardons (100g)"", ""in_box"": 1}, {""name"": ""garlic clove"", ""label"": ""Garlic clove"", ""in_box"": 1}, {""name"": ""Italian hard cheese"", ""label"": ""Italian hard cheese (20g)"", ""in_box"": 1}, {""name"": ""cider vinegar"", ""label"": ""Cider vinegar (15ml)"", ""in_box"": 1}, {""name"": ""sweetcorn cobettes"", ""label"": ""Sweetcorn cobettes (2pcs)"", ""in_box"": 1}, {""name"": ""white potato"", ""label"": ""White potato x3"", ""in_box"": 3}, {""name"": ""Dijon mustard"", ""label"": ""Dijon mustard (5.5g)"", ""in_box"": 1}]"
2026-08-04,2026-08-03,2f819adf-d46f-4e64-ae90-cd898b2b3296,13358,BBQ Pulled Pork With Loaded Potatoes And Creamy Slaw,True,2.25,492,699,36.0,40.4,10.6,50.3,16.5,7.3,2.29,142,7.3,8.2,2.2,10.2,3.3,1.5,0.47,1,45,full-prep,mild,Gastropub,,4.59,1610,True,"[{""name"": ""BBQ pulled pork"", ""label"": ""BBQ pulled pork (308g)"", ""in_box"": 1}, {""name"": ""BBQ sauce"", ""label"": ""BBQ sauce (40g)"", ""in_box"": 1}, {""name"": ""waxy potatoes"", ""label"": ""Waxy potatoes (350g)"", ""in_box"": 1}, {""name"": ""carrot & cabbage slaw mix"", ""label"": ""Carrot & cabbage slaw mix (160g)"", ""in_box"": 1}, {""name"": ""mayonnaise"", ""label"": ""Mayonnaise (50ml)"", ""in_box"": 1}, {""name"": ""cheddar cheese"", ""label"": ""Cheddar cheese (40g)"", ""in_box"": 1}, {""name"": ""tomato paste"", ""label"": ""Tomato paste (16g)"", ""in_box"": 1}, {""name"": ""chives"", ""label"": ""Chives (5g)"", ""in_box"": 1}, {""name"": ""white wine vinegar"", ""label"": ""White wine vinegar (15ml)"", ""in_box"": 1}]"
2026-08-04,2026-08-03,1e47cec2-e389-4af6-ab18-74d3efe5eadd,15848,"BBQ Special With Wagyu Burger, Peri Peri Chicken Thigh & Sausages",True,4.0,825,1440,63.1,96.4,29.6,81.0,18.2,9.8,3.38,174,7.6,11.7,3.6,9.8,2.2,1.2,0.41,1,30,full-prep,mild,Gastropub,Dairy Free,4.48,64,True,"[{""name"": ""wagyu beef burger"", ""label"": ""Wagyu beef burger (2pcs)"", ""in_box"": 1}, {""name"": ""waxy potatoes"", ""label"": ""Waxy potatoes (350g)"", ""in_box"": 1}, {""name"": ""tomato ketchup"", ""label"": ""Tomato ketchup (30ml)"", ""in_box"": 1}, {""name"": ""spring onion"", ""label"": ""Spring onion"", ""in_box"": 1}, {""name"": ""skinless chicken thighs"", ""label"": ""Skinless chicken thighs (160g)"", ""in_box"": 1}, {""name"": ""mayonnaise"", ""label"": ""Mayonnaise (25ml)"", ""in_box"": 1}, {""name"": ""mustard ketchup"", ""label"": ""Mustard ketchup (20g)"", ""in_box"": 1}, {""name"": ""peri peri spice mix"", ""label"": ""Peri peri spice mix (1tbsp)"", ""in_box"": 1}, {""name"": ""brioche style buns"", ""label"": ""Brioche style buns (2pcs)"", ""in_box"": 1}, {""name"": ""tomato"", ""label"": ""Tomato"", ""in_box"": 1}, {""name"": ""Proper Porker sausages"", ""label"": ""Proper Porker sausages (3pcs)"", ""in_box"": 1}, {""name"": ""lemon"", ""label"": ""Lemon"", ""in_box"": 1}, {""name"": ""sweetcorn cobettes"", ""label"": ""Sweetcorn cobettes (2pcs)"", ""in_box"": 1}]"
2026-08-04,2026-08-03,ffbf7861-a6a0-4c16-a350-3df09b430eac,1620,Beany Chilli With Avocado Salsa And Brown Rice,False,0.0,487,564,17.9,16.9,4.3,81.7,13.4,21.7,2.49,115,3.7,3.5,0.9,16.8,2.8,4.4,0.51,4,45,full-prep,spicy,Fibre Fix,Vegan; Vegetarian; Dairy Free; Gluten Free,4.29,13782,True,"[{""name"": ""brown long grain rice"", ""label"": ""Brown long grain rice (130g)"", ""in_box"": 1}, {""name"": ""red pepper"", ""label"": ""Red pepper"", ""in_box"": 1}, {""name"": ""chipotle paste"", ""label"": ""Chipotle paste (40g)"", ""in_box"": 1}, {""name"": ""tomato paste"", ""label"": ""Tomato paste (32g)"", ""in_box"": 1}, {""name"": ""smashed avocado"", ""label"": ""Smashed avocado (100g) x2"", ""in_box"": 2}, {""name"": ""intense vegetable stock mix"", ""label"": ""Intense vegetable stock mix (5.5g)"", ""in_box"": 1}, {""name"": ""ground smoked paprika"", ""label"": ""Ground smoked paprika (2tsp)"", ""in_box"": 1}, {""name"": ""red kidney beans"", ""label"": ""Red kidney beans (390g)"", ""in_box"": 1}, {""name"": ""ground cumin"", ""label"": ""Ground cumin (2tsp)"", ""in_box"": 1}, {""name"": ""garlic clove"", ""label"": ""Garlic clove"", ""in_box"": 1}, {""name"": ""coriander"", ""label"": ""Coriander (5g)"", ""in_box"": 1}, {""name"": ""lime"", ""label"": ""Lime"", ""in_box"": 1}, {""name"": ""red onion"", ""label"": ""Red onion"", ""in_box"": 1}]"
2026-08-04,2026-08-03,0c739819-2e20-4053-84cf-9b868b4c24f5,7463,Beef & Mushroom Bolognese With Wholewheat Tortiglioni,False,0.0,435,498,31.0,14.7,6.0,64.3,13.2,10.9,2.11,114,7.1,3.4,1.4,14.8,3.0,2.5,0.48,3,35,full-prep,no spice,Calorie Controlled,,4.32,11612,True,"[{""name"": ""intense beef stock mix"", ""label"": ""Intense beef stock mix (5.5g)"", ""in_box"": 1}, {""name"": ""dried oregano"", ""label"": ""Dried oregano (1tsp)"", ""in_box"": 1}, {""name"": ""soy sauce"", ""label"": ""Soy sauce (8ml)"", ""in_box"": 1}, {""name"": ""finely chopped tomatoes"", ""label"": ""Finely chopped tomatoes (200g)"", ""in_box"": 1}, {""name"": ""garlic clove"", ""label"": ""Garlic clove x2"", ""in_box"": 2}, {""name"": ""wholewheat tortiglioni"", ""label"": ""Wholewheat tortiglioni (150g)"", ""in_box"": 1}, {""name"": ""beef mince"", ""label"": ""Beef mince (125g)"", ""in_box"": 1}, {""name"": ""brown onion"", ""label"": ""Brown onion"", ""in_box"": 1}, {""name"": ""lighter cheese"", ""label"": ""Lighter cheese (30g)"", ""in_box"": 1}, {""name"": ""carrot"", ""label"": ""Carrot"", ""in_box"": 1}, {""name"": ""chestnut mushrooms"", ""label"": ""Chestnut mushrooms (160g)"", ""in_box"": 1}]"
2026-08-04,2026-08-03,4142b38a-e37b-4d55-90c9-2a1f73367021,14343,Beef Brisket Baguette With Stout Onions & Peppercorn Mayo,True,3.5,549,877,41.6,51.3,13.4,63.6,8.0,7.1,2.8,159,7.6,9.3,2.4,11.6,1.5,1.3,0.51,2,35,full-prep,no spice,Gastropub,Dairy Free,4.61,97,True,"[{""name"": ""baguettes"", ""label"": ""Baguettes (2pcs)"", ""in_box"": 1}, {""name"": ""slow cooked beef brisket"", ""label"": ""Slow cooked beef brisket (350g)"", ""in_box"": 1}, {""name"": ""mayonnaise"", ""label"": ""Mayonnaise (50ml)"", ""in_box"": 1}, {""name"": ""tomato"", ""label"": ""Tomato"", ""in_box"": 1}, {""name"": ""brown onion"", ""label"": ""Brown onion"", ""in_box"": 1}, {""name"": ""stout paste"", ""label"": ""Stout paste (15g)"", ""in_box"": 1}, {""name"": ""gem lettuce"", ""label"": ""Gem lettuce"", ""in_box"": 1}, {""name"": ""white wine vinegar"", ""label"": ""White wine vinegar (15ml)"", ""in_box"": 1}, {""name"": ""white potato"", ""label"": ""White potato x3"", ""in_box"": 3}, {""name"": ""cracked black pepper"", ""label"": ""Cracked black pepper (2.5g)"", ""in_box"": 1}, {""name"": ""Dijon mustard"", ""label"": ""Dijon mustard (5.5g)"", ""in_box"": 1}]"
2026-08-04,2026-08-03,881105c5-672f-477d-8963-407e64676e56,4978,Beef Doner Kebab Burger With Loaded Halloumi Fries,True,2.5,546,862,56.3,49.9,25.6,46.9,17.9,6.8,3.49,157,10.3,9.1,4.7,8.6,3.3,1.2,0.64,2,45,full-prep,mild,Ultimate Fakeaway,,4.01,3534,True,"[{""name"": ""brioche style buns"", ""label"": ""Brioche style buns (2pcs)"", ""in_box"": 1}, {""name"": ""beef mince"", ""label"": ""Beef mince (250g)"", ""in_box"": 1}, {""name"": ""red chilli"", ""label"": ""Red chilli"", ""in_box"": 1}, {""name"": ""ground cumin"", ""label"": ""Ground cumin (1tsp)"", ""in_box"": 1}, {""name"": ""ground smoked paprika"", ""label"": ""Ground smoked paprika (2tsp)"", ""in_box"": 1}, {""name"": ""mustard ketchup"", ""label"": ""Mustard ketchup (20g)"", ""in_box"": 1}, {""name"": ""coriander"", ""label"": ""Coriander (10g)"", ""in_box"": 1}, {""name"": ""tomato"", ""label"": ""Tomato x2"", ""in_box"": 2}, {""name"": ""natural yoghurt"", ""label"": ""Natural yoghurt (80g)"", ""in_box"": 1}, {""name"": ""halloumi"", ""label"": ""Halloumi (200g)"", ""in_box"": 1}, {""name"": ""roasted garlic paste"", ""label"": ""Roasted garlic paste (15g)"", ""in_box"": 1}, {""name"": ""gem lettuce"", ""label"": ""Gem lettuce"", ""in_box"": 1}, {""name"": ""red wine vinegar"", ""label"": ""Red wine vinegar (15ml)"", ""in_box"": 1}, {""name"": ""red onion"", ""label"": ""Red onion"", ""in_box"": 1}]"
2026-08-04,2026-08-03,4a80183d-db3f-4c50-ba0b-6403783c01c4,14771,Beef Keema Rice With Lime And Coriander,False,0.0,384,489,31.1,21.6,8.9,44.8,12.8,7.1,1.88,127,8.1,5.6,2.3,11.7,3.3,1.8,0.49,2,30,full-prep,mild,Nutrient Rich,Dairy Free; Gluten Free,4.41,962,True,"[{""name"": ""intense beef stock mix"", ""label"": ""Intense beef stock mix (5.5g)"", ""in_box"": 1}, {""name"": ""white basmati rice"", ""label"": ""White basmati rice (65g)"", ""in_box"": 1}, {""name"": ""beef mince"", ""label"": ""Beef mince (250g)"", ""in_box"": 1}, {""name"": ""tomato paste"", ""label"": ""Tomato paste (32g)"", ""in_box"": 1}, {""name"": ""curry powder"", ""label"": ""Curry powder (1tbsp)"", ""in_box"": 1}, {""name"": ""garlic clove"", ""label"": ""Garlic clove x2"", ""in_box"": 2}, {""name"": ""fresh root ginger"", ""label"": ""Fresh root ginger (15g)"", ""in_box"": 1}, {""name"": ""brown onion"", ""label"": ""Brown onion"", ""in_box"": 1}, {""name"": ""coriander"", ""label"": ""Coriander (5g)"", ""in_box"": 1}, {""name"": ""carrot"", ""label"": ""Carrot x2"", ""in_box"": 2}, {""name"": ""lime"", ""label"": ""Lime"", ""in_box"": 1}]"
2026-08-04,2026-08-03,4b3a1162-b98b-4aca-b71e-280528b95c16,2404,Blackened Salmon Bowl With Charred Chilli Corn And Feta,True,2.25,437,697,32.2,37.8,7.3,55.8,6.7,9.3,0.61,159,7.4,8.7,1.7,12.8,1.5,2.1,0.14,1,10,full-prep,mild,Ultimate Fakeaway,Gluten Free,4.38,3887,True,"[{""name"": ""dried chilli flakes"", ""label"": ""Dried chilli flakes (0.5tsp)"", ""in_box"": 1}, {""name"": ""ground coriander"", ""label"": ""Ground coriander (1tsp)"", ""in_box"": 1}, {""name"": ""spring onion"", ""label"": ""Spring onion"", ""in_box"": 1}, {""name"": ""ground cumin"", ""label"": ""Ground cumin (1tsp)"", ""in_box"": 1}, {""name"": ""ground smoked paprika"", ""label"": ""Ground smoked paprika (1tsp)"", ""in_box"": 1}, {""name"": ""Sweetcorn"", ""label"": ""Sweetcorn (150g)"", ""in_box"": 1}, {""name"": ""mayonnaise"", ""label"": ""Mayonnaise (25ml)"", ""in_box"": 1}, {""name"": ""skin-on salmon fillets"", ""label"": ""Skin-on salmon fillets (2pcs)"", ""in_box"": 1}, {""name"": ""cooked brown long grain rice"", ""label"": ""Cooked brown long grain rice (280g)"", ""in_box"": 1}, {""name"": ""baby leaf salad"", ""label"": ""Baby leaf salad (50g)"", ""in_box"": 1}, {""name"": ""feta"", ""label"": ""Feta (30g)"", ""in_box"": 1}, {""name"": ""lime"", ""label"": ""Lime"", ""in_box"": 1}]"
2026-08-04,2026-08-03,f09226ec-fc44-41b2-af61-fe0c21cf1a67,8275,Brazilian-Inspired Spicy Halloumi With Charred Corn Salad,False,0.0,462,489,27.8,25.8,16.8,39.3,17.5,6.4,2.39,105,6.0,5.6,3.6,8.5,3.8,1.4,0.52,3,25,full-prep,spicy,Global Kitchen,Vegetarian; Gluten Free,4.36,3079,True,"[{""name"": ""dried oregano"", ""label"": ""Dried oregano (1tsp)"", ""in_box"": 1}, {""name"": ""gem lettuce"", ""label"": ""Gem lettuce"", ""in_box"": 1}, {""name"": ""dried chilli flakes"", ""label"": ""Dried chilli flakes (0.5tsp)"", ""in_box"": 1}, {""name"": ""Sweetcorn"", ""label"": ""Sweetcorn (150g)"", ""in_box"": 1}, {""name"": ""garlic clove"", ""label"": ""Garlic clove"", ""in_box"": 1}, {""name"": ""tomato"", ""label"": ""Tomato"", ""in_box"": 1}, {""name"": ""natural yoghurt"", ""label"": ""Natural yoghurt (80g)"", ""in_box"": 1}, {""name"": ""halloumi"", ""label"": ""Halloumi (200g)"", ""in_box"": 1}, {""name"": ""coriander"", ""label"": ""Coriander (5g)"", ""in_box"": 1}, {""name"": ""lime"", ""label"": ""Lime"", ""in_box"": 1}, {""name"": ""sweet potato"", ""label"": ""Sweet potato"", ""in_box"": 1}]"
2026-08-04,2026-08-03,8f98e9e4-68bd-49ac-81f3-d957ea286e09,7671,Butter Chicken Curry Loaded Naan With Minty Cucumber,False,0.0,417,475,39.0,9.3,2.4,56.2,10.6,4.8,1.54,113,9.4,2.2,0.6,13.5,2.5,1.1,0.37,2,20,full-prep,mild,Protein Hit,,4.51,5950,True,"[{""name"": ""mini cosberg lettuce"", ""label"": ""Mini cosberg lettuce"", ""in_box"": 1}, {""name"": ""chicken breast portions"", ""label"": ""Chicken breast portions (2pcs)"", ""in_box"": 1}, {""name"": ""curry powder"", ""label"": ""Curry powder (1tbsp)"", ""in_box"": 1}, {""name"": ""natural yoghurt"", ""label"": ""Natural yoghurt (80g)"", ""in_box"": 1}, {""name"": ""plain naan"", ""label"": ""Plain naan (2pcs)"", ""in_box"": 1}, {""name"": ""tomato paste"", ""label"": ""Tomato paste (16g)"", ""in_box"": 1}, {""name"": ""mint sauce"", ""label"": ""Mint sauce (20g)"", ""in_box"": 1}, {""name"": ""cucumber"", ""label"": ""Cucumber (0.5pcs)"", ""in_box"": 1}]"
2026-08-04,2026-08-03,8765576d-2975-43f0-a866-17baa2382281,6262,Cheesy Baked Basa And Pea Greens With Garlic Butter,False,0.0,451,417,33.4,10.5,5.3,50.4,10.2,10.4,0.76,92,7.4,2.3,1.2,11.2,2.3,2.3,0.17,2,35,full-prep,no spice,Family Kitchen,,4.41,26825,True,"[{""name"": ""hake fillets"", ""label"": ""Hake fillets (2pcs)"", ""in_box"": 1}, {""name"": ""leek"", ""label"": ""Leek"", ""in_box"": 1}, {""name"": ""panko breadcrumbs"", ""label"": ""Panko breadcrumbs (20g)"", ""in_box"": 1}, {""name"": ""cheddar cheese"", ""label"": ""Cheddar cheese (40g)"", ""in_box"": 1}, {""name"": ""garlic clove"", ""label"": ""Garlic clove x2"", ""in_box"": 2}, {""name"": ""blanched peas"", ""label"": ""Blanched peas (160g)"", ""in_box"": 1}, {""name"": ""parsley"", ""label"": ""Parsley (10g)"", ""in_box"": 1}, {""name"": ""white potato"", ""label"": ""White potato x3"", ""in_box"": 3}]"
2026-08-04,2026-08-03,18c4116c-559b-4567-bea4-e5d0160258db,3588,Cheesy Baked Salmon With Mediterranean-Style Veg,True,2.0,528,558,34.4,25.4,8.5,49.9,11.8,7.2,1.28,105,6.5,4.8,1.6,9.4,2.2,1.4,0.24,3,40,full-prep,no spice,Modern Bistro,,4.42,2141,True,"[{""name"": ""skin on salmon fillets"", ""label"": ""Skin on salmon fillets (2pcs)"", ""in_box"": 1}, {""name"": ""panko breadcrumbs"", ""label"": ""Panko breadcrumbs (20g)"", ""in_box"": 1}, {""name"": ""cheddar cheese"", ""label"": ""Cheddar cheese (40g)"", ""in_box"": 1}, {""name"": ""courgette"", ""label"": ""Courgette"", ""in_box"": 1}, {""name"": ""vegetable stock mix"", ""label"": ""Vegetable stock mix (5.5g)"", ""in_box"": 1}, {""name"": ""tomato paste"", ""label"": ""Tomato paste (16g)"", ""in_box"": 1}, {""name"": ""basil"", ""label"": ""Basil (10g)"", ""in_box"": 1}, {""name"": ""cherry tomatoes"", ""label"": ""Cherry tomatoes (125g)"", ""in_box"": 1}, {""name"": ""red onion"", ""label"": ""Red onion x2"", ""in_box"": 2}, {""name"": ""white potato"", ""label"": ""White potato x3"", ""in_box"": 3}]"
2026-08-04,2026-08-03,79d74d30-3f3e-4459-b262-eeffba3fe62d,4120,Cheesy BBQ Chicken 'N' Chips,False,0.0,524,412,38.3,7.1,2.5,50.2,11.7,6.1,0.8,78,7.3,1.4,0.5,9.6,2.2,1.2,0.15,2,45,full-prep,mild,Modern Bistro,,4.33,11289,True,"[{""name"": ""BBQ sauce"", ""label"": ""BBQ sauce (40g)"", ""in_box"": 1}, {""name"": ""chicken breast strips"", ""label"": ""Chicken breast strips (250g)"", ""in_box"": 1}, {""name"": ""ground smoked paprika"", ""label"": ""Ground smoked paprika (1tsp)"", ""in_box"": 1}, {""name"": ""tomato"", ""label"": ""Tomato"", ""in_box"": 1}, {""name"": ""baby leaf salad"", ""label"": ""Baby leaf salad (50g)"", ""in_box"": 1}, {""name"": ""lighter cheese"", ""label"": ""Lighter cheese (30g)"", ""in_box"": 1}, {""name"": ""cucumber"", ""label"": ""Cucumber (0.5pcs)"", ""in_box"": 1}, {""name"": ""white wine vinegar"", ""label"": ""White wine vinegar (15ml)"", ""in_box"": 1}, {""name"": ""white potato"", ""label"": ""White potato x4"", ""in_box"": 4}]"
2026-08-04,2026-08-03,44a49869-fe13-424c-b4d6-b1e8535bb352,1589,Cheesy Bean Chilli,False,0.0,519,665,30.0,18.5,9.1,88.8,14.4,18.1,2.27,128,5.8,3.6,1.8,17.1,2.8,3.5,0.44,2,10,full-prep,mild,10-Minute,Vegetarian,4.21,20041,True,"[{""name"": ""black beans"", ""label"": ""Black beans (380g)"", ""in_box"": 1}, {""name"": ""spring onion"", ""label"": ""Spring onion x2"", ""in_box"": 2}, {""name"": ""finely chopped tomatoes"", ""label"": ""Finely chopped tomatoes (200g)"", ""in_box"": 1}, {""name"": ""ground cumin"", ""label"": ""Ground cumin (1tsp) x2"", ""in_box"": 2}, {""name"": ""ground smoked paprika"", ""label"": ""Ground smoked paprika (2tsp)"", ""in_box"": 1}, {""name"": ""plain tortillas"", ""label"": ""Plain tortillas (6pcs)"", ""in_box"": 1}, {""name"": ""cannellini beans"", ""label"": ""Cannellini beans (390g)"", ""in_box"": 1}, {""name"": ""chipotle paste"", ""label"": ""Chipotle paste (20g)"", ""in_box"": 1}, {""name"": ""cheddar cheese"", ""label"": ""Cheddar cheese (40g)"", ""in_box"": 1}, {""name"": ""natural yoghurt"", ""label"": ""Natural yoghurt (80g)"", ""in_box"": 1}, {""name"": ""roasted garlic paste"", ""label"": ""Roasted garlic paste (15g)"", ""in_box"": 1}, {""name"": ""vegetable stock mix"", ""label"": ""Vegetable stock mix (5.5g)"", ""in_box"": 1}, {""name"": ""coriander"", ""label"": ""Coriander (5g)"", ""in_box"": 1}, {""name"": ""lime"", ""label"": ""Lime"", ""in_box"": 1}]"
2026-08-04,2026-08-03,0f615417-e501-48e7-9a08-f230fac165c1,2731,Cheesy Broccoli Pasta Bake,False,0.0,328,546,27.1,17.9,9.0,72.7,7.3,9.2,1.48,166,8.2,5.5,2.7,22.1,2.2,2.8,0.45,2,35,full-prep,no spice,Modern Bistro,Vegetarian,4.2,11980,True,"[{""name"": ""leek"", ""label"": ""Leek"", ""in_box"": 1}, {""name"": ""panko breadcrumbs"", ""label"": ""Panko breadcrumbs (20g)"", ""in_box"": 1}, {""name"": ""cheddar cheese"", ""label"": ""Cheddar cheese (40g)"", ""in_box"": 1}, {""name"": ""garlic clove"", ""label"": ""Garlic clove"", ""in_box"": 1}, {""name"": ""pumpkin seeds"", ""label"": ""Pumpkin seeds (15g)"", ""in_box"": 1}, {""name"": ""baby leaf salad"", ""label"": ""Baby leaf salad (50g)"", ""in_box"": 1}, {""name"": ""grated Italian hard cheese"", ""label"": ""Grated Italian hard cheese (30g)"", ""in_box"": 1}, {""name"": ""vegetable stock mix"", ""label"": ""Vegetable stock mix (5.5g)"", ""in_box"": 1}, {""name"": ""cider vinegar"", ""label"": ""Cider vinegar (15ml)"", ""in_box"": 1}, {""name"": ""Tenderstem broccoli"", ""label"": ""Tenderstem broccoli (160g)"", ""in_box"": 1}, {""name"": ""tortiglioni"", ""label"": ""Tortiglioni (150g)"", ""in_box"": 1}, {""name"": ""Dijon mustard"", ""label"": ""Dijon mustard (5.5g)"", ""in_box"": 1}]"
2026-08-04,2026-08-03,205a88ce-cff1-4f43-a1c4-9977d264adf8,7484,Cheesy Buffalo Chicken Thigh & Fresh Orecchiette,False,0.0,318,673,41.9,20.2,8.2,79.8,6.2,4.4,2.03,211,13.2,6.3,2.6,25.1,1.9,1.4,0.64,1,10,full-prep,spicy,Pasta Pronto,,4.27,3601,True,"[{""name"": ""intense chicken stock mix"", ""label"": ""Intense chicken stock mix (5.5g)"", ""in_box"": 1}, {""name"": ""spring onion"", ""label"": ""Spring onion"", ""in_box"": 1}, {""name"": ""sriracha hot chilli sauce"", ""label"": ""Sriracha hot chilli sauce (8ml) x3"", ""in_box"": 3}, {""name"": ""diced chicken thigh"", ""label"": ""Diced chicken thigh (250g)"", ""in_box"": 1}, {""name"": ""tomato paste"", ""label"": ""Tomato paste (32g)"", ""in_box"": 1}, {""name"": ""ground smoked paprika"", ""label"": ""Ground smoked paprika (2tsp)"", ""in_box"": 1}, {""name"": ""cheddar cheese"", ""label"": ""Cheddar cheese (40g)"", ""in_box"": 1}, {""name"": ""garlic clove"", ""label"": ""Garlic clove"", ""in_box"": 1}, {""name"": ""fresh orecchiette"", ""label"": ""Fresh orecchiette (250g)"", ""in_box"": 1}, {""name"": ""white wine vinegar"", ""label"": ""White wine vinegar (15ml)"", ""in_box"": 1}]"
2026-08-04,2026-08-03,421c910c-2e4f-4918-b63a-a0f9a05c25ab,1992,Cheesy Chipotle Chicken Enchiladas,False,0.0,446,714,51.4,19.3,9.2,78.3,10.1,14.7,2.53,159,11.5,4.3,2.1,17.5,2.3,3.3,0.57,2,55,full-prep,mild,Takeaway Night,,4.36,21159,True,"[{""name"": ""intense chicken stock mix"", ""label"": ""Intense chicken stock mix (5.5g)"", ""in_box"": 1}, {""name"": ""dried oregano"", ""label"": ""Dried oregano (1tsp)"", ""in_box"": 1}, {""name"": ""black beans"", ""label"": ""Black beans (380g)"", ""in_box"": 1}, {""name"": ""chicken breast strips"", ""label"": ""Chicken breast strips (250g)"", ""in_box"": 1}, {""name"": ""cayenne pepper"", ""label"": ""Cayenne pepper (0.5tsp)"", ""in_box"": 1}, {""name"": ""spring onion"", ""label"": ""Spring onion x2"", ""in_box"": 2}, {""name"": ""tomato paste"", ""label"": ""Tomato paste (32g)"", ""in_box"": 1}, {""name"": ""ground cumin"", ""label"": ""Ground cumin (1tsp)"", ""in_box"": 1}, {""name"": ""plain tortillas"", ""label"": ""Plain tortillas (6pcs)"", ""in_box"": 1}, {""name"": ""chipotle paste"", ""label"": ""Chipotle paste (20g)"", ""in_box"": 1}, {""name"": ""cheddar cheese"", ""label"": ""Cheddar cheese (40g)"", ""in_box"": 1}, {""name"": ""garlic clove"", ""label"": ""Garlic clove x2"", ""in_box"": 2}, {""name"": ""red onion"", ""label"": ""Red onion"", ""in_box"": 1}]"
2026-08-04,2026-08-03,d86eb399-4d3e-4769-884d-42b8770e858b,7324,Cheesy Sausage & Pepper Chilli Con Carne Pasta Bake,False,0.0,425,546,28.6,22.1,10.3,60.9,11.4,12.9,2.51,128,6.7,5.2,2.4,14.3,2.7,3.0,0.59,3,40,full-prep,mild,Family Kitchen,,4.33,6836,True,"[{""name"": ""intense chicken stock mix"", ""label"": ""Intense chicken stock mix (5.5g)"", ""in_box"": 1}, {""name"": ""black beans"", ""label"": ""Black beans (380g)"", ""in_box"": 1}, {""name"": ""red pepper"", ""label"": ""Red pepper"", ""in_box"": 1}, {""name"": ""Jolly Hog pork sausagemeat"", ""label"": ""Jolly Hog pork sausagemeat (150g)"", ""in_box"": 1}, {""name"": ""ground coriander"", ""label"": ""Ground coriander (1tsp)"", ""in_box"": 1}, {""name"": ""ground paprika"", ""label"": ""Ground paprika (1tsp)"", ""in_box"": 1}, {""name"": ""finely chopped tomatoes"", ""label"": ""Finely chopped tomatoes (200g)"", ""in_box"": 1}, {""name"": ""ground cumin"", ""label"": ""Ground cumin (1tsp)"", ""in_box"": 1}, {""name"": ""farfalle"", ""label"": ""Farfalle (100g)"", ""in_box"": 1}, {""name"": ""cheddar cheese"", ""label"": ""Cheddar cheese (40g)"", ""in_box"": 1}, {""name"": ""garlic clove"", ""label"": ""Garlic clove x2"", ""in_box"": 2}, {""name"": ""coriander"", ""label"": ""Coriander (5g)"", ""in_box"": 1}, {""name"": ""red onion"", ""label"": ""Red onion"", ""in_box"": 1}]"
2026-08-04,2026-08-03,637321d8-9bd1-4fd3-af69-53ba0d502568,4399,Cheezy Risotto With Ratatouille & Basil,False,0.0,513,443,11.4,6.6,4.5,82.6,14.6,9.0,1.87,86,2.2,1.3,0.9,16.1,2.8,1.8,0.36,5,50,full-prep,no spice,Veg Boost,Vegan; Vegetarian; Dairy Free; Gluten Free,4.15,1105,True,"[{""name"": ""dried oregano"", ""label"": ""Dried oregano (1tsp)"", ""in_box"": 1}, {""name"": ""yellow pepper"", ""label"": ""Yellow pepper"", ""in_box"": 1}, {""name"": ""cheese flavour slices"", ""label"": ""Cheese flavour slices (2pcs)"", ""in_box"": 1}, {""name"": ""tomato paste"", ""label"": ""Tomato paste (32g)"", ""in_box"": 1}, {""name"": ""intense vegetable stock mix"", ""label"": ""Intense vegetable stock mix (5.5g)"", ""in_box"": 1}, {""name"": ""garlic clove"", ""label"": ""Garlic clove x2"", ""in_box"": 2}, {""name"": ""courgette"", ""label"": ""Courgette"", ""in_box"": 1}, {""name"": ""brown onion"", ""label"": ""Brown onion"", ""in_box"": 1}, {""name"": ""arborio rice"", ""label"": ""Arborio rice (160g)"", ""in_box"": 1}, {""name"": ""basil"", ""label"": ""Basil (10g)"", ""in_box"": 1}, {""name"": ""Chinese rice wine"", ""label"": ""Chinese rice wine (15ml)"", ""in_box"": 1}, {""name"": ""cherry tomatoes"", ""label"": ""Cherry tomatoes (125g)"", ""in_box"": 1}, {""name"": ""aubergine"", ""label"": ""Aubergine"", ""in_box"": 1}]"
2026-08-04,2026-08-03,cc92c804-9b8e-4735-b9c8-a812929af124,9627,Chicago-Style Steak Sandwich & Sweet Potato Fries,True,3.25,569,643,42.2,19.8,7.2,77.1,17.0,9.8,2.4,113,7.4,3.5,1.3,13.6,3.0,1.7,0.42,4,40,full-prep,spicy,Gastropub,Dairy Free,4.23,13,True,"[{""name"": ""baguettes"", ""label"": ""Baguettes (2pcs)"", ""in_box"": 1}, {""name"": ""gravy base"", ""label"": ""Gravy base (14g)"", ""in_box"": 1}, {""name"": ""intense beef stock mix"", ""label"": ""Intense beef stock mix (5.5g)"", ""in_box"": 1}, {""name"": ""dried oregano"", ""label"": ""Dried oregano (1tsp)"", ""in_box"": 1}, {""name"": ""green pepper"", ""label"": ""Green pepper"", ""in_box"": 1}, {""name"": ""dried chilli flakes"", ""label"": ""Dried chilli flakes (0.5tsp)"", ""in_box"": 1}, {""name"": ""red chilli"", ""label"": ""Red chilli"", ""in_box"": 1}, {""name"": ""rump pavé steak"", ""label"": ""Rump pavé steak (300g)"", ""in_box"": 1}, {""name"": ""ground smoked paprika"", ""label"": ""Ground smoked paprika (2tsp)"", ""in_box"": 1}, {""name"": ""garlic clove"", ""label"": ""Garlic clove x2"", ""in_box"": 2}, {""name"": ""baby leaf salad"", ""label"": ""Baby leaf salad (50g)"", ""in_box"": 1}, {""name"": ""white wine vinegar"", ""label"": ""White wine vinegar (15ml)"", ""in_box"": 1}, {""name"": ""red onion"", ""label"": ""Red onion"", ""in_box"": 1}, {""name"": ""sweet potato"", ""label"": ""Sweet potato x2"", ""in_box"": 2}]"
2026-08-04,2026-08-03,0ecee7e6-88de-4fc8-ab5c-049d6b0dc28a,14738,Chicken & Vegetable Wholewheat Hoisin Noodles,False,0.0,358,393,34.0,10.2,2.0,40.5,18.0,7.0,2.01,109,9.5,2.9,0.6,11.3,5.0,2.0,0.56,2,30,full-prep,no spice,Nutrient Rich,Dairy Free,4.25,550,True,"[{""name"": ""red pepper"", ""label"": ""Red pepper"", ""in_box"": 1}, {""name"": ""spring onion"", ""label"": ""Spring onion"", ""in_box"": 1}, {""name"": ""diced chicken breast"", ""label"": ""Diced chicken breast (250g)"", ""in_box"": 1}, {""name"": ""toasted sesame oil"", ""label"": ""Toasted sesame oil (10ml)"", ""in_box"": 1}, {""name"": ""brown onion"", ""label"": ""Brown onion"", ""in_box"": 1}, {""name"": ""wholewheat noodle nest"", ""label"": ""Wholewheat noodle nest"", ""in_box"": 1}, {""name"": ""hoisin sauce"", ""label"": ""Hoisin sauce (40g)"", ""in_box"": 1}, {""name"": ""ginger & garlic paste"", ""label"": ""Ginger & garlic paste (15g)"", ""in_box"": 1}, {""name"": ""carrot"", ""label"": ""Carrot"", ""in_box"": 1}, {""name"": ""soy sauce"", ""label"": ""Soy sauce (15ml)"", ""in_box"": 1}]"
2026-08-04,2026-08-03,7f3ea711-5f62-42d1-ac35-800f9e1ce0c9,6774,Chicken Breast & Cheese Veg-Packed Pasta Bake,True,0.7,485,575,47.9,16.1,8.3,63.3,12.7,8.8,2.02,118,9.9,3.3,1.7,13.0,2.6,1.8,0.41,3,30,full-prep,no spice,Modern Bistro,,4.29,923,True,"[{""name"": ""diced chicken breast"", ""label"": ""Diced chicken breast (250g)"", ""in_box"": 1}, {""name"": ""finely chopped tomatoes"", ""label"": ""Finely chopped tomatoes (200g)"", ""in_box"": 1}, {""name"": ""intense vegetable stock mix"", ""label"": ""Intense vegetable stock mix (5.5g)"", ""in_box"": 1}, {""name"": ""cheddar cheese"", ""label"": ""Cheddar cheese (40g)"", ""in_box"": 1}, {""name"": ""garlic clove"", ""label"": ""Garlic clove x2"", ""in_box"": 2}, {""name"": ""dried basil"", ""label"": ""Dried basil (1tsp)"", ""in_box"": 1}, {""name"": ""wholewheat tortiglioni"", ""label"": ""Wholewheat tortiglioni (150g)"", ""in_box"": 1}, {""name"": ""tomato"", ""label"": ""Tomato"", ""in_box"": 1}, {""name"": ""courgette"", ""label"": ""Courgette"", ""in_box"": 1}, {""name"": ""Italian hard cheese"", ""label"": ""Italian hard cheese (20g)"", ""in_box"": 1}, {""name"": ""tomato paste"", ""label"": ""Tomato paste (16g)"", ""in_box"": 1}, {""name"": ""parsley"", ""label"": ""Parsley (10g)"", ""in_box"": 1}, {""name"": ""balsamic vinegar"", ""label"": ""Balsamic vinegar (15ml)"", ""in_box"": 1}]"
2026-08-04,2026-08-03,e5a799e2-b569-42dc-bca7-00bac060a65b,2928,Chicken Jalfrezi With Jeera Rice,False,0.0,384,452,36.5,5.1,1.3,69.2,8.7,5.4,1.71,117,9.5,1.3,0.3,18.0,2.3,1.4,0.44,3,35,full-prep,spicy,Takeaway Night,Gluten Free; Dairy Free,4.45,33762,True,"[{""name"": ""intense chicken stock mix"", ""label"": ""Intense chicken stock mix (5.5g)"", ""in_box"": 1}, {""name"": ""chicken breast strips"", ""label"": ""Chicken breast strips (250g)"", ""in_box"": 1}, {""name"": ""green pepper"", ""label"": ""Green pepper"", ""in_box"": 1}, {""name"": ""white basmati rice"", ""label"": ""White basmati rice (130g)"", ""in_box"": 1}, {""name"": ""dried chilli flakes"", ""label"": ""Dried chilli flakes (0.5tsp)"", ""in_box"": 1}, {""name"": ""cumin seeds"", ""label"": ""Cumin seeds (1tsp)"", ""in_box"": 1}, {""name"": ""tomato paste"", ""label"": ""Tomato paste (32g)"", ""in_box"": 1}, {""name"": ""curry powder"", ""label"": ""Curry powder (1tbsp)"", ""in_box"": 1}, {""name"": ""garlic clove"", ""label"": ""Garlic clove x3"", ""in_box"": 3}, {""name"": ""fresh root ginger"", ""label"": ""Fresh root ginger (15g)"", ""in_box"": 1}, {""name"": ""tomato"", ""label"": ""Tomato"", ""in_box"": 1}, {""name"": ""red onion"", ""label"": ""Red onion"", ""in_box"": 1}]"
2026-08-04,2026-08-03,60290539-8a13-4a35-97f0-5445b83c740a,10913,Chicken Katsu Curry With Brown Rice,False,0.0,426,557,41.0,8.4,2.2,81.5,15.5,7.5,1.58,130,9.6,2.0,0.5,19.1,3.6,1.8,0.37,2,45,full-prep,mild,Takeaway Night,Dairy Free,4.2,1456,True,"[{""name"": ""brown long grain rice"", ""label"": ""Brown long grain rice (130g)"", ""in_box"": 1}, {""name"": ""mango chutney"", ""label"": ""Mango chutney (20g)"", ""in_box"": 1}, {""name"": ""gem lettuce"", ""label"": ""Gem lettuce"", ""in_box"": 1}, {""name"": ""free range egg"", ""label"": ""Free range egg"", ""in_box"": 1}, {""name"": ""soy sauce"", ""label"": ""Soy sauce (8ml)"", ""in_box"": 1}, {""name"": ""chicken breast portions"", ""label"": ""Chicken breast portions (2pcs)"", ""in_box"": 1}, {""name"": ""panko breadcrumbs"", ""label"": ""Panko breadcrumbs (40g)"", ""in_box"": 1}, {""name"": ""curry powder"", ""label"": ""Curry powder (1tbsp)"", ""in_box"": 1}, {""name"": ""fresh root ginger"", ""label"": ""Fresh root ginger (15g)"", ""in_box"": 1}, {""name"": ""shallot"", ""label"": ""Shallot"", ""in_box"": 1}, {""name"": ""rice vinegar"", ""label"": ""Rice vinegar (15ml)"", ""in_box"": 1}, {""name"": ""carrot"", ""label"": ""Carrot x2"", ""in_box"": 2}]"
2026-08-04,2026-08-03,23a6c1cc-ffe8-48ac-959f-611a19bfb066,14486,Chicken Thigh Tikka Masala With Cardamom Rice,False,0.0,386,698,40.4,30.3,12.9,70.2,9.5,4.0,1.49,180,10.5,7.8,3.3,18.2,2.5,1.0,0.39,1,30,full-prep,mild,Classic Fakeaways,Gluten Free,4.43,754,True,"[{""name"": ""chicken stock mix"", ""label"": ""Chicken stock mix (5.5g)"", ""in_box"": 1}, {""name"": ""white basmati rice"", ""label"": ""White basmati rice (130g)"", ""in_box"": 1}, {""name"": ""Cornish clotted cream"", ""label"": ""Cornish clotted cream (40g)"", ""in_box"": 1}, {""name"": ""skinless chicken thighs"", ""label"": ""Skinless chicken thighs (320g)"", ""in_box"": 1}, {""name"": ""ground paprika"", ""label"": ""Ground paprika (1tsp)"", ""in_box"": 1}, {""name"": ""tomato paste"", ""label"": ""Tomato paste (32g)"", ""in_box"": 1}, {""name"": ""garam masala"", ""label"": ""Garam masala (1tsp)"", ""in_box"": 1}, {""name"": ""curry powder"", ""label"": ""Curry powder (1tbsp)"", ""in_box"": 1}, {""name"": ""garlic clove"", ""label"": ""Garlic clove"", ""in_box"": 1}, {""name"": ""tomato"", ""label"": ""Tomato"", ""in_box"": 1}, {""name"": ""shallot"", ""label"": ""Shallot x2"", ""in_box"": 2}, {""name"": ""natural yoghurt"", ""label"": ""Natural yoghurt (80g)"", ""in_box"": 1}, {""name"": ""ginger paste"", ""label"": ""Ginger paste (15g)"", ""in_box"": 1}, {""name"": ""cardamom pod"", ""label"": ""Cardamom pod x2"", ""in_box"": 2}]"
2026-08-04,2026-08-03,1ee878ad-e1a9-4aa8-a0f6-1115f0818831,1994,Chicken Tikka Masala With Coriander Rice,False,0.0,448,480,39.3,7.3,2.2,67.8,13.5,6.4,1.98,107,8.8,1.6,0.5,15.2,3.0,1.4,0.44,3,40,full-prep,mild,Calorie Controlled,Gluten Free,4.16,13710,True,"[{""name"": ""intense chicken stock mix"", ""label"": ""Intense chicken stock mix (5.5g)"", ""in_box"": 1}, {""name"": ""brown long grain rice"", ""label"": ""Brown long grain rice (130g)"", ""in_box"": 1}, {""name"": ""chicken breast strips"", ""label"": ""Chicken breast strips (250g)"", ""in_box"": 1}, {""name"": ""finely chopped tomatoes"", ""label"": ""Finely chopped tomatoes (200g)"", ""in_box"": 1}, {""name"": ""tomato paste"", ""label"": ""Tomato paste (32g)"", ""in_box"": 1}, {""name"": ""garam masala"", ""label"": ""Garam masala (1tsp)"", ""in_box"": 1}, {""name"": ""curry powder"", ""label"": ""Curry powder (1tbsp)"", ""in_box"": 1}, {""name"": ""garlic clove"", ""label"": ""Garlic clove"", ""in_box"": 1}, {""name"": ""brown onion"", ""label"": ""Brown onion"", ""in_box"": 1}, {""name"": ""natural yoghurt"", ""label"": ""Natural yoghurt (80g)"", ""in_box"": 1}, {""name"": ""ginger paste"", ""label"": ""Ginger paste (15g)"", ""in_box"": 1}, {""name"": ""coriander"", ""label"": ""Coriander (5g)"", ""in_box"": 1}, {""name"": ""spinach"", ""label"": ""Spinach (80g)"", ""in_box"": 1}]"
2026-08-04,2026-08-03,26a7507d-71c2-43ac-91ea-793d28f80834,1552,Chicken Tikka Masala With Rice,False,0.0,390,516,32.6,20.9,9.6,49.0,5.0,3.3,1.32,132,8.3,5.4,2.4,12.6,1.3,0.9,0.34,1,10,full-prep,mild,10-Minute,Gluten Free,4.3,24518,True,"[{""name"": ""chicken stock mix"", ""label"": ""Chicken stock mix (5.5g)"", ""in_box"": 1}, {""name"": ""cooked white long grain rice"", ""label"": ""Cooked white long grain rice (280g)"", ""in_box"": 1}, {""name"": ""Cornish clotted cream"", ""label"": ""Cornish clotted cream (40g)"", ""in_box"": 1}, {""name"": ""diced chicken breast"", ""label"": ""Diced chicken breast (250g)"", ""in_box"": 1}, {""name"": ""ground paprika"", ""label"": ""Ground paprika (1tsp)"", ""in_box"": 1}, {""name"": ""curry powder"", ""label"": ""Curry powder (1tbsp)"", ""in_box"": 1}, {""name"": ""tomato"", ""label"": ""Tomato x2"", ""in_box"": 2}, {""name"": ""ginger & garlic paste"", ""label"": ""Ginger & garlic paste (15g)"", ""in_box"": 1}]"
2026-08-04,2026-08-03,31b723b7-1cfa-46be-a5d0-0dc663c79b2d,17035,Chicken Tikka Masala With Saffron Rice,True,1.0,,512,29.7,20.3,,47.3,,10.6,2.89,,,,,,,,,2,7,heat-only,mild,Heat & Eat,,0,0,True,
2026-08-04,2026-08-03,3925452b-6fdc-45fa-98f5-e7901f1c0011,3845,Chicken With Creamy Tomato Sauce And Harissa Mash,False,0.0,466,367,33.1,11.9,5.3,33.6,11.8,7.6,1.07,78,7.1,2.6,1.1,7.2,2.5,1.6,0.23,3,30,full-prep,spicy,Global Kitchen,Gluten Free,4,29919,True,"[{""name"": ""chicken stock mix"", ""label"": ""Chicken stock mix (5.5g)"", ""in_box"": 1}, {""name"": ""chicken breast portions"", ""label"": ""Chicken breast portions (2pcs)"", ""in_box"": 1}, {""name"": ""garlic clove"", ""label"": ""Garlic clove"", ""in_box"": 1}, {""name"": ""harissa paste"", ""label"": ""Harissa paste (20g)"", ""in_box"": 1}, {""name"": ""soft cheese"", ""label"": ""Soft cheese (50g)"", ""in_box"": 1}, {""name"": ""carrot"", ""label"": ""Carrot x2"", ""in_box"": 2}, {""name"": ""spinach"", ""label"": ""Spinach (80g)"", ""in_box"": 1}, {""name"": ""cherry tomatoes"", ""label"": ""Cherry tomatoes (125g)"", ""in_box"": 1}, {""name"": ""white potato"", ""label"": ""White potato x2"", ""in_box"": 2}]"
2026-08-04,2026-08-03,ae30d35a-b09f-4647-934a-7b28ac90984c,9017,Chipotle Mexican-Style Chicken Thigh Stew With Buttered Corn & Rice,False,0.0,463,584,39.6,16.9,4.4,71.9,8.4,5.2,1.51,126,8.5,3.6,0.9,15.5,1.8,1.1,0.33,2,40,full-prep,mild,Prepped in 5,Dairy Free; Gluten Free,4.15,925,True,"[{""name"": ""intense chicken stock mix"", ""label"": ""Intense chicken stock mix (5.5g)"", ""in_box"": 1}, {""name"": ""white long grain rice"", ""label"": ""White long grain rice (130g)"", ""in_box"": 1}, {""name"": ""ground coriander"", ""label"": ""Ground coriander (1tsp)"", ""in_box"": 1}, {""name"": ""skinless chicken thighs"", ""label"": ""Skinless chicken thighs (320g)"", ""in_box"": 1}, {""name"": ""tomato paste"", ""label"": ""Tomato paste (32g)"", ""in_box"": 1}, {""name"": ""ground smoked paprika"", ""label"": ""Ground smoked paprika (2tsp)"", ""in_box"": 1}, {""name"": ""chipotle paste"", ""label"": ""Chipotle paste (20g)"", ""in_box"": 1}, {""name"": ""garlic clove"", ""label"": ""Garlic clove x2"", ""in_box"": 2}, {""name"": ""brown onion"", ""label"": ""Brown onion"", ""in_box"": 1}, {""name"": ""lime"", ""label"": ""Lime"", ""in_box"": 1}, {""name"": ""sweetcorn cobettes"", ""label"": ""Sweetcorn cobettes (2pcs)"", ""in_box"": 1}]"
2026-08-04,2026-08-03,42b864e3-431b-4222-9dc6-fbf1a8e0db9b,9097,Coconut Chicken Meatballs & Courgette Curry With Rice,False,0.0,374,530,33.9,14.6,9.7,67.2,7.1,5.6,1.92,141,9.1,3.9,2.6,18.0,1.9,1.5,0.51,2,25,full-prep,mild,20 minute meals,Dairy Free; Gluten Free,4.18,2284,True,"[{""name"": ""intense chicken stock mix"", ""label"": ""Intense chicken stock mix (5.5g)"", ""in_box"": 1}, {""name"": ""white long grain rice"", ""label"": ""White long grain rice (130g)"", ""in_box"": 1}, {""name"": ""solid creamed coconut"", ""label"": ""Solid creamed coconut (25g)"", ""in_box"": 1}, {""name"": ""seasoned chicken mince"", ""label"": ""Seasoned chicken mince (250g)"", ""in_box"": 1}, {""name"": ""tomato paste"", ""label"": ""Tomato paste (32g)"", ""in_box"": 1}, {""name"": ""garam masala"", ""label"": ""Garam masala (1tsp)"", ""in_box"": 1}, {""name"": ""curry powder"", ""label"": ""Curry powder (1tbsp)"", ""in_box"": 1}, {""name"": ""garlic clove"", ""label"": ""Garlic clove x3"", ""in_box"": 3}, {""name"": ""courgette"", ""label"": ""Courgette"", ""in_box"": 1}, {""name"": ""ginger paste"", ""label"": ""Ginger paste (15g)"", ""in_box"": 1}, {""name"": ""lime"", ""label"": ""Lime"", ""in_box"": 1}]"
2026-08-04,2026-08-03,3620b89c-1e6e-4962-81a8-10384bdc00a9,8291,Coronation Chicken Couscous,False,0.0,292,637,36.2,28.3,2.5,57.8,15.8,5.9,2.7,218,12.4,9.7,0.9,19.8,5.4,2.0,0.93,2,10,full-prep,no spice,No Cook,Dairy Free,4.28,1151,True,"[{""name"": ""intense chicken stock mix"", ""label"": ""Intense chicken stock mix (5.5g)"", ""in_box"": 1}, {""name"": ""mayonnaise"", ""label"": ""Mayonnaise (50ml)"", ""in_box"": 1}, {""name"": ""cooked chicken breast"", ""label"": ""Cooked chicken breast (200g)"", ""in_box"": 1}, {""name"": ""curry powder"", ""label"": ""Curry powder (1tbsp)"", ""in_box"": 1}, {""name"": ""baby leaf salad"", ""label"": ""Baby leaf salad (50g)"", ""in_box"": 1}, {""name"": ""couscous"", ""label"": ""Couscous (120g)"", ""in_box"": 1}, {""name"": ""ginger & garlic paste"", ""label"": ""Ginger & garlic paste (15g)"", ""in_box"": 1}, {""name"": ""sultanas"", ""label"": ""Sultanas (30g)"", ""in_box"": 1}, {""name"": ""gem lettuce"", ""label"": ""Gem lettuce"", ""in_box"": 1}, {""name"": ""flaked almonds"", ""label"": ""Flaked almonds (15g)"", ""in_box"": 1}]"
2026-08-04,2026-08-03,5fd218b9-8c5d-468f-b4a7-abfd26548529,16781,Courgette & Black Pepper Sauce W. Fresh Tagliatelle & A Chicken Breast,True,1.5,408,586,45.4,9.7,4.5,78.4,5.2,3.8,1.69,143,11.2,2.4,1.1,19.2,1.3,0.9,0.41,1,20,full-prep,no spice,20 minute meals,,4.4,15,True,"[{""name"": ""chicken breast portions"", ""label"": ""Chicken breast portions (2pcs)"", ""in_box"": 1}, {""name"": ""fresh tagliatelle"", ""label"": ""Fresh tagliatelle (250g)"", ""in_box"": 1}, {""name"": ""intense vegetable stock mix"", ""label"": ""Intense vegetable stock mix (5.5g)"", ""in_box"": 1}, {""name"": ""garlic clove"", ""label"": ""Garlic clove x2"", ""in_box"": 2}, {""name"": ""courgette"", ""label"": ""Courgette"", ""in_box"": 1}, {""name"": ""lemon"", ""label"": ""Lemon"", ""in_box"": 1}, {""name"": ""basil"", ""label"": ""Basil (5g)"", ""in_box"": 1}, {""name"": ""grated Italian hard cheese"", ""label"": ""Grated Italian hard cheese (30g)"", ""in_box"": 1}, {""name"": ""cracked black pepper"", ""label"": ""Cracked black pepper (2.5g)"", ""in_box"": 1}]"
2026-08-04,2026-08-03,2cf95bf2-9b82-4514-9a9a-6c8f17c90966,6038,Creamy Bacon & Pea Sauce With Fresh Orecchiette,False,0.0,278,581,29.5,14.6,6.6,82.8,6.5,7.4,1.6,208,10.6,5.2,2.4,29.7,2.3,2.7,0.57,1,10,full-prep,no spice,Pasta Pronto,,4.1,12096,True,"[{""name"": ""bacon lardons"", ""label"": ""Bacon lardons (100g)"", ""in_box"": 1}, {""name"": ""garlic clove"", ""label"": ""Garlic clove x2"", ""in_box"": 2}, {""name"": ""blanched peas"", ""label"": ""Blanched peas (160g)"", ""in_box"": 1}, {""name"": ""fresh orecchiette"", ""label"": ""Fresh orecchiette (250g)"", ""in_box"": 1}, {""name"": ""basil"", ""label"": ""Basil (5g)"", ""in_box"": 1}, {""name"": ""grated Italian hard cheese"", ""label"": ""Grated Italian hard cheese (30g)"", ""in_box"": 1}]"
2026-08-04,2026-08-03,4fbda499-653a-49ea-8eef-d66601cf9c52,4706,Creamy Bacon & Spinach Sauce With Tomato & Mozzarella Tortelloni,False,0.0,240,530,29.3,24.2,10.0,49.0,5.1,3.0,2.88,220,12.2,10.1,4.2,20.4,2.1,1.3,1.2,1,10,full-prep,no spice,Pasta Pronto,,4.11,6732,True,"[{""name"": ""cornflour"", ""label"": ""Cornflour (1tsp)"", ""in_box"": 1}, {""name"": ""bacon lardons"", ""label"": ""Bacon lardons (100g)"", ""in_box"": 1}, {""name"": ""garlic clove"", ""label"": ""Garlic clove x2"", ""in_box"": 2}, {""name"": ""tomato & mozzarella tortelloni"", ""label"": ""Tomato & mozzarella tortelloni (250g)"", ""in_box"": 1}, {""name"": ""basil"", ""label"": ""Basil (5g)"", ""in_box"": 1}, {""name"": ""grated Italian hard cheese"", ""label"": ""Grated Italian hard cheese (30g)"", ""in_box"": 1}, {""name"": ""spinach"", ""label"": ""Spinach (80g)"", ""in_box"": 1}]"
2026-08-04,2026-08-03,981b5c4f-749c-4ea8-8360-616f4fbc31dd,7464,"Creamy Bacon, Leek And Pea Wholewheat Tortiglioni",False,0.0,337,547,30.9,19.3,8.8,66.4,11.8,13.3,2.95,162,9.2,5.7,2.6,19.7,3.5,3.9,0.88,1,25,full-prep,no spice,20 minute meals,,4.24,1608,True,"[{""name"": ""intense chicken stock mix"", ""label"": ""Intense chicken stock mix (5.5g)"", ""in_box"": 1}, {""name"": ""leek"", ""label"": ""Leek"", ""in_box"": 1}, {""name"": ""bacon lardons"", ""label"": ""Bacon lardons (100g)"", ""in_box"": 1}, {""name"": ""garlic clove"", ""label"": ""Garlic clove x3"", ""in_box"": 3}, {""name"": ""wholewheat tortiglioni"", ""label"": ""Wholewheat tortiglioni (150g)"", ""in_box"": 1}, {""name"": ""blanched peas"", ""label"": ""Blanched peas (160g)"", ""in_box"": 1}, {""name"": ""lighter cheese"", ""label"": ""Lighter cheese (30g)"", ""in_box"": 1}, {""name"": ""soft cheese"", ""label"": ""Soft cheese (50g)"", ""in_box"": 1}]"
2026-08-04,2026-08-03,f6fa4e4c-57e8-4c5c-bdb3-69f35b8cb25b,8244,Creamy Buldak-Inspired Chicken Thigh Carbonara Noodles,False,0.0,296,643,39.4,26.7,12.3,62.4,8.0,2.3,2.5,217,13.3,9.0,4.2,21.1,2.7,0.8,0.84,1,10,full-prep,spicy,10-Minute,,4.29,730,True,"[{""name"": ""chicken stock mix"", ""label"": ""Chicken stock mix (5.5g)"", ""in_box"": 1}, {""name"": ""dried chilli flakes"", ""label"": ""Dried chilli flakes (0.5tsp)"", ""in_box"": 1}, {""name"": ""medium egg noodle nests"", ""label"": ""Medium egg noodle nests (2pcs)"", ""in_box"": 1}, {""name"": ""gochujang paste"", ""label"": ""Gochujang paste (30g)"", ""in_box"": 1}, {""name"": ""diced chicken thigh"", ""label"": ""Diced chicken thigh (250g)"", ""in_box"": 1}, {""name"": ""cheddar cheese"", ""label"": ""Cheddar cheese (40g)"", ""in_box"": 1}, {""name"": ""garlic clove"", ""label"": ""Garlic clove"", ""in_box"": 1}, {""name"": ""soft cheese"", ""label"": ""Soft cheese (50g)"", ""in_box"": 1}, {""name"": ""spinach"", ""label"": ""Spinach (80g)"", ""in_box"": 1}]"
2026-08-04,2026-08-03,17aa1a30-8134-4c29-ac53-a2b7f3d064d4,3083,Creamy Chicken & Pesto Wholewheat Tortiglioni With Basil,False,0.0,355,685,45.9,31.8,11.9,57.4,6.5,7.7,1.98,192,12.9,8.9,3.4,16.2,1.8,2.2,0.56,1,25,full-prep,no spice,20 minute meals,,4.33,3833,True,"[{""name"": ""chicken stock mix"", ""label"": ""Chicken stock mix (5.5g)"", ""in_box"": 1}, {""name"": ""chicken breast strips"", ""label"": ""Chicken breast strips (250g)"", ""in_box"": 1}, {""name"": ""cheddar cheese"", ""label"": ""Cheddar cheese (40g)"", ""in_box"": 1}, {""name"": ""wholewheat tortiglioni"", ""label"": ""Wholewheat tortiglioni (150g)"", ""in_box"": 1}, {""name"": ""soft cheese"", ""label"": ""Soft cheese (50g)"", ""in_box"": 1}, {""name"": ""basil"", ""label"": ""Basil (10g)"", ""in_box"": 1}, {""name"": ""traditional Italian pesto"", ""label"": ""Traditional Italian pesto (45g)"", ""in_box"": 1}, {""name"": ""spinach"", ""label"": ""Spinach (80g)"", ""in_box"": 1}, {""name"": ""red onion"", ""label"": ""Red onion"", ""in_box"": 1}]"
2026-08-04,2026-08-03,cecffa40-54f1-47cb-a53b-ac149548b002,5961,Creamy Chicken Potato-Topped Pie,False,0.0,510,433,35.4,11.6,5.2,50.0,10.1,9.2,1.89,84,6.9,2.3,1.0,9.8,2.0,1.8,0.37,1,55,full-prep,no spice,Modern Bistro,,4.5,8034,True,"[{""name"": ""chicken breast strips"", ""label"": ""Chicken breast strips (250g)"", ""in_box"": 1}, {""name"": ""shredded kale"", ""label"": ""Shredded kale (120g)"", ""in_box"": 1}, {""name"": ""intense vegetable stock mix"", ""label"": ""Intense vegetable stock mix (5.5g)"", ""in_box"": 1}, {""name"": ""garlic clove"", ""label"": ""Garlic clove x2"", ""in_box"": 2}, {""name"": ""brown onion"", ""label"": ""Brown onion"", ""in_box"": 1}, {""name"": ""soft cheese"", ""label"": ""Soft cheese (50g)"", ""in_box"": 1}, {""name"": ""carrot"", ""label"": ""Carrot"", ""in_box"": 1}, {""name"": ""white potato"", ""label"": ""White potato x4"", ""in_box"": 4}, {""name"": ""Dijon mustard"", ""label"": ""Dijon mustard (5.5g)"", ""in_box"": 1}]"
2026-08-04,2026-08-03,bd699ab9-9c01-4ae6-81a6-236b64af0ba5,11064,Creamy Chorizo & Butternut Squash Farfalle,False,0.0,,715,25.2,31.7,,87.7,,5.0,2.56,,,,,,,,,1,25,full-prep,mild,20 minute meals,,4.45,1145,True,
2026-08-04,2026-08-03,fa551113-3433-40b5-929a-5524ac198cde,2253,Creamy Coronation Chickpea Salad,False,0.0,559,423,14.1,12.3,4.9,62.7,22.7,12.5,0.79,75,2.5,2.2,0.9,11.2,4.1,2.2,0.14,3,25,full-prep,spicy,20 minute meals,Vegan; Vegetarian; Dairy Free; Gluten Free,4.23,4482,True,"[{""name"": ""cultured coconut"", ""label"": ""Cultured coconut (80g)"", ""in_box"": 1}, {""name"": ""mango chutney"", ""label"": ""Mango chutney (20g)"", ""in_box"": 1}, {""name"": ""waxy potatoes"", ""label"": ""Waxy potatoes (350g)"", ""in_box"": 1}, {""name"": ""red chilli"", ""label"": ""Red chilli"", ""in_box"": 1}, {""name"": ""curry powder"", ""label"": ""Curry powder (1tbsp)"", ""in_box"": 1}, {""name"": ""chickpeas"", ""label"": ""Chickpeas (390g)"", ""in_box"": 1}, {""name"": ""cucumber"", ""label"": ""Cucumber (0.5pcs)"", ""in_box"": 1}, {""name"": ""coriander"", ""label"": ""Coriander (5g)"", ""in_box"": 1}, {""name"": ""sultanas"", ""label"": ""Sultanas (30g)"", ""in_box"": 1}, {""name"": ""gem lettuce"", ""label"": ""Gem lettuce"", ""in_box"": 1}, {""name"": ""lime"", ""label"": ""Lime"", ""in_box"": 1}, {""name"": ""flaked almonds"", ""label"": ""Flaked almonds (15g)"", ""in_box"": 1}]"
2026-08-04,2026-08-03,6e4b0cca-5fd5-48f1-b587-f7f74ea2aa4e,15262,"Creamy Harissa, Sweet Potato & Greek Cheese Grain Bowl",False,0.0,470,666,26.2,26.8,9.9,74.5,14.6,14.3,1.64,141,5.6,5.7,2.1,15.8,3.1,3.0,0.35,3,10,full-prep,spicy,No Cook,Vegetarian,0,0,True,"[{""name"": ""Greek salad cheese"", ""label"": ""Greek salad cheese (100g)"", ""in_box"": 1}, {""name"": ""blanched edamame beans"", ""label"": ""Blanched edamame beans (160g)"", ""in_box"": 1}, {""name"": ""garlic clove"", ""label"": ""Garlic clove"", ""in_box"": 1}, {""name"": ""glorious grains"", ""label"": ""Glorious grains (250g)"", ""in_box"": 1}, {""name"": ""pumpkin seeds"", ""label"": ""Pumpkin seeds (15g)"", ""in_box"": 1}, {""name"": ""natural yoghurt"", ""label"": ""Natural yoghurt (80g)"", ""in_box"": 1}, {""name"": ""harissa paste"", ""label"": ""Harissa paste (40g)"", ""in_box"": 1}, {""name"": ""gem lettuce"", ""label"": ""Gem lettuce"", ""in_box"": 1}, {""name"": ""sweet potato"", ""label"": ""Sweet potato"", ""in_box"": 1}]"
2026-08-04,2026-08-03,a2ca4894-3614-44d6-99ed-04d272bf0db0,6744,Creamy Lemon & Asparagus Sauce With Fresh Tagliatelle,False,0.0,311,526,20.2,13.9,8.7,79.5,5.2,5.0,1.57,168,6.5,4.5,2.8,25.6,1.7,1.6,0.51,1,10,full-prep,no spice,Pasta Pronto,Vegetarian,4.21,6046,True,"[{""name"": ""crème fraîche"", ""label"": ""Crème fraîche (80g)"", ""in_box"": 1}, {""name"": ""asparagus spears"", ""label"": ""Asparagus spears (120g)"", ""in_box"": 1}, {""name"": ""fresh tagliatelle"", ""label"": ""Fresh tagliatelle (250g)"", ""in_box"": 1}, {""name"": ""intense vegetable stock mix"", ""label"": ""Intense vegetable stock mix (5.5g)"", ""in_box"": 1}, {""name"": ""garlic clove"", ""label"": ""Garlic clove x2"", ""in_box"": 2}, {""name"": ""lemon"", ""label"": ""Lemon"", ""in_box"": 1}, {""name"": ""basil"", ""label"": ""Basil (5g)"", ""in_box"": 1}, {""name"": ""grated Italian hard cheese"", ""label"": ""Grated Italian hard cheese (30g)"", ""in_box"": 1}, {""name"": ""rocket"", ""label"": ""Rocket (20g)"", ""in_box"": 1}]"
2026-08-04,2026-08-03,3e64ee93-b62f-4bf0-a71f-251543e9eed7,7852,Creamy Mustard Salmon With Crushed Potatoes And Greens,True,2.25,,503,31.4,27.4,,35.0,,7.3,1.34,,,,,,,,,2,10,full-prep,no spice,Gastropub,Gluten Free,4.56,2758,True,
2026-08-04,2026-08-03,d0d5c7fa-2994-44f9-8249-b3866a90ffa4,2001,"Creamy Pesto, Chicken Thigh & Spinach Spaghetti",False,0.0,333,809,43.4,37.2,12.4,73.5,5.3,3.8,2.55,243,13.0,11.2,3.7,22.1,1.6,1.1,0.77,1,10,full-prep,no spice,10-Minute,,4.28,39934,True,"[{""name"": ""intense chicken stock mix"", ""label"": ""Intense chicken stock mix (5.5g)"", ""in_box"": 1}, {""name"": ""diced chicken thigh"", ""label"": ""Diced chicken thigh (250g)"", ""in_box"": 1}, {""name"": ""roasted garlic paste"", ""label"": ""Roasted garlic paste (15g)"", ""in_box"": 1}, {""name"": ""grated Italian hard cheese"", ""label"": ""Grated Italian hard cheese (30g)"", ""in_box"": 1}, {""name"": ""soft cheese"", ""label"": ""Soft cheese (50g)"", ""in_box"": 1}, {""name"": ""traditional Italian pesto"", ""label"": ""Traditional Italian pesto (45g)"", ""in_box"": 1}, {""name"": ""spinach"", ""label"": ""Spinach (80g)"", ""in_box"": 1}, {""name"": ""spaghetti"", ""label"": ""Spaghetti (190g)"", ""in_box"": 1}]"
2026-08-04,2026-08-03,ab7e5ac3-ee14-4c0f-9254-447fe06d87be,3921,Crispy Basa Burger With Wedges And Homemade Zingy Slaw,False,0.0,552,656,30.1,25.2,2.3,77.8,9.2,7.5,2.01,118,5.5,4.6,0.4,14.1,1.7,1.4,0.36,2,40,full-prep,no spice,Takeaway Night,Dairy Free,4.44,5293,True,"[{""name"": ""brioche style buns"", ""label"": ""Brioche style buns (2pcs)"", ""in_box"": 1}, {""name"": ""basa fillets"", ""label"": ""Basa fillets (2pcs)"", ""in_box"": 1}, {""name"": ""mayonnaise"", ""label"": ""Mayonnaise (50ml)"", ""in_box"": 1}, {""name"": ""cornflour"", ""label"": ""Cornflour (4tbsp)"", ""in_box"": 1}, {""name"": ""shallot"", ""label"": ""Shallot"", ""in_box"": 1}, {""name"": ""lemon"", ""label"": ""Lemon"", ""in_box"": 1}, {""name"": ""cucumber"", ""label"": ""Cucumber (0.5pcs)"", ""in_box"": 1}, {""name"": ""soy sauce"", ""label"": ""Soy sauce (15ml)"", ""in_box"": 1}, {""name"": ""gem lettuce"", ""label"": ""Gem lettuce"", ""in_box"": 1}, {""name"": ""white potato"", ""label"": ""White potato x3"", ""in_box"": 3}]"
2026-08-04,2026-08-03,59a5edf0-c6b4-4cad-9427-ca6babbc4006,5385,Crispy Chicken Katsu Curry Burritos,False,0.0,433,760,44.2,22.5,13.2,92.3,13.3,8.7,2.67,175,10.2,5.2,3.1,21.3,3.1,2.0,0.62,2,45,full-prep,mild,Takeaway Night,Dairy Free,4.23,19753,True,"[{""name"": ""chicken breast strips"", ""label"": ""Chicken breast strips (250g)"", ""in_box"": 1}, {""name"": ""solid creamed coconut"", ""label"": ""Solid creamed coconut (25g)"", ""in_box"": 1}, {""name"": ""plain tortillas"", ""label"": ""Plain tortillas (4pcs)"", ""in_box"": 1}, {""name"": ""panko breadcrumbs"", ""label"": ""Panko breadcrumbs (40g)"", ""in_box"": 1}, {""name"": ""curry powder"", ""label"": ""Curry powder (1tbsp)"", ""in_box"": 1}, {""name"": ""brown onion"", ""label"": ""Brown onion"", ""in_box"": 1}, {""name"": ""ginger & garlic paste"", ""label"": ""Ginger & garlic paste (15g)"", ""in_box"": 1}, {""name"": ""carrot"", ""label"": ""Carrot"", ""in_box"": 1}, {""name"": ""soy sauce"", ""label"": ""Soy sauce (15ml)"", ""in_box"": 1}, {""name"": ""gem lettuce"", ""label"": ""Gem lettuce"", ""in_box"": 1}]"
2026-08-04,2026-08-03,38ff39e3-5bf6-468b-9d90-c4522af05d08,8294,Crispy Gnocchi With Creamy Tarragon Sauce & Asparagus,False,0.0,389,518,19.1,18.2,5.8,70.9,7.8,9.2,2.27,133,4.9,4.7,1.5,18.2,2.0,2.4,0.58,2,25,full-prep,no spice,20 minute meals,Vegetarian,4.27,2438,True,"[{""name"": ""asparagus spears"", ""label"": ""Asparagus spears (120g)"", ""in_box"": 1}, {""name"": ""gnocchi"", ""label"": ""Gnocchi (350g)"", ""in_box"": 1}, {""name"": ""garlic clove"", ""label"": ""Garlic clove x2"", ""in_box"": 2}, {""name"": ""parsley and tarragon pesto"", ""label"": ""Parsley and tarragon pesto (40g)"", ""in_box"": 1}, {""name"": ""shallot"", ""label"": ""Shallot"", ""in_box"": 1}, {""name"": ""blanched peas"", ""label"": ""Blanched peas (160g)"", ""in_box"": 1}, {""name"": ""vegetable stock mix"", ""label"": ""Vegetable stock mix (5.5g)"", ""in_box"": 1}, {""name"": ""soft cheese"", ""label"": ""Soft cheese (50g)"", ""in_box"": 1}, {""name"": ""rocket"", ""label"": ""Rocket (20g)"", ""in_box"": 1}]"
2026-08-04,2026-08-03,bde9ee59-799a-4136-b91d-e3b8de9b22ad,1144,Crispy Smoky Basa With Creamed Leeks,False,0.0,386,285,24.4,3.2,1.1,41.5,5.8,6.9,1.53,73,6.3,0.8,0.3,10.7,1.5,1.8,0.4,1,40,full-prep,no spice,Modern Bistro,Dairy Free,4.15,22179,True,"[{""name"": ""leek"", ""label"": ""Leek"", ""in_box"": 1}, {""name"": ""panko breadcrumbs"", ""label"": ""Panko breadcrumbs (20g)"", ""in_box"": 1}, {""name"": ""garlic clove"", ""label"": ""Garlic clove"", ""in_box"": 1}, {""name"": ""smoked basa fillets"", ""label"": ""Smoked basa fillets (2pcs)"", ""in_box"": 1}, {""name"": ""fine green beans"", ""label"": ""Fine green beans (80g)"", ""in_box"": 1}, {""name"": ""white potato"", ""label"": ""White potato x3"", ""in_box"": 3}, {""name"": ""Dijon mustard"", ""label"": ""Dijon mustard (5.5g)"", ""in_box"": 1}]"
2026-08-04,2026-08-03,ce8829f8-4d4e-4604-bf3a-e85a320f8fe3,8290,Curried Chickpea Shakshuka With Cumin Butter Naan,False,0.0,465,576,27.9,14.2,3.4,80.0,19.7,11.8,2.5,123,6.0,3.1,0.7,17.2,4.2,2.5,0.54,3,30,full-prep,spicy,Veg Boost,Vegetarian,4.31,1505,True,"[{""name"": ""green chilli"", ""label"": ""Green chilli"", ""in_box"": 1}, {""name"": ""ground turmeric"", ""label"": ""Ground turmeric (0.5tsp)"", ""in_box"": 1}, {""name"": ""free range egg"", ""label"": ""Free range egg x2"", ""in_box"": 2}, {""name"": ""cumin seeds"", ""label"": ""Cumin seeds (1tsp)"", ""in_box"": 1}, {""name"": ""curry powder"", ""label"": ""Curry powder (1tbsp)"", ""in_box"": 1}, {""name"": ""garlic clove"", ""label"": ""Garlic clove x2"", ""in_box"": 2}, {""name"": ""chickpeas"", ""label"": ""Chickpeas (390g)"", ""in_box"": 1}, {""name"": ""brown onion"", ""label"": ""Brown onion"", ""in_box"": 1}, {""name"": ""natural yoghurt"", ""label"": ""Natural yoghurt (80g)"", ""in_box"": 1}, {""name"": ""plain naan"", ""label"": ""Plain naan (2pcs)"", ""in_box"": 1}, {""name"": ""vegetable stock mix"", ""label"": ""Vegetable stock mix (5.5g)"", ""in_box"": 1}, {""name"": ""ginger paste"", ""label"": ""Ginger paste (15g)"", ""in_box"": 1}, {""name"": ""coriander"", ""label"": ""Coriander (5g)"", ""in_box"": 1}, {""name"": ""sultanas"", ""label"": ""Sultanas (30g)"", ""in_box"": 1}, {""name"": ""spinach"", ""label"": ""Spinach (120g)"", ""in_box"": 1}]"
2026-08-04,2026-08-03,6219b2ef-5c34-4329-b886-a53b5971eaad,7262,"DIY Asparagus, Potato & Double Cheese Pizza Bianca",False,0.0,412,777,37.7,21.5,13.8,115.5,13.3,7.6,2.16,188,9.2,5.2,3.4,28.1,3.2,1.9,0.53,1,40,full-prep,no spice,Moments,Vegetarian,4.07,198,True,"[{""name"": ""asparagus spears"", ""label"": ""Asparagus spears (120g)"", ""in_box"": 1}, {""name"": ""dried yeast"", ""label"": ""Dried yeast (7g)"", ""in_box"": 1}, {""name"": ""pizza base mix"", ""label"": ""Pizza base mix (250g)"", ""in_box"": 1}, {""name"": ""soft goats' cheese"", ""label"": ""Soft goats' cheese (75g)"", ""in_box"": 1}, {""name"": ""garlic clove"", ""label"": ""Garlic clove"", ""in_box"": 1}, {""name"": ""mozzarella"", ""label"": ""Mozzarella (125g)"", ""in_box"": 1}, {""name"": ""red chilli relish"", ""label"": ""Red chilli relish (25g)"", ""in_box"": 1}, {""name"": ""cider vinegar"", ""label"": ""Cider vinegar (15ml)"", ""in_box"": 1}, {""name"": ""rocket"", ""label"": ""Rocket (20g)"", ""in_box"": 1}, {""name"": ""red onion"", ""label"": ""Red onion"", ""in_box"": 1}, {""name"": ""white potato"", ""label"": ""White potato"", ""in_box"": 1}]"
2026-08-04,2026-08-03,6b56cced-3193-4096-a6a2-1f37ad0684ce,3072,DIY Pizza Diavola With Pepperoni,False,0.0,313,767,37.1,27.3,14.1,98.9,6.1,5.7,2.93,245,11.9,8.7,4.5,31.6,1.9,1.8,0.94,1,55,full-prep,spicy,Modern Bistro,,4.33,9030,True,"[{""name"": ""dried oregano"", ""label"": ""Dried oregano (1tsp)"", ""in_box"": 1}, {""name"": ""green chilli"", ""label"": ""Green chilli"", ""in_box"": 1}, {""name"": ""dried yeast"", ""label"": ""Dried yeast (7g)"", ""in_box"": 1}, {""name"": ""sliced pepperoni"", ""label"": ""Sliced pepperoni (30g)"", ""in_box"": 1}, {""name"": ""tomato paste"", ""label"": ""Tomato paste (32g)"", ""in_box"": 1}, {""name"": ""pizza base mix"", ""label"": ""Pizza base mix (250g)"", ""in_box"": 1}, {""name"": ""black olives"", ""label"": ""Black olives (40g)"", ""in_box"": 1}, {""name"": ""garlic clove"", ""label"": ""Garlic clove"", ""in_box"": 1}, {""name"": ""basil"", ""label"": ""Basil (5g)"", ""in_box"": 1}, {""name"": ""grated Italian hard cheese"", ""label"": ""Grated Italian hard cheese (30g)"", ""in_box"": 1}, {""name"": ""mozzarella"", ""label"": ""Mozzarella (125g)"", ""in_box"": 1}, {""name"": ""rocket"", ""label"": ""Rocket (50g)"", ""in_box"": 1}, {""name"": ""white wine vinegar"", ""label"": ""White wine vinegar (15ml)"", ""in_box"": 1}, {""name"": ""balsamic vinegar"", ""label"": ""Balsamic vinegar (15ml)"", ""in_box"": 1}]"
2026-08-04,2026-08-03,f3340a0c-04f1-4fda-9485-a2a3a161f748,2195,"Duck Breast W. Hasselback Potatoes, Caramelised Shallot & Fig Jus",True,3.0,454,522,30.5,26.1,6.8,44.2,12.7,8.4,0.96,114,6.7,5.7,1.5,9.7,2.8,1.8,0.21,1,45,full-prep,no spice,Fine Dine In,Dairy Free; Gluten Free,4.41,579,True,"[{""name"": ""gravy base"", ""label"": ""Gravy base (14g)"", ""in_box"": 1}, {""name"": ""waxy potatoes"", ""label"": ""Waxy potatoes (350g)"", ""in_box"": 1}, {""name"": ""duck breast portions"", ""label"": ""Duck breast portions (2pcs)"", ""in_box"": 1}, {""name"": ""garlic clove"", ""label"": ""Garlic clove x2"", ""in_box"": 2}, {""name"": ""Dried bay leaf"", ""label"": ""Dried bay leaf x2"", ""in_box"": 2}, {""name"": ""thyme"", ""label"": ""Thyme (5g)"", ""in_box"": 1}, {""name"": ""shallot"", ""label"": ""Shallot x3"", ""in_box"": 3}, {""name"": ""Tenderstem broccoli"", ""label"": ""Tenderstem broccoli (160g)"", ""in_box"": 1}, {""name"": ""fig relish"", ""label"": ""Fig relish (25g)"", ""in_box"": 1}]"
2026-08-04,2026-08-03,b06780c9-bbb4-475d-a798-7e491c32e489,286,Easy Lamb Biryani,False,0.0,340,601,34.7,18.9,8.7,76.9,18.8,4.6,1.84,176,10.2,5.6,2.6,22.6,5.5,1.4,0.54,2,25,full-prep,mild,20 minute meals,Gluten Free,4.37,32655,True,"[{""name"": ""intense chicken stock mix"", ""label"": ""Intense chicken stock mix (5.5g)"", ""in_box"": 1}, {""name"": ""white basmati rice"", ""label"": ""White basmati rice (130g)"", ""in_box"": 1}, {""name"": ""curry powder"", ""label"": ""Curry powder (1tbsp)"", ""in_box"": 1}, {""name"": ""brown onion"", ""label"": ""Brown onion"", ""in_box"": 1}, {""name"": ""natural yoghurt"", ""label"": ""Natural yoghurt (80g)"", ""in_box"": 1}, {""name"": ""lamb mince"", ""label"": ""Lamb mince (250g)"", ""in_box"": 1}, {""name"": ""tomato paste"", ""label"": ""Tomato paste (16g)"", ""in_box"": 1}, {""name"": ""sultanas"", ""label"": ""Sultanas (30g)"", ""in_box"": 1}, {""name"": ""fine green beans"", ""label"": ""Fine green beans (80g)"", ""in_box"": 1}]"
2026-08-04,2026-08-03,bb2231a1-74bf-4dad-a76c-a48f060213ac,7201,Extra Easy Margherita Pizza With Chilli Oil And Cucumber Salad,False,0.0,384,682,29.9,14.6,7.9,109.1,19.5,7.0,1.77,177,7.8,3.8,2.1,28.4,5.1,1.8,0.46,3,30,full-prep,spicy,Family Kitchen,Vegetarian,4.34,7877,True,"[{""name"": ""dried oregano"", ""label"": ""Dried oregano (1tsp)"", ""in_box"": 1}, {""name"": ""Wildfarmed pizza bases"", ""label"": ""Wildfarmed pizza bases (2pcs)"", ""in_box"": 1}, {""name"": ""dried chilli flakes"", ""label"": ""Dried chilli flakes (0.5tsp)"", ""in_box"": 1}, {""name"": ""tomato paste"", ""label"": ""Tomato paste (32g) x2"", ""in_box"": 2}, {""name"": ""garlic clove"", ""label"": ""Garlic clove"", ""in_box"": 1}, {""name"": ""basil"", ""label"": ""Basil (5g)"", ""in_box"": 1}, {""name"": ""mozzarella"", ""label"": ""Mozzarella (125g)"", ""in_box"": 1}, {""name"": ""cucumber"", ""label"": ""Cucumber (0.5pcs)"", ""in_box"": 1}, {""name"": ""rocket"", ""label"": ""Rocket (20g)"", ""in_box"": 1}, {""name"": ""balsamic vinegar"", ""label"": ""Balsamic vinegar (15ml)"", ""in_box"": 1}]"
2026-08-04,2026-08-03,cf2a4b23-7c7c-49be-8ad5-757fab137886,8289,Falafel & Roast Pepper Couscous Bowl With Romesco Yoghurt,False,0.0,337,533,17.9,15.5,2.0,75.6,17.7,12.4,2.39,158,5.3,4.6,0.6,22.4,5.3,3.7,0.71,1,10,full-prep,no spice,No Cook,Vegetarian,3.98,447,True,"[{""name"": ""ground sumac"", ""label"": ""Ground sumac (1tsp)"", ""in_box"": 1}, {""name"": ""roasted red peppers"", ""label"": ""Roasted red peppers (80g)"", ""in_box"": 1}, {""name"": ""Moroccan Falafel"", ""label"": ""Moroccan Falafel (171g)"", ""in_box"": 1}, {""name"": ""baby leaf salad"", ""label"": ""Baby leaf salad (50g)"", ""in_box"": 1}, {""name"": ""natural yoghurt"", ""label"": ""Natural yoghurt (80g)"", ""in_box"": 1}, {""name"": ""couscous"", ""label"": ""Couscous (120g)"", ""in_box"": 1}, {""name"": ""romesco sauce"", ""label"": ""Romesco sauce (40g)"", ""in_box"": 1}, {""name"": ""vegetable stock mix"", ""label"": ""Vegetable stock mix (5.5g)"", ""in_box"": 1}, {""name"": ""cherry tomatoes"", ""label"": ""Cherry tomatoes (125g)"", ""in_box"": 1}]"
2026-08-04,2026-08-03,3ff4ec36-7137-4195-8a90-8d303ae4d976,1104,Filipino-Style Chicken Thigh Adobo With Rice,False,0.0,399,577,40.1,16.5,4.4,69.6,5.6,5.0,2.88,144,10.0,4.1,1.1,17.4,1.4,1.3,0.72,1,35,full-prep,no spice,Global Kitchen,Dairy Free,4.23,14558,True,"[{""name"": ""white long grain rice"", ""label"": ""White long grain rice (130g)"", ""in_box"": 1}, {""name"": ""spring onion"", ""label"": ""Spring onion"", ""in_box"": 1}, {""name"": ""skinless chicken thighs"", ""label"": ""Skinless chicken thighs (320g)"", ""in_box"": 1}, {""name"": ""cornflour"", ""label"": ""Cornflour (1tbsp)"", ""in_box"": 1}, {""name"": ""garlic clove"", ""label"": ""Garlic clove x2"", ""in_box"": 2}, {""name"": ""Dried bay leaf"", ""label"": ""Dried bay leaf x2"", ""in_box"": 2}, {""name"": ""brown onion"", ""label"": ""Brown onion"", ""in_box"": 1}, {""name"": ""ginger paste"", ""label"": ""Ginger paste (15g)"", ""in_box"": 1}, {""name"": ""cider vinegar"", ""label"": ""Cider vinegar (15ml) x2"", ""in_box"": 2}, {""name"": ""Tenderstem broccoli"", ""label"": ""Tenderstem broccoli (160g)"", ""in_box"": 1}, {""name"": ""soy sauce"", ""label"": ""Soy sauce (30ml)"", ""in_box"": 1}]"
2026-08-04,2026-08-03,8e92cbb6-0e94-4c0d-a610-99c9a8691406,3417,Flaked Salmon Tart With Crispy Potatoes,False,0.0,398,631,20.3,33.2,14.8,63.8,6.0,5.8,1.19,158,5.1,8.4,3.7,16.0,1.5,1.5,0.3,1,40,full-prep,no spice,Modern Bistro,,4.2,26152,True,"[{""name"": ""dried oregano"", ""label"": ""Dried oregano (1tsp)"", ""in_box"": 1}, {""name"": ""crème fraîche"", ""label"": ""Crème fraîche (80g)"", ""in_box"": 1}, {""name"": ""salmon flakes"", ""label"": ""Salmon flakes (100g)"", ""in_box"": 1}, {""name"": ""puff pastry"", ""label"": ""Puff pastry (160g)"", ""in_box"": 1}, {""name"": ""tomato"", ""label"": ""Tomato"", ""in_box"": 1}, {""name"": ""rocket"", ""label"": ""Rocket (50g)"", ""in_box"": 1}, {""name"": ""balsamic vinegar"", ""label"": ""Balsamic vinegar (15ml)"", ""in_box"": 1}, {""name"": ""white potato"", ""label"": ""White potato x3"", ""in_box"": 3}]"
2026-08-04,2026-08-03,af8e70d4-d164-45fd-991a-24aea2d2de04,980,Fragrant Chicken Saag Masala With Pilau Rice,False,0.0,322,434,35.9,5.1,1.3,64.8,5.2,4.8,1.33,134,11.2,1.6,0.4,20.1,1.6,1.5,0.41,3,45,full-prep,spicy,Global Kitchen,Gluten Free; Dairy Free,4.25,33574,True,"[{""name"": ""intense chicken stock mix"", ""label"": ""Intense chicken stock mix (5.5g)"", ""in_box"": 1}, {""name"": ""white long grain rice"", ""label"": ""White long grain rice (130g)"", ""in_box"": 1}, {""name"": ""chicken breast strips"", ""label"": ""Chicken breast strips (250g)"", ""in_box"": 1}, {""name"": ""dried chilli flakes"", ""label"": ""Dried chilli flakes (1tsp)"", ""in_box"": 1}, {""name"": ""tomato paste"", ""label"": ""Tomato paste (32g)"", ""in_box"": 1}, {""name"": ""garlic clove"", ""label"": ""Garlic clove x2"", ""in_box"": 2}, {""name"": ""garam masala"", ""label"": ""Garam masala (1tbsp)"", ""in_box"": 1}, {""name"": ""brown onion"", ""label"": ""Brown onion"", ""in_box"": 1}, {""name"": ""coriander"", ""label"": ""Coriander (5g)"", ""in_box"": 1}, {""name"": ""cardamom pod"", ""label"": ""Cardamom pod x3"", ""in_box"": 3}, {""name"": ""spinach"", ""label"": ""Spinach (120g)"", ""in_box"": 1}]"
2026-08-04,2026-08-03,dac2b28f-9972-4f8a-9199-e7b60fc8b136,4924,Fragrant Lamb Curry With Cumin Chips & Chilli Tomato Salad,False,0.0,496,490,30.6,18.9,8.0,52.2,10.6,8.0,0.83,98,6.2,3.8,1.6,10.5,2.1,1.6,0.17,2,35,full-prep,spicy,Takeaway Night,Dairy Free; Gluten Free,4.38,3067,True,"[{""name"": ""green chilli"", ""label"": ""Green chilli"", ""in_box"": 1}, {""name"": ""cumin seeds"", ""label"": ""Cumin seeds (1tsp)"", ""in_box"": 1}, {""name"": ""tomato paste"", ""label"": ""Tomato paste (32g)"", ""in_box"": 1}, {""name"": ""garam masala"", ""label"": ""Garam masala (1tsp)"", ""in_box"": 1}, {""name"": ""curry powder"", ""label"": ""Curry powder (1tbsp)"", ""in_box"": 1}, {""name"": ""tomato"", ""label"": ""Tomato x2"", ""in_box"": 2}, {""name"": ""lamb mince"", ""label"": ""Lamb mince (250g)"", ""in_box"": 1}, {""name"": ""ginger & garlic paste"", ""label"": ""Ginger & garlic paste (15g)"", ""in_box"": 1}, {""name"": ""red onion"", ""label"": ""Red onion"", ""in_box"": 1}, {""name"": ""white potato"", ""label"": ""White potato x4"", ""in_box"": 4}]"
2026-08-04,2026-08-03,abba5062-9624-49a1-9e35-68a352d19ccf,7404,Fragrant Vietnamese-Style Tomato Tofu With Rice,False,0.0,492,512,31.7,12.2,2.0,70.5,10.6,7.4,2.71,104,6.4,2.5,0.4,14.3,2.2,1.5,0.55,3,25,full-prep,no spice,20 minute meals,Vegan; Vegetarian; Dairy Free,4.09,1226,True,"[{""name"": ""white long grain rice"", ""label"": ""White long grain rice (130g)"", ""in_box"": 1}, {""name"": ""red pepper"", ""label"": ""Red pepper"", ""in_box"": 1}, {""name"": ""plain tofu"", ""label"": ""Plain tofu (280g)"", ""in_box"": 1}, {""name"": ""garlic clove"", ""label"": ""Garlic clove x2"", ""in_box"": 2}, {""name"": ""tomato"", ""label"": ""Tomato x2"", ""in_box"": 2}, {""name"": ""brown onion"", ""label"": ""Brown onion"", ""in_box"": 1}, {""name"": ""ginger paste"", ""label"": ""Ginger paste (15g)"", ""in_box"": 1}, {""name"": ""tomato paste"", ""label"": ""Tomato paste (16g)"", ""in_box"": 1}, {""name"": ""coriander"", ""label"": ""Coriander (5g)"", ""in_box"": 1}, {""name"": ""soy sauce"", ""label"": ""Soy sauce (30ml)"", ""in_box"": 1}, {""name"": ""lime"", ""label"": ""Lime"", ""in_box"": 1}]"
2026-08-04,2026-08-03,f0a184d6-f08d-4f77-b7ed-cda38e07aa5a,5792,Garlic & Coriander Butter Chicken Thigh Burritos,False,0.0,429,867,43.9,23.7,8.1,121.7,10.9,6.5,2.11,202,10.2,5.5,1.9,28.4,2.5,1.5,0.49,2,35,full-prep,spicy,Global Kitchen,,4.31,14911,True,"[{""name"": ""chicken stock mix"", ""label"": ""Chicken stock mix (5.5g)"", ""in_box"": 1}, {""name"": ""white basmati rice"", ""label"": ""White basmati rice (100g)"", ""in_box"": 1}, {""name"": ""plain tortillas"", ""label"": ""Plain tortillas (4pcs)"", ""in_box"": 1}, {""name"": ""diced chicken thigh"", ""label"": ""Diced chicken thigh (250g)"", ""in_box"": 1}, {""name"": ""tomato paste"", ""label"": ""Tomato paste (32g)"", ""in_box"": 1}, {""name"": ""curry powder"", ""label"": ""Curry powder (1tbsp)"", ""in_box"": 1}, {""name"": ""garlic clove"", ""label"": ""Garlic clove"", ""in_box"": 1}, {""name"": ""garam masala"", ""label"": ""Garam masala (1tbsp)"", ""in_box"": 1}, {""name"": ""coriander"", ""label"": ""Coriander (10g)"", ""in_box"": 1}, {""name"": ""shallot"", ""label"": ""Shallot"", ""in_box"": 1}, {""name"": ""natural yoghurt"", ""label"": ""Natural yoghurt (80g)"", ""in_box"": 1}, {""name"": ""ginger & garlic paste"", ""label"": ""Ginger & garlic paste (15g)"", ""in_box"": 1}, {""name"": ""spinach"", ""label"": ""Spinach (80g)"", ""in_box"": 1}, {""name"": ""cardamom pod"", ""label"": ""Cardamom pod"", ""in_box"": 1}]"
2026-08-04,2026-08-03,01e14ef4-ff5c-4a15-bb61-9369a35dbdeb,4111,Garlicky Breaded Basa With Waxy Potatoes & Garden Veg,False,0.0,480,493,31.8,17.9,9.4,50.6,6.8,3.3,0.21,102,6.6,3.7,2.0,10.5,1.4,0.7,0.04,1,35,full-prep,no spice,Modern Bistro,,4.26,884,True,"[{""name"": ""free range egg"", ""label"": ""Free range egg"", ""in_box"": 1}, {""name"": ""garden veg mix"", ""label"": ""Garden veg mix (160g)"", ""in_box"": 1}, {""name"": ""waxy potatoes"", ""label"": ""Waxy potatoes (350g)"", ""in_box"": 1}, {""name"": ""basa fillets"", ""label"": ""Basa fillets (2pcs)"", ""in_box"": 1}, {""name"": ""Cornish clotted cream"", ""label"": ""Cornish clotted cream (40g)"", ""in_box"": 1}, {""name"": ""panko breadcrumbs"", ""label"": ""Panko breadcrumbs (40g)"", ""in_box"": 1}, {""name"": ""garlic clove"", ""label"": ""Garlic clove"", ""in_box"": 1}, {""name"": ""parsley"", ""label"": ""Parsley (5g)"", ""in_box"": 1}, {""name"": ""lemon"", ""label"": ""Lemon"", ""in_box"": 1}]"
2026-08-04,2026-08-03,50a475ff-0490-4fa0-8d35-5f0657d32fdc,3095,Ginger Chicken Thigh Udon Stir-Fry,False,0.0,486,620,35.8,21.0,5.7,71.9,9.1,5.6,2.44,127,7.4,4.3,1.2,14.8,1.9,1.1,0.5,1,10,full-prep,mild,10-Minute,Dairy Free,4.28,9542,True,"[{""name"": ""sriracha hot chilli sauce"", ""label"": ""Sriracha hot chilli sauce (8ml)"", ""in_box"": 1}, {""name"": ""diced chicken thigh"", ""label"": ""Diced chicken thigh (250g)"", ""in_box"": 1}, {""name"": ""toasted sesame oil"", ""label"": ""Toasted sesame oil (10ml)"", ""in_box"": 1}, {""name"": ""blanched peas"", ""label"": ""Blanched peas (160g)"", ""in_box"": 1}, {""name"": ""crispy onions"", ""label"": ""Crispy onions (15g)"", ""in_box"": 1}, {""name"": ""udon noodles"", ""label"": ""Udon noodles (200g) x2"", ""in_box"": 2}, {""name"": ""ginger paste"", ""label"": ""Ginger paste (15g)"", ""in_box"": 1}, {""name"": ""soy sauce"", ""label"": ""Soy sauce (15ml)"", ""in_box"": 1}, {""name"": ""sweet pointed pepper"", ""label"": ""Sweet pointed pepper"", ""in_box"": 1}]"
2026-08-04,2026-08-03,d22b20c1-ac22-4ddf-a38a-1f21b58f7264,4365,Goan-Style Pork Balchão Curry With Basmati Rice,False,0.0,394,725,37.3,34.1,12.2,71.7,10.8,5.2,0.36,184,9.5,8.7,3.1,18.2,2.7,1.3,0.09,3,35,full-prep,spicy,Global Kitchen,Dairy Free; Gluten Free,4.02,1698,True,"[{""name"": ""pork loin steaks"", ""label"": ""Pork loin steaks (300g)"", ""in_box"": 1}, {""name"": ""white basmati rice"", ""label"": ""White basmati rice (130g)"", ""in_box"": 1}, {""name"": ""dried chilli flakes"", ""label"": ""Dried chilli flakes (0.5tsp)"", ""in_box"": 1}, {""name"": ""cayenne pepper"", ""label"": ""Cayenne pepper (0.5tsp)"", ""in_box"": 1}, {""name"": ""ground coriander"", ""label"": ""Ground coriander (1tsp)"", ""in_box"": 1}, {""name"": ""tomato paste"", ""label"": ""Tomato paste (32g)"", ""in_box"": 1}, {""name"": ""ground cumin"", ""label"": ""Ground cumin (1tsp)"", ""in_box"": 1}, {""name"": ""garlic clove"", ""label"": ""Garlic clove x3"", ""in_box"": 3}, {""name"": ""fresh root ginger"", ""label"": ""Fresh root ginger (15g)"", ""in_box"": 1}, {""name"": ""cider vinegar"", ""label"": ""Cider vinegar (15ml) x2"", ""in_box"": 2}, {""name"": ""spinach"", ""label"": ""Spinach (80g)"", ""in_box"": 1}, {""name"": ""red onion"", ""label"": ""Red onion x2"", ""in_box"": 2}, {""name"": ""tamarind paste"", ""label"": ""Tamarind paste (15g)"", ""in_box"": 1}]"
2026-08-04,2026-08-03,da8f1444-1437-43aa-9f92-7e53b497b1e4,1842,Goats' Cheese & Pepper Pizza,False,0.0,386,678,30.4,26.4,14.5,77.5,10.3,7.4,1.92,175,7.9,6.9,3.8,20.1,2.7,1.9,0.5,3,35,full-prep,no spice,Modern Bistro,Vegetarian,4.39,5653,True,"[{""name"": ""dried oregano"", ""label"": ""Dried oregano (1tsp)"", ""in_box"": 1}, {""name"": ""red pepper"", ""label"": ""Red pepper"", ""in_box"": 1}, {""name"": ""flame-baked pizza bases"", ""label"": ""Flame-baked pizza bases (2pcs)"", ""in_box"": 1}, {""name"": ""tomato paste"", ""label"": ""Tomato paste (32g) x2"", ""in_box"": 2}, {""name"": ""soft goats' cheese"", ""label"": ""Soft goats' cheese (75g)"", ""in_box"": 1}, {""name"": ""garlic clove"", ""label"": ""Garlic clove"", ""in_box"": 1}, {""name"": ""mozzarella"", ""label"": ""Mozzarella (125g)"", ""in_box"": 1}, {""name"": ""rocket"", ""label"": ""Rocket (50g)"", ""in_box"": 1}, {""name"": ""balsamic vinegar"", ""label"": ""Balsamic vinegar (15ml)"", ""in_box"": 1}]"
2026-08-04,2026-08-03,4c901fe0-1ef4-43be-893d-29a1d61c25a8,4938,Gochujang Beef Udon Noodles,False,0.0,471,629,35.0,23.4,9.0,69.7,11.9,3.8,2.57,133,7.4,5.0,1.9,14.8,2.5,0.8,0.55,2,10,full-prep,spicy,10-Minute,Dairy Free,4.12,14475,True,"[{""name"": ""beef mince"", ""label"": ""Beef mince (250g)"", ""in_box"": 1}, {""name"": ""gochujang paste"", ""label"": ""Gochujang paste (30g)"", ""in_box"": 1}, {""name"": ""soy sauce"", ""label"": ""Soy sauce (8ml)"", ""in_box"": 1}, {""name"": ""toasted sesame seeds"", ""label"": ""Toasted sesame seeds (5g)"", ""in_box"": 1}, {""name"": ""udon noodles"", ""label"": ""Udon noodles (200g) x2"", ""in_box"": 2}, {""name"": ""ginger & garlic paste"", ""label"": ""Ginger & garlic paste (15g)"", ""in_box"": 1}, {""name"": ""tomato paste"", ""label"": ""Tomato paste (16g)"", ""in_box"": 1}, {""name"": ""carrot"", ""label"": ""Carrot"", ""in_box"": 1}, {""name"": ""spinach"", ""label"": ""Spinach (120g)"", ""in_box"": 1}]"
2026-08-04,2026-08-03,37664352-169a-4c94-9bdb-b5b8ea499c9e,5287,Greek-Style Spanakopita With Oregano Wedges And Tzatziki,False,0.0,546,700,22.1,38.4,20.5,68.7,10.8,6.6,1.69,128,4.1,7.0,3.8,12.6,2.0,1.2,0.31,3,60,full-prep,no spice,Modern Bistro,Vegetarian,4.31,6855,True,"[{""name"": ""dried oregano"", ""label"": ""Dried oregano (1tsp)"", ""in_box"": 1}, {""name"": ""Greek salad cheese"", ""label"": ""Greek salad cheese (100g)"", ""in_box"": 1}, {""name"": ""spring onion"", ""label"": ""Spring onion"", ""in_box"": 1}, {""name"": ""puff pastry"", ""label"": ""Puff pastry (160g)"", ""in_box"": 1}, {""name"": ""garlic clove"", ""label"": ""Garlic clove"", ""in_box"": 1}, {""name"": ""toasted sesame seeds"", ""label"": ""Toasted sesame seeds (5g)"", ""in_box"": 1}, {""name"": ""brown onion"", ""label"": ""Brown onion"", ""in_box"": 1}, {""name"": ""natural yoghurt"", ""label"": ""Natural yoghurt (80g)"", ""in_box"": 1}, {""name"": ""soft cheese"", ""label"": ""Soft cheese (50g)"", ""in_box"": 1}, {""name"": ""cucumber"", ""label"": ""Cucumber (0.5pcs)"", ""in_box"": 1}, {""name"": ""mint"", ""label"": ""Mint (5g)"", ""in_box"": 1}, {""name"": ""dill"", ""label"": ""Dill (5g)"", ""in_box"": 1}, {""name"": ""spinach"", ""label"": ""Spinach (120g)"", ""in_box"": 1}, {""name"": ""white potato"", ""label"": ""White potato x3"", ""in_box"": 3}]"
2026-08-04,2026-08-03,5fcb9a92-def6-47b8-94e9-f038e31c79b2,9270,Green Goddess Soup With Garlic & Pumpkin Seed Chilli Oil,False,0.0,480,513,21.3,15.0,5.4,74.0,13.9,13.5,2.74,106,4.4,3.1,1.1,15.4,2.9,2.8,0.57,4,40,full-prep,spicy,Veg Boost,Vegan; Vegetarian; Dairy Free,4.34,592,True,"[{""name"": ""cultured coconut"", ""label"": ""Cultured coconut (80g)"", ""in_box"": 1}, {""name"": ""white miso paste"", ""label"": ""White miso paste (30g)"", ""in_box"": 1}, {""name"": ""dried chilli flakes"", ""label"": ""Dried chilli flakes (0.5tsp)"", ""in_box"": 1}, {""name"": ""pumpkin seeds"", ""label"": ""Pumpkin seeds (30g)"", ""in_box"": 1}, {""name"": ""leek"", ""label"": ""Leek"", ""in_box"": 1}, {""name"": ""ciabatta"", ""label"": ""Ciabatta x2"", ""in_box"": 2}, {""name"": ""garlic clove"", ""label"": ""Garlic clove x3"", ""in_box"": 3}, {""name"": ""fresh root ginger"", ""label"": ""Fresh root ginger (15g)"", ""in_box"": 1}, {""name"": ""brown onion"", ""label"": ""Brown onion"", ""in_box"": 1}, {""name"": ""blanched peas"", ""label"": ""Blanched peas (160g)"", ""in_box"": 1}, {""name"": ""vegetable stock mix"", ""label"": ""Vegetable stock mix (5.5g)"", ""in_box"": 1}, {""name"": ""spinach"", ""label"": ""Spinach (120g)"", ""in_box"": 1}, {""name"": ""white potato"", ""label"": ""White potato"", ""in_box"": 1}]"
2026-08-04,2026-08-03,981d3cbc-1584-4c70-bb5b-60fbdb11f4aa,5059,Grilled Miso Chicken Thigh With Edamame Salad,False,0.0,402,625,35.4,24.1,4.8,64.7,4.7,6.8,2.28,155,8.8,6.0,1.2,16.1,1.2,1.7,0.57,2,25,full-prep,mild,20 minute meals,Dairy Free,4.14,2565,True,"[{""name"": ""white long grain rice"", ""label"": ""White long grain rice (130g)"", ""in_box"": 1}, {""name"": ""white miso paste"", ""label"": ""White miso paste (17g)"", ""in_box"": 1}, {""name"": ""dried chilli flakes"", ""label"": ""Dried chilli flakes (0.5tsp)"", ""in_box"": 1}, {""name"": ""blanched edamame beans"", ""label"": ""Blanched edamame beans (160g)"", ""in_box"": 1}, {""name"": ""diced chicken thigh"", ""label"": ""Diced chicken thigh (250g)"", ""in_box"": 1}, {""name"": ""fresh root ginger"", ""label"": ""Fresh root ginger (15g)"", ""in_box"": 1}, {""name"": ""toasted sesame oil"", ""label"": ""Toasted sesame oil (10ml)"", ""in_box"": 1}, {""name"": ""shallot"", ""label"": ""Shallot"", ""in_box"": 1}, {""name"": ""cucumber"", ""label"": ""Cucumber (0.5pcs)"", ""in_box"": 1}, {""name"": ""rice vinegar"", ""label"": ""Rice vinegar (15ml)"", ""in_box"": 1}, {""name"": ""soy sauce"", ""label"": ""Soy sauce (15ml)"", ""in_box"": 1}]"
2026-08-04,2026-08-03,a9376db3-1015-4507-9d7d-f14cb482b2e6,5299,Halloumi Fajita With Rice Salad And Lime Dressing,False,0.0,398,752,27.8,45.1,17.5,60.8,16.9,5.9,2.46,188,7.0,11.3,4.4,15.3,4.3,1.5,0.62,2,45,full-prep,mild,Global Kitchen,Vegetarian; Gluten Free,4.39,1957,True,"[{""name"": ""yellow pepper"", ""label"": ""Yellow pepper"", ""in_box"": 1}, {""name"": ""dried chilli flakes"", ""label"": ""Dried chilli flakes (0.5tsp)"", ""in_box"": 1}, {""name"": ""mayonnaise"", ""label"": ""Mayonnaise (50ml)"", ""in_box"": 1}, {""name"": ""ground smoked paprika"", ""label"": ""Ground smoked paprika (2tsp)"", ""in_box"": 1}, {""name"": ""ground cumin"", ""label"": ""Ground cumin (2tsp)"", ""in_box"": 1}, {""name"": ""halloumi"", ""label"": ""Halloumi (200g)"", ""in_box"": 1}, {""name"": ""coriander"", ""label"": ""Coriander (5g)"", ""in_box"": 1}, {""name"": ""gem lettuce"", ""label"": ""Gem lettuce"", ""in_box"": 1}, {""name"": ""lime"", ""label"": ""Lime"", ""in_box"": 1}, {""name"": ""red onion"", ""label"": ""Red onion"", ""in_box"": 1}, {""name"": ""honey"", ""label"": ""Honey (25g)"", ""in_box"": 1}, {""name"": ""brown long grain rice"", ""label"": ""Brown long grain rice (100g)"", ""in_box"": 1}]"
2026-08-04,2026-08-03,89d30b64-ee1b-4521-9da4-f24b95ad46dc,15253,Herby Pork Gnocchi Bolognese,False,0.0,444,581,41.9,18.1,7.9,64.1,5.0,4.3,2.2,131,9.4,4.1,1.8,14.4,1.1,1.0,0.5,1,10,full-prep,mild,10-Minute,,4.43,882,True,"[{""name"": ""dried oregano"", ""label"": ""Dried oregano (1tsp)"", ""in_box"": 1}, {""name"": ""dried chilli flakes"", ""label"": ""Dried chilli flakes (0.5tsp)"", ""in_box"": 1}, {""name"": ""finely chopped tomatoes"", ""label"": ""Finely chopped tomatoes (200g)"", ""in_box"": 1}, {""name"": ""gnocchi"", ""label"": ""Gnocchi (350g)"", ""in_box"": 1}, {""name"": ""pork mince"", ""label"": ""Pork mince (250g)"", ""in_box"": 1}, {""name"": ""dried basil"", ""label"": ""Dried basil (1tsp)"", ""in_box"": 1}, {""name"": ""roasted garlic paste"", ""label"": ""Roasted garlic paste (15g)"", ""in_box"": 1}, {""name"": ""grated Italian hard cheese"", ""label"": ""Grated Italian hard cheese (30g)"", ""in_box"": 1}, {""name"": ""basil"", ""label"": ""Basil (10g)"", ""in_box"": 1}, {""name"": ""Marmite"", ""label"": ""Marmite (8g)"", ""in_box"": 1}, {""name"": ""rocket"", ""label"": ""Rocket (20g)"", ""in_box"": 1}]"
2026-08-04,2026-08-03,0f7ece86-be15-4e77-aed7-e68fb454d0d9,15862,Higgidy Smoked Bacon & Cheddar Quiche With Herby Butter Potatoes,True,2.0,430,544,19.9,24.3,8.8,64.5,5.7,7.4,1.5,126,4.6,5.6,2.0,15.0,1.3,1.7,0.35,1,25,full-prep,no spice,Semi-Prepped,,4.42,38,True,"[{""name"": ""smoked bacon & extra mature cheddar quiche with ham hock"", ""label"": ""Smoked bacon & extra mature cheddar quiche with ham hock (155g) x2"", ""in_box"": 2}, {""name"": ""waxy potatoes"", ""label"": ""Waxy potatoes (350g)"", ""in_box"": 1}, {""name"": ""baby leaf salad"", ""label"": ""Baby leaf salad (50g)"", ""in_box"": 1}, {""name"": ""chives"", ""label"": ""Chives (5g)"", ""in_box"": 1}, {""name"": ""cherry tomatoes"", ""label"": ""Cherry tomatoes (125g)"", ""in_box"": 1}, {""name"": ""white wine vinegar"", ""label"": ""White wine vinegar (15ml)"", ""in_box"": 1}, {""name"": ""Dijon mustard"", ""label"": ""Dijon mustard (5.5g)"", ""in_box"": 1}]"
2026-08-04,2026-08-03,cb70d850-a518-4c0e-b2e0-fe35745b234c,3555,Hoisin Meat-Free Burger With Black Sesame Chips,False,0.0,458,621,27.4,17.1,2.5,92.8,23.8,13.8,2.34,135,6.0,3.7,0.5,20.3,5.2,3.0,0.51,1,40,full-prep,mild,Takeaway Night,Vegan; Vegetarian; Dairy Free,4.23,1356,True,"[{""name"": ""brioche style buns"", ""label"": ""Brioche style buns (2pcs)"", ""in_box"": 1}, {""name"": ""ultimate vegan burger patties"", ""label"": ""Ultimate vegan burger patties (2pcs)"", ""in_box"": 1}, {""name"": ""spring onion"", ""label"": ""Spring onion"", ""in_box"": 1}, {""name"": ""hoisin sauce"", ""label"": ""Hoisin sauce (40g) x2"", ""in_box"": 2}, {""name"": ""cucumber"", ""label"": ""Cucumber (0.5pcs)"", ""in_box"": 1}, {""name"": ""rice vinegar"", ""label"": ""Rice vinegar (15ml)"", ""in_box"": 1}, {""name"": ""black sesame seeds"", ""label"": ""Black sesame seeds (5g)"", ""in_box"": 1}, {""name"": ""white potato"", ""label"": ""White potato x3"", ""in_box"": 3}]"
2026-08-04,2026-08-03,f9e99d15-ef67-4536-8041-e00baae236ab,7921,Honey & Ginger Buffalo Chicken With Rice And Edamame Slaw,False,0.0,385,676,38.0,22.1,2.9,79.9,17.6,8.1,0.85,175,9.9,5.7,0.8,20.7,4.6,2.1,0.22,2,25,full-prep,spicy,Protein Hit,Dairy Free; Gluten Free,4.1,3632,True,"[{""name"": ""white long grain rice"", ""label"": ""White long grain rice (130g)"", ""in_box"": 1}, {""name"": ""blanched edamame beans"", ""label"": ""Blanched edamame beans (160g)"", ""in_box"": 1}, {""name"": ""sriracha hot chilli sauce"", ""label"": ""Sriracha hot chilli sauce (8ml) x2"", ""in_box"": 2}, {""name"": ""chicken breast portions"", ""label"": ""Chicken breast portions (2pcs)"", ""in_box"": 1}, {""name"": ""mayonnaise"", ""label"": ""Mayonnaise (25ml)"", ""in_box"": 1}, {""name"": ""toasted sesame seeds"", ""label"": ""Toasted sesame seeds (5g)"", ""in_box"": 1}, {""name"": ""ginger paste"", ""label"": ""Ginger paste (15g)"", ""in_box"": 1}, {""name"": ""tomato paste"", ""label"": ""Tomato paste (16g)"", ""in_box"": 1}, {""name"": ""rice vinegar"", ""label"": ""Rice vinegar (30ml)"", ""in_box"": 1}, {""name"": ""carrot"", ""label"": ""Carrot"", ""in_box"": 1}, {""name"": ""honey"", ""label"": ""Honey (25g)"", ""in_box"": 1}]"
2026-08-04,2026-08-03,c5ce933c-d6e5-406b-90aa-2188f78ef11d,2937,Honey Hoisin Pork Noodles With Smashed Sesame Cucumber,False,0.0,326,593,34.0,19.7,5.7,69.0,15.2,1.9,2.18,182,10.4,6.0,1.7,21.2,4.7,0.6,0.67,1,10,full-prep,mild,10-Minute,Dairy Free,4.09,25920,True,"[{""name"": ""dried chilli flakes"", ""label"": ""Dried chilli flakes (0.5tsp)"", ""in_box"": 1}, {""name"": ""pork mince"", ""label"": ""Pork mince (250g)"", ""in_box"": 1}, {""name"": ""toasted sesame oil"", ""label"": ""Toasted sesame oil (10ml)"", ""in_box"": 1}, {""name"": ""fine egg noodle nests"", ""label"": ""Fine egg noodle nests (2pcs)"", ""in_box"": 1}, {""name"": ""roasted garlic paste"", ""label"": ""Roasted garlic paste (15g)"", ""in_box"": 1}, {""name"": ""cucumber"", ""label"": ""Cucumber (0.5pcs)"", ""in_box"": 1}, {""name"": ""Chinese rice wine"", ""label"": ""Chinese rice wine (15ml)"", ""in_box"": 1}, {""name"": ""soy sauce"", ""label"": ""Soy sauce (15ml)"", ""in_box"": 1}, {""name"": ""honey"", ""label"": ""Honey (25g)"", ""in_box"": 1}, {""name"": ""hoisin sauce"", ""label"": ""Hoisin sauce (20g)"", ""in_box"": 1}]"
2026-08-04,2026-08-03,d2770019-1f03-4ea4-b160-a53e8ac06b17,8214,"Honey, Garlic & Lemon Salmon Tray Bake With Tenderstem",True,1.0,436,454,28.7,19.6,2.9,42.9,14.0,6.5,0.31,104,6.6,4.5,0.7,9.8,3.2,1.5,0.07,1,40,full-prep,no spice,Fine Dine In,Dairy Free; Gluten Free,4.47,1596,True,"[{""name"": ""skin-on salmon fillets"", ""label"": ""Skin-on salmon fillets (2pcs)"", ""in_box"": 1}, {""name"": ""ground paprika"", ""label"": ""Ground paprika (1tsp)"", ""in_box"": 1}, {""name"": ""Tenderstem broccoli"", ""label"": ""Tenderstem broccoli (160g)"", ""in_box"": 1}, {""name"": ""waxy potatoes"", ""label"": ""Waxy potatoes (350g)"", ""in_box"": 1}, {""name"": ""roasted garlic paste"", ""label"": ""Roasted garlic paste (15g)"", ""in_box"": 1}, {""name"": ""lime"", ""label"": ""Lime"", ""in_box"": 1}, {""name"": ""honey"", ""label"": ""Honey (25g)"", ""in_box"": 1}]"
2026-08-04,2026-08-03,74444540-75ec-4710-80cb-ca120eaa127b,7067,Imam Bayildi-Style Turkish Aubergine & Spiced Lean Beef,True,1.0,464,443,38.5,8.7,3.3,52.0,10.4,7.3,0.9,95,8.3,1.9,0.7,11.2,2.2,1.6,0.19,2,35,full-prep,mild,Global Kitchen,Gluten Free,0,0,True,"[{""name"": ""ground sumac"", ""label"": ""Ground sumac (1tsp)"", ""in_box"": 1}, {""name"": ""lean beef mince (<5% fat)"", ""label"": ""Lean beef mince (<5% fat) (250g)"", ""in_box"": 1}, {""name"": ""finely chopped tomatoes"", ""label"": ""Finely chopped tomatoes (200g)"", ""in_box"": 1}, {""name"": ""baharat"", ""label"": ""Baharat (1tbsp)"", ""in_box"": 1}, {""name"": ""beef stock mix"", ""label"": ""Beef stock mix (5.5g)"", ""in_box"": 1}, {""name"": ""garlic clove"", ""label"": ""Garlic clove x2"", ""in_box"": 2}, {""name"": ""shallot"", ""label"": ""Shallot"", ""in_box"": 1}, {""name"": ""natural yoghurt"", ""label"": ""Natural yoghurt (80g)"", ""in_box"": 1}, {""name"": ""aubergine"", ""label"": ""Aubergine"", ""in_box"": 1}, {""name"": ""brown long grain rice"", ""label"": ""Brown long grain rice (100g)"", ""in_box"": 1}]"
2026-08-04,2026-08-03,887c14b0-9ecd-49c2-a4f7-9b0cb527f983,2865,Indian-Style Nachos With Coconut Raita,False,0.0,487,577,18.8,15.4,7.8,86.8,20.1,11.6,2.07,118,3.9,3.2,1.6,17.8,4.1,2.4,0.42,3,30,full-prep,mild,Global Kitchen,Vegan; Vegetarian; Dairy Free,4.32,4322,True,"[{""name"": ""mango chutney"", ""label"": ""Mango chutney (20g)"", ""in_box"": 1}, {""name"": ""plain tortillas"", ""label"": ""Plain tortillas (6pcs)"", ""in_box"": 1}, {""name"": ""curry powder"", ""label"": ""Curry powder (1tbsp)"", ""in_box"": 1}, {""name"": ""garlic clove"", ""label"": ""Garlic clove"", ""in_box"": 1}, {""name"": ""fresh root ginger"", ""label"": ""Fresh root ginger (15g)"", ""in_box"": 1}, {""name"": ""chickpeas"", ""label"": ""Chickpeas (390g)"", ""in_box"": 1}, {""name"": ""shallot"", ""label"": ""Shallot"", ""in_box"": 1}, {""name"": ""vegetable stock mix"", ""label"": ""Vegetable stock mix (5.5g)"", ""in_box"": 1}, {""name"": ""tomato paste"", ""label"": ""Tomato paste (16g)"", ""in_box"": 1}, {""name"": ""mint sauce"", ""label"": ""Mint sauce (20g)"", ""in_box"": 1}, {""name"": ""coriander"", ""label"": ""Coriander (5g)"", ""in_box"": 1}, {""name"": ""lime"", ""label"": ""Lime"", ""in_box"": 1}, {""name"": ""cherry tomatoes"", ""label"": ""Cherry tomatoes (250g)"", ""in_box"": 1}]"
2026-08-04,2026-08-03,ea9e585d-82f3-4e3a-aeab-1a5d81feafe3,4524,Indian-Style Pea & Sweetcorn Fritters With Sesame Egg,False,0.0,455,394,21.1,13.3,2.8,49.6,23.3,9.1,0.58,86,4.6,2.9,0.6,10.9,5.1,2.0,0.13,3,10,full-prep,mild,10-Minute,Vegetarian; Dairy Free; Gluten Free,3.94,7827,True,"[{""name"": ""ground coriander"", ""label"": ""Ground coriander (1tsp)"", ""in_box"": 1}, {""name"": ""free range egg"", ""label"": ""Free range egg x3"", ""in_box"": 3}, {""name"": ""ground turmeric"", ""label"": ""Ground turmeric (1tsp)"", ""in_box"": 1}, {""name"": ""ground cumin"", ""label"": ""Ground cumin (1tsp)"", ""in_box"": 1}, {""name"": ""Sweetcorn"", ""label"": ""Sweetcorn (150g)"", ""in_box"": 1}, {""name"": ""cornflour"", ""label"": ""Cornflour (4tbsp)"", ""in_box"": 1}, {""name"": ""red chilli relish"", ""label"": ""Red chilli relish (40g)"", ""in_box"": 1}, {""name"": ""baby leaf salad"", ""label"": ""Baby leaf salad (50g)"", ""in_box"": 1}, {""name"": ""blanched peas"", ""label"": ""Blanched peas (160g)"", ""in_box"": 1}, {""name"": ""lemon"", ""label"": ""Lemon"", ""in_box"": 1}, {""name"": ""ginger & garlic paste"", ""label"": ""Ginger & garlic paste (15g)"", ""in_box"": 1}, {""name"": ""cucumber"", ""label"": ""Cucumber (0.5pcs)"", ""in_box"": 1}, {""name"": ""black sesame seeds"", ""label"": ""Black sesame seeds (5g)"", ""in_box"": 1}]"
2026-08-04,2026-08-03,1fc4cbdc-e065-4907-82ed-1a95fdbe9a54,9104,Italian-Inspired Picky Tea,True,0.5,341,615,29.2,35.6,13.6,43.9,5.9,4.3,3.53,180,8.6,10.4,4.0,12.9,1.7,1.2,1.03,1,10,full-prep,no spice,No Cook,,4.37,338,True,"[{""name"": ""sliced pepperoni"", ""label"": ""Sliced pepperoni (30g)"", ""in_box"": 1}, {""name"": ""sliced prosciutto"", ""label"": ""Sliced prosciutto (52g)"", ""in_box"": 1}, {""name"": ""ciabatta"", ""label"": ""Ciabatta x2"", ""in_box"": 2}, {""name"": ""mozzarella"", ""label"": ""Mozzarella (125g)"", ""in_box"": 1}, {""name"": ""traditional Italian pesto"", ""label"": ""Traditional Italian pesto (45g)"", ""in_box"": 1}, {""name"": ""rocket"", ""label"": ""Rocket (20g)"", ""in_box"": 1}, {""name"": ""cherry tomatoes"", ""label"": ""Cherry tomatoes (250g)"", ""in_box"": 1}]"
2026-08-04,2026-08-03,8bd631b1-2994-41c5-96bb-8315a97327a3,2380,Japanese Tonkatsu-Style Pork With Sticky Rice,False,0.0,358,797,37.6,33.9,12.3,85.3,8.7,3.3,1.87,222,10.5,9.5,3.4,23.8,2.4,0.9,0.52,1,35,full-prep,no spice,Global Kitchen,Dairy Free,3.91,5539,True,"[{""name"": ""pork loin steaks"", ""label"": ""Pork loin steaks (300g)"", ""in_box"": 1}, {""name"": ""sushi rice"", ""label"": ""Sushi rice (150g)"", ""in_box"": 1}, {""name"": ""tomato ketchup"", ""label"": ""Tomato ketchup (30ml)"", ""in_box"": 1}, {""name"": ""carrot & cabbage slaw mix"", ""label"": ""Carrot & cabbage slaw mix (160g)"", ""in_box"": 1}, {""name"": ""panko breadcrumbs"", ""label"": ""Panko breadcrumbs (40g)"", ""in_box"": 1}, {""name"": ""garlic clove"", ""label"": ""Garlic clove"", ""in_box"": 1}, {""name"": ""rice vinegar"", ""label"": ""Rice vinegar (15ml)"", ""in_box"": 1}, {""name"": ""soy sauce"", ""label"": ""Soy sauce (15ml)"", ""in_box"": 1}]"
2026-08-04,2026-08-03,b3dbe379-07ab-4866-8d78-fb241a736c8d,8790,Kashmiri-Style Chilli Butter Roast Cauliflower And Chana Biryani,False,0.0,503,522,16.4,12.8,4.5,89.7,17.8,10.3,2.61,103,3.3,2.5,0.9,17.8,3.5,2.0,0.52,3,45,full-prep,spicy,Global Kitchen,Vegan; Vegetarian; Dairy Free; Gluten Free,4.15,274,True,"[{""name"": ""cultured coconut"", ""label"": ""Cultured coconut (80g)"", ""in_box"": 1}, {""name"": ""white basmati rice"", ""label"": ""White basmati rice (130g)"", ""in_box"": 1}, {""name"": ""ground turmeric"", ""label"": ""Ground turmeric (0.5tsp)"", ""in_box"": 1}, {""name"": ""kashmiri style chilli paste"", ""label"": ""Kashmiri style chilli paste (40g)"", ""in_box"": 1}, {""name"": ""mint & coriander chutney"", ""label"": ""Mint & coriander chutney (40g)"", ""in_box"": 1}, {""name"": ""garam masala"", ""label"": ""Garam masala (1tsp)"", ""in_box"": 1}, {""name"": ""garlic clove"", ""label"": ""Garlic clove x2"", ""in_box"": 2}, {""name"": ""chickpeas"", ""label"": ""Chickpeas (185g)"", ""in_box"": 1}, {""name"": ""cauliflower"", ""label"": ""Cauliflower"", ""in_box"": 1}, {""name"": ""lime"", ""label"": ""Lime"", ""in_box"": 1}, {""name"": ""red onion"", ""label"": ""Red onion"", ""in_box"": 1}]"
2026-08-04,2026-08-03,7515f6b3-0d2e-4463-b1cb-5d9905051d97,3177,King Prawn Korma With Cardamom & Green Bean Rice,False,0.0,264,419,19.2,9.9,8.4,64.5,5.3,6.5,1.16,158,7.3,3.7,3.2,24.4,2.0,2.5,0.44,1,25,full-prep,mild,20 minute meals,Gluten Free; Dairy Free,4.11,6947,True,"[{""name"": ""white long grain rice"", ""label"": ""White long grain rice (130g)"", ""in_box"": 1}, {""name"": ""solid creamed coconut"", ""label"": ""Solid creamed coconut (25g)"", ""in_box"": 1}, {""name"": ""raw peeled king prawns"", ""label"": ""Raw peeled king prawns (171g)"", ""in_box"": 1}, {""name"": ""curry powder"", ""label"": ""Curry powder (1tbsp)"", ""in_box"": 1}, {""name"": ""garlic clove"", ""label"": ""Garlic clove x2"", ""in_box"": 2}, {""name"": ""fresh root ginger"", ""label"": ""Fresh root ginger (15g)"", ""in_box"": 1}, {""name"": ""brown onion"", ""label"": ""Brown onion"", ""in_box"": 1}, {""name"": ""coriander"", ""label"": ""Coriander (5g)"", ""in_box"": 1}, {""name"": ""fine green beans"", ""label"": ""Fine green beans (80g)"", ""in_box"": 1}, {""name"": ""cardamom pod"", ""label"": ""Cardamom pod x3"", ""in_box"": 3}]"
2026-08-04,2026-08-03,0510be17-6b54-494b-a655-f95248e882bf,7398,King Prawn Tom Yum-Style Rice,False,0.0,374,393,19.5,5.8,2.2,68.0,7.0,3.5,2.96,104,5.2,1.6,0.6,18.1,1.9,0.9,0.79,2,25,full-prep,spicy,20 minute meals,Dairy Free,4.05,2570,True,"[{""name"": ""white long grain rice"", ""label"": ""White long grain rice (130g)"", ""in_box"": 1}, {""name"": ""fish sauce"", ""label"": ""Fish sauce (8ml)"", ""in_box"": 1}, {""name"": ""raw peeled king prawns"", ""label"": ""Raw peeled king prawns (171g)"", ""in_box"": 1}, {""name"": ""lemongrass and lime leaf paste"", ""label"": ""Lemongrass and lime leaf paste (20g)"", ""in_box"": 1}, {""name"": ""soy sauce"", ""label"": ""Soy sauce (8ml)"", ""in_box"": 1}, {""name"": ""red chilli"", ""label"": ""Red chilli"", ""in_box"": 1}, {""name"": ""garlic clove"", ""label"": ""Garlic clove"", ""in_box"": 1}, {""name"": ""brown onion"", ""label"": ""Brown onion"", ""in_box"": 1}, {""name"": ""crispy onions"", ""label"": ""Crispy onions (15g)"", ""in_box"": 1}, {""name"": ""ginger & garlic paste"", ""label"": ""Ginger & garlic paste (15g)"", ""in_box"": 1}, {""name"": ""tomato paste"", ""label"": ""Tomato paste (16g)"", ""in_box"": 1}, {""name"": ""white cup mushrooms"", ""label"": ""White cup mushrooms (160g)"", ""in_box"": 1}, {""name"": ""lime"", ""label"": ""Lime"", ""in_box"": 1}]"
2026-08-04,2026-08-03,fe2af6d1-d121-4e02-9c00-eee3611e0f17,6261,Korean-Style Fried Chicken Bao Buns,True,0.5,546,833,40.3,19.9,2.4,126.4,26.0,10.5,1.99,152,7.4,3.6,0.4,23.2,4.8,1.9,0.36,1,35,full-prep,mild,Ultimate Fakeaway,Dairy Free,4.51,8558,True,"[{""name"": ""gochujang paste"", ""label"": ""Gochujang paste (30g)"", ""in_box"": 1}, {""name"": ""spring onion"", ""label"": ""Spring onion"", ""in_box"": 1}, {""name"": ""soy sauce"", ""label"": ""Soy sauce (8ml)"", ""in_box"": 1}, {""name"": ""carrot & cabbage slaw mix"", ""label"": ""Carrot & cabbage slaw mix (160g)"", ""in_box"": 1}, {""name"": ""chicken breast portions"", ""label"": ""Chicken breast portions (2pcs)"", ""in_box"": 1}, {""name"": ""tomato ketchup"", ""label"": ""Tomato ketchup (15ml)"", ""in_box"": 1}, {""name"": ""cornflour"", ""label"": ""Cornflour (4tbsp)"", ""in_box"": 1}, {""name"": ""mayonnaise"", ""label"": ""Mayonnaise (25ml)"", ""in_box"": 1}, {""name"": ""bao buns"", ""label"": ""Bao buns (6pcs)"", ""in_box"": 1}, {""name"": ""garlic clove"", ""label"": ""Garlic clove"", ""in_box"": 1}, {""name"": ""toasted sesame seeds"", ""label"": ""Toasted sesame seeds (5g)"", ""in_box"": 1}, {""name"": ""rice vinegar"", ""label"": ""Rice vinegar (15ml)"", ""in_box"": 1}, {""name"": ""white potato"", ""label"": ""White potato x3"", ""in_box"": 3}, {""name"": ""honey"", ""label"": ""Honey (25g)"", ""in_box"": 1}]"
2026-08-04,2026-08-03,3ae7b5f6-853d-424c-8b10-54082b8592ad,3560,Korean-Style Meat-Free Mince Bulgogi With Green Beans,False,0.0,353,627,34.3,21.7,2.6,75.2,10.9,9.9,3.37,177,9.7,6.1,0.7,21.3,3.1,2.8,0.95,1,30,full-prep,,Global Kitchen,Vegan; Vegetarian; Dairy Free,4.05,5414,True,"[{""name"": ""white long grain rice"", ""label"": ""White long grain rice (130g)"", ""in_box"": 1}, {""name"": ""apple"", ""label"": ""Apple"", ""in_box"": 1}, {""name"": ""spring onion"", ""label"": ""Spring onion"", ""in_box"": 1}, {""name"": ""toasted sesame oil"", ""label"": ""Toasted sesame oil (20ml)"", ""in_box"": 1}, {""name"": ""Meatless Farm mince"", ""label"": ""Meatless Farm mince (200g)"", ""in_box"": 1}, {""name"": ""garlic clove"", ""label"": ""Garlic clove"", ""in_box"": 1}, {""name"": ""fresh root ginger"", ""label"": ""Fresh root ginger (15g)"", ""in_box"": 1}, {""name"": ""fine green beans"", ""label"": ""Fine green beans (160g)"", ""in_box"": 1}, {""name"": ""soy sauce"", ""label"": ""Soy sauce (30ml)"", ""in_box"": 1}]"
2026-08-04,2026-08-03,744149c6-e0db-4742-8480-02f6419cab1a,7428,Korean-Style Rose Chicken With Sesame Soy Spinach & Rice,False,0.0,331,654,36.1,25.9,11.7,70.9,10.2,3.3,1.71,197,10.9,7.8,3.5,21.4,3.1,1.0,0.52,2,25,full-prep,mild,20 minute meals,,4.31,3881,True,"[{""name"": ""white long grain rice"", ""label"": ""White long grain rice (130g)"", ""in_box"": 1}, {""name"": ""chicken breast strips"", ""label"": ""Chicken breast strips (250g)"", ""in_box"": 1}, {""name"": ""gochujang paste"", ""label"": ""Gochujang paste (30g)"", ""in_box"": 1}, {""name"": ""soy sauce"", ""label"": ""Soy sauce (8ml)"", ""in_box"": 1}, {""name"": ""Cornish clotted cream"", ""label"": ""Cornish clotted cream (40g)"", ""in_box"": 1}, {""name"": ""tomato paste"", ""label"": ""Tomato paste (32g)"", ""in_box"": 1}, {""name"": ""garlic clove"", ""label"": ""Garlic clove x2"", ""in_box"": 2}, {""name"": ""toasted sesame oil"", ""label"": ""Toasted sesame oil (10ml)"", ""in_box"": 1}, {""name"": ""crispy onions"", ""label"": ""Crispy onions (15g)"", ""in_box"": 1}, {""name"": ""Chinese rice wine"", ""label"": ""Chinese rice wine (15ml)"", ""in_box"": 1}, {""name"": ""spinach"", ""label"": ""Spinach (120g)"", ""in_box"": 1}]"
2026-08-04,2026-08-03,b4f04023-227c-479a-bef9-ba60a87c422d,2544,Lemon & Ginger Chicken With Brown Rice And Crispy Kale,False,0.0,336,489,35.9,11.8,2.3,59.9,11.6,4.2,1.99,145,10.7,3.5,0.7,17.8,3.4,1.2,0.59,1,45,full-prep,mild,Takeaway Night,Dairy Free,4.08,5316,True,"[{""name"": ""chicken stock mix"", ""label"": ""Chicken stock mix (5.5g)"", ""in_box"": 1}, {""name"": ""shredded kale"", ""label"": ""Shredded kale (120g)"", ""in_box"": 1}, {""name"": ""chicken breast portions"", ""label"": ""Chicken breast portions (2pcs)"", ""in_box"": 1}, {""name"": ""cornflour"", ""label"": ""Cornflour (1tbsp)"", ""in_box"": 1}, {""name"": ""garlic clove"", ""label"": ""Garlic clove x3"", ""in_box"": 3}, {""name"": ""fresh root ginger"", ""label"": ""Fresh root ginger (15g)"", ""in_box"": 1}, {""name"": ""toasted sesame seeds"", ""label"": ""Toasted sesame seeds (5g)"", ""in_box"": 1}, {""name"": ""toasted sesame oil"", ""label"": ""Toasted sesame oil (10ml)"", ""in_box"": 1}, {""name"": ""lemon"", ""label"": ""Lemon"", ""in_box"": 1}, {""name"": ""soy sauce"", ""label"": ""Soy sauce (15ml)"", ""in_box"": 1}, {""name"": ""honey"", ""label"": ""Honey (25g)"", ""in_box"": 1}, {""name"": ""brown long grain rice"", ""label"": ""Brown long grain rice (100g)"", ""in_box"": 1}]"
2026-08-04,2026-08-03,ea6f9668-2fda-45f8-a169-69bef0f3b9dd,326,Lemon Baked Basa With Spinach Mornay,False,0.0,420,308,27.5,4.9,2.8,40.6,2.9,4.6,0.18,73,6.5,1.2,0.7,9.7,0.7,1.1,0.04,1,45,full-prep,no spice,Modern Bistro,Gluten Free,4.24,24602,True,"[{""name"": ""basa fillets"", ""label"": ""Basa fillets (2pcs)"", ""in_box"": 1}, {""name"": ""lemon"", ""label"": ""Lemon"", ""in_box"": 1}, {""name"": ""Italian hard cheese"", ""label"": ""Italian hard cheese (20g)"", ""in_box"": 1}, {""name"": ""spinach"", ""label"": ""Spinach (120g)"", ""in_box"": 1}, {""name"": ""white potato"", ""label"": ""White potato x4"", ""in_box"": 4}]"
2026-08-04,2026-08-03,f54d2571-3049-4a8f-90b1-843e8955a48c,6316,Lemon-Crusted Cod With Pea Risotto And Crispy Prosciutto,True,2.5,387,570,42.4,9.1,4.0,79.5,7.0,6.6,2.73,147,11.0,2.4,1.0,20.5,1.8,1.7,0.7,1,50,full-prep,no spice,Fine Dine In,,4.46,5132,True,"[{""name"": ""intense chicken stock mix"", ""label"": ""Intense chicken stock mix (5.5g)"", ""in_box"": 1}, {""name"": ""cod fillets"", ""label"": ""Cod fillets (2pcs)"", ""in_box"": 1}, {""name"": ""panko breadcrumbs"", ""label"": ""Panko breadcrumbs (20g)"", ""in_box"": 1}, {""name"": ""sliced prosciutto"", ""label"": ""Sliced prosciutto (52g)"", ""in_box"": 1}, {""name"": ""garlic clove"", ""label"": ""Garlic clove x2"", ""in_box"": 2}, {""name"": ""parsley"", ""label"": ""Parsley (5g)"", ""in_box"": 1}, {""name"": ""shallot"", ""label"": ""Shallot"", ""in_box"": 1}, {""name"": ""blanched peas"", ""label"": ""Blanched peas (160g)"", ""in_box"": 1}, {""name"": ""lemon"", ""label"": ""Lemon"", ""in_box"": 1}, {""name"": ""arborio rice"", ""label"": ""Arborio rice (160g)"", ""in_box"": 1}, {""name"": ""Italian hard cheese"", ""label"": ""Italian hard cheese (20g)"", ""in_box"": 1}]"
2026-08-04,2026-08-03,75e072bd-ac85-418b-9bc8-666fad8937ff,14010,Lemongrass & Sticky Onion Pork Burger With Warm Potato Salad,False,0.0,518,591,36.2,14.6,4.9,79.9,10.4,8.9,2.58,114,7.0,2.8,0.9,15.4,2.0,1.7,0.5,2,20,full-prep,no spice,20 minute meals,Dairy Free,4.1,958,True,"[{""name"": ""lemongrass and lime leaf paste"", ""label"": ""Lemongrass and lime leaf paste (20g)"", ""in_box"": 1}, {""name"": ""carrot & cabbage slaw mix"", ""label"": ""Carrot & cabbage slaw mix (160g)"", ""in_box"": 1}, {""name"": ""pork mince"", ""label"": ""Pork mince (250g)"", ""in_box"": 1}, {""name"": ""ciabatta"", ""label"": ""Ciabatta x2"", ""in_box"": 2}, {""name"": ""tomato paste"", ""label"": ""Tomato paste (16g)"", ""in_box"": 1}, {""name"": ""rice vinegar"", ""label"": ""Rice vinegar (15ml)"", ""in_box"": 1}, {""name"": ""soy sauce"", ""label"": ""Soy sauce (15ml)"", ""in_box"": 1}, {""name"": ""rocket"", ""label"": ""Rocket (20g)"", ""in_box"": 1}, {""name"": ""red onion"", ""label"": ""Red onion"", ""in_box"": 1}, {""name"": ""white potato"", ""label"": ""White potato x3"", ""in_box"": 3}]"
2026-08-04,2026-08-03,28cd95ff-20c4-4f06-aa4c-c855e5a076d3,4966,Lentil Dal With Cumin Spiced Lamb,False,0.0,329,666,45.3,20.5,8.9,80.9,7.6,11.6,1.43,202,13.8,6.2,2.7,24.6,2.3,3.5,0.43,1,45,full-prep,mild,Global Kitchen,Gluten Free,4.22,1763,True,"[{""name"": ""white basmati rice"", ""label"": ""White basmati rice (100g)"", ""in_box"": 1}, {""name"": ""red lentils"", ""label"": ""Red lentils (100g)"", ""in_box"": 1}, {""name"": ""ground cumin"", ""label"": ""Ground cumin (1tbsp)"", ""in_box"": 1}, {""name"": ""curry powder"", ""label"": ""Curry powder (1tbsp)"", ""in_box"": 1}, {""name"": ""garlic clove"", ""label"": ""Garlic clove"", ""in_box"": 1}, {""name"": ""fresh root ginger"", ""label"": ""Fresh root ginger (15g)"", ""in_box"": 1}, {""name"": ""parsley"", ""label"": ""Parsley (5g)"", ""in_box"": 1}, {""name"": ""brown onion"", ""label"": ""Brown onion"", ""in_box"": 1}, {""name"": ""natural yoghurt"", ""label"": ""Natural yoghurt (80g)"", ""in_box"": 1}, {""name"": ""vegetable stock mix"", ""label"": ""Vegetable stock mix (5.5g)"", ""in_box"": 1}, {""name"": ""lamb mince"", ""label"": ""Lamb mince (250g)"", ""in_box"": 1}]"
2026-08-04,2026-08-03,5cd0bf34-7696-41a8-a94c-ee32b0294f66,937,Loaded Beef Chilli Cheese Fries With Zesty Slaw,False,0.0,535,683,36.4,38.9,14.4,50.2,9.4,7.8,1.49,127,6.8,7.3,2.7,9.4,1.8,1.5,0.28,2,45,full-prep,mild,Takeaway Night,Gluten Free,4.41,30543,True,"[{""name"": ""beef mince"", ""label"": ""Beef mince (250g)"", ""in_box"": 1}, {""name"": ""mayonnaise"", ""label"": ""Mayonnaise (25ml)"", ""in_box"": 1}, {""name"": ""chipotle paste"", ""label"": ""Chipotle paste (20g)"", ""in_box"": 1}, {""name"": ""cheddar cheese"", ""label"": ""Cheddar cheese (40g)"", ""in_box"": 1}, {""name"": ""ground cumin"", ""label"": ""Ground cumin (2tsp)"", ""in_box"": 1}, {""name"": ""beef stock mix"", ""label"": ""Beef stock mix (5.5g)"", ""in_box"": 1}, {""name"": ""shallot"", ""label"": ""Shallot"", ""in_box"": 1}, {""name"": ""tomato paste"", ""label"": ""Tomato paste (16g)"", ""in_box"": 1}, {""name"": ""carrot"", ""label"": ""Carrot"", ""in_box"": 1}, {""name"": ""gem lettuce"", ""label"": ""Gem lettuce"", ""in_box"": 1}, {""name"": ""lime"", ""label"": ""Lime"", ""in_box"": 1}, {""name"": ""white potato"", ""label"": ""White potato x4"", ""in_box"": 4}]"
2026-08-04,2026-08-03,39e80bf2-d8f9-48b1-8714-4669ef0c0554,14371,Meat-Free Cheeseburger With Fries,False,0.0,411,718,31.0,32.7,7.9,79.3,12.0,13.4,3.06,174,7.6,7.9,1.9,19.3,2.9,3.3,0.74,1,35,full-prep,no spice,Classic Fakeaways,Vegetarian,0,0,True,"[{""name"": ""brioche style buns"", ""label"": ""Brioche style buns (2pcs)"", ""in_box"": 1}, {""name"": ""ultimate vegan burger patties"", ""label"": ""Ultimate vegan burger patties (2pcs)"", ""in_box"": 1}, {""name"": ""tomato ketchup"", ""label"": ""Tomato ketchup (30ml)"", ""in_box"": 1}, {""name"": ""smoked sea salt flakes"", ""label"": ""Smoked sea salt flakes (1g)"", ""in_box"": 1}, {""name"": ""mayonnaise"", ""label"": ""Mayonnaise (25ml)"", ""in_box"": 1}, {""name"": ""cheddar cheese"", ""label"": ""Cheddar cheese (40g)"", ""in_box"": 1}, {""name"": ""gem lettuce"", ""label"": ""Gem lettuce"", ""in_box"": 1}, {""name"": ""white potato"", ""label"": ""White potato x3"", ""in_box"": 3}]"
2026-08-04,2026-08-03,d7de605c-b843-4439-aaa4-cd056b40dbda,14363,Meat-Free Mince Lasagne With Balsamic Salad,False,0.0,495,601,39.9,15.3,3.3,73.0,21.0,15.2,2.61,121,8.1,3.1,0.7,14.8,4.2,3.1,0.53,4,55,full-prep,no spice,Everyday Favourites,Vegetarian,4.47,589,True,"[{""name"": ""finely chopped tomatoes"", ""label"": ""Finely chopped tomatoes (200g)"", ""in_box"": 1}, {""name"": ""tomato paste"", ""label"": ""Tomato paste (32g)"", ""in_box"": 1}, {""name"": ""dried oregano"", ""label"": ""Dried oregano (1tsp)"", ""in_box"": 1}, {""name"": ""Meatless Farm mince"", ""label"": ""Meatless Farm mince (200g)"", ""in_box"": 1}, {""name"": ""intense vegetable stock mix"", ""label"": ""Intense vegetable stock mix (5.5g)"", ""in_box"": 1}, {""name"": ""garlic clove"", ""label"": ""Garlic clove x2"", ""in_box"": 2}, {""name"": ""Dried bay leaf"", ""label"": ""Dried bay leaf x2"", ""in_box"": 2}, {""name"": ""lasagne sheets"", ""label"": ""Lasagne sheets (120g)"", ""in_box"": 1}, {""name"": ""brown onion"", ""label"": ""Brown onion"", ""in_box"": 1}, {""name"": ""Italian hard cheese"", ""label"": ""Italian hard cheese (20g)"", ""in_box"": 1}, {""name"": ""Henderson's Relish"", ""label"": ""Henderson's Relish (15ml)"", ""in_box"": 1}, {""name"": ""carrot"", ""label"": ""Carrot x2"", ""in_box"": 2}, {""name"": ""gem lettuce"", ""label"": ""Gem lettuce"", ""in_box"": 1}, {""name"": ""balsamic vinegar"", ""label"": ""Balsamic vinegar (15ml)"", ""in_box"": 1}]"
2026-08-04,2026-08-03,929e1ced-0e82-45d4-881c-080369f746b1,17034,Mediterranean-Style Chicken Pasta,True,1.0,394,492,29.9,16.5,3.1,52.3,9.4,7.1,2.6,125,7.6,4.2,0.8,13.3,2.4,1.8,0.66,2,7,heat-only,no spice,Heat & Eat,,0,0,True,"[{""name"": ""mediterranean style chicken pasta"", ""label"": ""Mediterranean style chicken pasta (420g) x2"", ""in_box"": 2}]"
2026-08-04,2026-08-03,c2629d7d-0ca1-47af-8b77-80d54fefec0e,2310,Mediterranean-Style Vegetable Gnocchi With Basil,False,0.0,510,449,19.3,12.5,5.7,66.1,8.5,5.0,2.21,87,3.8,2.4,1.1,12.9,1.7,1.0,0.43,4,10,full-prep,no spice,10-Minute,Vegetarian,4.16,24358,True,"[{""name"": ""dried oregano"", ""label"": ""Dried oregano (1tsp)"", ""in_box"": 1}, {""name"": ""finely chopped tomatoes"", ""label"": ""Finely chopped tomatoes (200g)"", ""in_box"": 1}, {""name"": ""black olives"", ""label"": ""Black olives (40g)"", ""in_box"": 1}, {""name"": ""gnocchi"", ""label"": ""Gnocchi (350g)"", ""in_box"": 1}, {""name"": ""cheddar cheese"", ""label"": ""Cheddar cheese (40g)"", ""in_box"": 1}, {""name"": ""courgette"", ""label"": ""Courgette"", ""in_box"": 1}, {""name"": ""roasted garlic paste"", ""label"": ""Roasted garlic paste (15g)"", ""in_box"": 1}, {""name"": ""basil"", ""label"": ""Basil (10g)"", ""in_box"": 1}, {""name"": ""spinach"", ""label"": ""Spinach (80g)"", ""in_box"": 1}, {""name"": ""cherry tomatoes"", ""label"": ""Cherry tomatoes (125g)"", ""in_box"": 1}]"
2026-08-04,2026-08-03,0c94d55b-ff84-4b66-ac15-05e8dbb45032,4422,Mediterranean-Style Vegetable Gnocchi With Basil & Vegan Cheese,False,0.0,510,425,14.5,9.9,4.9,70.2,8.5,5.0,2.31,83,2.8,1.9,1.0,13.7,1.7,1.0,0.45,4,10,full-prep,no spice,10-Minute,Vegan; Vegetarian; Dairy Free,4.01,2097,True,"[{""name"": ""dried oregano"", ""label"": ""Dried oregano (1tsp)"", ""in_box"": 1}, {""name"": ""cheese flavour slices"", ""label"": ""Cheese flavour slices (2pcs)"", ""in_box"": 1}, {""name"": ""finely chopped tomatoes"", ""label"": ""Finely chopped tomatoes (200g)"", ""in_box"": 1}, {""name"": ""black olives"", ""label"": ""Black olives (40g)"", ""in_box"": 1}, {""name"": ""gnocchi"", ""label"": ""Gnocchi (350g)"", ""in_box"": 1}, {""name"": ""courgette"", ""label"": ""Courgette"", ""in_box"": 1}, {""name"": ""roasted garlic paste"", ""label"": ""Roasted garlic paste (15g)"", ""in_box"": 1}, {""name"": ""basil"", ""label"": ""Basil (10g)"", ""in_box"": 1}, {""name"": ""spinach"", ""label"": ""Spinach (80g)"", ""in_box"": 1}, {""name"": ""cherry tomatoes"", ""label"": ""Cherry tomatoes (125g)"", ""in_box"": 1}]"
2026-08-04,2026-08-03,03d01fd7-7707-4cff-af7f-c6c70d62cb25,886,Mediterranean-Style Vegetable Lasagne,False,0.0,556,352,16.0,5.0,2.5,61.1,17.6,8.4,0.15,63,2.9,0.9,0.5,11.0,3.2,1.5,0.03,5,60,full-prep,no spice,Modern Bistro,Vegetarian,4.26,12737,True,"[{""name"": ""red pepper"", ""label"": ""Red pepper"", ""in_box"": 1}, {""name"": ""finely chopped tomatoes"", ""label"": ""Finely chopped tomatoes (390g)"", ""in_box"": 1}, {""name"": ""garlic clove"", ""label"": ""Garlic clove x2"", ""in_box"": 2}, {""name"": ""lasagne sheets"", ""label"": ""Lasagne sheets (120g)"", ""in_box"": 1}, {""name"": ""courgette"", ""label"": ""Courgette"", ""in_box"": 1}, {""name"": ""Italian hard cheese"", ""label"": ""Italian hard cheese (20g)"", ""in_box"": 1}, {""name"": ""tomato paste"", ""label"": ""Tomato paste (16g)"", ""in_box"": 1}, {""name"": ""basil"", ""label"": ""Basil (10g)"", ""in_box"": 1}, {""name"": ""aubergine"", ""label"": ""Aubergine"", ""in_box"": 1}]"
2026-08-04,2026-08-03,7f739831-0d47-441c-8585-4e0688a60a24,3613,Mediterranean-Style Vegetable Panzanella,False,0.0,456,365,14.2,10.6,1.6,52.4,10.9,9.9,0.8,80,3.1,2.3,0.3,11.5,2.4,2.2,0.17,4,40,full-prep,no spice,Prepped in 5,Vegan; Vegetarian; Dairy Free,4.28,11759,True,"[{""name"": ""red pepper"", ""label"": ""Red pepper"", ""in_box"": 1}, {""name"": ""ciabatta"", ""label"": ""Ciabatta x2"", ""in_box"": 2}, {""name"": ""garlic clove"", ""label"": ""Garlic clove x2"", ""in_box"": 2}, {""name"": ""pine kernel & seed mix"", ""label"": ""Pine kernel & seed mix (30g)"", ""in_box"": 1}, {""name"": ""basil"", ""label"": ""Basil (5g)"", ""in_box"": 1}, {""name"": ""rocket"", ""label"": ""Rocket (50g)"", ""in_box"": 1}, {""name"": ""cherry tomatoes"", ""label"": ""Cherry tomatoes (250g)"", ""in_box"": 1}, {""name"": ""aubergine"", ""label"": ""Aubergine"", ""in_box"": 1}, {""name"": ""red wine vinegar"", ""label"": ""Red wine vinegar (15ml)"", ""in_box"": 1}, {""name"": ""Dijon mustard"", ""label"": ""Dijon mustard (5.5g)"", ""in_box"": 1}]"
2026-08-04,2026-08-03,22741645-3937-4a0e-bfb3-d2fe7f089679,7940,Neapolitan-Style Spicy Fennel Sausage DIY Calzone,False,0.0,315,776,40.6,25.8,13.0,102.5,7.4,7.6,2.72,246,12.9,8.2,4.1,32.5,2.4,2.4,0.86,2,40,full-prep,spicy,Modern Bistro,,4.25,1450,False,"[{""name"": ""Jolly Hog pork sausagemeat"", ""label"": ""Jolly Hog pork sausagemeat (150g)"", ""in_box"": 1}, {""name"": ""dried chilli flakes"", ""label"": ""Dried chilli flakes (0.5tsp)"", ""in_box"": 1}, {""name"": ""fennel seeds"", ""label"": ""Fennel seeds (1tsp)"", ""in_box"": 1}, {""name"": ""dried yeast"", ""label"": ""Dried yeast (7g)"", ""in_box"": 1}, {""name"": ""tomato paste"", ""label"": ""Tomato paste (32g) x2"", ""in_box"": 2}, {""name"": ""pizza base mix"", ""label"": ""Pizza base mix (250g)"", ""in_box"": 1}, {""name"": ""garlic clove"", ""label"": ""Garlic clove x2"", ""in_box"": 2}, {""name"": ""mozzarella"", ""label"": ""Mozzarella (125g)"", ""in_box"": 1}, {""name"": ""rocket"", ""label"": ""Rocket (20g)"", ""in_box"": 1}]"
2026-08-04,2026-08-03,a7bf0519-b4ff-4b39-9ce2-9f64149945a5,7527,One Pan Basil Pork Meatballs With Creamy Pesto Orzo,False,0.0,357,721,42.9,35.0,12.6,57.6,5.2,4.0,2.33,201,12.0,9.8,3.5,16.1,1.5,1.1,0.65,1,35,full-prep,no spice,One Pan Wonders,,4.18,3455,True,"[{""name"": ""intense chicken stock mix"", ""label"": ""Intense chicken stock mix (5.5g)"", ""in_box"": 1}, {""name"": ""pork mince"", ""label"": ""Pork mince (250g)"", ""in_box"": 1}, {""name"": ""garlic clove"", ""label"": ""Garlic clove x2"", ""in_box"": 2}, {""name"": ""dried basil"", ""label"": ""Dried basil (1tsp)"", ""in_box"": 1}, {""name"": ""courgette"", ""label"": ""Courgette"", ""in_box"": 1}, {""name"": ""Italian hard cheese"", ""label"": ""Italian hard cheese (20g)"", ""in_box"": 1}, {""name"": ""soft cheese"", ""label"": ""Soft cheese (50g)"", ""in_box"": 1}, {""name"": ""traditional Italian pesto"", ""label"": ""Traditional Italian pesto (45g)"", ""in_box"": 1}, {""name"": ""rocket"", ""label"": ""Rocket (20g)"", ""in_box"": 1}, {""name"": ""orzo"", ""label"": ""Orzo (150g)"", ""in_box"": 1}]"
2026-08-04,2026-08-03,6c800aaa-b1c1-4b5d-8a02-511a5e1f69e6,1476,One Pan Cheesy Chorizo & Pea Risotto,False,0.0,316,621,26.6,22.0,7.9,77.9,10.3,7.8,2.97,196,8.4,6.9,2.5,24.6,3.2,2.5,0.94,2,45,full-prep,no spice,Modern Bistro,Gluten Free,4.24,42089,True,"[{""name"": ""intense chicken stock mix"", ""label"": ""Intense chicken stock mix (5.5g)"", ""in_box"": 1}, {""name"": ""diced chorizo"", ""label"": ""Diced chorizo (100g)"", ""in_box"": 1}, {""name"": ""garlic clove"", ""label"": ""Garlic clove x2"", ""in_box"": 2}, {""name"": ""brown onion"", ""label"": ""Brown onion"", ""in_box"": 1}, {""name"": ""blanched peas"", ""label"": ""Blanched peas (160g)"", ""in_box"": 1}, {""name"": ""arborio rice"", ""label"": ""Arborio rice (160g)"", ""in_box"": 1}, {""name"": ""Italian hard cheese"", ""label"": ""Italian hard cheese (20g)"", ""in_box"": 1}, {""name"": ""Chinese rice wine"", ""label"": ""Chinese rice wine (15ml)"", ""in_box"": 1}, {""name"": ""sweet pea pods"", ""label"": ""Sweet pea pods (80g)"", ""in_box"": 1}]"
2026-08-04,2026-08-03,1bac5ca0-6e8e-44af-ae13-d1159e6289c5,7177,"One Pan Creamy Sausage, Mushroom & Spinach Orzo",False,0.0,327,566,28.6,23.5,11.5,58.6,4.3,5.4,2.42,173,8.8,7.2,3.5,17.9,1.3,1.7,0.74,2,30,full-prep,no spice,One Pan Wonders,,4.42,14449,True,"[{""name"": ""intense chicken stock mix"", ""label"": ""Intense chicken stock mix (5.5g)"", ""in_box"": 1}, {""name"": ""Jolly Hog pork sausagemeat"", ""label"": ""Jolly Hog pork sausagemeat (150g)"", ""in_box"": 1}, {""name"": ""garlic clove"", ""label"": ""Garlic clove x3"", ""in_box"": 3}, {""name"": ""Italian hard cheese"", ""label"": ""Italian hard cheese (20g)"", ""in_box"": 1}, {""name"": ""soft cheese"", ""label"": ""Soft cheese (50g)"", ""in_box"": 1}, {""name"": ""Chinese rice wine"", ""label"": ""Chinese rice wine (15ml)"", ""in_box"": 1}, {""name"": ""white cup mushrooms"", ""label"": ""White cup mushrooms (160g)"", ""in_box"": 1}, {""name"": ""spinach"", ""label"": ""Spinach (80g)"", ""in_box"": 1}, {""name"": ""orzo"", ""label"": ""Orzo (150g)"", ""in_box"": 1}, {""name"": ""Dijon mustard"", ""label"": ""Dijon mustard (5.5g)"", ""in_box"": 1}]"
2026-08-04,2026-08-03,99032948-5c29-4cce-9343-332590867ee3,5728,One Pot Chilli & Miso Pork Udon Noodles,False,0.0,452,562,34.4,17.3,6.4,66.7,7.0,2.4,2.96,124,7.6,3.8,1.4,14.8,1.5,0.5,0.65,1,40,full-prep,spicy,Prepped in 5,Dairy Free,4.44,11467,True,"[{""name"": ""white miso paste"", ""label"": ""White miso paste (17g)"", ""in_box"": 1}, {""name"": ""dried chilli flakes"", ""label"": ""Dried chilli flakes (0.5tsp)"", ""in_box"": 1}, {""name"": ""spring onion"", ""label"": ""Spring onion"", ""in_box"": 1}, {""name"": ""red chilli"", ""label"": ""Red chilli"", ""in_box"": 1}, {""name"": ""pork mince"", ""label"": ""Pork mince (250g)"", ""in_box"": 1}, {""name"": ""brown onion"", ""label"": ""Brown onion"", ""in_box"": 1}, {""name"": ""gluten free soy sauce"", ""label"": ""Gluten free soy sauce (15ml)"", ""in_box"": 1}, {""name"": ""crispy onions"", ""label"": ""Crispy onions (15g)"", ""in_box"": 1}, {""name"": ""udon noodles"", ""label"": ""Udon noodles (200g) x2"", ""in_box"": 2}, {""name"": ""ginger & garlic paste"", ""label"": ""Ginger & garlic paste (15g)"", ""in_box"": 1}, {""name"": ""sweet pea pods"", ""label"": ""Sweet pea pods (80g)"", ""in_box"": 1}]"
2026-08-04,2026-08-03,49a0ae89-9fb3-4196-94c8-48ed427352de,7513,One Pot Creamy Pork Ragù And Spaghetti,False,0.0,374,731,42.8,25.4,12.1,80.9,11.4,6.0,2.35,195,11.4,6.8,3.2,21.6,3.1,1.6,0.63,1,40,full-prep,no spice,Prepped in 5,,4.28,2875,True,"[{""name"": ""intense chicken stock mix"", ""label"": ""Intense chicken stock mix (5.5g)"", ""in_box"": 1}, {""name"": ""dried oregano"", ""label"": ""Dried oregano (1tsp)"", ""in_box"": 1}, {""name"": ""soy sauce"", ""label"": ""Soy sauce (8ml)"", ""in_box"": 1}, {""name"": ""pork mince"", ""label"": ""Pork mince (250g)"", ""in_box"": 1}, {""name"": ""brown onion"", ""label"": ""Brown onion"", ""in_box"": 1}, {""name"": ""roasted garlic paste"", ""label"": ""Roasted garlic paste (15g)"", ""in_box"": 1}, {""name"": ""basil"", ""label"": ""Basil (5g)"", ""in_box"": 1}, {""name"": ""grated Italian hard cheese"", ""label"": ""Grated Italian hard cheese (30g)"", ""in_box"": 1}, {""name"": ""soft cheese"", ""label"": ""Soft cheese (50g)"", ""in_box"": 1}, {""name"": ""Chinese rice wine"", ""label"": ""Chinese rice wine (15ml)"", ""in_box"": 1}, {""name"": ""carrot"", ""label"": ""Carrot"", ""in_box"": 1}, {""name"": ""spaghetti"", ""label"": ""Spaghetti (190g)"", ""in_box"": 1}]"
2026-08-04,2026-08-03,def04478-8c3f-4ee3-b593-fba8560a7a35,3684,"One Pot King Prawn, Pepper & Pesto Orzo",False,0.0,327,524,29.5,16.3,6.8,63.3,10.8,6.2,2.86,160,9.0,5.0,2.1,19.4,3.3,1.9,0.88,2,30,full-prep,no spice,One Pan Wonders,,4.3,15659,True,"[{""name"": ""red pepper"", ""label"": ""Red pepper"", ""in_box"": 1}, {""name"": ""raw peeled king prawns"", ""label"": ""Raw peeled king prawns (171g)"", ""in_box"": 1}, {""name"": ""intense vegetable stock mix"", ""label"": ""Intense vegetable stock mix (5.5g)"", ""in_box"": 1}, {""name"": ""sun-dried tomato pesto"", ""label"": ""Sun-dried tomato pesto (45g)"", ""in_box"": 1}, {""name"": ""cheddar cheese"", ""label"": ""Cheddar cheese (40g)"", ""in_box"": 1}, {""name"": ""garlic clove"", ""label"": ""Garlic clove"", ""in_box"": 1}, {""name"": ""basil"", ""label"": ""Basil (5g)"", ""in_box"": 1}, {""name"": ""tomato paste"", ""label"": ""Tomato paste (16g)"", ""in_box"": 1}, {""name"": ""red onion"", ""label"": ""Red onion"", ""in_box"": 1}, {""name"": ""orzo"", ""label"": ""Orzo (150g)"", ""in_box"": 1}]"
2026-08-04,2026-08-03,5d2cd932-8795-4102-9671-ff4ba8187205,7487,One Pot Masala Basa Biryani With Yoghurt & Curry Chilli Butter,False,0.0,368,465,29.9,4.0,1.6,81.0,21.3,4.1,1.96,126,8.1,1.1,0.4,22.0,5.8,1.1,0.53,2,30,full-prep,mild,One Pan Wonders,Gluten Free,4.51,1067,True,"[{""name"": ""white basmati rice"", ""label"": ""White basmati rice (130g)"", ""in_box"": 1}, {""name"": ""ground turmeric"", ""label"": ""Ground turmeric (1tsp)"", ""in_box"": 1}, {""name"": ""basa fillets"", ""label"": ""Basa fillets (2pcs)"", ""in_box"": 1}, {""name"": ""garam masala"", ""label"": ""Garam masala (1tsp)"", ""in_box"": 1}, {""name"": ""intense vegetable stock mix"", ""label"": ""Intense vegetable stock mix (5.5g)"", ""in_box"": 1}, {""name"": ""curry powder"", ""label"": ""Curry powder (1tbsp)"", ""in_box"": 1}, {""name"": ""garlic clove"", ""label"": ""Garlic clove x2"", ""in_box"": 2}, {""name"": ""natural yoghurt"", ""label"": ""Natural yoghurt (80g)"", ""in_box"": 1}, {""name"": ""red chilli relish"", ""label"": ""Red chilli relish (25g)"", ""in_box"": 1}, {""name"": ""sultanas"", ""label"": ""Sultanas (30g)"", ""in_box"": 1}, {""name"": ""white cup mushrooms"", ""label"": ""White cup mushrooms (160g)"", ""in_box"": 1}, {""name"": ""spinach"", ""label"": ""Spinach (80g)"", ""in_box"": 1}]"
2026-08-04,2026-08-03,b4fb2473-e8be-45c6-9478-d64dfe301726,6044,One Pot Plant-Based Tortiglioni Puttanesca,False,0.0,339,447,15.9,5.6,0.9,88.0,11.3,7.7,2.08,131,4.7,1.6,0.3,26.0,3.3,2.3,0.61,3,30,full-prep,mild,One Pan Wonders,Vegan; Vegetarian; Dairy Free,4.17,5454,True,"[{""name"": ""dried chilli flakes"", ""label"": ""Dried chilli flakes (0.5tsp)"", ""in_box"": 1}, {""name"": ""capers"", ""label"": ""Capers (20g)"", ""in_box"": 1}, {""name"": ""finely chopped tomatoes"", ""label"": ""Finely chopped tomatoes (200g)"", ""in_box"": 1}, {""name"": ""tomato paste"", ""label"": ""Tomato paste (32g)"", ""in_box"": 1}, {""name"": ""intense vegetable stock mix"", ""label"": ""Intense vegetable stock mix (5.5g)"", ""in_box"": 1}, {""name"": ""black olives"", ""label"": ""Black olives (40g)"", ""in_box"": 1}, {""name"": ""garlic clove"", ""label"": ""Garlic clove x2"", ""in_box"": 2}, {""name"": ""dried basil"", ""label"": ""Dried basil (1tsp)"", ""in_box"": 1}, {""name"": ""parsley"", ""label"": ""Parsley (5g)"", ""in_box"": 1}, {""name"": ""brown onion"", ""label"": ""Brown onion"", ""in_box"": 1}, {""name"": ""spinach"", ""label"": ""Spinach (80g)"", ""in_box"": 1}, {""name"": ""tortiglioni"", ""label"": ""Tortiglioni (200g)"", ""in_box"": 1}]"
2026-08-04,2026-08-03,73354967-45f8-4501-b722-5c4c0a2b9c3a,1930,"One Pot Smoked Basa, Leek & Sweetcorn Chowder",False,0.0,436,363,25.1,10.1,5.3,46.0,11.2,7.8,2.12,83,5.8,2.3,1.2,10.6,2.6,1.8,0.48,1,40,full-prep,no spice,One Pan Wonders,Gluten Free,4.34,11085,True,"[{""name"": ""leek"", ""label"": ""Leek"", ""in_box"": 1}, {""name"": ""Sweetcorn"", ""label"": ""Sweetcorn (150g)"", ""in_box"": 1}, {""name"": ""garlic clove"", ""label"": ""Garlic clove"", ""in_box"": 1}, {""name"": ""smoked basa fillets"", ""label"": ""Smoked basa fillets (2pcs)"", ""in_box"": 1}, {""name"": ""vegetable stock mix"", ""label"": ""Vegetable stock mix (5.5g)"", ""in_box"": 1}, {""name"": ""soft cheese"", ""label"": ""Soft cheese (50g)"", ""in_box"": 1}, {""name"": ""white potato"", ""label"": ""White potato x3"", ""in_box"": 3}]"
2026-08-04,2026-08-03,fbd0a97d-40b1-4850-a266-0063b656dd72,7831,One Tray Crispy Baked Basa Tray Bake With Tarragon Butter,False,0.0,468,422,29.7,12.8,2.2,48.6,9.7,8.4,1.05,90,6.3,2.7,0.5,10.4,2.1,1.8,0.22,2,35,full-prep,no spice,One Pan Wonders,,4.5,550,True,"[{""name"": ""waxy potatoes"", ""label"": ""Waxy potatoes (350g)"", ""in_box"": 1}, {""name"": ""basa fillets"", ""label"": ""Basa fillets (2pcs)"", ""in_box"": 1}, {""name"": ""panko breadcrumbs"", ""label"": ""Panko breadcrumbs (20g)"", ""in_box"": 1}, {""name"": ""parsley and tarragon pesto"", ""label"": ""Parsley and tarragon pesto (40g)"", ""in_box"": 1}, {""name"": ""courgette"", ""label"": ""Courgette"", ""in_box"": 1}, {""name"": ""blanched peas"", ""label"": ""Blanched peas (160g)"", ""in_box"": 1}, {""name"": ""vegetable stock mix"", ""label"": ""Vegetable stock mix (5.5g)"", ""in_box"": 1}]"
2026-08-04,2026-08-03,ec56d53a-15e0-4e7f-90d5-e340172f6379,7823,Orange Chicken Thigh Stir-Fry With Pickled Red Chilli,False,0.0,443,604,32.7,13.8,3.6,91.1,20.8,4.9,2.87,136,7.4,3.1,0.8,20.6,4.7,1.1,0.65,2,40,full-prep,spicy,Family Kitchen,Dairy Free,4.09,2066,True,"[{""name"": ""intense chicken stock mix"", ""label"": ""Intense chicken stock mix (5.5g)"", ""in_box"": 1}, {""name"": ""white long grain rice"", ""label"": ""White long grain rice (130g)"", ""in_box"": 1}, {""name"": ""shredded veg mix"", ""label"": ""Shredded veg mix (160g)"", ""in_box"": 1}, {""name"": ""red chilli"", ""label"": ""Red chilli"", ""in_box"": 1}, {""name"": ""diced chicken thigh"", ""label"": ""Diced chicken thigh (250g)"", ""in_box"": 1}, {""name"": ""cornflour"", ""label"": ""Cornflour (1tbsp) x2"", ""in_box"": 2}, {""name"": ""garlic clove"", ""label"": ""Garlic clove x2"", ""in_box"": 2}, {""name"": ""toasted sesame seeds"", ""label"": ""Toasted sesame seeds (5g)"", ""in_box"": 1}, {""name"": ""brown onion"", ""label"": ""Brown onion"", ""in_box"": 1}, {""name"": ""yuzu dressing"", ""label"": ""Yuzu dressing (20g)"", ""in_box"": 1}, {""name"": ""soy sauce"", ""label"": ""Soy sauce (15ml)"", ""in_box"": 1}, {""name"": ""orange"", ""label"": ""Orange"", ""in_box"": 1}, {""name"": ""white wine vinegar"", ""label"": ""White wine vinegar (15ml)"", ""in_box"": 1}, {""name"": ""honey"", ""label"": ""Honey (25g)"", ""in_box"": 1}]"
2026-08-04,2026-08-03,f49c07d3-983d-46db-80b5-61774b3c67ae,7943,Orecchiette Alla Norma,False,0.0,314,451,14.7,6.2,0.9,82.5,9.2,7.5,2.23,143,4.7,2.0,0.3,26.2,2.9,2.4,0.71,2,10,full-prep,spicy,Pasta Pronto,Vegan; Vegetarian; Dairy Free,4.23,1153,True,"[{""name"": ""dried chilli flakes"", ""label"": ""Dried chilli flakes (0.5tsp)"", ""in_box"": 1}, {""name"": ""capers"", ""label"": ""Capers (20g)"", ""in_box"": 1}, {""name"": ""tomato paste"", ""label"": ""Tomato paste (32g)"", ""in_box"": 1}, {""name"": ""intense vegetable stock mix"", ""label"": ""Intense vegetable stock mix (5.5g)"", ""in_box"": 1}, {""name"": ""fresh orecchiette"", ""label"": ""Fresh orecchiette (250g)"", ""in_box"": 1}, {""name"": ""balsamic sun-dried tomato paste"", ""label"": ""Balsamic sun-dried tomato paste (30g)"", ""in_box"": 1}, {""name"": ""roasted garlic paste"", ""label"": ""Roasted garlic paste (15g)"", ""in_box"": 1}, {""name"": ""basil"", ""label"": ""Basil (5g)"", ""in_box"": 1}, {""name"": ""rocket"", ""label"": ""Rocket (20g)"", ""in_box"": 1}, {""name"": ""aubergine"", ""label"": ""Aubergine"", ""in_box"": 1}]"
2026-08-04,2026-08-03,a8012a0d-215d-4e58-b265-b253da73bc4c,7874,Oven Baked Chicken Thigh & Pepper Muhammara With Sultana Rice,False,0.0,393,667,39.7,22.4,5.0,78.7,19.2,6.2,1.89,169,10.1,5.7,1.3,20.0,4.9,1.6,0.48,2,50,full-prep,spicy,Prepped in 5,Dairy Free; Gluten Free,4.39,370,True,"[{""name"": ""intense chicken stock mix"", ""label"": ""Intense chicken stock mix (5.5g)"", ""in_box"": 1}, {""name"": ""white long grain rice"", ""label"": ""White long grain rice (130g)"", ""in_box"": 1}, {""name"": ""red pepper"", ""label"": ""Red pepper"", ""in_box"": 1}, {""name"": ""skinless chicken thighs"", ""label"": ""Skinless chicken thighs (320g)"", ""in_box"": 1}, {""name"": ""ras el hanout"", ""label"": ""Ras el hanout (1tbsp)"", ""in_box"": 1}, {""name"": ""garlic clove"", ""label"": ""Garlic clove"", ""in_box"": 1}, {""name"": ""brown onion"", ""label"": ""Brown onion"", ""in_box"": 1}, {""name"": ""romesco sauce"", ""label"": ""Romesco sauce (40g)"", ""in_box"": 1}, {""name"": ""tomato paste"", ""label"": ""Tomato paste (16g)"", ""in_box"": 1}, {""name"": ""sultanas"", ""label"": ""Sultanas (30g)"", ""in_box"": 1}, {""name"": ""flaked almonds"", ""label"": ""Flaked almonds (15g)"", ""in_box"": 1}]"
2026-08-04,2026-08-03,bbea35ea-0e94-4bde-abaa-c99a2ec79fb3,3188,Oven Baked Creamy Chorizo & Leek Pasta With Salad,False,0.0,338,646,26.7,31.1,14.0,66.1,8.0,5.6,3.05,191,7.9,9.2,4.2,19.6,2.4,1.7,0.9,1,35,full-prep,no spice,Prepped in 5,,4.23,54910,True,"[{""name"": ""intense chicken stock mix"", ""label"": ""Intense chicken stock mix (5.5g)"", ""in_box"": 1}, {""name"": ""crème fraîche"", ""label"": ""Crème fraîche (80g)"", ""in_box"": 1}, {""name"": ""leek"", ""label"": ""Leek"", ""in_box"": 1}, {""name"": ""diced chorizo"", ""label"": ""Diced chorizo (100g)"", ""in_box"": 1}, {""name"": ""Chinese rice wine"", ""label"": ""Chinese rice wine (30ml)"", ""in_box"": 1}, {""name"": ""lemon"", ""label"": ""Lemon"", ""in_box"": 1}, {""name"": ""grated Italian hard cheese"", ""label"": ""Grated Italian hard cheese (30g)"", ""in_box"": 1}, {""name"": ""rocket"", ""label"": ""Rocket (20g)"", ""in_box"": 1}, {""name"": ""tortiglioni"", ""label"": ""Tortiglioni (150g)"", ""in_box"": 1}]"
2026-08-04,2026-08-03,9243ad5f-c946-4b4f-84da-803bc24a08cb,5121,Oven Baked Halloumi Ratatouille With Herby Rice,False,0.0,492,612,29.2,24.9,16.2,71.6,13.4,7.7,2.39,124,5.9,5.1,3.3,14.6,2.7,1.6,0.48,4,40,full-prep,no spice,Prepped in 5,Vegetarian; Gluten Free,4.05,4055,True,"[{""name"": ""white long grain rice"", ""label"": ""White long grain rice (130g)"", ""in_box"": 1}, {""name"": ""dried oregano"", ""label"": ""Dried oregano (1tsp) x2"", ""in_box"": 2}, {""name"": ""red pepper"", ""label"": ""Red pepper"", ""in_box"": 1}, {""name"": ""halloumi"", ""label"": ""Halloumi (200g)"", ""in_box"": 1}, {""name"": ""roasted garlic paste"", ""label"": ""Roasted garlic paste (15g)"", ""in_box"": 1}, {""name"": ""tomato paste"", ""label"": ""Tomato paste (16g) x2"", ""in_box"": 2}, {""name"": ""cherry tomatoes"", ""label"": ""Cherry tomatoes (125g)"", ""in_box"": 1}, {""name"": ""aubergine"", ""label"": ""Aubergine"", ""in_box"": 1}, {""name"": ""red wine vinegar"", ""label"": ""Red wine vinegar (15ml)"", ""in_box"": 1}, {""name"": ""red onion"", ""label"": ""Red onion"", ""in_box"": 1}]"
2026-08-04,2026-08-03,153ec059-6501-4aea-aba1-fdfcb4556c42,3195,Oven Baked Three Bean Chilli With Jacket Potatoes,False,0.0,643,487,25.2,2.7,0.5,83.0,10.4,28.7,1.95,75,3.9,0.4,0.1,12.9,1.6,4.5,0.3,2,55,full-prep,spicy,Prepped in 5,Vegan; Vegetarian; Dairy Free; Gluten Free,4.28,39457,True,"[{""name"": ""green chilli"", ""label"": ""Green chilli"", ""in_box"": 1}, {""name"": ""black beans"", ""label"": ""Black beans (380g)"", ""in_box"": 1}, {""name"": ""cumin seeds"", ""label"": ""Cumin seeds (1tsp)"", ""in_box"": 1}, {""name"": ""finely chopped tomatoes"", ""label"": ""Finely chopped tomatoes (200g)"", ""in_box"": 1}, {""name"": ""red kidney beans"", ""label"": ""Red kidney beans (185g)"", ""in_box"": 1}, {""name"": ""intense vegetable stock mix"", ""label"": ""Intense vegetable stock mix (5.5g)"", ""in_box"": 1}, {""name"": ""ground smoked paprika"", ""label"": ""Ground smoked paprika (2tsp)"", ""in_box"": 1}, {""name"": ""cannellini beans"", ""label"": ""Cannellini beans (390g)"", ""in_box"": 1}, {""name"": ""chipotle paste"", ""label"": ""Chipotle paste (20g)"", ""in_box"": 1}, {""name"": ""garlic clove"", ""label"": ""Garlic clove x3"", ""in_box"": 3}, {""name"": ""coriander"", ""label"": ""Coriander (10g) x2"", ""in_box"": 2}, {""name"": ""white wine vinegar"", ""label"": ""White wine vinegar (15ml)"", ""in_box"": 1}, {""name"": ""white potato"", ""label"": ""White potato x4"", ""in_box"": 4}]"
2026-08-04,2026-08-03,f7804c25-d115-4e4c-8468-adc5ae4745aa,1938,"Pan-Fried Basa With Gnocchi, Mushrooms & Spinach",False,0.0,446,440,32.6,8.4,4.8,59.2,1.6,3.6,2.12,98,7.3,1.9,1.1,13.3,0.4,0.8,0.47,2,35,full-prep,no spice,Modern Bistro,,4.11,13915,True,"[{""name"": ""basa fillets"", ""label"": ""Basa fillets (2pcs)"", ""in_box"": 1}, {""name"": ""gnocchi"", ""label"": ""Gnocchi (350g)"", ""in_box"": 1}, {""name"": ""garlic clove"", ""label"": ""Garlic clove"", ""in_box"": 1}, {""name"": ""vegetable stock mix"", ""label"": ""Vegetable stock mix (5.5g)"", ""in_box"": 1}, {""name"": ""soft cheese"", ""label"": ""Soft cheese (50g)"", ""in_box"": 1}, {""name"": ""white cup mushrooms"", ""label"": ""White cup mushrooms (160g)"", ""in_box"": 1}, {""name"": ""spinach"", ""label"": ""Spinach (120g)"", ""in_box"": 1}]"
2026-08-04,2026-08-03,1cbf02fd-c5c7-47c7-9a1a-ea7a692a6fef,2930,Paneer Jalfrezi With Jeera Rice,False,0.0,359,555,25.1,19.6,12.4,72.9,11.5,5.4,2.15,154,7.0,5.5,3.5,20.3,3.2,1.5,0.6,3,35,full-prep,spicy,Takeaway Night,Vegetarian; Gluten Free,4.42,5860,True,"[{""name"": ""white long grain rice"", ""label"": ""White long grain rice (130g)"", ""in_box"": 1}, {""name"": ""green pepper"", ""label"": ""Green pepper"", ""in_box"": 1}, {""name"": ""dried chilli flakes"", ""label"": ""Dried chilli flakes (0.5tsp)"", ""in_box"": 1}, {""name"": ""cumin seeds"", ""label"": ""Cumin seeds (1tsp)"", ""in_box"": 1}, {""name"": ""tomato paste"", ""label"": ""Tomato paste (32g)"", ""in_box"": 1}, {""name"": ""curry powder"", ""label"": ""Curry powder (1tbsp)"", ""in_box"": 1}, {""name"": ""garlic clove"", ""label"": ""Garlic clove x3"", ""in_box"": 3}, {""name"": ""fresh root ginger"", ""label"": ""Fresh root ginger (15g)"", ""in_box"": 1}, {""name"": ""tomato"", ""label"": ""Tomato"", ""in_box"": 1}, {""name"": ""paneer"", ""label"": ""Paneer (200g)"", ""in_box"": 1}, {""name"": ""vegetable stock mix"", ""label"": ""Vegetable stock mix (5.5g)"", ""in_box"": 1}, {""name"": ""red onion"", ""label"": ""Red onion"", ""in_box"": 1}]"
2026-08-04,2026-08-03,e4b03002-495f-490f-854f-dadc7a78e1fb,14446,Paneer Tikka Masala With Cardamom Rice,False,0.0,316,682,27.4,33.7,21.0,71.9,11.7,3.9,2.39,215,8.6,10.6,6.6,22.7,3.7,1.2,0.75,1,30,full-prep,mild,Classic Fakeaways,Vegetarian; Gluten Free,4.49,928,True,"[{""name"": ""white basmati rice"", ""label"": ""White basmati rice (130g)"", ""in_box"": 1}, {""name"": ""Cornish clotted cream"", ""label"": ""Cornish clotted cream (40g)"", ""in_box"": 1}, {""name"": ""ground paprika"", ""label"": ""Ground paprika (1tsp)"", ""in_box"": 1}, {""name"": ""tomato paste"", ""label"": ""Tomato paste (32g)"", ""in_box"": 1}, {""name"": ""garam masala"", ""label"": ""Garam masala (1tsp)"", ""in_box"": 1}, {""name"": ""curry powder"", ""label"": ""Curry powder (1tbsp)"", ""in_box"": 1}, {""name"": ""garlic clove"", ""label"": ""Garlic clove"", ""in_box"": 1}, {""name"": ""tomato"", ""label"": ""Tomato"", ""in_box"": 1}, {""name"": ""shallot"", ""label"": ""Shallot"", ""in_box"": 1}, {""name"": ""natural yoghurt"", ""label"": ""Natural yoghurt (80g)"", ""in_box"": 1}, {""name"": ""paneer"", ""label"": ""Paneer (200g)"", ""in_box"": 1}, {""name"": ""vegetable stock mix"", ""label"": ""Vegetable stock mix (5.5g)"", ""in_box"": 1}, {""name"": ""ginger paste"", ""label"": ""Ginger paste (15g)"", ""in_box"": 1}, {""name"": ""cardamom pod"", ""label"": ""Cardamom pod x2"", ""in_box"": 2}]"
2026-08-04,2026-08-03,c89b4d97-5ec8-4ae1-95a7-d6ef63269f46,807,Pepper Risotto With Herb-Rolled Goats' Cheese,False,0.0,395,464,15.9,9.9,6.5,75.6,13.1,6.7,1.78,117,4.0,2.5,1.6,19.2,3.3,1.7,0.45,4,50,full-prep,no spice,Modern Bistro,Vegetarian; Gluten Free,4.22,10115,True,"[{""name"": ""red pepper"", ""label"": ""Red pepper"", ""in_box"": 1}, {""name"": ""tomato paste"", ""label"": ""Tomato paste (32g)"", ""in_box"": 1}, {""name"": ""intense vegetable stock mix"", ""label"": ""Intense vegetable stock mix (5.5g)"", ""in_box"": 1}, {""name"": ""soft goats' cheese"", ""label"": ""Soft goats' cheese (75g)"", ""in_box"": 1}, {""name"": ""garlic clove"", ""label"": ""Garlic clove x2"", ""in_box"": 2}, {""name"": ""brown onion"", ""label"": ""Brown onion"", ""in_box"": 1}, {""name"": ""arborio rice"", ""label"": ""Arborio rice (160g)"", ""in_box"": 1}, {""name"": ""Chinese rice wine"", ""label"": ""Chinese rice wine (15ml)"", ""in_box"": 1}, {""name"": ""parsley"", ""label"": ""Parsley (10g)"", ""in_box"": 1}, {""name"": ""cherry tomatoes"", ""label"": ""Cherry tomatoes (250g)"", ""in_box"": 1}, {""name"": ""red wine vinegar"", ""label"": ""Red wine vinegar (15ml)"", ""in_box"": 1}]"
2026-08-04,2026-08-03,75dc3e7b-86a9-4c34-b581-42834ac86cad,1829,Pepperoni Pizza With Balsamic Salad,False,0.0,420,661,27.7,25.1,11.2,78.9,11.9,7.5,2.13,157,6.6,6.0,2.7,18.8,2.8,1.8,0.51,4,30,full-prep,mild,Takeaway Night,,4.38,18154,True,"[{""name"": ""dried oregano"", ""label"": ""Dried oregano (1tsp)"", ""in_box"": 1}, {""name"": ""flame-baked pizza bases"", ""label"": ""Flame-baked pizza bases (2pcs)"", ""in_box"": 1}, {""name"": ""sliced pepperoni"", ""label"": ""Sliced pepperoni (30g)"", ""in_box"": 1}, {""name"": ""tomato paste"", ""label"": ""Tomato paste (32g) x2"", ""in_box"": 2}, {""name"": ""garlic clove"", ""label"": ""Garlic clove"", ""in_box"": 1}, {""name"": ""mozzarella"", ""label"": ""Mozzarella (125g)"", ""in_box"": 1}, {""name"": ""rocket"", ""label"": ""Rocket (50g)"", ""in_box"": 1}, {""name"": ""cherry tomatoes"", ""label"": ""Cherry tomatoes (250g)"", ""in_box"": 1}, {""name"": ""balsamic vinegar"", ""label"": ""Balsamic vinegar (15ml)"", ""in_box"": 1}]"
2026-08-04,2026-08-03,41fa5e54-0003-4259-af9b-4ab1ed72c15b,7301,Pepperoni Pizza With Hot Honey,False,0.0,396,692,27.0,24.7,11.1,88.3,19.6,7.5,2.13,174,6.8,6.2,2.8,22.3,5.0,1.9,0.54,3,35,full-prep,spicy,Family Kitchen,,4.48,10036,True,"[{""name"": ""dried oregano"", ""label"": ""Dried oregano (1tsp)"", ""in_box"": 1}, {""name"": ""red pepper"", ""label"": ""Red pepper"", ""in_box"": 1}, {""name"": ""dried chilli flakes"", ""label"": ""Dried chilli flakes (0.5tsp)"", ""in_box"": 1}, {""name"": ""mini cosberg lettuce"", ""label"": ""Mini cosberg lettuce"", ""in_box"": 1}, {""name"": ""flame-baked pizza bases"", ""label"": ""Flame-baked pizza bases (2pcs)"", ""in_box"": 1}, {""name"": ""sliced pepperoni"", ""label"": ""Sliced pepperoni (30g)"", ""in_box"": 1}, {""name"": ""tomato paste"", ""label"": ""Tomato paste (32g) x2"", ""in_box"": 2}, {""name"": ""garlic clove"", ""label"": ""Garlic clove"", ""in_box"": 1}, {""name"": ""mozzarella"", ""label"": ""Mozzarella (125g)"", ""in_box"": 1}, {""name"": ""balsamic vinegar"", ""label"": ""Balsamic vinegar (15ml)"", ""in_box"": 1}, {""name"": ""honey"", ""label"": ""Honey (25g)"", ""in_box"": 1}]"
2026-08-04,2026-08-03,233a0f64-0bfd-4652-a2cf-99a257d246b1,1651,Peri Peri Chicken & Pepper Rice,False,0.0,410,404,33.2,8.2,1.7,49.7,6.9,4.0,1.58,98,8.1,2.0,0.4,12.1,1.7,1.0,0.39,1,10,full-prep,spicy,10-Minute,Dairy Free; Gluten Free,4.09,21863,True,"[{""name"": ""intense chicken stock mix"", ""label"": ""Intense chicken stock mix (5.5g)"", ""in_box"": 1}, {""name"": ""cooked white long grain rice"", ""label"": ""Cooked white long grain rice (280g)"", ""in_box"": 1}, {""name"": ""dried oregano"", ""label"": ""Dried oregano (1tsp)"", ""in_box"": 1}, {""name"": ""chicken breast strips"", ""label"": ""Chicken breast strips (250g)"", ""in_box"": 1}, {""name"": ""red pepper"", ""label"": ""Red pepper"", ""in_box"": 1}, {""name"": ""cayenne pepper"", ""label"": ""Cayenne pepper (0.5tsp)"", ""in_box"": 1}, {""name"": ""spring onion"", ""label"": ""Spring onion"", ""in_box"": 1}, {""name"": ""ground smoked paprika"", ""label"": ""Ground smoked paprika (1tsp)"", ""in_box"": 1}, {""name"": ""chipotle paste"", ""label"": ""Chipotle paste (20g)"", ""in_box"": 1}, {""name"": ""lemon"", ""label"": ""Lemon"", ""in_box"": 1}, {""name"": ""roasted garlic paste"", ""label"": ""Roasted garlic paste (15g)"", ""in_box"": 1}]"
2026-08-04,2026-08-03,6a83e348-b31d-4ee4-9127-ef4e9b3d0134,1019,Peri Peri Chicken With Spicy Rice And Lemony Salad,False,0.0,434,534,35.2,14.5,2.1,68.3,10.9,4.4,1.53,122,8.1,3.3,0.5,15.7,2.5,1.0,0.35,3,50,full-prep,spicy,Takeaway Night,Gluten Free; Dairy Free,4.24,42222,True,"[{""name"": ""intense chicken stock mix"", ""label"": ""Intense chicken stock mix (5.5g)"", ""in_box"": 1}, {""name"": ""white long grain rice"", ""label"": ""White long grain rice (130g)"", ""in_box"": 1}, {""name"": ""ground turmeric"", ""label"": ""Ground turmeric (0.5tsp)"", ""in_box"": 1}, {""name"": ""red chilli"", ""label"": ""Red chilli"", ""in_box"": 1}, {""name"": ""chicken breast portions"", ""label"": ""Chicken breast portions (2pcs)"", ""in_box"": 1}, {""name"": ""tomato paste"", ""label"": ""Tomato paste (32g)"", ""in_box"": 1}, {""name"": ""mayonnaise"", ""label"": ""Mayonnaise (25ml)"", ""in_box"": 1}, {""name"": ""chipotle paste"", ""label"": ""Chipotle paste (20g)"", ""in_box"": 1}, {""name"": ""brown onion"", ""label"": ""Brown onion"", ""in_box"": 1}, {""name"": ""lemon"", ""label"": ""Lemon"", ""in_box"": 1}, {""name"": ""gem lettuce"", ""label"": ""Gem lettuce"", ""in_box"": 1}, {""name"": ""sweet pointed pepper"", ""label"": ""Sweet pointed pepper"", ""in_box"": 1}, {""name"": ""white wine vinegar"", ""label"": ""White wine vinegar (15ml)"", ""in_box"": 1}]"
2026-08-04,2026-08-03,763fe312-ca18-4f83-934a-a9c5e9cebfa5,6070,Plant-Based Black Bean & Corn Tacos With Fiery Salsa,False,0.0,507,615,21.2,16.5,5.4,88.6,17.0,19.6,2.62,121,4.2,3.2,1.1,17.5,3.3,3.9,0.52,4,20,full-prep,spicy,20 minute meals,Vegan; Vegetarian; Dairy Free,4.49,3104,True,"[{""name"": ""black beans"", ""label"": ""Black beans (380g)"", ""in_box"": 1}, {""name"": ""red chilli"", ""label"": ""Red chilli"", ""in_box"": 1}, {""name"": ""smashed avocado"", ""label"": ""Smashed avocado (100g)"", ""in_box"": 1}, {""name"": ""Sweetcorn"", ""label"": ""Sweetcorn (150g)"", ""in_box"": 1}, {""name"": ""intense vegetable stock mix"", ""label"": ""Intense vegetable stock mix (5.5g)"", ""in_box"": 1}, {""name"": ""plain tortillas"", ""label"": ""Plain tortillas (6pcs)"", ""in_box"": 1}, {""name"": ""chipotle paste"", ""label"": ""Chipotle paste (20g)"", ""in_box"": 1}, {""name"": ""tomato"", ""label"": ""Tomato"", ""in_box"": 1}, {""name"": ""tomato paste"", ""label"": ""Tomato paste (16g)"", ""in_box"": 1}, {""name"": ""coriander"", ""label"": ""Coriander (5g)"", ""in_box"": 1}, {""name"": ""lime"", ""label"": ""Lime"", ""in_box"": 1}, {""name"": ""red onion"", ""label"": ""Red onion"", ""in_box"": 1}]"
2026-08-04,2026-08-03,bd77851b-2745-4f66-91b2-532f22b333cb,5794,Plant-Based Garlic & Coriander Butter Chickpea Burritos,False,0.0,419,787,24.9,17.8,8.6,131.2,9.0,12.7,2.1,187,6.0,4.3,2.0,31.3,2.2,3.0,0.5,3,35,full-prep,spicy,Global Kitchen,Vegan; Vegetarian; Dairy Free,4.2,5455,True,"[{""name"": ""cultured coconut"", ""label"": ""Cultured coconut (80g)"", ""in_box"": 1}, {""name"": ""white basmati rice"", ""label"": ""White basmati rice (100g)"", ""in_box"": 1}, {""name"": ""plain tortillas"", ""label"": ""Plain tortillas (4pcs)"", ""in_box"": 1}, {""name"": ""tomato paste"", ""label"": ""Tomato paste (32g)"", ""in_box"": 1}, {""name"": ""curry powder"", ""label"": ""Curry powder (1tbsp)"", ""in_box"": 1}, {""name"": ""garlic clove"", ""label"": ""Garlic clove"", ""in_box"": 1}, {""name"": ""garam masala"", ""label"": ""Garam masala (1tbsp)"", ""in_box"": 1}, {""name"": ""coriander"", ""label"": ""Coriander (10g)"", ""in_box"": 1}, {""name"": ""chickpeas"", ""label"": ""Chickpeas (390g)"", ""in_box"": 1}, {""name"": ""shallot"", ""label"": ""Shallot"", ""in_box"": 1}, {""name"": ""vegetable stock mix"", ""label"": ""Vegetable stock mix (5.5g)"", ""in_box"": 1}, {""name"": ""ginger & garlic paste"", ""label"": ""Ginger & garlic paste (15g)"", ""in_box"": 1}, {""name"": ""spinach"", ""label"": ""Spinach (80g)"", ""in_box"": 1}, {""name"": ""cardamom pod"", ""label"": ""Cardamom pod"", ""in_box"": 1}]"
2026-08-04,2026-08-03,b5fbf01c-4cd9-410c-84f5-48325884aad5,15894,Pork & Basil Meatballs With Tomato Sauce & Mash,False,0.0,542,476,35.2,15.7,6.7,51.4,11.4,8.1,1.45,87,6.5,2.9,1.2,9.5,2.1,1.5,0.27,3,35,full-prep,no spice,Everyday Favourites,Gluten Free,4.25,267,True,"[{""name"": ""intense chicken stock mix"", ""label"": ""Intense chicken stock mix (5.5g)"", ""in_box"": 1}, {""name"": ""finely chopped tomatoes"", ""label"": ""Finely chopped tomatoes (200g)"", ""in_box"": 1}, {""name"": ""tomato paste"", ""label"": ""Tomato paste (32g)"", ""in_box"": 1}, {""name"": ""pork mince"", ""label"": ""Pork mince (250g)"", ""in_box"": 1}, {""name"": ""garlic clove"", ""label"": ""Garlic clove x2"", ""in_box"": 2}, {""name"": ""basil"", ""label"": ""Basil (5g)"", ""in_box"": 1}, {""name"": ""Italian hard cheese"", ""label"": ""Italian hard cheese (20g)"", ""in_box"": 1}, {""name"": ""fine green beans"", ""label"": ""Fine green beans (80g)"", ""in_box"": 1}, {""name"": ""red onion"", ""label"": ""Red onion"", ""in_box"": 1}, {""name"": ""white potato"", ""label"": ""White potato x4"", ""in_box"": 4}]"
2026-08-04,2026-08-03,67dfe86a-4e1b-4f08-a311-d8811d85a3e8,14520,Pork & Beef Cheeseburger With Fries,False,0.0,431,822,36.7,46.5,15.9,64.6,9.8,7.4,1.99,190,8.5,10.8,3.7,15.0,2.3,1.7,0.46,1,35,full-prep,no spice,Classic Fakeaways,,4.47,516,True,"[{""name"": ""brioche style buns"", ""label"": ""Brioche style buns (2pcs)"", ""in_box"": 1}, {""name"": ""pork & beef mince"", ""label"": ""Pork & beef mince (250g)"", ""in_box"": 1}, {""name"": ""tomato ketchup"", ""label"": ""Tomato ketchup (30ml)"", ""in_box"": 1}, {""name"": ""smoked sea salt flakes"", ""label"": ""Smoked sea salt flakes (1g)"", ""in_box"": 1}, {""name"": ""mayonnaise"", ""label"": ""Mayonnaise (25ml)"", ""in_box"": 1}, {""name"": ""cheddar cheese"", ""label"": ""Cheddar cheese (40g)"", ""in_box"": 1}, {""name"": ""gem lettuce"", ""label"": ""Gem lettuce"", ""in_box"": 1}, {""name"": ""white potato"", ""label"": ""White potato x3"", ""in_box"": 3}]"
2026-08-04,2026-08-03,d8ea1de6-4366-4695-92af-432ad65582a4,14359,Pork & Beef Lasagne With Balsamic Salad,False,0.0,520,607,39.2,21.0,9.0,65.8,19.7,9.8,1.65,116,7.5,4.0,1.7,12.7,3.8,1.9,0.32,4,55,full-prep,no spice,Everyday Favourites,,4.43,1752,True,"[{""name"": ""finely chopped tomatoes"", ""label"": ""Finely chopped tomatoes (200g)"", ""in_box"": 1}, {""name"": ""tomato paste"", ""label"": ""Tomato paste (32g)"", ""in_box"": 1}, {""name"": ""dried oregano"", ""label"": ""Dried oregano (1tsp)"", ""in_box"": 1}, {""name"": ""pork & beef mince"", ""label"": ""Pork & beef mince (250g)"", ""in_box"": 1}, {""name"": ""intense beef stock mix"", ""label"": ""Intense beef stock mix (5.5g)"", ""in_box"": 1}, {""name"": ""garlic clove"", ""label"": ""Garlic clove x2"", ""in_box"": 2}, {""name"": ""Dried bay leaf"", ""label"": ""Dried bay leaf x2"", ""in_box"": 2}, {""name"": ""lasagne sheets"", ""label"": ""Lasagne sheets (120g)"", ""in_box"": 1}, {""name"": ""brown onion"", ""label"": ""Brown onion"", ""in_box"": 1}, {""name"": ""Italian hard cheese"", ""label"": ""Italian hard cheese (20g)"", ""in_box"": 1}, {""name"": ""Henderson's Relish"", ""label"": ""Henderson's Relish (15ml)"", ""in_box"": 1}, {""name"": ""carrot"", ""label"": ""Carrot x2"", ""in_box"": 2}, {""name"": ""gem lettuce"", ""label"": ""Gem lettuce"", ""in_box"": 1}, {""name"": ""balsamic vinegar"", ""label"": ""Balsamic vinegar (15ml)"", ""in_box"": 1}]"
2026-08-04,2026-08-03,c4e53074-fcb1-4fac-92ca-4b775c112a60,6470,Pork & Beef Sloppy Joe Loaded Fries With Smoky Ranch Dressing,False,0.0,499,671,30.2,38.0,11.1,53.9,13.2,9.0,1.81,134,6.1,7.6,2.2,10.8,2.6,1.8,0.36,2,35,full-prep,no spice,Global Kitchen,Dairy Free; Gluten Free,4.42,4910,True,"[{""name"": ""intense beef stock mix"", ""label"": ""Intense beef stock mix (5.5g)"", ""in_box"": 1}, {""name"": ""pork & beef mince"", ""label"": ""Pork & beef mince (250g)"", ""in_box"": 1}, {""name"": ""red pepper"", ""label"": ""Red pepper"", ""in_box"": 1}, {""name"": ""spring onion"", ""label"": ""Spring onion"", ""in_box"": 1}, {""name"": ""tomato paste"", ""label"": ""Tomato paste (32g)"", ""in_box"": 1}, {""name"": ""ground smoked paprika"", ""label"": ""Ground smoked paprika (1tsp)"", ""in_box"": 1}, {""name"": ""mayonnaise"", ""label"": ""Mayonnaise (25ml)"", ""in_box"": 1}, {""name"": ""mustard ketchup"", ""label"": ""Mustard ketchup (20g)"", ""in_box"": 1}, {""name"": ""garlic clove"", ""label"": ""Garlic clove"", ""in_box"": 1}, {""name"": ""dried basil"", ""label"": ""Dried basil (1tsp)"", ""in_box"": 1}, {""name"": ""brown onion"", ""label"": ""Brown onion"", ""in_box"": 1}, {""name"": ""Henderson's Relish"", ""label"": ""Henderson's Relish (15ml)"", ""in_box"": 1}, {""name"": ""white wine vinegar"", ""label"": ""White wine vinegar (15ml)"", ""in_box"": 1}, {""name"": ""white potato"", ""label"": ""White potato x4"", ""in_box"": 4}]"
2026-08-04,2026-08-03,87e8db6b-008b-4abc-b867-b570bbf7c12a,2617,Pork & Greek Cheese Keftedes With Tzatziki And Greek-Style Salad,False,0.0,541,575,40.0,27.6,12.9,43.4,7.8,4.5,1.88,106,7.4,5.1,2.4,8.0,1.4,0.8,0.35,1,40,full-prep,no spice,Modern Bistro,,4.31,8180,True,"[{""name"": ""dried oregano"", ""label"": ""Dried oregano (1tsp)"", ""in_box"": 1}, {""name"": ""Greek salad cheese"", ""label"": ""Greek salad cheese (100g)"", ""in_box"": 1}, {""name"": ""panko breadcrumbs"", ""label"": ""Panko breadcrumbs (20g)"", ""in_box"": 1}, {""name"": ""black olives"", ""label"": ""Black olives (40g)"", ""in_box"": 1}, {""name"": ""pork mince"", ""label"": ""Pork mince (250g)"", ""in_box"": 1}, {""name"": ""garlic clove"", ""label"": ""Garlic clove"", ""in_box"": 1}, {""name"": ""tomato"", ""label"": ""Tomato"", ""in_box"": 1}, {""name"": ""shallot"", ""label"": ""Shallot"", ""in_box"": 1}, {""name"": ""natural yoghurt"", ""label"": ""Natural yoghurt (80g)"", ""in_box"": 1}, {""name"": ""cucumber"", ""label"": ""Cucumber (0.5pcs)"", ""in_box"": 1}, {""name"": ""mint"", ""label"": ""Mint (5g)"", ""in_box"": 1}, {""name"": ""white potato"", ""label"": ""White potato x3"", ""in_box"": 3}]"
2026-08-04,2026-08-03,2b6ae1a5-8297-4bb5-a4a2-2cf50eb70ed1,5787,Pork Ragù With Garlic & Chilli King Prawns,True,2.5,633,642,52.8,18.4,8.0,67.9,9.1,9.0,2.59,101,8.4,2.9,1.3,10.7,1.4,1.4,0.41,2,85,full-prep,mild,Fine Dine In,,4.35,1310,True,"[{""name"": ""intense beef stock mix"", ""label"": ""Intense beef stock mix (5.5g)"", ""in_box"": 1}, {""name"": ""raw peeled king prawns"", ""label"": ""Raw peeled king prawns (171g)"", ""in_box"": 1}, {""name"": ""red chilli"", ""label"": ""Red chilli"", ""in_box"": 1}, {""name"": ""diced pork"", ""label"": ""Diced pork (250g)"", ""in_box"": 1}, {""name"": ""tomato paste"", ""label"": ""Tomato paste (32g)"", ""in_box"": 1}, {""name"": ""Tenderstem broccoli"", ""label"": ""Tenderstem broccoli (80g)"", ""in_box"": 1}, {""name"": ""ciabatta"", ""label"": ""Ciabatta"", ""in_box"": 1}, {""name"": ""garlic clove"", ""label"": ""Garlic clove x2"", ""in_box"": 2}, {""name"": ""brown onion"", ""label"": ""Brown onion"", ""in_box"": 1}, {""name"": ""grated Italian hard cheese"", ""label"": ""Grated Italian hard cheese (30g)"", ""in_box"": 1}, {""name"": ""Henderson's Relish"", ""label"": ""Henderson's Relish (15ml)"", ""in_box"": 1}, {""name"": ""parsley"", ""label"": ""Parsley (10g)"", ""in_box"": 1}, {""name"": ""chestnut mushrooms"", ""label"": ""Chestnut mushrooms (80g)"", ""in_box"": 1}, {""name"": ""white potato"", ""label"": ""White potato x4"", ""in_box"": 4}]"
2026-08-04,2026-08-03,7d272734-f014-4a63-b73f-9e1099855f54,7963,Pork Shoulder Ragù Bianco With Cheesy Mash & Green Beans,False,0.0,461,535,37.0,23.2,11.7,46.5,6.6,6.6,1.54,115,8.0,5.0,2.5,10.1,1.4,1.4,0.33,1,65,full-prep,no spice,Modern Bistro,Gluten Free,4.37,3085,True,"[{""name"": ""intense chicken stock mix"", ""label"": ""Intense chicken stock mix (5.5g)"", ""in_box"": 1}, {""name"": ""diced pork"", ""label"": ""Diced pork (250g)"", ""in_box"": 1}, {""name"": ""garlic clove"", ""label"": ""Garlic clove x2"", ""in_box"": 2}, {""name"": ""brown onion"", ""label"": ""Brown onion"", ""in_box"": 1}, {""name"": ""grated Italian hard cheese"", ""label"": ""Grated Italian hard cheese (30g)"", ""in_box"": 1}, {""name"": ""soft cheese"", ""label"": ""Soft cheese (50g)"", ""in_box"": 1}, {""name"": ""Chinese rice wine"", ""label"": ""Chinese rice wine (15ml)"", ""in_box"": 1}, {""name"": ""fine green beans"", ""label"": ""Fine green beans (80g)"", ""in_box"": 1}, {""name"": ""white potato"", ""label"": ""White potato x4"", ""in_box"": 4}]"
2026-08-04,2026-08-03,798e9279-4f23-4c80-926c-e19dcb8fb723,7003,Puttanesca-Style Sauce With Fresh Orecchiette,False,0.0,269,422,14.1,4.8,0.8,79.3,6.3,4.3,2.04,156,5.2,1.8,0.3,29.5,2.3,1.6,0.76,1,10,full-prep,no spice,Pasta Pronto,Vegan; Vegetarian; Dairy Free,4.25,5630,True,"[{""name"": ""capers"", ""label"": ""Capers (20g)"", ""in_box"": 1}, {""name"": ""finely chopped tomatoes"", ""label"": ""Finely chopped tomatoes (200g)"", ""in_box"": 1}, {""name"": ""intense vegetable stock mix"", ""label"": ""Intense vegetable stock mix (5.5g)"", ""in_box"": 1}, {""name"": ""black olives"", ""label"": ""Black olives (40g)"", ""in_box"": 1}, {""name"": ""garlic clove"", ""label"": ""Garlic clove x3"", ""in_box"": 3}, {""name"": ""parsley"", ""label"": ""Parsley (5g)"", ""in_box"": 1}, {""name"": ""fresh orecchiette"", ""label"": ""Fresh orecchiette (250g)"", ""in_box"": 1}]"
2026-08-04,2026-08-03,1af8aab6-70e7-472d-a941-b53cce3e60eb,5039,Puttanesca-Style Sauce With Tomato & Mozzarella Tortelloni,False,0.0,266,409,17.3,14.7,4.3,51.9,9.0,3.9,1.94,153,6.5,5.5,1.6,19.5,3.4,1.4,0.73,1,10,full-prep,no spice,Pasta Pronto,Vegetarian,4.06,9932,True,"[{""name"": ""capers"", ""label"": ""Capers (20g)"", ""in_box"": 1}, {""name"": ""finely chopped tomatoes"", ""label"": ""Finely chopped tomatoes (200g)"", ""in_box"": 1}, {""name"": ""black olives"", ""label"": ""Black olives (40g)"", ""in_box"": 1}, {""name"": ""garlic clove"", ""label"": ""Garlic clove x3"", ""in_box"": 3}, {""name"": ""tomato & mozzarella tortelloni"", ""label"": ""Tomato & mozzarella tortelloni (250g)"", ""in_box"": 1}, {""name"": ""parsley"", ""label"": ""Parsley (5g)"", ""in_box"": 1}]"
2026-08-04,2026-08-03,6b1107e1-c790-4324-87f5-79115eb617e5,15546,Ready-To-Heat Chicken & Leek Pie With Mash And Peas,True,2.5,480,732,29.4,27.4,12.5,92.0,8.7,11.6,1.81,152,6.1,5.7,2.6,19.2,1.8,2.4,0.38,1,30,full-prep,no spice,Semi-Prepped,,4.14,22,True,"[{""name"": ""Higgidy Creamy Chicken & Sautéed Leek Pie with white wine"", ""label"": ""Higgidy Creamy Chicken & Sautéed Leek Pie with white wine (200g) x2"", ""in_box"": 2}, {""name"": ""blanched peas"", ""label"": ""Blanched peas (160g)"", ""in_box"": 1}, {""name"": ""white potato"", ""label"": ""White potato x4"", ""in_box"": 4}]"
2026-08-04,2026-08-03,1e7b79bd-046e-4498-9278-0de8a6ef5437,15543,"Ready-To-Heat Steak & Ale Pie With Cheddar Mash, Gravy & Peas",True,2.5,507,768,36.8,26.2,15.2,96.5,9.2,12.1,2.64,151,7.3,5.2,3.0,19.0,1.8,2.4,0.52,1,30,full-prep,no spice,Semi-Prepped,,4.55,99,True,"[{""name"": ""gravy base"", ""label"": ""Gravy base (14g)"", ""in_box"": 1}, {""name"": ""Higgidy slow-braised steak & craft ale pie with carrots"", ""label"": ""Higgidy slow-braised steak & craft ale pie with carrots (200g) x2"", ""in_box"": 2}, {""name"": ""cheddar cheese"", ""label"": ""Cheddar cheese (40g)"", ""in_box"": 1}, {""name"": ""blanched peas"", ""label"": ""Blanched peas (160g)"", ""in_box"": 1}, {""name"": ""white potato"", ""label"": ""White potato x4"", ""in_box"": 4}]"
2026-08-04,2026-08-03,7f53d357-6ad7-4ead-a39d-67a093a8d6f6,15381,Red Thai Chicken Curry With Rice & Greens,False,0.0,330,475,37.3,20.6,10.3,33.3,4.9,7.5,1.66,144,11.3,6.2,3.1,10.1,1.5,2.3,0.5,2,20,full-prep,spicy,Nutrient Rich,Dairy Free,4.06,337,True,"[{""name"": ""solid creamed coconut"", ""label"": ""Solid creamed coconut (25g)"", ""in_box"": 1}, {""name"": ""soy sauce"", ""label"": ""Soy sauce (8ml)"", ""in_box"": 1}, {""name"": ""chicken breast portions"", ""label"": ""Chicken breast portions (2pcs)"", ""in_box"": 1}, {""name"": ""garlic clove"", ""label"": ""Garlic clove"", ""in_box"": 1}, {""name"": ""brown long grain rice"", ""label"": ""Brown long grain rice (65g)"", ""in_box"": 1}, {""name"": ""red Thai curry paste"", ""label"": ""Red Thai curry paste (40g)"", ""in_box"": 1}, {""name"": ""fine green beans"", ""label"": ""Fine green beans (160g)"", ""in_box"": 1}, {""name"": ""spinach"", ""label"": ""Spinach (80g)"", ""in_box"": 1}, {""name"": ""roasted peanuts"", ""label"": ""Roasted peanuts (25g)"", ""in_box"": 1}]"
2026-08-04,2026-08-03,f4c30d2c-9bd3-49e4-9fa8-4df8587f0a11,2299,Rump Steak Miso Ramen With Sambal Mushrooms,True,3.0,448,634,47.9,22.0,7.8,61.7,5.6,2.3,3.94,141,10.7,4.9,1.7,13.8,1.2,0.5,0.88,1,50,full-prep,mild,Ultimate Fakeaway,Dairy Free,4.27,3907,True,"[{""name"": ""white miso paste"", ""label"": ""White miso paste (17g)"", ""in_box"": 1}, {""name"": ""medium egg noodle nests"", ""label"": ""Medium egg noodle nests (2pcs)"", ""in_box"": 1}, {""name"": ""free range egg"", ""label"": ""Free range egg"", ""in_box"": 1}, {""name"": ""spring onion"", ""label"": ""Spring onion"", ""in_box"": 1}, {""name"": ""soy sauce"", ""label"": ""Soy sauce (8ml)"", ""in_box"": 1}, {""name"": ""rump pavé steak"", ""label"": ""Rump pavé steak (300g)"", ""in_box"": 1}, {""name"": ""pho broth paste"", ""label"": ""Pho broth paste (25g)"", ""in_box"": 1}, {""name"": ""garlic clove"", ""label"": ""Garlic clove x2"", ""in_box"": 2}, {""name"": ""fresh root ginger"", ""label"": ""Fresh root ginger (15g)"", ""in_box"": 1}, {""name"": ""pak choi"", ""label"": ""Pak choi (200g)"", ""in_box"": 1}, {""name"": ""sambal oelek"", ""label"": ""Sambal oelek (20g)"", ""in_box"": 1}, {""name"": ""rice vinegar"", ""label"": ""Rice vinegar (15ml)"", ""in_box"": 1}, {""name"": ""black sesame seeds"", ""label"": ""Black sesame seeds (5g)"", ""in_box"": 1}, {""name"": ""chestnut mushrooms"", ""label"": ""Chestnut mushrooms (80g)"", ""in_box"": 1}]"
2026-08-04,2026-08-03,be95353a-58de-4ba5-bd75-4beb5294eb57,2259,Rump Steak With Garlic Portobello And Crispy Potatoes,True,3.0,518,458,38.7,16.3,6.7,39.7,4.1,5.1,0.16,88,7.5,3.1,1.3,7.7,0.8,1.0,0.03,3,35,full-prep,no spice,Gastropub,Dairy Free,4.26,1691,True,"[{""name"": ""rump pavé steak"", ""label"": ""Rump pavé steak (300g)"", ""in_box"": 1}, {""name"": ""panko breadcrumbs"", ""label"": ""Panko breadcrumbs (20g)"", ""in_box"": 1}, {""name"": ""garlic clove"", ""label"": ""Garlic clove"", ""in_box"": 1}, {""name"": ""portobello mushrooms"", ""label"": ""Portobello mushrooms (150g)"", ""in_box"": 1}, {""name"": ""Chinese rice wine"", ""label"": ""Chinese rice wine (15ml)"", ""in_box"": 1}, {""name"": ""spinach"", ""label"": ""Spinach (120g)"", ""in_box"": 1}, {""name"": ""cherry tomatoes"", ""label"": ""Cherry tomatoes (125g)"", ""in_box"": 1}, {""name"": ""white potato"", ""label"": ""White potato x3"", ""in_box"": 3}]"
2026-08-04,2026-08-03,1e12b6fc-6585-4c61-b35f-6368bdf88df2,2888,Saag Aloo With Peas And Pitta,False,0.0,435,490,16.2,12.9,8.7,77.9,18.1,14.0,1.35,112,3.7,3.0,2.0,17.9,4.2,3.2,0.31,3,10,full-prep,mild,10-Minute,Vegan; Vegetarian; Dairy Free,4.31,38769,True,"[{""name"": ""solid creamed coconut"", ""label"": ""Solid creamed coconut (25g)"", ""in_box"": 1}, {""name"": ""ground turmeric"", ""label"": ""Ground turmeric (0.5tsp)"", ""in_box"": 1}, {""name"": ""waxy potatoes"", ""label"": ""Waxy potatoes (350g)"", ""in_box"": 1}, {""name"": ""cumin seeds"", ""label"": ""Cumin seeds (1tsp)"", ""in_box"": 1}, {""name"": ""red chilli"", ""label"": ""Red chilli"", ""in_box"": 1}, {""name"": ""wholemeal pittas"", ""label"": ""Wholemeal pittas (2pcs)"", ""in_box"": 1}, {""name"": ""curry powder"", ""label"": ""Curry powder (0.5tbsp)"", ""in_box"": 1}, {""name"": ""blanched peas"", ""label"": ""Blanched peas (160g)"", ""in_box"": 1}, {""name"": ""vegetable stock mix"", ""label"": ""Vegetable stock mix (5.5g)"", ""in_box"": 1}, {""name"": ""ginger & garlic paste"", ""label"": ""Ginger & garlic paste (15g)"", ""in_box"": 1}, {""name"": ""tomato paste"", ""label"": ""Tomato paste (16g)"", ""in_box"": 1}, {""name"": ""red chilli relish"", ""label"": ""Red chilli relish (25g)"", ""in_box"": 1}, {""name"": ""black sesame seeds"", ""label"": ""Black sesame seeds (5g)"", ""in_box"": 1}, {""name"": ""spinach"", ""label"": ""Spinach (120g)"", ""in_box"": 1}]"
2026-08-04,2026-08-03,c08614b2-5d95-4a91-9721-f52122d83ebc,2821,Salmon & Hasselback Potato Tray Bake With Blistered Tomato Pesto,True,2.0,503,486,32.2,24.8,5.4,35.4,7.2,5.1,0.25,96,6.4,4.9,1.1,7.0,1.4,1.0,0.05,2,50,full-prep,no spice,Fine Dine In,Gluten Free,4.24,6078,True,"[{""name"": ""waxy potatoes"", ""label"": ""Waxy potatoes (350g)"", ""in_box"": 1}, {""name"": ""skin-on salmon fillets"", ""label"": ""Skin-on salmon fillets (2pcs)"", ""in_box"": 1}, {""name"": ""garlic clove"", ""label"": ""Garlic clove"", ""in_box"": 1}, {""name"": ""pumpkin seeds"", ""label"": ""Pumpkin seeds (15g)"", ""in_box"": 1}, {""name"": ""courgette"", ""label"": ""Courgette"", ""in_box"": 1}, {""name"": ""lemon"", ""label"": ""Lemon"", ""in_box"": 1}, {""name"": ""Italian hard cheese"", ""label"": ""Italian hard cheese (20g)"", ""in_box"": 1}, {""name"": ""basil"", ""label"": ""Basil (10g)"", ""in_box"": 1}, {""name"": ""cherry tomatoes"", ""label"": ""Cherry tomatoes (125g)"", ""in_box"": 1}]"
2026-08-04,2026-08-03,8973d1f8-3c68-488d-b0db-6705db54b4d4,8197,Salmon With Spicy Sesame Noodles,True,2.0,,599,35.6,25.6,,57.3,,6.8,1.86,,,,,,,,,2,10,full-prep,spicy,Ultimate Fakeaway,Dairy Free,4.4,429,True,
2026-08-04,2026-08-03,091f92f1-f851-48a6-9455-12fe3576bcce,3153,Salt & Pepper Chicken Breast With Egg Fried Rice,True,0.7,366,589,41.4,12.4,2.7,81.8,6.0,6.0,1.5,161,11.3,3.4,0.7,22.4,1.6,1.6,0.41,1,40,full-prep,spicy,Takeaway Night,Dairy Free,4.39,40990,True,"[{""name"": ""white long grain rice"", ""label"": ""White long grain rice (130g)"", ""in_box"": 1}, {""name"": ""free range egg"", ""label"": ""Free range egg"", ""in_box"": 1}, {""name"": ""spring onion"", ""label"": ""Spring onion x3"", ""in_box"": 3}, {""name"": ""red chilli"", ""label"": ""Red chilli"", ""in_box"": 1}, {""name"": ""diced chicken breast"", ""label"": ""Diced chicken breast (250g)"", ""in_box"": 1}, {""name"": ""cornflour"", ""label"": ""Cornflour (4tbsp)"", ""in_box"": 1}, {""name"": ""five-spice mix"", ""label"": ""Five-spice mix (1tsp)"", ""in_box"": 1}, {""name"": ""garlic clove"", ""label"": ""Garlic clove"", ""in_box"": 1}, {""name"": ""fresh root ginger"", ""label"": ""Fresh root ginger (15g)"", ""in_box"": 1}, {""name"": ""toasted sesame oil"", ""label"": ""Toasted sesame oil (10ml)"", ""in_box"": 1}, {""name"": ""blanched peas"", ""label"": ""Blanched peas (160g)"", ""in_box"": 1}, {""name"": ""soy sauce"", ""label"": ""Soy sauce (15ml)"", ""in_box"": 1}]"
2026-08-04,2026-08-03,138d0199-aa31-4da0-a1d7-d3e15fc40acb,8541,Sambal Chicken Loaded Rotis,False,0.0,398,572,33.3,20.4,2.0,61.7,7.6,7.8,2.76,143,8.4,5.1,0.5,15.5,1.9,2.0,0.69,1,10,full-prep,spicy,No Cook,Dairy Free,3.97,517,True,"[{""name"": ""sriracha hot chilli sauce"", ""label"": ""Sriracha hot chilli sauce (8ml)"", ""in_box"": 1}, {""name"": ""mayonnaise"", ""label"": ""Mayonnaise (25ml)"", ""in_box"": 1}, {""name"": ""roti"", ""label"": ""Roti (4pcs)"", ""in_box"": 1}, {""name"": ""cooked chicken breast"", ""label"": ""Cooked chicken breast (200g)"", ""in_box"": 1}, {""name"": ""sambal oelek"", ""label"": ""Sambal oelek (20g)"", ""in_box"": 1}, {""name"": ""carrot"", ""label"": ""Carrot"", ""in_box"": 1}, {""name"": ""soy sauce"", ""label"": ""Soy sauce (15ml)"", ""in_box"": 1}, {""name"": ""gem lettuce"", ""label"": ""Gem lettuce"", ""in_box"": 1}, {""name"": ""lime"", ""label"": ""Lime"", ""in_box"": 1}]"
2026-08-04,2026-08-03,3874ff04-aaeb-48e0-adce-4265c439e714,2201,Satay Sweet Potato & Kale Curry,False,0.0,384,593,27.1,27.1,7.0,62.8,14.6,17.2,2.43,154,7.1,7.0,1.8,16.4,3.8,4.5,0.63,3,30,full-prep,spicy,Global Kitchen,Vegan; Vegetarian; Dairy Free; Gluten Free,4.24,24416,True,"[{""name"": ""cultured coconut"", ""label"": ""Cultured coconut (80g)"", ""in_box"": 1}, {""name"": ""dried chilli flakes"", ""label"": ""Dried chilli flakes (0.5tsp)"", ""in_box"": 1}, {""name"": ""red lentils"", ""label"": ""Red lentils (100g)"", ""in_box"": 1}, {""name"": ""intense vegetable stock mix"", ""label"": ""Intense vegetable stock mix (5.5g)"", ""in_box"": 1}, {""name"": ""curry powder"", ""label"": ""Curry powder (1tbsp)"", ""in_box"": 1}, {""name"": ""fresh root ginger"", ""label"": ""Fresh root ginger (15g)"", ""in_box"": 1}, {""name"": ""brown onion"", ""label"": ""Brown onion"", ""in_box"": 1}, {""name"": ""tomato paste"", ""label"": ""Tomato paste (16g)"", ""in_box"": 1}, {""name"": ""coriander"", ""label"": ""Coriander (5g)"", ""in_box"": 1}, {""name"": ""shredded kale"", ""label"": ""Shredded kale (80g)"", ""in_box"": 1}, {""name"": ""lime"", ""label"": ""Lime"", ""in_box"": 1}, {""name"": ""roasted peanuts"", ""label"": ""Roasted peanuts (25g)"", ""in_box"": 1}, {""name"": ""smooth peanut butter"", ""label"": ""Smooth peanut butter (26g) x2"", ""in_box"": 2}, {""name"": ""sweet potato"", ""label"": ""Sweet potato"", ""in_box"": 1}]"
2026-08-04,2026-08-03,238e5ecc-8530-4007-b934-01d5d7159636,15882,Sausage & Red Onion Tomato Chutney Baguette With Chips & Salad,False,0.0,466,637,25.8,27.3,9.1,73.2,18.7,7.5,1.79,136,5.5,5.9,2.0,15.7,4.0,1.6,0.38,3,35,full-prep,no spice,Everyday Favourites,Dairy Free,4.38,286,True,"[{""name"": ""baguettes"", ""label"": ""Baguettes (2pcs)"", ""in_box"": 1}, {""name"": ""tomato paste"", ""label"": ""Tomato paste (32g)"", ""in_box"": 1}, {""name"": ""Proper Porker sausages"", ""label"": ""Proper Porker sausages (4pcs)"", ""in_box"": 1}, {""name"": ""garlic clove"", ""label"": ""Garlic clove"", ""in_box"": 1}, {""name"": ""tomato"", ""label"": ""Tomato"", ""in_box"": 1}, {""name"": ""baby leaf salad"", ""label"": ""Baby leaf salad (50g)"", ""in_box"": 1}, {""name"": ""chopped dates"", ""label"": ""Chopped dates (30g)"", ""in_box"": 1}, {""name"": ""balsamic vinegar"", ""label"": ""Balsamic vinegar (15ml)"", ""in_box"": 1}, {""name"": ""red onion"", ""label"": ""Red onion"", ""in_box"": 1}, {""name"": ""white potato"", ""label"": ""White potato x3"", ""in_box"": 3}]"
2026-08-04,2026-08-03,05f2da7b-a15a-4d47-bd04-5c8c8fa314a8,6272,"Sausage, Pepper & Potato Hash With Herby Chilli Dressing",False,0.0,492,555,25.2,28.8,9.3,51.1,14.7,10.6,1.76,112,5.1,5.8,1.9,10.4,3.0,2.2,0.36,2,35,full-prep,mild,Family Kitchen,Dairy Free; Gluten Free,4.19,11045,True,"[{""name"": ""green chilli"", ""label"": ""Green chilli"", ""in_box"": 1}, {""name"": ""red pepper"", ""label"": ""Red pepper"", ""in_box"": 1}, {""name"": ""Proper Porker sausages"", ""label"": ""Proper Porker sausages (4pcs)"", ""in_box"": 1}, {""name"": ""garlic clove"", ""label"": ""Garlic clove x2"", ""in_box"": 2}, {""name"": ""parsley"", ""label"": ""Parsley (5g)"", ""in_box"": 1}, {""name"": ""blanched peas"", ""label"": ""Blanched peas (160g)"", ""in_box"": 1}, {""name"": ""balsamic sun-dried tomato paste"", ""label"": ""Balsamic sun-dried tomato paste (30g)"", ""in_box"": 1}, {""name"": ""white wine vinegar"", ""label"": ""White wine vinegar (15ml)"", ""in_box"": 1}, {""name"": ""red onion"", ""label"": ""Red onion"", ""in_box"": 1}, {""name"": ""white potato"", ""label"": ""White potato x3"", ""in_box"": 3}]"
2026-08-04,2026-08-03,308389a7-69d2-4166-b0d2-1c27be8d1ed1,1062,Sea Bass With Pak Choi & Szechuan-Style Noodles,True,3.0,302,505,35.1,11.7,2.1,66.1,10.9,1.9,3.12,167,11.6,3.9,0.7,21.9,3.6,0.6,1.03,1,40,full-prep,spicy,Ultimate Fakeaway,Dairy Free,4.38,2051,True,"[{""name"": ""dried chilli flakes"", ""label"": ""Dried chilli flakes (0.5tsp)"", ""in_box"": 1}, {""name"": ""medium egg noodle nests"", ""label"": ""Medium egg noodle nests (2pcs)"", ""in_box"": 1}, {""name"": ""sea bass fillets"", ""label"": ""Sea bass fillets (2pcs)"", ""in_box"": 1}, {""name"": ""spring onion"", ""label"": ""Spring onion x2"", ""in_box"": 2}, {""name"": ""garlic clove"", ""label"": ""Garlic clove x3"", ""in_box"": 3}, {""name"": ""pak choi"", ""label"": ""Pak choi (200g)"", ""in_box"": 1}, {""name"": ""soy sauce"", ""label"": ""Soy sauce (30ml)"", ""in_box"": 1}, {""name"": ""honey"", ""label"": ""Honey (25g)"", ""in_box"": 1}]"
2026-08-04,2026-08-03,8cc2125c-6e6d-413e-9eac-cce6e02a521f,11777,Sesame Hoisin Chicken With Wedges And Slaw,False,0.0,408,352,32.7,5.2,1.2,45.7,13.6,6.2,1.74,86,8.0,1.3,0.3,11.2,3.3,1.5,0.42,1,35,full-prep,no spice,Takeaway Night,Dairy Free,4.27,2461,True,"[{""name"": ""chicken breast strips"", ""label"": ""Chicken breast strips (250g)"", ""in_box"": 1}, {""name"": ""spring onion"", ""label"": ""Spring onion"", ""in_box"": 1}, {""name"": ""carrot & cabbage slaw mix"", ""label"": ""Carrot & cabbage slaw mix (160g)"", ""in_box"": 1}, {""name"": ""garlic clove"", ""label"": ""Garlic clove"", ""in_box"": 1}, {""name"": ""fresh root ginger"", ""label"": ""Fresh root ginger (15g)"", ""in_box"": 1}, {""name"": ""toasted sesame seeds"", ""label"": ""Toasted sesame seeds (5g)"", ""in_box"": 1}, {""name"": ""hoisin sauce"", ""label"": ""Hoisin sauce (40g)"", ""in_box"": 1}, {""name"": ""rice vinegar"", ""label"": ""Rice vinegar (15ml)"", ""in_box"": 1}, {""name"": ""soy sauce"", ""label"": ""Soy sauce (15ml)"", ""in_box"": 1}, {""name"": ""white potato"", ""label"": ""White potato x3"", ""in_box"": 3}]"
2026-08-04,2026-08-03,8f01d4bd-0d92-41ae-9c3b-8686001b89bd,13864,Sesame-Crusted Cod With Sweet Chilli Noodles,True,1.0,354,407,34.2,5.9,1.0,52.8,10.7,8.8,2.59,115,9.7,1.7,0.3,14.9,3.0,2.5,0.73,1,25,full-prep,spicy,20 minute meals,Dairy Free,4.21,76,True,"[{""name"": ""white miso paste"", ""label"": ""White miso paste (30g)"", ""in_box"": 1}, {""name"": ""dried chilli flakes"", ""label"": ""Dried chilli flakes (1tsp)"", ""in_box"": 1}, {""name"": ""spring onion"", ""label"": ""Spring onion x2"", ""in_box"": 2}, {""name"": ""cod fillets"", ""label"": ""Cod fillets (2pcs)"", ""in_box"": 1}, {""name"": ""wholewheat noodle nests"", ""label"": ""Wholewheat noodle nests (2pcs)"", ""in_box"": 1}, {""name"": ""fresh root ginger"", ""label"": ""Fresh root ginger (15g)"", ""in_box"": 1}, {""name"": ""toasted sesame seeds"", ""label"": ""Toasted sesame seeds (5g)"", ""in_box"": 1}, {""name"": ""red chilli relish"", ""label"": ""Red chilli relish (25g)"", ""in_box"": 1}, {""name"": ""black sesame seeds"", ""label"": ""Black sesame seeds (5g)"", ""in_box"": 1}, {""name"": ""soy sauce"", ""label"": ""Soy sauce (15ml)"", ""in_box"": 1}, {""name"": ""Tenderstem broccoli"", ""label"": ""Tenderstem broccoli (160g)"", ""in_box"": 1}, {""name"": ""lime"", ""label"": ""Lime"", ""in_box"": 1}]"
2026-08-04,2026-08-03,a737cfd3-a605-48c7-853d-2789a18287fb,17033,Singapore Noodles With Char Sui Pork & Prawns,True,1.0,392,412,22.0,11.0,2.0,52.6,9.0,7.1,2.63,104,5.6,2.8,0.5,13.4,2.3,1.8,0.67,2,5,heat-only,mild,Heat & Eat,,0,0,True,"[{""name"": ""singapore noodles with char siu pork and prawns"", ""label"": ""Singapore noodles with char siu pork and prawns (420g) x2"", ""in_box"": 2}]"
2026-08-04,2026-08-03,0f454a71-bb6c-4b5c-8254-624aec9c5c0c,2157,Smoked Basa & Corn Chowder With Crusty Ciabatta,False,0.0,331,491,29.1,17.6,9.5,53.3,8.8,4.6,2.85,148,8.8,5.3,2.9,16.1,2.6,1.4,0.86,1,10,full-prep,no spice,10-Minute,,4.29,14667,True,"[{""name"": ""spring onion"", ""label"": ""Spring onion x2"", ""in_box"": 2}, {""name"": ""Sweetcorn"", ""label"": ""Sweetcorn (150g)"", ""in_box"": 1}, {""name"": ""ciabatta"", ""label"": ""Ciabatta x2"", ""in_box"": 2}, {""name"": ""Dried bay leaf"", ""label"": ""Dried bay leaf x2"", ""in_box"": 2}, {""name"": ""smoked basa fillets"", ""label"": ""Smoked basa fillets (2pcs)"", ""in_box"": 1}, {""name"": ""vegetable stock mix"", ""label"": ""Vegetable stock mix (5.5g)"", ""in_box"": 1}, {""name"": ""soft cheese"", ""label"": ""Soft cheese (50g) x2"", ""in_box"": 2}, {""name"": ""Chinese rice wine"", ""label"": ""Chinese rice wine (15ml)"", ""in_box"": 1}, {""name"": ""dill"", ""label"": ""Dill (5g)"", ""in_box"": 1}, {""name"": ""chives"", ""label"": ""Chives (5g)"", ""in_box"": 1}]"
2026-08-04,2026-08-03,00c51ee2-e605-421a-87c0-03a52e4127e3,2762,Smoked Basa & Spinach Pilau Rice,False,0.0,347,336,23.2,6.8,1.6,45.6,2.8,2.2,2.21,96,6.7,2.0,0.5,13.1,0.8,0.6,0.64,1,10,full-prep,mild,10-Minute,Dairy Free; Gluten Free,4.19,34414,True,"[{""name"": ""cooked white long grain rice"", ""label"": ""Cooked white long grain rice (280g)"", ""in_box"": 1}, {""name"": ""dried chilli flakes"", ""label"": ""Dried chilli flakes (0.5tsp)"", ""in_box"": 1}, {""name"": ""ground turmeric"", ""label"": ""Ground turmeric (1tsp)"", ""in_box"": 1}, {""name"": ""spring onion"", ""label"": ""Spring onion"", ""in_box"": 1}, {""name"": ""lemon"", ""label"": ""Lemon"", ""in_box"": 1}, {""name"": ""smoked basa fillets"", ""label"": ""Smoked basa fillets (2pcs)"", ""in_box"": 1}, {""name"": ""vegetable stock mix"", ""label"": ""Vegetable stock mix (5.5g)"", ""in_box"": 1}, {""name"": ""ginger & garlic paste"", ""label"": ""Ginger & garlic paste (15g)"", ""in_box"": 1}, {""name"": ""spinach"", ""label"": ""Spinach (80g)"", ""in_box"": 1}]"
2026-08-04,2026-08-03,17194d91-9a82-4ffd-afbd-f68a87619a85,1582,Smoked Basa With Warm Green Bean & Potato Salad,False,0.0,438,422,23.0,23.2,2.6,33.0,5.8,6.0,1.55,96,5.3,5.3,0.6,7.5,1.3,1.4,0.35,1,25,full-prep,no spice,20 minute meals,Gluten Free; Dairy Free,4.4,22949,True,"[{""name"": ""waxy potatoes"", ""label"": ""Waxy potatoes (350g)"", ""in_box"": 1}, {""name"": ""spring onion"", ""label"": ""Spring onion"", ""in_box"": 1}, {""name"": ""mayonnaise"", ""label"": ""Mayonnaise (50ml)"", ""in_box"": 1}, {""name"": ""parsley"", ""label"": ""Parsley (5g)"", ""in_box"": 1}, {""name"": ""lemon"", ""label"": ""Lemon"", ""in_box"": 1}, {""name"": ""smoked basa fillets"", ""label"": ""Smoked basa fillets (2pcs)"", ""in_box"": 1}, {""name"": ""fine green beans"", ""label"": ""Fine green beans (160g)"", ""in_box"": 1}]"
2026-08-04,2026-08-03,66c03a5f-0203-4c36-a402-5dc9fd80e4fb,4302,Smoky Chipotle Fishcakes With Chilli Corn And Zingy Lime Mayo,False,0.0,552,480,27.0,14.6,2.2,63.2,15.0,8.0,1.58,87,4.9,2.6,0.4,11.5,2.7,1.5,0.29,2,50,full-prep,spicy,Global Kitchen,Dairy Free,4.29,19728,True,"[{""name"": ""dried chilli flakes"", ""label"": ""Dried chilli flakes (0.5tsp)"", ""in_box"": 1}, {""name"": ""ground smoked paprika"", ""label"": ""Ground smoked paprika (1tsp)"", ""in_box"": 1}, {""name"": ""Sweetcorn"", ""label"": ""Sweetcorn (150g)"", ""in_box"": 1}, {""name"": ""mayonnaise"", ""label"": ""Mayonnaise (25ml)"", ""in_box"": 1}, {""name"": ""panko breadcrumbs"", ""label"": ""Panko breadcrumbs (40g)"", ""in_box"": 1}, {""name"": ""chipotle paste"", ""label"": ""Chipotle paste (20g)"", ""in_box"": 1}, {""name"": ""tomato"", ""label"": ""Tomato x2"", ""in_box"": 2}, {""name"": ""smoked basa fillets"", ""label"": ""Smoked basa fillets (2pcs)"", ""in_box"": 1}, {""name"": ""coriander"", ""label"": ""Coriander (5g)"", ""in_box"": 1}, {""name"": ""lime"", ""label"": ""Lime"", ""in_box"": 1}, {""name"": ""red onion"", ""label"": ""Red onion"", ""in_box"": 1}, {""name"": ""white potato"", ""label"": ""White potato x3"", ""in_box"": 3}]"
2026-08-04,2026-08-03,66c587b4-dc84-4a08-8580-01733326eafd,9084,Smoky Harissa Pork Chilli With Lime Pickled Onion,False,0.0,498,579,36.9,15.5,5.7,75.5,11.4,6.3,2.12,116,7.4,3.1,1.1,15.1,2.3,1.3,0.42,2,25,full-prep,spicy,20 minute meals,Gluten Free,4.37,1954,True,"[{""name"": ""intense chicken stock mix"", ""label"": ""Intense chicken stock mix (5.5g)"", ""in_box"": 1}, {""name"": ""white long grain rice"", ""label"": ""White long grain rice (130g)"", ""in_box"": 1}, {""name"": ""finely chopped tomatoes"", ""label"": ""Finely chopped tomatoes (200g)"", ""in_box"": 1}, {""name"": ""smoked sea salt flakes"", ""label"": ""Smoked sea salt flakes (1g)"", ""in_box"": 1}, {""name"": ""ground smoked paprika"", ""label"": ""Ground smoked paprika (2tsp)"", ""in_box"": 1}, {""name"": ""pork mince"", ""label"": ""Pork mince (250g)"", ""in_box"": 1}, {""name"": ""garlic clove"", ""label"": ""Garlic clove"", ""in_box"": 1}, {""name"": ""black beans"", ""label"": ""Black beans (185g)"", ""in_box"": 1}, {""name"": ""natural yoghurt"", ""label"": ""Natural yoghurt (80g)"", ""in_box"": 1}, {""name"": ""harissa paste"", ""label"": ""Harissa paste (20g)"", ""in_box"": 1}, {""name"": ""lime"", ""label"": ""Lime"", ""in_box"": 1}, {""name"": ""red onion"", ""label"": ""Red onion"", ""in_box"": 1}]"
2026-08-04,2026-08-03,581e2580-e5aa-4a41-a711-c11333dde2b9,7772,Smoky Spanish-Style Chicken & Brown Rice,False,0.0,505,517,34.9,18.4,2.5,51.2,6.4,9.9,1.39,102,6.9,3.6,0.5,10.1,1.3,2.0,0.28,2,10,full-prep,mild,10-Minute,Dairy Free; Gluten Free,4.28,1003,True,"[{""name"": ""intense chicken stock mix"", ""label"": ""Intense chicken stock mix (5.5g)"", ""in_box"": 1}, {""name"": ""diced chicken breast"", ""label"": ""Diced chicken breast (250g)"", ""in_box"": 1}, {""name"": ""ground smoked paprika"", ""label"": ""Ground smoked paprika (2tsp)"", ""in_box"": 1}, {""name"": ""mayonnaise"", ""label"": ""Mayonnaise (25ml)"", ""in_box"": 1}, {""name"": ""garlic clove"", ""label"": ""Garlic clove"", ""in_box"": 1}, {""name"": ""tomato"", ""label"": ""Tomato x2"", ""in_box"": 2}, {""name"": ""cooked brown long grain rice"", ""label"": ""Cooked brown long grain rice (280g)"", ""in_box"": 1}, {""name"": ""lemon"", ""label"": ""Lemon"", ""in_box"": 1}, {""name"": ""fine green beans"", ""label"": ""Fine green beans (160g)"", ""in_box"": 1}]"
2026-08-04,2026-08-03,e2ebf7ce-1d2d-4b4a-9f87-82ca060c31d9,2881,Spanakopita-Style Herby Gnocchi,False,0.0,445,427,21.4,11.2,7.3,61.1,4.6,5.9,2.4,95,4.8,2.5,1.6,13.7,1.0,1.3,0.54,3,25,full-prep,no spice,20 minute meals,Vegetarian,3.98,1394,True,"[{""name"": ""Greek salad cheese"", ""label"": ""Greek salad cheese (100g)"", ""in_box"": 1}, {""name"": ""leek"", ""label"": ""Leek"", ""in_box"": 1}, {""name"": ""gnocchi"", ""label"": ""Gnocchi (350g)"", ""in_box"": 1}, {""name"": ""lemon"", ""label"": ""Lemon"", ""in_box"": 1}, {""name"": ""basil"", ""label"": ""Basil (5g)"", ""in_box"": 1}, {""name"": ""dill"", ""label"": ""Dill (5g)"", ""in_box"": 1}, {""name"": ""spinach"", ""label"": ""Spinach (120g)"", ""in_box"": 1}, {""name"": ""rocket"", ""label"": ""Rocket (50g)"", ""in_box"": 1}]"
2026-08-04,2026-08-03,8593f675-a74e-45be-a329-c9ce40b30e0c,13377,Spanish-Style Chicken Burger With Chorizo Aioli & Spiced Patatas,True,2.0,472,832,47.3,45.8,8.6,58.2,7.5,6.3,2.99,176,10.0,9.7,1.8,12.3,1.6,1.3,0.63,2,30,full-prep,mild,Ultimate Fakeaway,,0,0,True,"[{""name"": ""dried oregano"", ""label"": ""Dried oregano (1tsp)"", ""in_box"": 1}, {""name"": ""yellow pepper"", ""label"": ""Yellow pepper"", ""in_box"": 1}, {""name"": ""spring onion"", ""label"": ""Spring onion"", ""in_box"": 1}, {""name"": ""chicken breast portions"", ""label"": ""Chicken breast portions (2pcs)"", ""in_box"": 1}, {""name"": ""ground smoked paprika"", ""label"": ""Ground smoked paprika (1tsp)"", ""in_box"": 1}, {""name"": ""mayonnaise"", ""label"": ""Mayonnaise (50ml)"", ""in_box"": 1}, {""name"": ""diced chorizo"", ""label"": ""Diced chorizo (100g)"", ""in_box"": 1}, {""name"": ""ciabatta"", ""label"": ""Ciabatta x2"", ""in_box"": 2}, {""name"": ""garlic clove"", ""label"": ""Garlic clove"", ""in_box"": 1}, {""name"": ""romesco sauce"", ""label"": ""Romesco sauce (40g)"", ""in_box"": 1}, {""name"": ""gem lettuce"", ""label"": ""Gem lettuce"", ""in_box"": 1}, {""name"": ""white potato"", ""label"": ""White potato"", ""in_box"": 1}]"
2026-08-04,2026-08-03,1faac000-f851-476a-a547-d0c8ef77ea7c,5265,Spiced Chicken Thigh & Chimichurri-Style Salad With Brown Rice,False,0.0,422,455,32.3,14.6,4.1,48.3,7.3,4.6,0.3,107,7.7,3.4,1.0,11.4,1.7,1.1,0.07,2,25,full-prep,spicy,20 minute meals,Gluten Free,4.2,12171,True,"[{""name"": ""dried oregano"", ""label"": ""Dried oregano (1tsp)"", ""in_box"": 1}, {""name"": ""gem lettuce"", ""label"": ""Gem lettuce"", ""in_box"": 1}, {""name"": ""dried chilli flakes"", ""label"": ""Dried chilli flakes (0.5tsp)"", ""in_box"": 1}, {""name"": ""diced chicken thigh"", ""label"": ""Diced chicken thigh (250g)"", ""in_box"": 1}, {""name"": ""ground cumin"", ""label"": ""Ground cumin (1tsp)"", ""in_box"": 1}, {""name"": ""ground smoked paprika"", ""label"": ""Ground smoked paprika (1tsp)"", ""in_box"": 1}, {""name"": ""garlic clove"", ""label"": ""Garlic clove x2"", ""in_box"": 2}, {""name"": ""tomato"", ""label"": ""Tomato"", ""in_box"": 1}, {""name"": ""shallot"", ""label"": ""Shallot"", ""in_box"": 1}, {""name"": ""natural yoghurt"", ""label"": ""Natural yoghurt (80g)"", ""in_box"": 1}, {""name"": ""cucumber"", ""label"": ""Cucumber (0.5pcs)"", ""in_box"": 1}, {""name"": ""red wine vinegar"", ""label"": ""Red wine vinegar (15ml)"", ""in_box"": 1}, {""name"": ""coriander & parsley"", ""label"": ""Coriander & parsley (10g)"", ""in_box"": 1}, {""name"": ""brown long grain rice"", ""label"": ""Brown long grain rice (100g)"", ""in_box"": 1}]"
2026-08-04,2026-08-03,bb64e607-dd92-4e17-a4dd-cac676969982,3558,Spiced Hoisin Meat-Free Meatballs With Sesame Veg,False,0.0,355,642,34.3,17.9,2.0,86.4,20.3,9.5,2.79,180,9.7,5.0,0.6,24.3,5.7,2.7,0.79,2,45,full-prep,mild,Global Kitchen,Vegan; Vegetarian; Dairy Free,4.3,7045,True,"[{""name"": ""white long grain rice"", ""label"": ""White long grain rice (130g)"", ""in_box"": 1}, {""name"": ""spring onion"", ""label"": ""Spring onion x3"", ""in_box"": 3}, {""name"": ""red chilli"", ""label"": ""Red chilli"", ""in_box"": 1}, {""name"": ""Meatless Farm mince"", ""label"": ""Meatless Farm mince (200g)"", ""in_box"": 1}, {""name"": ""garlic clove"", ""label"": ""Garlic clove x2"", ""in_box"": 2}, {""name"": ""fresh root ginger"", ""label"": ""Fresh root ginger (15g)"", ""in_box"": 1}, {""name"": ""toasted sesame seeds"", ""label"": ""Toasted sesame seeds (5g)"", ""in_box"": 1}, {""name"": ""toasted sesame oil"", ""label"": ""Toasted sesame oil (10ml)"", ""in_box"": 1}, {""name"": ""hoisin sauce"", ""label"": ""Hoisin sauce (40g) x2"", ""in_box"": 2}, {""name"": ""rice vinegar"", ""label"": ""Rice vinegar (15ml)"", ""in_box"": 1}, {""name"": ""carrot"", ""label"": ""Carrot"", ""in_box"": 1}, {""name"": ""soy sauce"", ""label"": ""Soy sauce (15ml)"", ""in_box"": 1}, {""name"": ""spinach"", ""label"": ""Spinach (80g)"", ""in_box"": 1}]"
2026-08-04,2026-08-03,e138ecfb-f543-402b-bf62-0ae2158eb38f,16756,Spicy Arrabbiata Sauce With Fresh Tagliatelle & A Chicken Breast,True,1.5,420,586,45.5,8.6,3.5,81.4,8.1,6.0,1.66,139,10.8,2.0,0.8,19.4,1.9,1.4,0.39,2,20,full-prep,spicy,20 minute meals,,3.87,47,True,"[{""name"": ""dried chilli flakes"", ""label"": ""Dried chilli flakes (1tsp)"", ""in_box"": 1}, {""name"": ""chicken breast portions"", ""label"": ""Chicken breast portions (2pcs)"", ""in_box"": 1}, {""name"": ""finely chopped tomatoes"", ""label"": ""Finely chopped tomatoes (200g)"", ""in_box"": 1}, {""name"": ""Tenderstem broccoli"", ""label"": ""Tenderstem broccoli (80g)"", ""in_box"": 1}, {""name"": ""fresh tagliatelle"", ""label"": ""Fresh tagliatelle (250g)"", ""in_box"": 1}, {""name"": ""intense vegetable stock mix"", ""label"": ""Intense vegetable stock mix (5.5g)"", ""in_box"": 1}, {""name"": ""garlic clove"", ""label"": ""Garlic clove x2"", ""in_box"": 2}, {""name"": ""basil"", ""label"": ""Basil (5g)"", ""in_box"": 1}, {""name"": ""Italian hard cheese"", ""label"": ""Italian hard cheese (20g)"", ""in_box"": 1}, {""name"": ""tomato paste"", ""label"": ""Tomato paste (16g)"", ""in_box"": 1}]"
2026-08-04,2026-08-03,50a3b8ea-ef7d-4d5a-84f3-d74b3170c83a,4871,Spicy Cumin Lamb With Sesame Smashed Cucumber,False,0.0,329,562,32.4,19.8,8.2,67.0,3.6,3.1,1.39,170,9.9,6.0,2.5,20.4,1.1,0.9,0.42,2,25,full-prep,mild,Protein Hit,Gluten Free; Dairy Free,4.28,6340,True,"[{""name"": ""white long grain rice"", ""label"": ""White long grain rice (130g)"", ""in_box"": 1}, {""name"": ""dried chilli flakes"", ""label"": ""Dried chilli flakes (0.5tsp)"", ""in_box"": 1}, {""name"": ""spring onion"", ""label"": ""Spring onion"", ""in_box"": 1}, {""name"": ""cornflour"", ""label"": ""Cornflour (1tbsp)"", ""in_box"": 1}, {""name"": ""tomato paste"", ""label"": ""Tomato paste (32g)"", ""in_box"": 1}, {""name"": ""ground cumin"", ""label"": ""Ground cumin (1tbsp)"", ""in_box"": 1}, {""name"": ""garlic clove"", ""label"": ""Garlic clove x2"", ""in_box"": 2}, {""name"": ""toasted sesame seeds"", ""label"": ""Toasted sesame seeds (5g)"", ""in_box"": 1}, {""name"": ""gluten free soy sauce"", ""label"": ""Gluten free soy sauce (15ml)"", ""in_box"": 1}, {""name"": ""lamb mince"", ""label"": ""Lamb mince (250g)"", ""in_box"": 1}, {""name"": ""cucumber"", ""label"": ""Cucumber (0.5pcs)"", ""in_box"": 1}, {""name"": ""rice vinegar"", ""label"": ""Rice vinegar (15ml)"", ""in_box"": 1}]"
2026-08-04,2026-08-03,e5832d75-579b-4b3c-8d69-ddd0de03d7ba,7883,Spicy Gochujang Chicken Stir-Fry With Rice,False,0.0,388,518,36.4,9.7,2.1,75.3,15.2,4.9,2.3,133,9.4,2.5,0.5,19.4,3.9,1.3,0.59,2,20,full-prep,spicy,Protein Hit,Dairy Free,4.18,1995,True,"[{""name"": ""white long grain rice"", ""label"": ""White long grain rice (130g)"", ""in_box"": 1}, {""name"": ""chicken breast strips"", ""label"": ""Chicken breast strips (250g)"", ""in_box"": 1}, {""name"": ""gochujang paste"", ""label"": ""Gochujang paste (30g)"", ""in_box"": 1}, {""name"": ""shredded veg mix"", ""label"": ""Shredded veg mix (160g)"", ""in_box"": 1}, {""name"": ""garlic clove"", ""label"": ""Garlic clove"", ""in_box"": 1}, {""name"": ""toasted sesame oil"", ""label"": ""Toasted sesame oil (10ml)"", ""in_box"": 1}, {""name"": ""tomato paste"", ""label"": ""Tomato paste (16g)"", ""in_box"": 1}, {""name"": ""soy sauce"", ""label"": ""Soy sauce (15ml)"", ""in_box"": 1}, {""name"": ""red onion"", ""label"": ""Red onion"", ""in_box"": 1}, {""name"": ""sweet pea pods"", ""label"": ""Sweet pea pods (80g)"", ""in_box"": 1}]"
2026-08-04,2026-08-03,13964f7b-d8d1-4a0d-b385-ca59e3c3b04a,2637,Spicy Korean-Style Jumbo Prawn Stir-Fry,True,1.0,403,329,20.6,4.9,0.7,49.8,6.3,4.9,1.87,81,5.1,1.2,0.2,12.4,1.6,1.2,0.47,2,10,full-prep,spicy,Ultimate Fakeaway,Dairy Free,4.08,3210,True,"[{""name"": ""cornflour"", ""label"": ""Cornflour (1tsp)"", ""in_box"": 1}, {""name"": ""cooked white long grain rice"", ""label"": ""Cooked white long grain rice (280g)"", ""in_box"": 1}, {""name"": ""jumbo king prawns"", ""label"": ""Jumbo king prawns (212g)"", ""in_box"": 1}, {""name"": ""spring onion"", ""label"": ""Spring onion"", ""in_box"": 1}, {""name"": ""soy sauce"", ""label"": ""Soy sauce (8ml)"", ""in_box"": 1}, {""name"": ""sriracha hot chilli sauce"", ""label"": ""Sriracha hot chilli sauce (8ml) x2"", ""in_box"": 2}, {""name"": ""shichimi togarashi"", ""label"": ""Shichimi togarashi (2g)"", ""in_box"": 1}, {""name"": ""ginger & garlic paste"", ""label"": ""Ginger & garlic paste (15g)"", ""in_box"": 1}, {""name"": ""fine green beans"", ""label"": ""Fine green beans (160g)"", ""in_box"": 1}, {""name"": ""sweet pointed pepper"", ""label"": ""Sweet pointed pepper"", ""in_box"": 1}]"
2026-08-04,2026-08-03,c3a75058-0d83-4ba4-b2cd-b41e30d5a396,2507,Sticky Chilli Chicken Thigh With Salt & Pepper Chips,False,0.0,481,525,29.9,12.2,3.3,75.7,19.3,6.3,1.45,109,6.2,2.5,0.7,15.7,4.0,1.3,0.3,1,40,full-prep,spicy,Takeaway Night,Dairy Free,4.48,54897,True,"[{""name"": ""green chilli"", ""label"": ""Green chilli"", ""in_box"": 1}, {""name"": ""green pepper"", ""label"": ""Green pepper"", ""in_box"": 1}, {""name"": ""spring onion"", ""label"": ""Spring onion"", ""in_box"": 1}, {""name"": ""diced chicken thigh"", ""label"": ""Diced chicken thigh (250g)"", ""in_box"": 1}, {""name"": ""cornflour"", ""label"": ""Cornflour (4tbsp)"", ""in_box"": 1}, {""name"": ""five-spice mix"", ""label"": ""Five-spice mix (1tsp)"", ""in_box"": 1}, {""name"": ""garlic clove"", ""label"": ""Garlic clove x2"", ""in_box"": 2}, {""name"": ""fresh root ginger"", ""label"": ""Fresh root ginger (15g)"", ""in_box"": 1}, {""name"": ""coriander"", ""label"": ""Coriander (5g)"", ""in_box"": 1}, {""name"": ""red chilli relish"", ""label"": ""Red chilli relish (25g)"", ""in_box"": 1}, {""name"": ""Chinese rice wine"", ""label"": ""Chinese rice wine (15ml)"", ""in_box"": 1}, {""name"": ""soy sauce"", ""label"": ""Soy sauce (15ml)"", ""in_box"": 1}, {""name"": ""white potato"", ""label"": ""White potato x4"", ""in_box"": 4}, {""name"": ""honey"", ""label"": ""Honey (25g)"", ""in_box"": 1}]"
2026-08-04,2026-08-03,546ce167-4b82-432a-884c-3a198d0bef8f,4338,Sticky Chinese-Style Basa With Sesame Pak Choi & Spring Onions,False,0.0,326,469,28.5,8.1,1.5,75.3,14.5,1.3,2.84,143,8.7,2.5,0.5,23.1,4.4,0.4,0.87,1,25,full-prep,mild,20 minute meals,Dairy Free,4.3,4104,True,"[{""name"": ""white basmati rice"", ""label"": ""White basmati rice (130g)"", ""in_box"": 1}, {""name"": ""spring onion"", ""label"": ""Spring onion x2"", ""in_box"": 2}, {""name"": ""basa fillets"", ""label"": ""Basa fillets (2pcs)"", ""in_box"": 1}, {""name"": ""garlic clove"", ""label"": ""Garlic clove x2"", ""in_box"": 2}, {""name"": ""pak choi"", ""label"": ""Pak choi (200g)"", ""in_box"": 1}, {""name"": ""toasted sesame oil"", ""label"": ""Toasted sesame oil (10ml)"", ""in_box"": 1}, {""name"": ""black sesame seeds"", ""label"": ""Black sesame seeds (5g)"", ""in_box"": 1}, {""name"": ""soy sauce"", ""label"": ""Soy sauce (30ml)"", ""in_box"": 1}, {""name"": ""honey"", ""label"": ""Honey (25g)"", ""in_box"": 1}, {""name"": ""hoisin sauce"", ""label"": ""Hoisin sauce (20g)"", ""in_box"": 1}]"
2026-08-04,2026-08-03,e163a109-2a36-4fe4-a53a-b64aa904eb81,6176,Sticky Honey Mustard Posh Dogs With Chips,False,0.0,,866,27.8,38.1,,105.7,,9.7,2.69,,,,,,,,,2,40,full-prep,no spice,Modern Bistro,Dairy Free,4.46,8561,True,
2026-08-04,2026-08-03,5f8a9966-4107-4c13-9b2e-c6031477c46b,8359,Sticky Sweet Chilli Pork With Rice,False,0.0,440,521,34.1,13.1,4.7,69.7,11.9,5.4,2.67,118,7.7,3.0,1.1,15.8,2.7,1.2,0.61,2,25,full-prep,mild,Protein Hit,Dairy Free,4.35,3649,True,"[{""name"": ""red pepper"", ""label"": ""Red pepper"", ""in_box"": 1}, {""name"": ""white basmati rice"", ""label"": ""White basmati rice (130g)"", ""in_box"": 1}, {""name"": ""spring onion"", ""label"": ""Spring onion"", ""in_box"": 1}, {""name"": ""pork mince"", ""label"": ""Pork mince (250g)"", ""in_box"": 1}, {""name"": ""garlic clove"", ""label"": ""Garlic clove"", ""in_box"": 1}, {""name"": ""fresh root ginger"", ""label"": ""Fresh root ginger (15g)"", ""in_box"": 1}, {""name"": ""coriander"", ""label"": ""Coriander (5g)"", ""in_box"": 1}, {""name"": ""red chilli relish"", ""label"": ""Red chilli relish (25g)"", ""in_box"": 1}, {""name"": ""Chinese rice wine"", ""label"": ""Chinese rice wine (15ml)"", ""in_box"": 1}, {""name"": ""fine green beans"", ""label"": ""Fine green beans (160g)"", ""in_box"": 1}, {""name"": ""soy sauce"", ""label"": ""Soy sauce (30ml)"", ""in_box"": 1}, {""name"": ""lime"", ""label"": ""Lime"", ""in_box"": 1}]"
2026-08-04,2026-08-03,b6482428-aca6-48a9-bcf7-bbad4ad86601,5051,Sticky Tamarind Pork & Noodle Broth,False,0.0,342,654,35.4,22.7,7.4,76.0,18.0,2.6,2.83,191,10.4,6.6,2.2,22.2,5.3,0.7,0.83,1,10,full-prep,spicy,10-Minute,Dairy Free,4.36,4105,True,"[{""name"": ""chicken stock mix"", ""label"": ""Chicken stock mix (5.5g)"", ""in_box"": 1}, {""name"": ""medium egg noodle nests"", ""label"": ""Medium egg noodle nests (2pcs)"", ""in_box"": 1}, {""name"": ""spring onion"", ""label"": ""Spring onion"", ""in_box"": 1}, {""name"": ""sriracha hot chilli sauce"", ""label"": ""Sriracha hot chilli sauce (8ml)"", ""in_box"": 1}, {""name"": ""pork mince"", ""label"": ""Pork mince (250g)"", ""in_box"": 1}, {""name"": ""tomato"", ""label"": ""Tomato"", ""in_box"": 1}, {""name"": ""toasted sesame oil"", ""label"": ""Toasted sesame oil (10ml)"", ""in_box"": 1}, {""name"": ""crispy onions"", ""label"": ""Crispy onions (15g)"", ""in_box"": 1}, {""name"": ""ginger & garlic paste"", ""label"": ""Ginger & garlic paste (15g)"", ""in_box"": 1}, {""name"": ""Chinese rice wine"", ""label"": ""Chinese rice wine (15ml)"", ""in_box"": 1}, {""name"": ""soy sauce"", ""label"": ""Soy sauce (15ml)"", ""in_box"": 1}, {""name"": ""tamarind paste"", ""label"": ""Tamarind paste (15g)"", ""in_box"": 1}, {""name"": ""honey"", ""label"": ""Honey (25g)"", ""in_box"": 1}, {""name"": ""sweet pea pods"", ""label"": ""Sweet pea pods (80g)"", ""in_box"": 1}]"
2026-08-04,2026-08-03,3b216707-baa9-4d3b-b6f4-8c681c90e5c4,14248,Stout Battered Basa Sarnie With Salt & Vinegar Chips,False,0.0,515,646,31.0,24.2,2.3,76.9,5.2,6.4,1.65,125,6.0,4.7,0.4,14.9,1.0,1.2,0.32,2,35,full-prep,no spice,Modern Bistro,Dairy Free,4.28,471,True,"[{""name"": ""basa fillets"", ""label"": ""Basa fillets (2pcs)"", ""in_box"": 1}, {""name"": ""cornflour"", ""label"": ""Cornflour (1tbsp)"", ""in_box"": 1}, {""name"": ""mayonnaise"", ""label"": ""Mayonnaise (50ml)"", ""in_box"": 1}, {""name"": ""ciabatta"", ""label"": ""Ciabatta x2"", ""in_box"": 2}, {""name"": ""stout paste"", ""label"": ""Stout paste (15g)"", ""in_box"": 1}, {""name"": ""cucumber"", ""label"": ""Cucumber (0.5pcs)"", ""in_box"": 1}, {""name"": ""cider vinegar"", ""label"": ""Cider vinegar (15ml) x2"", ""in_box"": 2}, {""name"": ""dill"", ""label"": ""Dill (5g)"", ""in_box"": 1}, {""name"": ""gem lettuce"", ""label"": ""Gem lettuce"", ""in_box"": 1}, {""name"": ""white potato"", ""label"": ""White potato x3"", ""in_box"": 3}]"
2026-08-04,2026-08-03,64012b44-b59a-423b-93a1-7026cf88047a,2876,Summery Roast Chicken Breast Salad,False,0.0,384,383,37.0,6.1,1.4,44.0,4.4,6.7,0.93,99,9.7,1.6,0.4,11.5,1.1,1.7,0.24,2,35,full-prep,,Modern Bistro,Dairy Free,4.3,10390,True,"[{""name"": ""chicken breast portions"", ""label"": ""Chicken breast portions (2pcs)"", ""in_box"": 1}, {""name"": ""ciabatta"", ""label"": ""Ciabatta x2"", ""in_box"": 2}, {""name"": ""dried basil"", ""label"": ""Dried basil (1tsp)"", ""in_box"": 1}, {""name"": ""cider vinegar"", ""label"": ""Cider vinegar (15ml)"", ""in_box"": 1}, {""name"": ""fine green beans"", ""label"": ""Fine green beans (160g)"", ""in_box"": 1}, {""name"": ""rocket"", ""label"": ""Rocket (50g)"", ""in_box"": 1}, {""name"": ""cherry tomatoes"", ""label"": ""Cherry tomatoes (125g)"", ""in_box"": 1}, {""name"": ""Dijon mustard"", ""label"": ""Dijon mustard (5.5g)"", ""in_box"": 1}]"
2026-08-04,2026-08-03,bcffc604-7a0a-4b6b-a874-92da57323da0,3576,Summery Salmon & Pea Pesto Spaghetti,False,0.0,293,709,30.0,28.0,7.3,83.1,10.3,9.2,2.71,241,10.2,9.6,2.5,28.3,3.5,3.1,0.93,1,15,full-prep,no spice,10-Minute,,4.02,7823,True,"[{""name"": ""salmon flakes"", ""label"": ""Salmon flakes (100g)"", ""in_box"": 1}, {""name"": ""sun-dried tomatoes"", ""label"": ""Sun-dried tomatoes (30g)"", ""in_box"": 1}, {""name"": ""garlic clove"", ""label"": ""Garlic clove"", ""in_box"": 1}, {""name"": ""blanched peas"", ""label"": ""Blanched peas (160g)"", ""in_box"": 1}, {""name"": ""vegetable stock mix"", ""label"": ""Vegetable stock mix (5.5g)"", ""in_box"": 1}, {""name"": ""soft cheese"", ""label"": ""Soft cheese (50g)"", ""in_box"": 1}, {""name"": ""traditional Italian pesto"", ""label"": ""Traditional Italian pesto (45g)"", ""in_box"": 1}, {""name"": ""spaghetti"", ""label"": ""Spaghetti (190g)"", ""in_box"": 1}]"
2026-08-04,2026-08-03,ea398b42-3262-41eb-afd2-10f4c4a6be3b,6893,Sun-Dried Tomato & Goats' Cheese Fresh Orecchiette,False,0.0,241,533,21.5,14.3,6.7,76.7,4.0,5.3,2.09,220,8.9,5.9,2.8,31.8,1.7,2.2,0.86,1,10,full-prep,no spice,Pasta Pronto,Vegetarian,4.2,5225,True,"[{""name"": ""sun-dried tomatoes"", ""label"": ""Sun-dried tomatoes (30g)"", ""in_box"": 1}, {""name"": ""intense vegetable stock mix"", ""label"": ""Intense vegetable stock mix (5.5g)"", ""in_box"": 1}, {""name"": ""soft goats' cheese"", ""label"": ""Soft goats' cheese (75g)"", ""in_box"": 1}, {""name"": ""garlic clove"", ""label"": ""Garlic clove x2"", ""in_box"": 2}, {""name"": ""fresh orecchiette"", ""label"": ""Fresh orecchiette (250g)"", ""in_box"": 1}, {""name"": ""Chinese rice wine"", ""label"": ""Chinese rice wine (15ml)"", ""in_box"": 1}, {""name"": ""spinach"", ""label"": ""Spinach (80g)"", ""in_box"": 1}, {""name"": ""flaked almonds"", ""label"": ""Flaked almonds (15g)"", ""in_box"": 1}]"
2026-08-04,2026-08-03,471e9067-0333-4837-a9dc-d6e101f05631,4093,Sweet Chilli & Sesame Chicken Udon,False,0.0,414,541,35.6,13.0,3.6,69.6,11.7,0.9,1.65,130,8.6,3.2,0.9,16.8,2.8,0.2,0.4,1,10,full-prep,mild,10-Minute,Dairy Free,4.29,46251,True,"[{""name"": ""spring onion"", ""label"": ""Spring onion"", ""in_box"": 1}, {""name"": ""soy sauce"", ""label"": ""Soy sauce (8ml)"", ""in_box"": 1}, {""name"": ""diced chicken breast"", ""label"": ""Diced chicken breast (250g)"", ""in_box"": 1}, {""name"": ""red chilli relish"", ""label"": ""Red chilli relish (40g)"", ""in_box"": 1}, {""name"": ""toasted sesame oil"", ""label"": ""Toasted sesame oil (10ml)"", ""in_box"": 1}, {""name"": ""crispy onions"", ""label"": ""Crispy onions (15g)"", ""in_box"": 1}, {""name"": ""udon noodles"", ""label"": ""Udon noodles (200g) x2"", ""in_box"": 2}, {""name"": ""ginger & garlic paste"", ""label"": ""Ginger & garlic paste (15g)"", ""in_box"": 1}, {""name"": ""spinach"", ""label"": ""Spinach (80g)"", ""in_box"": 1}]"
2026-08-04,2026-08-03,f709c95e-831d-465d-b735-2f23c9d6c5c2,3364,Sweet Chilli & Sesame Meat-Free Chick’n Udon,False,0.0,369,503,24.1,11.4,2.9,71.0,11.7,6.0,2.7,136,6.5,3.1,0.8,19.2,3.2,1.6,0.73,1,10,full-prep,mild,10-Minute,Vegan; Vegetarian; Dairy Free,4.3,23275,True,"[{""name"": ""spring onion"", ""label"": ""Spring onion"", ""in_box"": 1}, {""name"": ""soy sauce"", ""label"": ""Soy sauce (8ml)"", ""in_box"": 1}, {""name"": ""meat-free chick'n"", ""label"": ""Meat-free chick'n (160g)"", ""in_box"": 1}, {""name"": ""red chilli relish"", ""label"": ""Red chilli relish (40g)"", ""in_box"": 1}, {""name"": ""toasted sesame oil"", ""label"": ""Toasted sesame oil (10ml)"", ""in_box"": 1}, {""name"": ""crispy onions"", ""label"": ""Crispy onions (15g)"", ""in_box"": 1}, {""name"": ""udon noodles"", ""label"": ""Udon noodles (200g) x2"", ""in_box"": 2}, {""name"": ""ginger & garlic paste"", ""label"": ""Ginger & garlic paste (15g)"", ""in_box"": 1}, {""name"": ""spinach"", ""label"": ""Spinach (80g)"", ""in_box"": 1}]"
2026-08-04,2026-08-03,6c0d4cda-41f6-4621-a25a-127563f71db2,2353,Sweet Chilli Halloumi Burger With Quick-Pickled Cucumber,False,0.0,426,550,29.8,26.8,16.2,46.3,20.2,5.7,2.77,129,7.0,6.3,3.8,10.9,4.8,1.4,0.65,3,10,full-prep,mild,10-Minute,Vegetarian,4.26,20238,True,"[{""name"": ""brioche style buns"", ""label"": ""Brioche style buns (2pcs)"", ""in_box"": 1}, {""name"": ""red chilli relish"", ""label"": ""Red chilli relish (40g)"", ""in_box"": 1}, {""name"": ""baby leaf salad"", ""label"": ""Baby leaf salad (50g)"", ""in_box"": 1}, {""name"": ""halloumi"", ""label"": ""Halloumi (200g)"", ""in_box"": 1}, {""name"": ""cucumber"", ""label"": ""Cucumber (0.5pcs)"", ""in_box"": 1}, {""name"": ""cherry tomatoes"", ""label"": ""Cherry tomatoes (250g)"", ""in_box"": 1}, {""name"": ""white wine vinegar"", ""label"": ""White wine vinegar (15ml)"", ""in_box"": 1}]"
2026-08-04,2026-08-03,6df9bada-1869-41d7-9fce-d1f5b66003e8,3500,Sweet Pointed Pepper Baked Basa With Salsa Verde And Fries,False,0.0,431,265,24.0,2.3,0.7,38.4,8.1,6.2,0.44,61,5.6,0.5,0.2,8.9,1.9,1.4,0.1,2,45,full-prep,no spice,Modern Bistro,Dairy Free,4.27,2032,True,"[{""name"": ""basa fillets"", ""label"": ""Basa fillets (2pcs)"", ""in_box"": 1}, {""name"": ""capers"", ""label"": ""Capers (20g)"", ""in_box"": 1}, {""name"": ""garlic clove"", ""label"": ""Garlic clove x2"", ""in_box"": 2}, {""name"": ""parsley"", ""label"": ""Parsley (5g)"", ""in_box"": 1}, {""name"": ""brown onion"", ""label"": ""Brown onion"", ""in_box"": 1}, {""name"": ""sweet pointed pepper"", ""label"": ""Sweet pointed pepper"", ""in_box"": 1}, {""name"": ""cherry tomatoes"", ""label"": ""Cherry tomatoes (125g)"", ""in_box"": 1}, {""name"": ""white wine vinegar"", ""label"": ""White wine vinegar (15ml)"", ""in_box"": 1}, {""name"": ""white potato"", ""label"": ""White potato x3"", ""in_box"": 3}, {""name"": ""Dijon mustard"", ""label"": ""Dijon mustard (5.5g)"", ""in_box"": 1}]"
2026-08-04,2026-08-03,a90f3d23-fa14-4b70-a989-e5f453ce42b5,4034,Sweet Potato And Black Bean Stew With Chilli-Orange Salsa,False,0.0,658,546,20.2,4.7,1.4,107.8,25.5,20.2,1.81,83,3.1,0.7,0.2,16.4,3.9,3.1,0.28,5,30,full-prep,mild,Veg Boost,Gluten Free; Vegetarian,4.28,7523,True,"[{""name"": ""brown long grain rice"", ""label"": ""Brown long grain rice (130g)"", ""in_box"": 1}, {""name"": ""black beans"", ""label"": ""Black beans (380g)"", ""in_box"": 1}, {""name"": ""red pepper"", ""label"": ""Red pepper"", ""in_box"": 1}, {""name"": ""red chilli"", ""label"": ""Red chilli"", ""in_box"": 1}, {""name"": ""finely chopped tomatoes"", ""label"": ""Finely chopped tomatoes (200g)"", ""in_box"": 1}, {""name"": ""intense vegetable stock mix"", ""label"": ""Intense vegetable stock mix (5.5g)"", ""in_box"": 1}, {""name"": ""ground smoked paprika"", ""label"": ""Ground smoked paprika (2tsp)"", ""in_box"": 1}, {""name"": ""ground cumin"", ""label"": ""Ground cumin (2tsp)"", ""in_box"": 1}, {""name"": ""tomato"", ""label"": ""Tomato"", ""in_box"": 1}, {""name"": ""natural yoghurt"", ""label"": ""Natural yoghurt (80g)"", ""in_box"": 1}, {""name"": ""coriander"", ""label"": ""Coriander (5g)"", ""in_box"": 1}, {""name"": ""orange"", ""label"": ""Orange"", ""in_box"": 1}, {""name"": ""red onion"", ""label"": ""Red onion"", ""in_box"": 1}, {""name"": ""sweet potato"", ""label"": ""Sweet potato"", ""in_box"": 1}]"
2026-08-04,2026-08-03,ea85dc41-08d0-4170-a4fe-41bed11d3dd3,7442,Sweet ‘N’ Sour Chicken Chinese Feast With Spring Rolls,True,2.75,488,865,42.4,13.9,4.2,144.8,18.4,4.3,4.13,177,8.7,2.8,0.9,29.6,3.8,0.9,0.84,1,35,full-prep,mild,Ultimate Fakeaway,,4.39,3595,True,"[{""name"": ""white long grain rice"", ""label"": ""White long grain rice (130g)"", ""in_box"": 1}, {""name"": ""chicken breast strips"", ""label"": ""Chicken breast strips (250g)"", ""in_box"": 1}, {""name"": ""yellow pepper"", ""label"": ""Yellow pepper"", ""in_box"": 1}, {""name"": ""medium egg noodle nests"", ""label"": ""Medium egg noodle nests (2pcs)"", ""in_box"": 1}, {""name"": ""spring onion"", ""label"": ""Spring onion x2"", ""in_box"": 2}, {""name"": ""tomato ketchup"", ""label"": ""Tomato ketchup (15ml) x2"", ""in_box"": 2}, {""name"": ""4 vegetable spring rolls"", ""label"": ""4 vegetable spring rolls (140g)"", ""in_box"": 1}, {""name"": ""cornflour"", ""label"": ""Cornflour (4tbsp)"", ""in_box"": 1}, {""name"": ""toasted sesame oil"", ""label"": ""Toasted sesame oil (10ml)"", ""in_box"": 1}, {""name"": ""brown onion"", ""label"": ""Brown onion"", ""in_box"": 1}, {""name"": ""ginger & garlic paste"", ""label"": ""Ginger & garlic paste (15g)"", ""in_box"": 1}, {""name"": ""red chilli relish"", ""label"": ""Red chilli relish (25g)"", ""in_box"": 1}, {""name"": ""rice vinegar"", ""label"": ""Rice vinegar (15ml)"", ""in_box"": 1}, {""name"": ""soy sauce"", ""label"": ""Soy sauce (30ml)"", ""in_box"": 1}]"
2026-08-04,2026-08-03,d85c0bc1-d6fd-44ac-958a-fcca86ba6936,17036,Tandoori Vegetable Biryani,True,1.0,,621,19.7,23.9,,71.7,,19.7,2.47,,,,,,,,,2,7,heat-only,mild,Heat & Eat,Vegan; Vegetarian,0,0,True,
2026-08-04,2026-08-03,5f10f6a5-4f33-4668-8a1f-40f99874192e,17032,Thai Red Chicken Curry With Jasmine Rice,True,1.0,394,421,28.4,14.6,7.1,41.8,11.0,5.9,2.32,106,7.2,3.7,1.8,10.6,2.8,1.5,0.59,2,7,heat-only,mild,Heat & Eat,,0,0,True,"[{""name"": ""thai red chicken curry with jasmine rice"", ""label"": ""Thai red chicken curry with jasmine rice (420g) x2"", ""in_box"": 2}]"
2026-08-04,2026-08-03,1fec76dc-7103-4a4e-a970-5c6b6b196356,15643,Thai-Style Fried Egg Salad With Rice & Spicy Lime Dressing,False,0.0,453,416,21.8,15.3,3.3,48.1,6.6,4.2,2.96,91,4.8,3.4,0.7,10.6,1.5,0.9,0.65,2,10,full-prep,spicy,10-Minute,Dairy Free,0,0,True,"[{""name"": ""cooked white long grain rice"", ""label"": ""Cooked white long grain rice (280g)"", ""in_box"": 1}, {""name"": ""fish sauce"", ""label"": ""Fish sauce (8ml)"", ""in_box"": 1}, {""name"": ""free range egg"", ""label"": ""Free range egg x4"", ""in_box"": 4}, {""name"": ""spring onion"", ""label"": ""Spring onion"", ""in_box"": 1}, {""name"": ""red chilli"", ""label"": ""Red chilli"", ""in_box"": 1}, {""name"": ""shallot"", ""label"": ""Shallot"", ""in_box"": 1}, {""name"": ""basil"", ""label"": ""Basil (5g)"", ""in_box"": 1}, {""name"": ""ginger & garlic paste"", ""label"": ""Ginger & garlic paste (15g)"", ""in_box"": 1}, {""name"": ""coriander"", ""label"": ""Coriander (5g)"", ""in_box"": 1}, {""name"": ""carrot"", ""label"": ""Carrot"", ""in_box"": 1}, {""name"": ""soy sauce"", ""label"": ""Soy sauce (15ml)"", ""in_box"": 1}, {""name"": ""gem lettuce"", ""label"": ""Gem lettuce"", ""in_box"": 1}, {""name"": ""lime"", ""label"": ""Lime"", ""in_box"": 1}]"
2026-08-04,2026-08-03,3a155446-b675-4c05-8aab-77ae288bbdd2,15263,Thai-Style Peanutty Pork Udon Noodles,False,0.0,459,594,36.3,20.7,5.5,64.8,5.8,2.9,2.94,129,7.9,4.5,1.2,14.1,1.3,0.6,0.64,1,10,full-prep,mild,10-Minute,Dairy Free,0,0,True,"[{""name"": ""shredded veg mix"", ""label"": ""Shredded veg mix (160g)"", ""in_box"": 1}, {""name"": ""pork mince"", ""label"": ""Pork mince (250g)"", ""in_box"": 1}, {""name"": ""garlic clove"", ""label"": ""Garlic clove x2"", ""in_box"": 2}, {""name"": ""udon noodles"", ""label"": ""Udon noodles (200g) x2"", ""in_box"": 2}, {""name"": ""red Thai curry paste"", ""label"": ""Red Thai curry paste (40g)"", ""in_box"": 1}, {""name"": ""soy sauce"", ""label"": ""Soy sauce (15ml)"", ""in_box"": 1}, {""name"": ""white wine vinegar"", ""label"": ""White wine vinegar (15ml)"", ""in_box"": 1}, {""name"": ""smooth peanut butter"", ""label"": ""Smooth peanut butter (26g)"", ""in_box"": 1}]"
2026-08-04,2026-08-03,a27282ff-ea85-40c7-bcbd-8159ce0fe3f5,7503,Tteokbokki-Style Gnocchi With Sesame Broccoli,False,0.0,356,490,20.3,14.9,6.0,70.2,11.2,7.6,2.67,137,5.7,4.2,1.7,19.8,3.2,2.1,0.75,3,10,full-prep,spicy,10-Minute,Vegetarian,4.39,5614,True,"[{""name"": ""gochujang paste"", ""label"": ""Gochujang paste (30g)"", ""in_box"": 1}, {""name"": ""spring onion"", ""label"": ""Spring onion"", ""in_box"": 1}, {""name"": ""gnocchi"", ""label"": ""Gnocchi (350g)"", ""in_box"": 1}, {""name"": ""cheddar cheese"", ""label"": ""Cheddar cheese (40g)"", ""in_box"": 1}, {""name"": ""toasted sesame oil"", ""label"": ""Toasted sesame oil (10ml)"", ""in_box"": 1}, {""name"": ""roasted garlic paste"", ""label"": ""Roasted garlic paste (15g)"", ""in_box"": 1}, {""name"": ""tomato paste"", ""label"": ""Tomato paste (16g)"", ""in_box"": 1}, {""name"": ""fine green beans"", ""label"": ""Fine green beans (80g)"", ""in_box"": 1}, {""name"": ""Tenderstem broccoli"", ""label"": ""Tenderstem broccoli (160g)"", ""in_box"": 1}]"
2026-08-04,2026-08-03,04f46005-39bd-4825-8047-fe6304dc08b6,6252,Turkish-Style Beef Lahmacun,False,0.0,426,684,38.4,29.2,12.6,66.3,12.7,5.6,0.9,160,9.0,6.9,3.0,15.6,3.0,1.3,0.21,3,25,full-prep,spicy,20 minute meals,,4.2,3569,True,"[{""name"": ""dried chilli flakes"", ""label"": ""Dried chilli flakes (0.5tsp)"", ""in_box"": 1}, {""name"": ""beef mince"", ""label"": ""Beef mince (250g)"", ""in_box"": 1}, {""name"": ""tomato paste"", ""label"": ""Tomato paste (32g)"", ""in_box"": 1}, {""name"": ""ground cumin"", ""label"": ""Ground cumin (1tsp)"", ""in_box"": 1}, {""name"": ""ground smoked paprika"", ""label"": ""Ground smoked paprika (1tsp)"", ""in_box"": 1}, {""name"": ""plain tortillas"", ""label"": ""Plain tortillas (6pcs)"", ""in_box"": 1}, {""name"": ""garlic clove"", ""label"": ""Garlic clove x2"", ""in_box"": 2}, {""name"": ""tomato"", ""label"": ""Tomato"", ""in_box"": 1}, {""name"": ""natural yoghurt"", ""label"": ""Natural yoghurt (80g)"", ""in_box"": 1}, {""name"": ""gem lettuce"", ""label"": ""Gem lettuce"", ""in_box"": 1}, {""name"": ""red wine vinegar"", ""label"": ""Red wine vinegar (15ml)"", ""in_box"": 1}, {""name"": ""red onion"", ""label"": ""Red onion"", ""in_box"": 1}]"
2026-08-04,2026-08-03,5fab42db-c87a-4c33-ac40-e924f47187f1,2223,Venetian-Style Chicken Scaloppine With Crispy Potatoes,False,0.0,475,447,33.2,16.9,9.0,43.2,5.1,6.7,0.16,94,7.0,3.6,1.9,9.1,1.1,1.4,0.03,1,40,full-prep,no spice,Modern Bistro,Gluten Free,4.06,39951,True,"[{""name"": ""Cornish clotted cream"", ""label"": ""Cornish clotted cream (40g)"", ""in_box"": 1}, {""name"": ""chicken breast portions"", ""label"": ""Chicken breast portions (2pcs)"", ""in_box"": 1}, {""name"": ""lemon"", ""label"": ""Lemon"", ""in_box"": 1}, {""name"": ""fine green beans"", ""label"": ""Fine green beans (160g)"", ""in_box"": 1}, {""name"": ""white potato"", ""label"": ""White potato x4"", ""in_box"": 4}]"
2026-08-04,2026-08-03,7d99cf87-9b86-408e-a413-a98550d15f36,5527,Vietnamese-Style Pulled Shiitake Mushroom Rice Bowl,False,0.0,340,621,21.8,22.9,10.0,66.6,5.7,17.7,3.62,182,6.4,6.7,2.9,19.6,1.7,5.2,1.07,1,25,full-prep,spicy,20 minute meals,Vegan; Vegetarian; Dairy Free,4.42,8603,True,"[{""name"": ""white basmati rice"", ""label"": ""White basmati rice (130g)"", ""in_box"": 1}, {""name"": ""red chilli"", ""label"": ""Red chilli"", ""in_box"": 1}, {""name"": ""garlic clove"", ""label"": ""Garlic clove"", ""in_box"": 1}, {""name"": ""Fable® meaty pulled mushrooms"", ""label"": ""Fable® meaty pulled mushrooms (180g)"", ""in_box"": 1}, {""name"": ""carrot"", ""label"": ""Carrot"", ""in_box"": 1}, {""name"": ""soy sauce"", ""label"": ""Soy sauce (30ml)"", ""in_box"": 1}, {""name"": ""gem lettuce"", ""label"": ""Gem lettuce"", ""in_box"": 1}, {""name"": ""lime"", ""label"": ""Lime"", ""in_box"": 1}, {""name"": ""roasted peanuts"", ""label"": ""Roasted peanuts (25g)"", ""in_box"": 1}]"
2026-08-04,2026-08-03,e27d43b3-ed8d-4ab1-8874-7b9f1e025d98,15741,Wagyu Cheeseburger With Caramelised Onion & Garlic Mayo,True,3.5,504,1193,38.2,85.5,26.4,68.4,10.1,8.6,2.25,236,7.6,16.9,5.2,13.6,2.0,1.7,0.45,1,35,full-prep,no spice,Ultimate Fakeaway,,4.5,86,True,"[{""name"": ""brioche style buns"", ""label"": ""Brioche style buns (2pcs)"", ""in_box"": 1}, {""name"": ""wagyu beef burger"", ""label"": ""Wagyu beef burger (2pcs)"", ""in_box"": 1}, {""name"": ""mayonnaise"", ""label"": ""Mayonnaise (50ml)"", ""in_box"": 1}, {""name"": ""cheddar cheese"", ""label"": ""Cheddar cheese (40g)"", ""in_box"": 1}, {""name"": ""roasted garlic paste"", ""label"": ""Roasted garlic paste (15g)"", ""in_box"": 1}, {""name"": ""rocket"", ""label"": ""Rocket (50g)"", ""in_box"": 1}, {""name"": ""balsamic vinegar"", ""label"": ""Balsamic vinegar (15ml)"", ""in_box"": 1}, {""name"": ""red onion"", ""label"": ""Red onion"", ""in_box"": 1}, {""name"": ""white potato"", ""label"": ""White potato x3"", ""in_box"": 3}]"
2026-08-04,2026-08-03,c31d9cda-e3c1-4585-81bd-d55e1c0c2875,14235,Warm Tenderstem Broccoli & Greek Cheese Grain Salad,False,0.0,398,465,19.1,14.6,7.8,63.0,17.6,9.8,1.2,116,4.8,3.7,2.0,15.8,4.4,2.5,0.3,2,35,full-prep,no spice,Nutrient Rich,Vegetarian,4.26,174,True,"[{""name"": ""Greek salad cheese"", ""label"": ""Greek salad cheese (100g)"", ""in_box"": 1}, {""name"": ""garlic clove"", ""label"": ""Garlic clove"", ""in_box"": 1}, {""name"": ""glorious grains"", ""label"": ""Glorious grains (250g)"", ""in_box"": 1}, {""name"": ""Tenderstem broccoli"", ""label"": ""Tenderstem broccoli (160g)"", ""in_box"": 1}, {""name"": ""butternut squash cubes"", ""label"": ""Butternut squash cubes (160g)"", ""in_box"": 1}, {""name"": ""red wine vinegar"", ""label"": ""Red wine vinegar (15ml)"", ""in_box"": 1}, {""name"": ""red onion"", ""label"": ""Red onion"", ""in_box"": 1}, {""name"": ""honey"", ""label"": ""Honey (25g)"", ""in_box"": 1}]"
2026-08-04,2026-08-03,75106599-882e-4efb-b516-375ca4d8afd1,6123,White Bean & Tomato Caprese Salad With Pesto Dressing,False,0.0,512,507,25.1,25.6,9.7,39.7,9.4,12.1,1.59,98,4.9,5.0,1.9,7.7,1.8,2.4,0.31,4,25,full-prep,no spice,Veg Boost,Vegetarian,4.17,1775,True,"[{""name"": ""ciabatta"", ""label"": ""Ciabatta"", ""in_box"": 1}, {""name"": ""cannellini beans"", ""label"": ""Cannellini beans (390g)"", ""in_box"": 1}, {""name"": ""shallot"", ""label"": ""Shallot"", ""in_box"": 1}, {""name"": ""mozzarella"", ""label"": ""Mozzarella (125g)"", ""in_box"": 1}, {""name"": ""cucumber"", ""label"": ""Cucumber (0.5pcs)"", ""in_box"": 1}, {""name"": ""traditional Italian pesto"", ""label"": ""Traditional Italian pesto (45g)"", ""in_box"": 1}, {""name"": ""gem lettuce"", ""label"": ""Gem lettuce"", ""in_box"": 1}, {""name"": ""cherry tomatoes"", ""label"": ""Cherry tomatoes (250g)"", ""in_box"": 1}, {""name"": ""balsamic vinegar"", ""label"": ""Balsamic vinegar (15ml)"", ""in_box"": 1}]"
2026-08-04,2026-08-03,7630f199-2346-41e8-b2cd-a7fc9679424c,8489,White Chilli Chicken Breast With Rice & Salsa Roja,True,0.7,404,550,37.3,12.4,5.5,77.1,12.4,6.3,1.53,136,9.2,3.1,1.4,19.1,3.1,1.6,0.38,2,25,full-prep,mild,20 minute meals,Gluten Free,4.15,80,True,"[{""name"": ""intense chicken stock mix"", ""label"": ""Intense chicken stock mix (5.5g)"", ""in_box"": 1}, {""name"": ""white long grain rice"", ""label"": ""White long grain rice (130g)"", ""in_box"": 1}, {""name"": ""ground coriander"", ""label"": ""Ground coriander (1tsp)"", ""in_box"": 1}, {""name"": ""spring onion"", ""label"": ""Spring onion"", ""in_box"": 1}, {""name"": ""chicken breast portions"", ""label"": ""Chicken breast portions (2pcs)"", ""in_box"": 1}, {""name"": ""ground cumin"", ""label"": ""Ground cumin (1tsp)"", ""in_box"": 1}, {""name"": ""Sweetcorn"", ""label"": ""Sweetcorn (150g)"", ""in_box"": 1}, {""name"": ""ground smoked paprika"", ""label"": ""Ground smoked paprika (2tsp)"", ""in_box"": 1}, {""name"": ""chipotle paste"", ""label"": ""Chipotle paste (20g)"", ""in_box"": 1}, {""name"": ""garlic clove"", ""label"": ""Garlic clove x2"", ""in_box"": 2}, {""name"": ""tomato"", ""label"": ""Tomato"", ""in_box"": 1}, {""name"": ""brown onion"", ""label"": ""Brown onion"", ""in_box"": 1}, {""name"": ""soft cheese"", ""label"": ""Soft cheese (50g)"", ""in_box"": 1}]"
2026-08-04,2026-08-03,8a16e5bc-256d-427b-b28e-a6ab9dde8aa5,11039,Wholewheat Spaghetti Amatriciana With Crispy Bacon,False,0.0,293,544,27.1,15.2,6.8,72.1,9.7,9.2,2.15,185,9.2,5.2,2.3,24.6,3.3,3.2,0.73,2,35,full-prep,mild,Modern Bistro,,4.39,483,True,"[{""name"": ""chicken stock mix"", ""label"": ""Chicken stock mix (5.5g)"", ""in_box"": 1}, {""name"": ""dried oregano"", ""label"": ""Dried oregano (1tsp)"", ""in_box"": 1}, {""name"": ""dried chilli flakes"", ""label"": ""Dried chilli flakes (0.5tsp)"", ""in_box"": 1}, {""name"": ""tomato paste"", ""label"": ""Tomato paste (32g)"", ""in_box"": 1}, {""name"": ""bacon lardons"", ""label"": ""Bacon lardons (100g)"", ""in_box"": 1}, {""name"": ""garlic clove"", ""label"": ""Garlic clove x2"", ""in_box"": 2}, {""name"": ""wholewheat spaghetti"", ""label"": ""Wholewheat spaghetti (190g)"", ""in_box"": 1}, {""name"": ""brown onion"", ""label"": ""Brown onion"", ""in_box"": 1}, {""name"": ""grated Italian hard cheese"", ""label"": ""Grated Italian hard cheese (30g)"", ""in_box"": 1}, {""name"": ""basil"", ""label"": ""Basil (10g)"", ""in_box"": 1}, {""name"": ""cherry tomatoes"", ""label"": ""Cherry tomatoes (125g)"", ""in_box"": 1}]"
2026-08-04,2026-08-03,08fab91c-055b-4d0c-b1ea-a1e2dfea0537,7827,Yuzu Chicken Burger With Spiced Potatoes & Smashed Cucumber,False,0.0,533,551,37.6,17.5,2.1,61.0,8.9,7.1,1.36,103,7.0,3.3,0.4,11.5,1.7,1.3,0.25,1,10,full-prep,mild,10-Minute,Dairy Free,4.3,4218,True,"[{""name"": ""brioche style buns"", ""label"": ""Brioche style buns (2pcs)"", ""in_box"": 1}, {""name"": ""chicken breast strips"", ""label"": ""Chicken breast strips (250g)"", ""in_box"": 1}, {""name"": ""waxy potatoes"", ""label"": ""Waxy potatoes (350g)"", ""in_box"": 1}, {""name"": ""soy sauce"", ""label"": ""Soy sauce (8ml)"", ""in_box"": 1}, {""name"": ""mayonnaise"", ""label"": ""Mayonnaise (25ml)"", ""in_box"": 1}, {""name"": ""shichimi togarashi"", ""label"": ""Shichimi togarashi (2g)"", ""in_box"": 1}, {""name"": ""lemon"", ""label"": ""Lemon"", ""in_box"": 1}, {""name"": ""cucumber"", ""label"": ""Cucumber (0.5pcs)"", ""in_box"": 1}, {""name"": ""rocket"", ""label"": ""Rocket (20g)"", ""in_box"": 1}, {""name"": ""white wine vinegar"", ""label"": ""White wine vinegar (15ml)"", ""in_box"": 1}]"
2026-08-04,2026-08-03,9e1d5e64-4385-45aa-8ed3-fceaf0a8866c,2622,Zingy Basa With Lime & Chilli Noodles,False,0.0,334,406,30.8,9.1,1.5,47.3,5.8,8.0,2.26,121,9.2,2.7,0.5,14.2,1.7,2.4,0.68,1,10,full-prep,spicy,10-Minute,Dairy Free,4.19,21306,True,"[{""name"": ""dried chilli flakes"", ""label"": ""Dried chilli flakes (0.5tsp)"", ""in_box"": 1}, {""name"": ""spring onion"", ""label"": ""Spring onion"", ""in_box"": 1}, {""name"": ""sriracha hot chilli sauce"", ""label"": ""Sriracha hot chilli sauce (8ml)"", ""in_box"": 1}, {""name"": ""basa fillets"", ""label"": ""Basa fillets (2pcs)"", ""in_box"": 1}, {""name"": ""wholewheat noodle nests"", ""label"": ""Wholewheat noodle nests (2pcs)"", ""in_box"": 1}, {""name"": ""toasted sesame oil"", ""label"": ""Toasted sesame oil (10ml)"", ""in_box"": 1}, {""name"": ""red Thai curry paste"", ""label"": ""Red Thai curry paste (20g)"", ""in_box"": 1}, {""name"": ""ginger & garlic paste"", ""label"": ""Ginger & garlic paste (15g)"", ""in_box"": 1}, {""name"": ""coriander"", ""label"": ""Coriander (5g)"", ""in_box"": 1}, {""name"": ""fine green beans"", ""label"": ""Fine green beans (160g)"", ""in_box"": 1}, {""name"": ""soy sauce"", ""label"": ""Soy sauce (15ml)"", ""in_box"": 1}, {""name"": ""lime"", ""label"": ""Lime"", ""in_box"": 1}]"
