menu_week_start,scraped_at,id,core_recipe_id,name,is_surcharge,surcharge_per_portion_gbp,portion_weight_g,kcal_per_portion,protein_g_per_portion,fat_g_per_portion,fat_saturates_g_per_portion,carbs_g_per_portion,sugars_g_per_portion,fibre_g_per_portion,salt_g_per_portion,kcal_per_100g,protein_g_per_100g,fat_g_per_100g,fat_saturates_g_per_100g,carbs_g_per_100g,sugars_g_per_100g,fibre_g_per_100g,salt_g_per_100g,five_a_day,prep_time_min,preparation_type,spice_level,food_brand,dietary_claims,rating_avg,rating_count,is_available,ingredients_json
2026-08-04,2026-06-19,e3f917c2-fdce-4dcc-99d6-b54cb97a3217,5950,3 Cheese Veg-Packed Pasta Bake,False,0.0,440,593,31.0,22.8,14.7,70.3,12.5,5.9,2.25,134,7.0,5.2,3.3,16.0,2.8,1.3,0.51,3,30,full-prep,no spice,Modern Bistro,Vegetarian,4.53,8534,True,"[{""name"": ""finely chopped tomatoes"", ""label"": ""Finely chopped tomatoes (200g)"", ""in_box"": 1}, {""name"": ""intense vegetable stock mix"", ""label"": ""Intense vegetable stock mix (5.5g)"", ""in_box"": 1}, {""name"": ""cheddar cheese"", ""label"": ""Cheddar cheese (40g)"", ""in_box"": 1}, {""name"": ""garlic clove"", ""label"": ""Garlic clove x2"", ""in_box"": 2}, {""name"": ""dried basil"", ""label"": ""Dried basil (1tsp)"", ""in_box"": 1}, {""name"": ""courgette"", ""label"": ""Courgette"", ""in_box"": 1}, {""name"": ""Italian hard cheese"", ""label"": ""Italian hard cheese (20g)"", ""in_box"": 1}, {""name"": ""mozzarella"", ""label"": ""Mozzarella (125g)"", ""in_box"": 1}, {""name"": ""tomato paste"", ""label"": ""Tomato paste (16g)"", ""in_box"": 1}, {""name"": ""parsley"", ""label"": ""Parsley (10g)"", ""in_box"": 1}, {""name"": ""cherry tomatoes"", ""label"": ""Cherry tomatoes (125g)"", ""in_box"": 1}, {""name"": ""tortiglioni"", ""label"": ""Tortiglioni (150g)"", ""in_box"": 1}, {""name"": ""balsamic vinegar"", ""label"": ""Balsamic vinegar (15ml)"", ""in_box"": 1}]"
2026-08-04,2026-06-19,4e6dc935-ff19-4b8b-9342-38ffbcedd7ef,8403,All In One Honey Baked Greek Cheese & Crispy Gnocchi,False,0.0,474,478,20.4,11.1,7.3,75.5,16.0,5.7,2.36,100,4.3,2.3,1.5,15.9,3.4,1.2,0.5,4,40,full-prep,mild,Prepped in 5,Vegetarian,4.16,413,True,"[{""name"": ""Greek salad cheese"", ""label"": ""Greek salad cheese (100g)"", ""in_box"": 1}, {""name"": ""dried chilli flakes"", ""label"": ""Dried chilli flakes (0.5tsp)"", ""in_box"": 1}, {""name"": ""dried oregano"", ""label"": ""Dried oregano (1tsp)"", ""in_box"": 1}, {""name"": ""gnocchi"", ""label"": ""Gnocchi (350g)"", ""in_box"": 1}, {""name"": ""courgette"", ""label"": ""Courgette"", ""in_box"": 1}, {""name"": ""gem lettuce"", ""label"": ""Gem lettuce"", ""in_box"": 1}, {""name"": ""cherry tomatoes"", ""label"": ""Cherry tomatoes (125g)"", ""in_box"": 1}, {""name"": ""red wine vinegar"", ""label"": ""Red wine vinegar (15ml)"", ""in_box"": 1}, {""name"": ""red onion"", ""label"": ""Red onion"", ""in_box"": 1}, {""name"": ""honey"", ""label"": ""Honey (25g)"", ""in_box"": 1}]"
2026-08-04,2026-06-19,9cc8aa5b-178c-4ab2-a7d4-f909280ec0e9,5390,Aromatic Basa En Papillote With Pickled Carrot & Rice,False,0.0,430,515,27.1,13.7,2.5,69.4,9.5,3.7,2.52,119,6.3,3.2,0.6,16.1,2.2,0.9,0.59,2,30,full-prep,spicy,Global Kitchen,Dairy Free,4.04,452,True,"[{""name"": ""lemongrass and lime leaf paste"", ""label"": ""Lemongrass and lime leaf paste (20g)"", ""in_box"": 1}, {""name"": ""spring onion"", ""label"": ""Spring onion"", ""in_box"": 1}, {""name"": ""soy sauce"", ""label"": ""Soy sauce (8ml)"", ""in_box"": 1}, {""name"": ""red chilli"", ""label"": ""Red chilli"", ""in_box"": 1}, {""name"": ""basa fillets"", ""label"": ""Basa fillets (2pcs)"", ""in_box"": 1}, {""name"": ""toasted sesame oil"", ""label"": ""Toasted sesame oil (20ml)"", ""in_box"": 1}, {""name"": ""pak choi"", ""label"": ""Pak choi (200g)"", ""in_box"": 1}, {""name"": ""brown onion"", ""label"": ""Brown onion"", ""in_box"": 1}, {""name"": ""white long grain rice"", ""label"": ""White long grain rice (130g)"", ""in_box"": 1}, {""name"": ""gluten free soy sauce"", ""label"": ""Gluten free soy sauce (15ml)"", ""in_box"": 1}, {""name"": ""ginger & garlic paste"", ""label"": ""Ginger & garlic paste (15g)"", ""in_box"": 1}, {""name"": ""rice vinegar"", ""label"": ""Rice vinegar (30ml)"", ""in_box"": 1}, {""name"": ""Chinese rice wine"", ""label"": ""Chinese rice wine (15ml)"", ""in_box"": 1}, {""name"": ""carrot"", ""label"": ""Carrot"", ""in_box"": 1}]"
2026-08-04,2026-06-19,85816269-c458-4fcd-9075-839ba76253ef,7437,Aromatic Beef Pilaf With Mint & Coriander Chutney & Yoghurt Drizzle,False,0.0,401,693,39.4,27.0,10.1,78.4,15.3,8.0,1.79,172,9.8,6.7,2.5,19.6,3.8,2.0,0.45,2,35,full-prep,spicy,Family Kitchen,Gluten Free,4.05,599,True,"[{""name"": ""intense beef stock mix"", ""label"": ""Intense beef stock mix (5.5g)"", ""in_box"": 1}, {""name"": ""green chilli"", ""label"": ""Green chilli"", ""in_box"": 1}, {""name"": ""white basmati rice"", ""label"": ""White basmati rice (130g)"", ""in_box"": 1}, {""name"": ""ground coriander"", ""label"": ""Ground coriander (1tsp)"", ""in_box"": 1}, {""name"": ""beef mince"", ""label"": ""Beef mince (250g)"", ""in_box"": 1}, {""name"": ""mint & coriander chutney"", ""label"": ""Mint & coriander chutney (40g)"", ""in_box"": 1}, {""name"": ""garam masala"", ""label"": ""Garam masala (1tsp)"", ""in_box"": 1}, {""name"": ""brown onion"", ""label"": ""Brown onion"", ""in_box"": 1}, {""name"": ""natural yoghurt"", ""label"": ""Natural yoghurt (80g)"", ""in_box"": 1}, {""name"": ""blanched peas"", ""label"": ""Blanched peas (160g)"", ""in_box"": 1}, {""name"": ""roasted garlic paste"", ""label"": ""Roasted garlic paste (15g)"", ""in_box"": 1}, {""name"": ""tomato paste"", ""label"": ""Tomato paste (16g)"", ""in_box"": 1}]"
2026-08-04,2026-06-19,4537326e-a577-4603-b73a-3aba08fb2d5f,3160,Asian-Style Basa Goujons With Sushi Rice,False,0.0,342,653,31.0,19.0,2.1,83.8,4.5,6.3,2.3,190,9.1,5.5,0.6,24.5,1.3,1.8,0.67,1,35,full-prep,no spice,Global Kitchen,Dairy Free; Gluten Free,4.32,8288,True,"[{""name"": ""blanched edamame beans"", ""label"": ""Blanched edamame beans (160g)"", ""in_box"": 1}, {""name"": ""spring onion"", ""label"": ""Spring onion"", ""in_box"": 1}, {""name"": ""basa fillets"", ""label"": ""Basa fillets (2pcs)"", ""in_box"": 1}, {""name"": ""sushi rice"", ""label"": ""Sushi rice (150g)"", ""in_box"": 1}, {""name"": ""cornflour"", ""label"": ""Cornflour (4tbsp)"", ""in_box"": 1}, {""name"": ""mayonnaise"", ""label"": ""Mayonnaise (25ml)"", ""in_box"": 1}, {""name"": ""coriander"", ""label"": ""Coriander (10g)"", ""in_box"": 1}, {""name"": ""shallot"", ""label"": ""Shallot"", ""in_box"": 1}, {""name"": ""gluten free soy sauce"", ""label"": ""Gluten free soy sauce (15ml)"", ""in_box"": 1}, {""name"": ""white miso paste"", ""label"": ""White miso paste (17g)"", ""in_box"": 1}, {""name"": ""ginger paste"", ""label"": ""Ginger paste (15g)"", ""in_box"": 1}, {""name"": ""rice vinegar"", ""label"": ""Rice vinegar (30ml)"", ""in_box"": 1}]"
2026-08-04,2026-06-19,5ac0d218-0a90-4d97-b1f3-4796e931a27b,1606,Bacon & Mushroom Alfredo,False,0.0,290,605,26.1,21.4,10.6,73.0,5.6,3.5,1.9,208,9.0,7.4,3.7,25.2,1.9,1.2,0.66,1,10,full-prep,no spice,10-Minute,,4.35,24684,True,"[{""name"": ""bacon lardons"", ""label"": ""Bacon lardons (100g)"", ""in_box"": 1}, {""name"": ""Chinese rice wine"", ""label"": ""Chinese rice wine (30ml)"", ""in_box"": 1}, {""name"": ""parsley"", ""label"": ""Parsley (5g)"", ""in_box"": 1}, {""name"": ""roasted garlic paste"", ""label"": ""Roasted garlic paste (15g)"", ""in_box"": 1}, {""name"": ""grated Italian hard cheese"", ""label"": ""Grated Italian hard cheese (30g)"", ""in_box"": 1}, {""name"": ""soft cheese"", ""label"": ""Soft cheese (50g)"", ""in_box"": 1}, {""name"": ""white cup mushrooms"", ""label"": ""White cup mushrooms (160g)"", ""in_box"": 1}, {""name"": ""spaghetti"", ""label"": ""Spaghetti (190g)"", ""in_box"": 1}]"
2026-08-04,2026-06-19,dc24bc3e-7cd2-4084-b6aa-1af0a63b7fff,6205,Baked Harissa & Red Wine Orzo With Honey Greek Cheese,False,0.0,339,509,20.9,12.5,7.4,77.4,21.7,6.5,1.9,150,6.2,3.7,2.2,22.8,6.4,1.9,0.56,2,35,full-prep,mild,Modern Bistro,Vegetarian,4.12,9534,True,"[{""name"": ""red pepper"", ""label"": ""Red pepper"", ""in_box"": 1}, {""name"": ""red wine paste"", ""label"": ""Red wine paste (10g)"", ""in_box"": 1}, {""name"": ""Greek salad cheese"", ""label"": ""Greek salad cheese (100g)"", ""in_box"": 1}, {""name"": ""garlic clove"", ""label"": ""Garlic clove x2"", ""in_box"": 2}, {""name"": ""parsley"", ""label"": ""Parsley (5g)"", ""in_box"": 1}, {""name"": ""harissa paste"", ""label"": ""Harissa paste (20g)"", ""in_box"": 1}, {""name"": ""tomato paste"", ""label"": ""Tomato paste (16g)"", ""in_box"": 1}, {""name"": ""cherry tomatoes"", ""label"": ""Cherry tomatoes (125g)"", ""in_box"": 1}, {""name"": ""red onion"", ""label"": ""Red onion"", ""in_box"": 1}, {""name"": ""orzo"", ""label"": ""Orzo (150g)"", ""in_box"": 1}, {""name"": ""honey"", ""label"": ""Honey (25g)"", ""in_box"": 1}]"
2026-08-04,2026-06-19,37395ed2-746a-4935-ae8b-8f15d1f3baa9,14351,Battered Basa With Salt & Vinegar Chips And Mushy Peas,False,0.0,,484,28.1,22.3,,44.5,,7.7,0.92,,,,,,,,,1,35,full-prep,no spice,Classic Fakeaways,Dairy Free,4.47,457,True,
2026-08-04,2026-06-19,3acec115-93d4-48df-9f25-325009aa259f,6867,BBQ Pork Loin With Crispy Bacon Corn And Creamy Slaw,True,2.25,616,981,46.6,67.0,19.0,51.3,15.5,8.0,2.48,159,7.6,10.9,3.1,8.3,2.5,1.3,0.4,2,50,full-prep,mild,Gastropub,,4.25,326,True,"[{""name"": ""pork loin steaks"", ""label"": ""Pork loin steaks (300g)"", ""in_box"": 1}, {""name"": ""BBQ sauce"", ""label"": ""BBQ sauce (40g)"", ""in_box"": 1}, {""name"": ""cayenne pepper"", ""label"": ""Cayenne pepper (0.5tsp)"", ""in_box"": 1}, {""name"": ""spring onion"", ""label"": ""Spring onion"", ""in_box"": 1}, {""name"": ""carrot & cabbage slaw mix"", ""label"": ""Carrot & cabbage slaw mix (160g)"", ""in_box"": 1}, {""name"": ""mayonnaise"", ""label"": ""Mayonnaise (50ml)"", ""in_box"": 1}, {""name"": ""ground smoked paprika"", ""label"": ""Ground smoked paprika (2tsp)"", ""in_box"": 1}, {""name"": ""bacon lardons"", ""label"": ""Bacon lardons (100g)"", ""in_box"": 1}, {""name"": ""garlic clove"", ""label"": ""Garlic clove"", ""in_box"": 1}, {""name"": ""Italian hard cheese"", ""label"": ""Italian hard cheese (20g)"", ""in_box"": 1}, {""name"": ""cider vinegar"", ""label"": ""Cider vinegar (15ml)"", ""in_box"": 1}, {""name"": ""sweetcorn cobettes"", ""label"": ""Sweetcorn cobettes (2pcs)"", ""in_box"": 1}, {""name"": ""white potato"", ""label"": ""White potato x3"", ""in_box"": 3}, {""name"": ""Dijon mustard"", ""label"": ""Dijon mustard (5.5g)"", ""in_box"": 1}]"
2026-08-04,2026-06-19,2f819adf-d46f-4e64-ae90-cd898b2b3296,13358,BBQ Pulled Pork With Loaded Potatoes And Creamy Slaw,True,2.25,487,746,42.3,45.1,12.3,45.0,14.4,6.8,2.14,153,8.7,9.3,2.5,9.2,3.0,1.4,0.44,1,45,full-prep,mild,Gastropub,,4.58,1465,True,"[{""name"": ""BBQ sauce"", ""label"": ""BBQ sauce (40g)"", ""in_box"": 1}, {""name"": ""waxy potatoes"", ""label"": ""Waxy potatoes (350g)"", ""in_box"": 1}, {""name"": ""mayonnaise"", ""label"": ""Mayonnaise (50ml)"", ""in_box"": 1}, {""name"": ""BBQ pulled pork"", ""label"": ""BBQ pulled pork (308g)"", ""in_box"": 1}, {""name"": ""cheddar cheese"", ""label"": ""Cheddar cheese (40g)"", ""in_box"": 1}, {""name"": ""tomato paste"", ""label"": ""Tomato paste (16g)"", ""in_box"": 1}, {""name"": ""chives"", ""label"": ""Chives (5g)"", ""in_box"": 1}, {""name"": ""shredded red cabbage"", ""label"": ""Shredded red cabbage (150g)"", ""in_box"": 1}, {""name"": ""white wine vinegar"", ""label"": ""White wine vinegar (15ml)"", ""in_box"": 1}]"
2026-08-04,2026-06-19,963ed587-1cb7-4fc0-94aa-607260f3dd95,15849,"BBQ Special With Peppercorn Steak, Jalapeño Hot Link Sausage & Slaw",True,7.5,613,1005,60.8,60.8,18.6,54.0,17.2,10.6,2.61,163,9.9,9.9,3.0,8.8,2.8,1.7,0.42,1,25,full-prep,mild,Gastropub,,0,0,True,"[{""name"": ""cheese and jalapeno hot link sausage"", ""label"": ""Cheese and jalapeno hot link sausage (284g)"", ""in_box"": 1}, {""name"": ""tomato ketchup"", ""label"": ""Tomato ketchup (30g)"", ""in_box"": 1}, {""name"": ""waxy potatoes"", ""label"": ""Waxy potatoes (350g)"", ""in_box"": 1}, {""name"": ""spring onion"", ""label"": ""Spring onion"", ""in_box"": 1}, {""name"": ""carrot & cabbage slaw mix"", ""label"": ""Carrot & cabbage slaw mix (160g)"", ""in_box"": 1}, {""name"": ""rump pavé steak"", ""label"": ""Rump pavé steak (300g)"", ""in_box"": 1}, {""name"": ""mayonnaise"", ""label"": ""Mayonnaise (50ml)"", ""in_box"": 1}, {""name"": ""red chilli relish"", ""label"": ""Red chilli relish (25g)"", ""in_box"": 1}, {""name"": ""white wine vinegar"", ""label"": ""White wine vinegar (15ml)"", ""in_box"": 1}, {""name"": ""cracked black pepper"", ""label"": ""Cracked black pepper (2.5g)"", ""in_box"": 1}]"
2026-08-04,2026-06-19,ffbf7861-a6a0-4c16-a350-3df09b430eac,1620,Beany Chilli With Avocado Salsa And Brown Rice,False,0.0,487,564,17.9,16.9,4.3,81.7,13.4,21.7,2.49,115,3.7,3.5,0.9,16.8,2.8,4.4,0.51,4,45,full-prep,spicy,Fibre Fix,Vegan; Vegetarian; Dairy Free; Gluten Free,4.29,13580,True,"[{""name"": ""brown long grain rice"", ""label"": ""Brown long grain rice (130g)"", ""in_box"": 1}, {""name"": ""red pepper"", ""label"": ""Red pepper"", ""in_box"": 1}, {""name"": ""chipotle paste"", ""label"": ""Chipotle paste (40g)"", ""in_box"": 1}, {""name"": ""smashed avocado"", ""label"": ""Smashed avocado (100g) x2"", ""in_box"": 2}, {""name"": ""intense vegetable stock mix"", ""label"": ""Intense vegetable stock mix (5.5g)"", ""in_box"": 1}, {""name"": ""ground smoked paprika"", ""label"": ""Ground smoked paprika (2tsp)"", ""in_box"": 1}, {""name"": ""red kidney beans"", ""label"": ""Red kidney beans (390g)"", ""in_box"": 1}, {""name"": ""ground cumin"", ""label"": ""Ground cumin (2tsp)"", ""in_box"": 1}, {""name"": ""garlic clove"", ""label"": ""Garlic clove"", ""in_box"": 1}, {""name"": ""tomato paste"", ""label"": ""Tomato paste (16g) x2"", ""in_box"": 2}, {""name"": ""coriander"", ""label"": ""Coriander (5g)"", ""in_box"": 1}, {""name"": ""lime"", ""label"": ""Lime"", ""in_box"": 1}, {""name"": ""red onion"", ""label"": ""Red onion"", ""in_box"": 1}]"
2026-08-04,2026-06-19,0c739819-2e20-4053-84cf-9b868b4c24f5,7463,Beef & Mushroom Bolognese With Wholewheat Tortiglioni,False,0.0,435,498,31.0,14.7,6.0,64.3,13.2,10.9,2.11,114,7.1,3.4,1.4,14.8,3.0,2.5,0.48,3,35,full-prep,no spice,Calorie Controlled,,4.33,11176,True,"[{""name"": ""intense beef stock mix"", ""label"": ""Intense beef stock mix (5.5g)"", ""in_box"": 1}, {""name"": ""dried oregano"", ""label"": ""Dried oregano (1tsp)"", ""in_box"": 1}, {""name"": ""soy sauce"", ""label"": ""Soy sauce (8ml)"", ""in_box"": 1}, {""name"": ""finely chopped tomatoes"", ""label"": ""Finely chopped tomatoes (200g)"", ""in_box"": 1}, {""name"": ""garlic clove"", ""label"": ""Garlic clove x2"", ""in_box"": 2}, {""name"": ""wholewheat tortiglioni"", ""label"": ""Wholewheat tortiglioni (150g)"", ""in_box"": 1}, {""name"": ""beef mince"", ""label"": ""Beef mince (125g)"", ""in_box"": 1}, {""name"": ""brown onion"", ""label"": ""Brown onion"", ""in_box"": 1}, {""name"": ""lighter cheese"", ""label"": ""Lighter cheese (30g)"", ""in_box"": 1}, {""name"": ""carrot"", ""label"": ""Carrot"", ""in_box"": 1}, {""name"": ""chestnut mushrooms"", ""label"": ""Chestnut mushrooms (160g)"", ""in_box"": 1}]"
2026-08-04,2026-06-19,0b9f58c1-0f5a-45cd-aaa8-ace03ea939e1,15278,Beef & Mushroom Bolognese With Wholewheat Tortiglioni,False,0.0,397,383,26.1,13.7,5.9,38.2,11.4,7.5,2.11,96,6.6,3.4,1.5,9.6,2.9,1.9,0.53,3,35,full-prep,no spice,Nutrient Rich,,4.34,372,True,"[{""name"": ""dried oregano"", ""label"": ""Dried oregano (1tsp)"", ""in_box"": 1}, {""name"": ""soy sauce"", ""label"": ""Soy sauce (8ml)"", ""in_box"": 1}, {""name"": ""finely chopped tomatoes"", ""label"": ""Finely chopped tomatoes (200g)"", ""in_box"": 1}, {""name"": ""intense beef stock mix"", ""label"": ""Intense beef stock mix (5.5g)"", ""in_box"": 1}, {""name"": ""garlic clove"", ""label"": ""Garlic clove x2"", ""in_box"": 2}, {""name"": ""wholewheat tortiglioni"", ""label"": ""Wholewheat tortiglioni (75g)"", ""in_box"": 1}, {""name"": ""beef mince"", ""label"": ""Beef mince (125g)"", ""in_box"": 1}, {""name"": ""brown onion"", ""label"": ""Brown onion"", ""in_box"": 1}, {""name"": ""lighter cheese"", ""label"": ""Lighter cheese (30g)"", ""in_box"": 1}, {""name"": ""carrot"", ""label"": ""Carrot"", ""in_box"": 1}, {""name"": ""white cup mushrooms"", ""label"": ""White cup mushrooms (160g)"", ""in_box"": 1}]"
2026-08-04,2026-06-19,4142b38a-e37b-4d55-90c9-2a1f73367021,14343,Beef Brisket Baguette With Stout Onions & Peppercorn Mayo,True,3.5,529,876,42.0,51.3,13.5,63.0,7.4,6.8,2.81,165,7.9,9.7,2.5,11.9,1.4,1.3,0.53,1,35,full-prep,no spice,Gastropub,Dairy Free,4.73,30,True,"[{""name"": ""baguettes"", ""label"": ""Baguettes (2pcs)"", ""in_box"": 1}, {""name"": ""slow cooked beef brisket"", ""label"": ""Slow cooked beef brisket (350g)"", ""in_box"": 1}, {""name"": ""mayonnaise"", ""label"": ""Mayonnaise (50ml)"", ""in_box"": 1}, {""name"": ""tomato"", ""label"": ""Tomato"", ""in_box"": 1}, {""name"": ""baby leaf salad"", ""label"": ""Baby leaf salad (50g)"", ""in_box"": 1}, {""name"": ""brown onion"", ""label"": ""Brown onion"", ""in_box"": 1}, {""name"": ""stout paste"", ""label"": ""Stout paste (15g)"", ""in_box"": 1}, {""name"": ""white wine vinegar"", ""label"": ""White wine vinegar (15ml)"", ""in_box"": 1}, {""name"": ""white potato"", ""label"": ""White potato x3"", ""in_box"": 3}, {""name"": ""cracked black pepper"", ""label"": ""Cracked black pepper (2.5g)"", ""in_box"": 1}, {""name"": ""Dijon mustard"", ""label"": ""Dijon mustard (5.5g)"", ""in_box"": 1}]"
2026-08-04,2026-06-19,881105c5-672f-477d-8963-407e64676e56,4978,Beef Doner Kebab Burger With Loaded Halloumi Fries,True,2.5,546,862,56.3,49.9,25.6,46.9,17.9,6.8,3.48,157,10.3,9.1,4.7,8.6,3.3,1.2,0.64,2,45,full-prep,mild,Ultimate Fakeaway,,4.01,3534,True,"[{""name"": ""red chilli"", ""label"": ""Red chilli"", ""in_box"": 1}, {""name"": ""ground cumin"", ""label"": ""Ground cumin (1tsp)"", ""in_box"": 1}, {""name"": ""ground smoked paprika"", ""label"": ""Ground smoked paprika (2tsp)"", ""in_box"": 1}, {""name"": ""mustard ketchup"", ""label"": ""Mustard ketchup (20g)"", ""in_box"": 1}, {""name"": ""coriander"", ""label"": ""Coriander (10g)"", ""in_box"": 1}, {""name"": ""brioche style buns"", ""label"": ""Brioche style buns (2pcs)"", ""in_box"": 1}, {""name"": ""tomato"", ""label"": ""Tomato x2"", ""in_box"": 2}, {""name"": ""natural yoghurt"", ""label"": ""Natural yoghurt (80g)"", ""in_box"": 1}, {""name"": ""beef mince"", ""label"": ""Beef mince (250g)"", ""in_box"": 1}, {""name"": ""halloumi"", ""label"": ""Halloumi (200g)"", ""in_box"": 1}, {""name"": ""roasted garlic paste"", ""label"": ""Roasted garlic paste (15g)"", ""in_box"": 1}, {""name"": ""gem lettuce"", ""label"": ""Gem lettuce"", ""in_box"": 1}, {""name"": ""red wine vinegar"", ""label"": ""Red wine vinegar (15ml)"", ""in_box"": 1}, {""name"": ""red onion"", ""label"": ""Red onion"", ""in_box"": 1}]"
2026-08-04,2026-06-19,4b3a1162-b98b-4aca-b71e-280528b95c16,2404,Blackened Salmon Bowl With Charred Chilli Corn And Feta,True,2.25,437,697,32.4,37.6,8.3,55.8,6.7,10.1,0.62,159,7.4,8.6,1.9,12.8,1.5,2.3,0.14,1,10,full-prep,mild,Ultimate Fakeaway,Gluten Free,4.38,3885,True,"[{""name"": ""dried chilli flakes"", ""label"": ""Dried chilli flakes (0.5tsp)"", ""in_box"": 1}, {""name"": ""ground coriander"", ""label"": ""Ground coriander (1tsp)"", ""in_box"": 1}, {""name"": ""skin on salmon fillets"", ""label"": ""Skin on salmon fillets (2pcs)"", ""in_box"": 1}, {""name"": ""spring onion"", ""label"": ""Spring onion"", ""in_box"": 1}, {""name"": ""ground cumin"", ""label"": ""Ground cumin (1tsp)"", ""in_box"": 1}, {""name"": ""ground smoked paprika"", ""label"": ""Ground smoked paprika (1tsp)"", ""in_box"": 1}, {""name"": ""Sweetcorn"", ""label"": ""Sweetcorn (150g)"", ""in_box"": 1}, {""name"": ""mayonnaise"", ""label"": ""Mayonnaise (25ml)"", ""in_box"": 1}, {""name"": ""cooked brown long grain rice"", ""label"": ""Cooked brown long grain rice (280g)"", ""in_box"": 1}, {""name"": ""baby leaf salad"", ""label"": ""Baby leaf salad (50g)"", ""in_box"": 1}, {""name"": ""feta"", ""label"": ""Feta (30g)"", ""in_box"": 1}, {""name"": ""lime"", ""label"": ""Lime"", ""in_box"": 1}]"
2026-08-04,2026-06-19,f09226ec-fc44-41b2-af61-fe0c21cf1a67,8275,Brazilian-Inspired Spicy Halloumi With Charred Corn Salad,False,0.0,462,488,27.8,25.8,16.8,39.3,17.5,6.4,2.39,105,6.0,5.6,3.6,8.5,3.8,1.4,0.52,3,25,full-prep,spicy,Global Kitchen,Vegetarian; Gluten Free,4.35,2387,True,"[{""name"": ""dried oregano"", ""label"": ""Dried oregano (1tsp)"", ""in_box"": 1}, {""name"": ""dried chilli flakes"", ""label"": ""Dried chilli flakes (0.5tsp)"", ""in_box"": 1}, {""name"": ""Sweetcorn"", ""label"": ""Sweetcorn (150g)"", ""in_box"": 1}, {""name"": ""garlic clove"", ""label"": ""Garlic clove"", ""in_box"": 1}, {""name"": ""tomato"", ""label"": ""Tomato"", ""in_box"": 1}, {""name"": ""natural yoghurt"", ""label"": ""Natural yoghurt (80g)"", ""in_box"": 1}, {""name"": ""halloumi"", ""label"": ""Halloumi (200g)"", ""in_box"": 1}, {""name"": ""coriander"", ""label"": ""Coriander (5g)"", ""in_box"": 1}, {""name"": ""gem lettuce"", ""label"": ""Gem lettuce"", ""in_box"": 1}, {""name"": ""lime"", ""label"": ""Lime"", ""in_box"": 1}, {""name"": ""sweet potato"", ""label"": ""Sweet potato"", ""in_box"": 1}]"
2026-08-04,2026-06-19,8f98e9e4-68bd-49ac-81f3-d957ea286e09,7671,Butter Chicken Curry Loaded Naan With Minty Cucumber,False,0.0,397,473,39.4,9.2,2.4,55.5,10.0,4.5,1.52,119,9.9,2.3,0.6,14.0,2.5,1.1,0.38,2,20,full-prep,mild,Protein Hit,,4.51,5361,True,"[{""name"": ""chicken breast portions"", ""label"": ""Chicken breast portions (2pcs)"", ""in_box"": 1}, {""name"": ""curry powder"", ""label"": ""Curry powder (1tbsp)"", ""in_box"": 1}, {""name"": ""baby leaf salad"", ""label"": ""Baby leaf salad (50g)"", ""in_box"": 1}, {""name"": ""natural yoghurt"", ""label"": ""Natural yoghurt (80g)"", ""in_box"": 1}, {""name"": ""plain naan"", ""label"": ""Plain naan (2pcs)"", ""in_box"": 1}, {""name"": ""tomato paste"", ""label"": ""Tomato paste (16g)"", ""in_box"": 1}, {""name"": ""mint sauce"", ""label"": ""Mint sauce (20g)"", ""in_box"": 1}, {""name"": ""cucumber"", ""label"": ""Cucumber (0.5pcs)"", ""in_box"": 1}]"
2026-08-04,2026-06-19,79d74d30-3f3e-4459-b262-eeffba3fe62d,4120,Cheesy BBQ Chicken 'N' Chips,False,0.0,524,412,38.3,7.1,2.5,50.2,11.7,6.1,0.8,78,7.3,1.4,0.5,9.6,2.2,1.2,0.15,2,45,full-prep,mild,Modern Bistro,,4.33,11107,True,"[{""name"": ""BBQ sauce"", ""label"": ""BBQ sauce (40g)"", ""in_box"": 1}, {""name"": ""chicken breast strips"", ""label"": ""Chicken breast strips (250g)"", ""in_box"": 1}, {""name"": ""ground smoked paprika"", ""label"": ""Ground smoked paprika (1tsp)"", ""in_box"": 1}, {""name"": ""tomato"", ""label"": ""Tomato"", ""in_box"": 1}, {""name"": ""baby leaf salad"", ""label"": ""Baby leaf salad (50g)"", ""in_box"": 1}, {""name"": ""lighter cheese"", ""label"": ""Lighter cheese (30g)"", ""in_box"": 1}, {""name"": ""cucumber"", ""label"": ""Cucumber (0.5pcs)"", ""in_box"": 1}, {""name"": ""white wine vinegar"", ""label"": ""White wine vinegar (15ml)"", ""in_box"": 1}, {""name"": ""white potato"", ""label"": ""White potato x4"", ""in_box"": 4}]"
2026-08-04,2026-06-19,44a49869-fe13-424c-b4d6-b1e8535bb352,1589,Cheesy Bean Chilli,False,0.0,519,665,30.0,18.5,9.1,88.8,14.4,18.1,2.27,128,5.8,3.6,1.8,17.1,2.8,3.5,0.44,2,10,full-prep,mild,10-Minute,Vegetarian,4.2,19909,True,"[{""name"": ""black beans"", ""label"": ""Black beans (390g)"", ""in_box"": 1}, {""name"": ""spring onion"", ""label"": ""Spring onion x2"", ""in_box"": 2}, {""name"": ""finely chopped tomatoes"", ""label"": ""Finely chopped tomatoes (200g)"", ""in_box"": 1}, {""name"": ""ground cumin"", ""label"": ""Ground cumin (1tsp) x2"", ""in_box"": 2}, {""name"": ""ground smoked paprika"", ""label"": ""Ground smoked paprika (2tsp)"", ""in_box"": 1}, {""name"": ""plain tortillas"", ""label"": ""Plain tortillas (6pcs)"", ""in_box"": 1}, {""name"": ""cannellini beans"", ""label"": ""Cannellini beans (390g)"", ""in_box"": 1}, {""name"": ""chipotle paste"", ""label"": ""Chipotle paste (20g)"", ""in_box"": 1}, {""name"": ""cheddar cheese"", ""label"": ""Cheddar cheese (40g)"", ""in_box"": 1}, {""name"": ""natural yoghurt"", ""label"": ""Natural yoghurt (80g)"", ""in_box"": 1}, {""name"": ""roasted garlic paste"", ""label"": ""Roasted garlic paste (15g)"", ""in_box"": 1}, {""name"": ""vegetable stock mix"", ""label"": ""Vegetable stock mix (5.5g)"", ""in_box"": 1}, {""name"": ""coriander"", ""label"": ""Coriander (5g)"", ""in_box"": 1}, {""name"": ""lime"", ""label"": ""Lime"", ""in_box"": 1}]"
2026-08-04,2026-06-19,0f615417-e501-48e7-9a08-f230fac165c1,2731,Cheesy Broccoli Pasta Bake,False,0.0,328,546,27.1,17.9,9.0,72.7,7.3,9.2,1.48,166,8.2,5.5,2.7,22.1,2.2,2.8,0.45,2,35,full-prep,no spice,Modern Bistro,Vegetarian,4.19,11728,True,"[{""name"": ""leek"", ""label"": ""Leek"", ""in_box"": 1}, {""name"": ""panko breadcrumbs"", ""label"": ""Panko breadcrumbs (20g)"", ""in_box"": 1}, {""name"": ""cheddar cheese"", ""label"": ""Cheddar cheese (40g)"", ""in_box"": 1}, {""name"": ""garlic clove"", ""label"": ""Garlic clove"", ""in_box"": 1}, {""name"": ""pumpkin seeds"", ""label"": ""Pumpkin seeds (15g)"", ""in_box"": 1}, {""name"": ""baby leaf salad"", ""label"": ""Baby leaf salad (50g)"", ""in_box"": 1}, {""name"": ""grated Italian hard cheese"", ""label"": ""Grated Italian hard cheese (30g)"", ""in_box"": 1}, {""name"": ""vegetable stock mix"", ""label"": ""Vegetable stock mix (5.5g)"", ""in_box"": 1}, {""name"": ""cider vinegar"", ""label"": ""Cider vinegar (15ml)"", ""in_box"": 1}, {""name"": ""Tenderstem broccoli"", ""label"": ""Tenderstem broccoli (160g)"", ""in_box"": 1}, {""name"": ""tortiglioni"", ""label"": ""Tortiglioni (150g)"", ""in_box"": 1}, {""name"": ""Dijon mustard"", ""label"": ""Dijon mustard (5.5g)"", ""in_box"": 1}]"
2026-08-04,2026-06-19,205a88ce-cff1-4f43-a1c4-9977d264adf8,7484,Cheesy Buffalo Chicken Thigh & Fresh Orecchiette,False,0.0,318,673,42.0,20.2,8.2,79.6,6.2,4.4,2.04,211,13.2,6.3,2.6,25.0,1.9,1.4,0.64,1,10,full-prep,spicy,Pasta Pronto,,4.27,3365,True,"[{""name"": ""spring onion"", ""label"": ""Spring onion"", ""in_box"": 1}, {""name"": ""sriracha hot chilli sauce"", ""label"": ""Sriracha hot chilli sauce (8ml) x3"", ""in_box"": 3}, {""name"": ""diced chicken thigh"", ""label"": ""Diced chicken thigh (250g)"", ""in_box"": 1}, {""name"": ""ground smoked paprika"", ""label"": ""Ground smoked paprika (2tsp)"", ""in_box"": 1}, {""name"": ""intense chicken stock mix"", ""label"": ""Intense chicken stock mix (5.5g)"", ""in_box"": 1}, {""name"": ""cheddar cheese"", ""label"": ""Cheddar cheese (40g)"", ""in_box"": 1}, {""name"": ""garlic clove"", ""label"": ""Garlic clove"", ""in_box"": 1}, {""name"": ""fresh orecchiette"", ""label"": ""Fresh orecchiette (250g)"", ""in_box"": 1}, {""name"": ""tomato paste"", ""label"": ""Tomato paste (16g) x2"", ""in_box"": 2}, {""name"": ""white wine vinegar"", ""label"": ""White wine vinegar (15ml)"", ""in_box"": 1}]"
2026-08-04,2026-06-19,d86eb399-4d3e-4769-884d-42b8770e858b,7324,Cheesy Sausage & Pepper Chilli Con Carne Pasta Bake,False,0.0,425,546,28.7,22.1,10.3,60.7,11.4,12.9,2.52,128,6.7,5.2,2.4,14.3,2.7,3.0,0.59,3,40,full-prep,mild,Family Kitchen,,4.34,6582,True,"[{""name"": ""black beans"", ""label"": ""Black beans (380g)"", ""in_box"": 1}, {""name"": ""red pepper"", ""label"": ""Red pepper"", ""in_box"": 1}, {""name"": ""Jolly Hog pork sausagemeat"", ""label"": ""Jolly Hog pork sausagemeat (150g)"", ""in_box"": 1}, {""name"": ""ground coriander"", ""label"": ""Ground coriander (1tsp)"", ""in_box"": 1}, {""name"": ""ground paprika"", ""label"": ""Ground paprika (1tsp)"", ""in_box"": 1}, {""name"": ""finely chopped tomatoes"", ""label"": ""Finely chopped tomatoes (200g)"", ""in_box"": 1}, {""name"": ""ground cumin"", ""label"": ""Ground cumin (1tsp)"", ""in_box"": 1}, {""name"": ""farfalle"", ""label"": ""Farfalle (100g)"", ""in_box"": 1}, {""name"": ""intense chicken stock mix"", ""label"": ""Intense chicken stock mix (5.5g)"", ""in_box"": 1}, {""name"": ""cheddar cheese"", ""label"": ""Cheddar cheese (40g)"", ""in_box"": 1}, {""name"": ""garlic clove"", ""label"": ""Garlic clove x2"", ""in_box"": 2}, {""name"": ""coriander"", ""label"": ""Coriander (5g)"", ""in_box"": 1}, {""name"": ""red onion"", ""label"": ""Red onion"", ""in_box"": 1}]"
2026-08-04,2026-06-19,637321d8-9bd1-4fd3-af69-53ba0d502568,4399,Cheezy Risotto With Ratatouille & Basil,False,0.0,513,442,11.5,6.0,3.8,83.5,14.7,9.7,1.74,86,2.2,1.2,0.7,16.3,2.9,1.9,0.34,5,50,full-prep,no spice,Veg Boost,Vegan; Vegetarian; Dairy Free; Gluten Free,4.14,986,True,"[{""name"": ""dried oregano"", ""label"": ""Dried oregano (1tsp)"", ""in_box"": 1}, {""name"": ""yellow pepper"", ""label"": ""Yellow pepper"", ""in_box"": 1}, {""name"": ""tomato paste"", ""label"": ""Tomato paste (32g)"", ""in_box"": 1}, {""name"": ""intense vegetable stock mix"", ""label"": ""Intense vegetable stock mix (5.5g)"", ""in_box"": 1}, {""name"": ""mature cheddar style block"", ""label"": ""Mature cheddar style block (40g)"", ""in_box"": 1}, {""name"": ""garlic clove"", ""label"": ""Garlic clove x2"", ""in_box"": 2}, {""name"": ""courgette"", ""label"": ""Courgette"", ""in_box"": 1}, {""name"": ""brown onion"", ""label"": ""Brown onion"", ""in_box"": 1}, {""name"": ""arborio rice"", ""label"": ""Arborio rice (160g)"", ""in_box"": 1}, {""name"": ""basil"", ""label"": ""Basil (10g)"", ""in_box"": 1}, {""name"": ""Chinese rice wine"", ""label"": ""Chinese rice wine (15ml)"", ""in_box"": 1}, {""name"": ""cherry tomatoes"", ""label"": ""Cherry tomatoes (125g)"", ""in_box"": 1}, {""name"": ""aubergine"", ""label"": ""Aubergine"", ""in_box"": 1}]"
2026-08-04,2026-06-19,45c02010-f84b-4f15-bd43-c5242ac964f3,4465,Chermoula Chicken With Spiced Giant Couscous,False,0.0,371,487,37.6,6.1,1.4,74.5,20.8,7.2,0.35,131,10.1,1.6,0.4,20.1,5.6,1.9,0.09,1,35,full-prep,mild,Global Kitchen,Dairy Free,4.25,3604,True,"[{""name"": ""chicken breast strips"", ""label"": ""Chicken breast strips (250g)"", ""in_box"": 1}, {""name"": ""cayenne pepper"", ""label"": ""Cayenne pepper (0.5tsp)"", ""in_box"": 1}, {""name"": ""ground paprika"", ""label"": ""Ground paprika (1tsp)"", ""in_box"": 1}, {""name"": ""ground cumin"", ""label"": ""Ground cumin (1tsp)"", ""in_box"": 1}, {""name"": ""chipotle paste"", ""label"": ""Chipotle paste (20g)"", ""in_box"": 1}, {""name"": ""garlic clove"", ""label"": ""Garlic clove x2"", ""in_box"": 2}, {""name"": ""coriander"", ""label"": ""Coriander (10g)"", ""in_box"": 1}, {""name"": ""parsley"", ""label"": ""Parsley (5g)"", ""in_box"": 1}, {""name"": ""lemon"", ""label"": ""Lemon"", ""in_box"": 1}, {""name"": ""sultanas"", ""label"": ""Sultanas (30g)"", ""in_box"": 1}, {""name"": ""giant couscous"", ""label"": ""Giant couscous (130g)"", ""in_box"": 1}, {""name"": ""carrot"", ""label"": ""Carrot"", ""in_box"": 1}, {""name"": ""red onion"", ""label"": ""Red onion"", ""in_box"": 1}]"
2026-08-04,2026-06-19,9a133732-e0d2-4911-9895-4f944c8bf005,3284,Chettinad-Style Paneer Curry With Rice And Naan,False,0.0,283,623,28.4,23.7,12.6,74.0,8.6,4.7,2.18,220,10.0,8.4,4.5,26.2,3.0,1.6,0.77,1,40,full-prep,spicy,Global Kitchen,Vegetarian,4.13,6279,True,"[{""name"": ""green chilli"", ""label"": ""Green chilli"", ""in_box"": 1}, {""name"": ""ground turmeric"", ""label"": ""Ground turmeric (0.5tsp)"", ""in_box"": 1}, {""name"": ""white basmati rice"", ""label"": ""White basmati rice (100g)"", ""in_box"": 1}, {""name"": ""cumin seeds"", ""label"": ""Cumin seeds (1tsp)"", ""in_box"": 1}, {""name"": ""garlic clove"", ""label"": ""Garlic clove x2"", ""in_box"": 2}, {""name"": ""fresh root ginger"", ""label"": ""Fresh root ginger (15g)"", ""in_box"": 1}, {""name"": ""mini garlic & coriander naans"", ""label"": ""Mini garlic & coriander naans (2pcs)"", ""in_box"": 1}, {""name"": ""brown onion"", ""label"": ""Brown onion"", ""in_box"": 1}, {""name"": ""paneer"", ""label"": ""Paneer (200g)"", ""in_box"": 1}, {""name"": ""vegetable stock mix"", ""label"": ""Vegetable stock mix (5.5g)"", ""in_box"": 1}, {""name"": ""tomato paste"", ""label"": ""Tomato paste (16g)"", ""in_box"": 1}, {""name"": ""coriander"", ""label"": ""Coriander (5g)"", ""in_box"": 1}, {""name"": ""yellow mustard seeds"", ""label"": ""Yellow mustard seeds (1tsp)"", ""in_box"": 1}, {""name"": ""cracked black pepper"", ""label"": ""Cracked black pepper (2.5g) x2"", ""in_box"": 2}]"
2026-08-04,2026-06-19,4826188f-9c73-43a2-bb77-4c81cefafac5,8711,Chicago-Style Steak Sandwich & Fries,True,3.0,519,594,42.7,19.4,7.1,64.3,7.0,8.2,2.2,114,8.2,3.7,1.4,12.4,1.3,1.6,0.42,2,40,full-prep,spicy,Gastropub,Dairy Free,4.18,93,True,"[{""name"": ""green pepper"", ""label"": ""Green pepper"", ""in_box"": 1}, {""name"": ""ground smoked paprika"", ""label"": ""Ground smoked paprika (2tsp)"", ""in_box"": 1}, {""name"": ""dried chilli flakes"", ""label"": ""Dried chilli flakes (0.5tsp)"", ""in_box"": 1}, {""name"": ""garlic clove"", ""label"": ""Garlic clove x2"", ""in_box"": 2}, {""name"": ""baby leaf salad"", ""label"": ""Baby leaf salad (50g)"", ""in_box"": 1}, {""name"": ""rump pavé steak"", ""label"": ""Rump pavé steak (300g)"", ""in_box"": 1}, {""name"": ""intense beef stock mix"", ""label"": ""Intense beef stock mix (5.5g)"", ""in_box"": 1}, {""name"": ""gravy base"", ""label"": ""Gravy base (14g)"", ""in_box"": 1}, {""name"": ""white wine vinegar"", ""label"": ""White wine vinegar (15ml)"", ""in_box"": 1}, {""name"": ""red onion"", ""label"": ""Red onion"", ""in_box"": 1}, {""name"": ""baguettes"", ""label"": ""Baguettes (2pcs)"", ""in_box"": 1}, {""name"": ""dried oregano"", ""label"": ""Dried oregano (1tsp)"", ""in_box"": 1}, {""name"": ""red chilli"", ""label"": ""Red chilli"", ""in_box"": 1}, {""name"": ""white potato"", ""label"": ""White potato x3"", ""in_box"": 3}]"
2026-08-04,2026-06-19,e5a799e2-b569-42dc-bca7-00bac060a65b,2928,Chicken Jalfrezi With Jeera Rice,False,0.0,384,456,37.1,5.7,1.2,60.9,8.8,5.7,1.74,118,9.7,1.5,0.3,15.9,2.3,1.5,0.45,3,35,full-prep,spicy,Takeaway Night,Gluten Free; Dairy Free,4.45,33318,True,"[{""name"": ""chicken breast strips"", ""label"": ""Chicken breast strips (250g)"", ""in_box"": 1}, {""name"": ""green pepper"", ""label"": ""Green pepper"", ""in_box"": 1}, {""name"": ""dried chilli flakes"", ""label"": ""Dried chilli flakes (0.5tsp)"", ""in_box"": 1}, {""name"": ""white basmati rice"", ""label"": ""White basmati rice (130g)"", ""in_box"": 1}, {""name"": ""cumin seeds"", ""label"": ""Cumin seeds (1tsp)"", ""in_box"": 1}, {""name"": ""tomato paste"", ""label"": ""Tomato paste (32g)"", ""in_box"": 1}, {""name"": ""intense chicken stock mix"", ""label"": ""Intense chicken stock mix (5.5g)"", ""in_box"": 1}, {""name"": ""curry powder"", ""label"": ""Curry powder (1tbsp)"", ""in_box"": 1}, {""name"": ""garlic clove"", ""label"": ""Garlic clove x3"", ""in_box"": 3}, {""name"": ""fresh root ginger"", ""label"": ""Fresh root ginger (15g)"", ""in_box"": 1}, {""name"": ""tomato"", ""label"": ""Tomato"", ""in_box"": 1}, {""name"": ""red onion"", ""label"": ""Red onion"", ""in_box"": 1}]"
2026-08-04,2026-06-19,4323f985-9d42-4f31-a5b7-25542ed8622e,753,Chicken Katsu Curry,False,0.0,426,570,40.4,7.8,2.2,86.8,15.2,6.3,1.58,133,9.5,1.8,0.5,20.4,3.6,1.5,0.37,2,45,full-prep,mild,Takeaway Night,Dairy Free,4.19,88620,True,"[{""name"": ""white long grain rice"", ""label"": ""White long grain rice (130g)"", ""in_box"": 1}, {""name"": ""mango chutney"", ""label"": ""Mango chutney (20g)"", ""in_box"": 1}, {""name"": ""free range egg"", ""label"": ""Free range egg"", ""in_box"": 1}, {""name"": ""soy sauce"", ""label"": ""Soy sauce (8ml)"", ""in_box"": 1}, {""name"": ""chicken breast portions"", ""label"": ""Chicken breast portions (2pcs)"", ""in_box"": 1}, {""name"": ""panko breadcrumbs"", ""label"": ""Panko breadcrumbs (40g)"", ""in_box"": 1}, {""name"": ""curry powder"", ""label"": ""Curry powder (1tbsp)"", ""in_box"": 1}, {""name"": ""fresh root ginger"", ""label"": ""Fresh root ginger (15g)"", ""in_box"": 1}, {""name"": ""shallot"", ""label"": ""Shallot"", ""in_box"": 1}, {""name"": ""rice vinegar"", ""label"": ""Rice vinegar (15ml)"", ""in_box"": 1}, {""name"": ""carrot"", ""label"": ""Carrot x2"", ""in_box"": 2}, {""name"": ""gem lettuce"", ""label"": ""Gem lettuce"", ""in_box"": 1}]"
2026-08-04,2026-06-19,60290539-8a13-4a35-97f0-5445b83c740a,10913,Chicken Katsu Curry With Brown Rice,False,0.0,426,555,41.0,8.5,2.2,81.5,15.5,7.5,1.58,130,9.6,2.0,0.5,19.1,3.6,1.8,0.37,2,45,full-prep,mild,Takeaway Night,Dairy Free,4.21,1337,True,"[{""name"": ""brown long grain rice"", ""label"": ""Brown long grain rice (130g)"", ""in_box"": 1}, {""name"": ""mango chutney"", ""label"": ""Mango chutney (20g)"", ""in_box"": 1}, {""name"": ""free range egg"", ""label"": ""Free range egg"", ""in_box"": 1}, {""name"": ""soy sauce"", ""label"": ""Soy sauce (8ml)"", ""in_box"": 1}, {""name"": ""chicken breast portions"", ""label"": ""Chicken breast portions (2pcs)"", ""in_box"": 1}, {""name"": ""panko breadcrumbs"", ""label"": ""Panko breadcrumbs (40g)"", ""in_box"": 1}, {""name"": ""curry powder"", ""label"": ""Curry powder (1tbsp)"", ""in_box"": 1}, {""name"": ""fresh root ginger"", ""label"": ""Fresh root ginger (15g)"", ""in_box"": 1}, {""name"": ""shallot"", ""label"": ""Shallot"", ""in_box"": 1}, {""name"": ""rice vinegar"", ""label"": ""Rice vinegar (15ml)"", ""in_box"": 1}, {""name"": ""carrot"", ""label"": ""Carrot x2"", ""in_box"": 2}, {""name"": ""gem lettuce"", ""label"": ""Gem lettuce"", ""in_box"": 1}]"
2026-08-04,2026-06-19,1ee878ad-e1a9-4aa8-a0f6-1115f0818831,1994,Chicken Tikka Masala With Coriander Rice,False,0.0,448,480,39.4,7.3,2.2,67.6,13.5,6.3,1.99,107,8.8,1.6,0.5,15.1,3.0,1.4,0.45,3,40,full-prep,mild,Calorie Controlled,Gluten Free,4.16,13478,True,"[{""name"": ""brown long grain rice"", ""label"": ""Brown long grain rice (130g)"", ""in_box"": 1}, {""name"": ""chicken breast strips"", ""label"": ""Chicken breast strips (250g)"", ""in_box"": 1}, {""name"": ""finely chopped tomatoes"", ""label"": ""Finely chopped tomatoes (200g)"", ""in_box"": 1}, {""name"": ""garam masala"", ""label"": ""Garam masala (1tsp)"", ""in_box"": 1}, {""name"": ""intense chicken stock mix"", ""label"": ""Intense chicken stock mix (5.5g)"", ""in_box"": 1}, {""name"": ""curry powder"", ""label"": ""Curry powder (1tbsp)"", ""in_box"": 1}, {""name"": ""garlic clove"", ""label"": ""Garlic clove"", ""in_box"": 1}, {""name"": ""brown onion"", ""label"": ""Brown onion"", ""in_box"": 1}, {""name"": ""natural yoghurt"", ""label"": ""Natural yoghurt (80g)"", ""in_box"": 1}, {""name"": ""ginger paste"", ""label"": ""Ginger paste (15g)"", ""in_box"": 1}, {""name"": ""tomato paste"", ""label"": ""Tomato paste (16g) x2"", ""in_box"": 2}, {""name"": ""coriander"", ""label"": ""Coriander (5g)"", ""in_box"": 1}, {""name"": ""spinach"", ""label"": ""Spinach (80g)"", ""in_box"": 1}]"
2026-08-04,2026-06-19,26a7507d-71c2-43ac-91ea-793d28f80834,1552,Chicken Tikka Masala With Rice,False,0.0,390,516,32.7,20.9,9.6,48.9,5.0,3.3,1.32,132,8.4,5.4,2.4,12.5,1.3,0.9,0.34,1,10,full-prep,mild,10-Minute,Gluten Free,4.3,23982,True,"[{""name"": ""cooked white long grain rice"", ""label"": ""Cooked white long grain rice (280g)"", ""in_box"": 1}, {""name"": ""Cornish clotted cream"", ""label"": ""Cornish clotted cream (40g)"", ""in_box"": 1}, {""name"": ""diced chicken breast"", ""label"": ""Diced chicken breast (250g)"", ""in_box"": 1}, {""name"": ""ground paprika"", ""label"": ""Ground paprika (1tsp)"", ""in_box"": 1}, {""name"": ""curry powder"", ""label"": ""Curry powder (1tbsp)"", ""in_box"": 1}, {""name"": ""tomato"", ""label"": ""Tomato x2"", ""in_box"": 2}, {""name"": ""ginger & garlic paste"", ""label"": ""Ginger & garlic paste (15g)"", ""in_box"": 1}, {""name"": ""chicken stock mix"", ""label"": ""Chicken stock mix (5.5g)"", ""in_box"": 1}]"
2026-08-04,2026-06-19,3925452b-6fdc-45fa-98f5-e7901f1c0011,3845,Chicken With Creamy Tomato Sauce And Harissa Mash,False,0.0,466,367,33.2,11.9,5.3,33.4,11.7,7.6,1.07,78,7.1,2.6,1.1,7.2,2.5,1.6,0.23,3,30,full-prep,spicy,Global Kitchen,Gluten Free,4,29479,True,"[{""name"": ""chicken breast portions"", ""label"": ""Chicken breast portions (2pcs)"", ""in_box"": 1}, {""name"": ""garlic clove"", ""label"": ""Garlic clove"", ""in_box"": 1}, {""name"": ""harissa paste"", ""label"": ""Harissa paste (20g)"", ""in_box"": 1}, {""name"": ""soft cheese"", ""label"": ""Soft cheese (50g)"", ""in_box"": 1}, {""name"": ""chicken stock mix"", ""label"": ""Chicken stock mix (5.5g)"", ""in_box"": 1}, {""name"": ""carrot"", ""label"": ""Carrot x2"", ""in_box"": 2}, {""name"": ""spinach"", ""label"": ""Spinach (80g)"", ""in_box"": 1}, {""name"": ""cherry tomatoes"", ""label"": ""Cherry tomatoes (125g)"", ""in_box"": 1}, {""name"": ""white potato"", ""label"": ""White potato x2"", ""in_box"": 2}]"
2026-08-04,2026-06-19,2958aefa-6001-4330-9dd0-c17acedc0e73,3954,Chip-Topped Meat-Free Mince & Thyme Pie With Peas,False,0.0,500,524,37.4,11.7,1.0,67.9,15.9,18.0,2.11,104,7.5,2.3,0.2,13.6,3.2,3.6,0.42,3,45,full-prep,no spice,Modern Bistro,Vegan; Vegetarian; Dairy Free,3.95,1554,True,"[{""name"": ""tomato paste"", ""label"": ""Tomato paste (32g)"", ""in_box"": 1}, {""name"": ""Meatless Farm mince"", ""label"": ""Meatless Farm mince (200g)"", ""in_box"": 1}, {""name"": ""garlic clove"", ""label"": ""Garlic clove x2"", ""in_box"": 2}, {""name"": ""thyme"", ""label"": ""Thyme (5g)"", ""in_box"": 1}, {""name"": ""brown onion"", ""label"": ""Brown onion"", ""in_box"": 1}, {""name"": ""blanched peas"", ""label"": ""Blanched peas (160g)"", ""in_box"": 1}, {""name"": ""vegetable stock mix"", ""label"": ""Vegetable stock mix (5.5g)"", ""in_box"": 1}, {""name"": ""carrot"", ""label"": ""Carrot"", ""in_box"": 1}, {""name"": ""Marmite"", ""label"": ""Marmite (8g)"", ""in_box"": 1}, {""name"": ""white potato"", ""label"": ""White potato x4"", ""in_box"": 4}]"
2026-08-04,2026-06-19,973bc05e-7703-4653-b8db-b56428cde945,2908,Chip-Topped Pork & Beef & Thyme Pie With Peas,False,0.0,525,618,34.9,27.2,10.2,61.1,15.0,13.2,1.25,117,6.6,5.2,1.9,11.6,2.9,2.5,0.24,3,45,full-prep,no spice,Modern Bistro,Dairy Free,4.15,8403,True,"[{""name"": ""pork & beef mince"", ""label"": ""Pork & beef mince (250g)"", ""in_box"": 1}, {""name"": ""tomato paste"", ""label"": ""Tomato paste (32g)"", ""in_box"": 1}, {""name"": ""beef stock mix"", ""label"": ""Beef stock mix (5.5g)"", ""in_box"": 1}, {""name"": ""garlic clove"", ""label"": ""Garlic clove x2"", ""in_box"": 2}, {""name"": ""thyme"", ""label"": ""Thyme (5g)"", ""in_box"": 1}, {""name"": ""brown onion"", ""label"": ""Brown onion"", ""in_box"": 1}, {""name"": ""blanched peas"", ""label"": ""Blanched peas (160g)"", ""in_box"": 1}, {""name"": ""carrot"", ""label"": ""Carrot"", ""in_box"": 1}, {""name"": ""Marmite"", ""label"": ""Marmite (8g)"", ""in_box"": 1}, {""name"": ""white potato"", ""label"": ""White potato x4"", ""in_box"": 4}]"
2026-08-04,2026-06-19,ae30d35a-b09f-4647-934a-7b28ac90984c,9017,Chipotle Mexican-Style Chicken Stew With Buttered Corn & Rice,False,0.0,463,598,39.6,17.2,4.4,71.7,8.4,5.1,1.52,129,8.6,3.7,0.9,15.5,1.8,1.1,0.33,2,40,full-prep,mild,Prepped in 5,Dairy Free; Gluten Free,4.15,919,True,"[{""name"": ""ground coriander"", ""label"": ""Ground coriander (1tsp)"", ""in_box"": 1}, {""name"": ""skinless chicken thighs"", ""label"": ""Skinless chicken thighs (320g)"", ""in_box"": 1}, {""name"": ""tomato paste"", ""label"": ""Tomato paste (32g)"", ""in_box"": 1}, {""name"": ""ground smoked paprika"", ""label"": ""Ground smoked paprika (2tsp)"", ""in_box"": 1}, {""name"": ""chipotle paste"", ""label"": ""Chipotle paste (20g)"", ""in_box"": 1}, {""name"": ""intense chicken stock mix"", ""label"": ""Intense chicken stock mix (5.5g)"", ""in_box"": 1}, {""name"": ""garlic clove"", ""label"": ""Garlic clove x2"", ""in_box"": 2}, {""name"": ""brown onion"", ""label"": ""Brown onion"", ""in_box"": 1}, {""name"": ""white long grain rice"", ""label"": ""White long grain rice (130g)"", ""in_box"": 1}, {""name"": ""lime"", ""label"": ""Lime"", ""in_box"": 1}, {""name"": ""sweetcorn cobettes"", ""label"": ""Sweetcorn cobettes (2pcs)"", ""in_box"": 1}]"
2026-08-04,2026-06-19,18663ed3-018c-46f8-91dd-19d0e50001cd,1865,Chorizo Pizza With Tomato & Salad,False,0.0,440,784,34.5,36.2,14.1,78.3,10.8,6.8,3.29,178,7.8,8.2,3.2,17.8,2.4,1.5,0.75,4,30,full-prep,mild,Takeaway Night,,4.38,6749,True,"[{""name"": ""dried oregano"", ""label"": ""Dried oregano (1tsp)"", ""in_box"": 1}, {""name"": ""flame-baked pizza bases"", ""label"": ""Flame-baked pizza bases (2pcs)"", ""in_box"": 1}, {""name"": ""tomato paste"", ""label"": ""Tomato paste (32g)"", ""in_box"": 1}, {""name"": ""diced chorizo"", ""label"": ""Diced chorizo (100g)"", ""in_box"": 1}, {""name"": ""garlic clove"", ""label"": ""Garlic clove"", ""in_box"": 1}, {""name"": ""mozzarella"", ""label"": ""Mozzarella (125g)"", ""in_box"": 1}, {""name"": ""rocket"", ""label"": ""Rocket (50g)"", ""in_box"": 1}, {""name"": ""cherry tomatoes"", ""label"": ""Cherry tomatoes (250g)"", ""in_box"": 1}, {""name"": ""balsamic vinegar"", ""label"": ""Balsamic vinegar (15ml)"", ""in_box"": 1}]"
2026-08-04,2026-06-19,42b864e3-431b-4222-9dc6-fbf1a8e0db9b,9097,Coconut Chicken Meatballs & Courgette Curry With Rice,False,0.0,374,529,33.9,14.6,9.7,67.0,7.1,5.6,1.93,141,9.1,3.9,2.6,17.9,1.9,1.5,0.52,2,25,full-prep,mild,20 minute meals,Dairy Free; Gluten Free,4.18,2262,True,"[{""name"": ""white long grain rice"", ""label"": ""White long grain rice (130g)"", ""in_box"": 1}, {""name"": ""solid creamed coconut"", ""label"": ""Solid creamed coconut (25g)"", ""in_box"": 1}, {""name"": ""seasoned chicken mince"", ""label"": ""Seasoned chicken mince (250g)"", ""in_box"": 1}, {""name"": ""garam masala"", ""label"": ""Garam masala (1tsp)"", ""in_box"": 1}, {""name"": ""intense chicken stock mix"", ""label"": ""Intense chicken stock mix (5.5g)"", ""in_box"": 1}, {""name"": ""curry powder"", ""label"": ""Curry powder (1tbsp)"", ""in_box"": 1}, {""name"": ""garlic clove"", ""label"": ""Garlic clove x3"", ""in_box"": 3}, {""name"": ""courgette"", ""label"": ""Courgette"", ""in_box"": 1}, {""name"": ""ginger paste"", ""label"": ""Ginger paste (15g)"", ""in_box"": 1}, {""name"": ""tomato paste"", ""label"": ""Tomato paste (16g) x2"", ""in_box"": 2}, {""name"": ""lime"", ""label"": ""Lime"", ""in_box"": 1}]"
2026-08-04,2026-06-19,993a324b-6762-4b52-b559-2ff369a237a4,9235,Coconut Dal With Charred Sweetcorn & Roast Tomatoes,False,0.0,412,618,24.4,14.2,10.3,103.8,14.5,17.3,1.81,149,5.9,3.4,2.5,25.2,3.5,4.2,0.44,3,25,full-prep,spicy,20 minute meals,Vegan; Vegetarian; Dairy Free; Gluten Free,4.31,199,True,"[{""name"": ""green chilli"", ""label"": ""Green chilli"", ""in_box"": 1}, {""name"": ""white basmati rice"", ""label"": ""White basmati rice (130g)"", ""in_box"": 1}, {""name"": ""solid creamed coconut"", ""label"": ""Solid creamed coconut (25g)"", ""in_box"": 1}, {""name"": ""ground turmeric"", ""label"": ""Ground turmeric (0.5tsp)"", ""in_box"": 1}, {""name"": ""red lentils"", ""label"": ""Red lentils (100g)"", ""in_box"": 1}, {""name"": "" coconut & turmeric sprinkle"", ""label"": ""coconut & turmeric sprinkle (8g)"", ""in_box"": 1}, {""name"": ""Sweetcorn"", ""label"": ""Sweetcorn (150g)"", ""in_box"": 1}, {""name"": ""intense vegetable stock mix"", ""label"": ""Intense vegetable stock mix (5.5g)"", ""in_box"": 1}, {""name"": ""curry powder"", ""label"": ""Curry powder (1tbsp)"", ""in_box"": 1}, {""name"": ""garlic clove"", ""label"": ""Garlic clove x2"", ""in_box"": 2}, {""name"": ""fresh root ginger"", ""label"": ""Fresh root ginger (15g)"", ""in_box"": 1}, {""name"": ""lime"", ""label"": ""Lime"", ""in_box"": 1}, {""name"": ""cherry tomatoes"", ""label"": ""Cherry tomatoes (250g)"", ""in_box"": 1}]"
2026-08-04,2026-06-19,7e28848a-f04b-4087-a16f-9a0de5465a69,6854,Courgette & Black Pepper Sauce With Fresh Tagliatelle,False,0.0,282,446,18.4,6.2,3.5,78.4,5.2,3.8,1.54,157,6.5,2.2,1.2,27.8,1.9,1.4,0.55,1,10,full-prep,no spice,Pasta Pronto,Vegetarian,4.15,2863,True,"[{""name"": ""fresh tagliatelle"", ""label"": ""Fresh tagliatelle (250g)"", ""in_box"": 1}, {""name"": ""intense vegetable stock mix"", ""label"": ""Intense vegetable stock mix (5.5g)"", ""in_box"": 1}, {""name"": ""garlic clove"", ""label"": ""Garlic clove x2"", ""in_box"": 2}, {""name"": ""courgette"", ""label"": ""Courgette"", ""in_box"": 1}, {""name"": ""lemon"", ""label"": ""Lemon"", ""in_box"": 1}, {""name"": ""basil"", ""label"": ""Basil (5g)"", ""in_box"": 1}, {""name"": ""grated Italian hard cheese"", ""label"": ""Grated Italian hard cheese (30g)"", ""in_box"": 1}, {""name"": ""cracked black pepper"", ""label"": ""Cracked black pepper (2.5g)"", ""in_box"": 1}]"
2026-08-04,2026-06-19,4fbda499-653a-49ea-8eef-d66601cf9c52,4706,Creamy Bacon & Spinach Sauce With Tomato & Mozzarella Tortelloni,False,0.0,240,530,29.3,24.2,10.0,49.0,5.1,3.0,2.88,220,12.2,10.1,4.2,20.4,2.1,1.3,1.2,1,10,full-prep,no spice,Pasta Pronto,,4.11,6672,True,"[{""name"": ""cornflour"", ""label"": ""Cornflour (1tsp)"", ""in_box"": 1}, {""name"": ""bacon lardons"", ""label"": ""Bacon lardons (100g)"", ""in_box"": 1}, {""name"": ""garlic clove"", ""label"": ""Garlic clove x2"", ""in_box"": 2}, {""name"": ""tomato & mozzarella tortelloni"", ""label"": ""Tomato & mozzarella tortelloni (250g)"", ""in_box"": 1}, {""name"": ""basil"", ""label"": ""Basil (5g)"", ""in_box"": 1}, {""name"": ""grated Italian hard cheese"", ""label"": ""Grated Italian hard cheese (30g)"", ""in_box"": 1}, {""name"": ""spinach"", ""label"": ""Spinach (80g)"", ""in_box"": 1}]"
2026-08-04,2026-06-19,981b5c4f-749c-4ea8-8360-616f4fbc31dd,7464,"Creamy Bacon, Leek And Pea Wholewheat Tortiglioni",False,0.0,337,546,30.9,19.3,8.8,66.2,11.8,13.3,2.96,162,9.2,5.7,2.6,19.7,3.5,3.9,0.88,2,30,full-prep,no spice,Calorie Controlled,,4.24,1607,True,"[{""name"": ""leek"", ""label"": ""Leek"", ""in_box"": 1}, {""name"": ""bacon lardons"", ""label"": ""Bacon lardons (100g)"", ""in_box"": 1}, {""name"": ""intense chicken stock mix"", ""label"": ""Intense chicken stock mix (5.5g)"", ""in_box"": 1}, {""name"": ""garlic clove"", ""label"": ""Garlic clove x3"", ""in_box"": 3}, {""name"": ""wholewheat tortiglioni"", ""label"": ""Wholewheat tortiglioni (150g)"", ""in_box"": 1}, {""name"": ""blanched peas"", ""label"": ""Blanched peas (160g)"", ""in_box"": 1}, {""name"": ""lighter cheese"", ""label"": ""Lighter cheese (30g)"", ""in_box"": 1}, {""name"": ""soft cheese"", ""label"": ""Soft cheese (50g)"", ""in_box"": 1}]"
2026-08-04,2026-06-19,f6fa4e4c-57e8-4c5c-bdb3-69f35b8cb25b,8244,Creamy Buldak Chicken Thigh Carbonara Noodles,False,0.0,296,643,39.5,26.7,12.3,62.2,7.9,2.3,2.5,217,13.3,9.0,4.2,21.0,2.7,0.8,0.84,1,10,full-prep,spicy,10-Minute,,4.26,511,True,"[{""name"": ""dried chilli flakes"", ""label"": ""Dried chilli flakes (0.5tsp)"", ""in_box"": 1}, {""name"": ""medium egg noodle nests"", ""label"": ""Medium egg noodle nests (2pcs)"", ""in_box"": 1}, {""name"": ""gochujang paste"", ""label"": ""Gochujang paste (30g)"", ""in_box"": 1}, {""name"": ""diced chicken thigh"", ""label"": ""Diced chicken thigh (250g)"", ""in_box"": 1}, {""name"": ""cheddar cheese"", ""label"": ""Cheddar cheese (40g)"", ""in_box"": 1}, {""name"": ""garlic clove"", ""label"": ""Garlic clove"", ""in_box"": 1}, {""name"": ""soft cheese"", ""label"": ""Soft cheese (50g)"", ""in_box"": 1}, {""name"": ""chicken stock mix"", ""label"": ""Chicken stock mix (5.5g)"", ""in_box"": 1}, {""name"": ""spinach"", ""label"": ""Spinach (80g)"", ""in_box"": 1}]"
2026-08-04,2026-06-19,17aa1a30-8134-4c29-ac53-a2b7f3d064d4,3083,Creamy Chicken & Pesto Wholewheat Tortiglioni With Basil,False,0.0,355,685,46.0,31.8,11.9,57.2,6.4,7.8,1.98,192,13.0,8.9,3.4,16.1,1.8,2.2,0.56,1,25,full-prep,no spice,20 minute meals,,4.33,3609,True,"[{""name"": ""chicken breast strips"", ""label"": ""Chicken breast strips (250g)"", ""in_box"": 1}, {""name"": ""cheddar cheese"", ""label"": ""Cheddar cheese (40g)"", ""in_box"": 1}, {""name"": ""wholewheat tortiglioni"", ""label"": ""Wholewheat tortiglioni (150g)"", ""in_box"": 1}, {""name"": ""soft cheese"", ""label"": ""Soft cheese (50g)"", ""in_box"": 1}, {""name"": ""basil"", ""label"": ""Basil (10g)"", ""in_box"": 1}, {""name"": ""chicken stock mix"", ""label"": ""Chicken stock mix (5.5g)"", ""in_box"": 1}, {""name"": ""traditional Italian pesto"", ""label"": ""Traditional Italian pesto (45g)"", ""in_box"": 1}, {""name"": ""spinach"", ""label"": ""Spinach (80g)"", ""in_box"": 1}, {""name"": ""red onion"", ""label"": ""Red onion"", ""in_box"": 1}]"
2026-08-04,2026-06-19,cecffa40-54f1-47cb-a53b-ac149548b002,5961,Creamy Chicken Potato-Topped Pie,False,0.0,510,433,35.4,11.6,5.2,50.0,10.1,9.2,1.89,84,6.9,2.3,1.0,9.8,2.0,1.8,0.37,1,55,full-prep,no spice,Modern Bistro,,4.5,7856,True,"[{""name"": ""chicken breast strips"", ""label"": ""Chicken breast strips (250g)"", ""in_box"": 1}, {""name"": ""shredded kale"", ""label"": ""Shredded kale (120g)"", ""in_box"": 1}, {""name"": ""intense vegetable stock mix"", ""label"": ""Intense vegetable stock mix (5.5g)"", ""in_box"": 1}, {""name"": ""garlic clove"", ""label"": ""Garlic clove x2"", ""in_box"": 2}, {""name"": ""brown onion"", ""label"": ""Brown onion"", ""in_box"": 1}, {""name"": ""soft cheese"", ""label"": ""Soft cheese (50g)"", ""in_box"": 1}, {""name"": ""carrot"", ""label"": ""Carrot"", ""in_box"": 1}, {""name"": ""white potato"", ""label"": ""White potato x4"", ""in_box"": 4}, {""name"": ""Dijon mustard"", ""label"": ""Dijon mustard (5.5g)"", ""in_box"": 1}]"
2026-08-04,2026-06-19,bd699ab9-9c01-4ae6-81a6-236b64af0ba5,11064,Creamy Chorizo & Butternut Squash Farfalle,False,0.0,,715,25.3,31.7,,87.6,,5.0,2.56,,,,,,,,,1,25,full-prep,mild,20 minute meals,,4.44,1025,True,
2026-08-04,2026-06-19,015fa285-d628-475c-889c-b70b0b76d6dd,5855,Creamy Corn Conchiglie,False,0.0,256,595,21.0,16.5,9.4,90.3,13.1,7.1,1.9,232,8.2,6.4,3.7,35.3,5.1,2.8,0.74,2,25,full-prep,mild,20 minute meals,Vegetarian,4.43,7938,True,"[{""name"": ""dried oregano"", ""label"": ""Dried oregano (1tsp)"", ""in_box"": 1}, {""name"": ""ground smoked paprika"", ""label"": ""Ground smoked paprika (1tsp)"", ""in_box"": 1}, {""name"": ""Sweetcorn"", ""label"": ""Sweetcorn (150g)"", ""in_box"": 1}, {""name"": ""intense vegetable stock mix"", ""label"": ""Intense vegetable stock mix (5.5g)"", ""in_box"": 1}, {""name"": ""cheddar cheese"", ""label"": ""Cheddar cheese (40g)"", ""in_box"": 1}, {""name"": ""garlic clove"", ""label"": ""Garlic clove x2"", ""in_box"": 2}, {""name"": ""shallot"", ""label"": ""Shallot"", ""in_box"": 1}, {""name"": ""soft cheese"", ""label"": ""Soft cheese (50g)"", ""in_box"": 1}, {""name"": ""tomato paste"", ""label"": ""Tomato paste (16g) x2"", ""in_box"": 2}, {""name"": ""conchiglie"", ""label"": ""Conchiglie (200g)"", ""in_box"": 1}]"
2026-08-04,2026-06-19,6e4b0cca-5fd5-48f1-b587-f7f74ea2aa4e,15262,"Creamy Harissa, Sweet Potato & Greek Cheese Grain Bowl",False,0.0,,671,26.8,26.8,,75.2,,15.0,1.65,,,,,,,,,3,10,full-prep,spicy,No Cook,Vegetarian,0,0,True,
2026-08-04,2026-06-19,a2ca4894-3614-44d6-99ed-04d272bf0db0,6744,Creamy Lemon & Asparagus Sauce With Fresh Tagliatelle,False,0.0,311,526,20.2,13.9,8.7,79.5,5.2,5.0,1.57,168,6.5,4.5,2.8,25.6,1.7,1.6,0.51,1,10,full-prep,no spice,Pasta Pronto,Vegetarian,4.21,5863,True,"[{""name"": ""crème fraîche"", ""label"": ""Crème fraîche (80g)"", ""in_box"": 1}, {""name"": ""asparagus spears"", ""label"": ""Asparagus spears (120g)"", ""in_box"": 1}, {""name"": ""fresh tagliatelle"", ""label"": ""Fresh tagliatelle (250g)"", ""in_box"": 1}, {""name"": ""intense vegetable stock mix"", ""label"": ""Intense vegetable stock mix (5.5g)"", ""in_box"": 1}, {""name"": ""garlic clove"", ""label"": ""Garlic clove x2"", ""in_box"": 2}, {""name"": ""lemon"", ""label"": ""Lemon"", ""in_box"": 1}, {""name"": ""basil"", ""label"": ""Basil (5g)"", ""in_box"": 1}, {""name"": ""grated Italian hard cheese"", ""label"": ""Grated Italian hard cheese (30g)"", ""in_box"": 1}, {""name"": ""rocket"", ""label"": ""Rocket (20g)"", ""in_box"": 1}]"
2026-08-04,2026-06-19,3e64ee93-b62f-4bf0-a71f-251543e9eed7,7852,Creamy Mustard Salmon With Crushed Potatoes And Greens,True,2.25,,503,31.4,27.4,,35.0,,7.3,1.34,,,,,,,,,2,10,full-prep,no spice,Gastropub,Gluten Free,4.57,2664,True,
2026-08-04,2026-06-19,d0d5c7fa-2994-44f9-8249-b3866a90ffa4,2001,"Creamy Pesto, Chicken Thigh & Spinach Spaghetti",False,0.0,333,808,43.5,37.2,12.4,73.3,5.3,3.8,2.56,242,13.1,11.2,3.7,22.0,1.6,1.1,0.77,1,10,full-prep,no spice,10-Minute,,4.28,39544,True,"[{""name"": ""diced chicken thigh"", ""label"": ""Diced chicken thigh (250g)"", ""in_box"": 1}, {""name"": ""intense chicken stock mix"", ""label"": ""Intense chicken stock mix (5.5g)"", ""in_box"": 1}, {""name"": ""roasted garlic paste"", ""label"": ""Roasted garlic paste (15g)"", ""in_box"": 1}, {""name"": ""grated Italian hard cheese"", ""label"": ""Grated Italian hard cheese (30g)"", ""in_box"": 1}, {""name"": ""soft cheese"", ""label"": ""Soft cheese (50g)"", ""in_box"": 1}, {""name"": ""traditional Italian pesto"", ""label"": ""Traditional Italian pesto (45g)"", ""in_box"": 1}, {""name"": ""spinach"", ""label"": ""Spinach (80g)"", ""in_box"": 1}, {""name"": ""spaghetti"", ""label"": ""Spaghetti (190g)"", ""in_box"": 1}]"
2026-08-04,2026-06-19,083c4860-595d-4828-96f3-c1f54f76a05a,13132,Creamy Tuna Pasta Bake,False,0.0,288,598,38.5,10.3,5.4,91.1,5.1,3.9,1.69,207,13.3,3.6,1.9,31.6,1.8,1.3,0.59,1,30,full-prep,no spice,Modern Bistro,,4.15,957,True,"[{""name"": ""garden veg mix"", ""label"": ""Garden veg mix (160g)"", ""in_box"": 1}, {""name"": ""panko breadcrumbs"", ""label"": ""Panko breadcrumbs (20g)"", ""in_box"": 1}, {""name"": ""tuna chunks in spring water"", ""label"": ""Tuna chunks in spring water (145g)"", ""in_box"": 1}, {""name"": ""cheddar cheese"", ""label"": ""Cheddar cheese (40g)"", ""in_box"": 1}, {""name"": ""garlic clove"", ""label"": ""Garlic clove"", ""in_box"": 1}, {""name"": ""vegetable stock mix"", ""label"": ""Vegetable stock mix (5.5g)"", ""in_box"": 1}, {""name"": ""farfalle"", ""label"": ""Farfalle (200g)"", ""in_box"": 1}]"
2026-08-04,2026-06-19,ab7e5ac3-ee14-4c0f-9254-447fe06d87be,3921,Crispy Basa Burger With Wedges And Homemade Zingy Slaw,False,0.0,552,656,30.1,25.2,2.3,77.8,9.2,7.5,2.01,118,5.5,4.6,0.4,14.1,1.7,1.4,0.36,2,40,full-prep,no spice,Takeaway Night,Dairy Free,4.44,5291,True,"[{""name"": ""basa fillets"", ""label"": ""Basa fillets (2pcs)"", ""in_box"": 1}, {""name"": ""mayonnaise"", ""label"": ""Mayonnaise (50ml)"", ""in_box"": 1}, {""name"": ""cornflour"", ""label"": ""Cornflour (4tbsp)"", ""in_box"": 1}, {""name"": ""brioche style buns"", ""label"": ""Brioche style buns (2pcs)"", ""in_box"": 1}, {""name"": ""shallot"", ""label"": ""Shallot"", ""in_box"": 1}, {""name"": ""lemon"", ""label"": ""Lemon"", ""in_box"": 1}, {""name"": ""cucumber"", ""label"": ""Cucumber (0.5pcs)"", ""in_box"": 1}, {""name"": ""soy sauce"", ""label"": ""Soy sauce (15ml)"", ""in_box"": 1}, {""name"": ""gem lettuce"", ""label"": ""Gem lettuce"", ""in_box"": 1}, {""name"": ""white potato"", ""label"": ""White potato x3"", ""in_box"": 3}]"
2026-08-04,2026-06-19,59a5edf0-c6b4-4cad-9427-ca6babbc4006,5385,Crispy Chicken Katsu Curry Burritos,False,0.0,433,760,44.2,22.5,13.2,92.3,13.3,8.7,2.67,175,10.2,5.2,3.1,21.3,3.1,2.0,0.62,2,45,full-prep,mild,Takeaway Night,Dairy Free,4.23,19742,True,"[{""name"": ""solid creamed coconut"", ""label"": ""Solid creamed coconut (25g)"", ""in_box"": 1}, {""name"": ""plain tortillas"", ""label"": ""Plain tortillas (4pcs)"", ""in_box"": 1}, {""name"": ""chicken breast strips"", ""label"": ""Chicken breast strips (250g)"", ""in_box"": 1}, {""name"": ""panko breadcrumbs"", ""label"": ""Panko breadcrumbs (40g)"", ""in_box"": 1}, {""name"": ""curry powder"", ""label"": ""Curry powder (1tbsp)"", ""in_box"": 1}, {""name"": ""brown onion"", ""label"": ""Brown onion"", ""in_box"": 1}, {""name"": ""ginger & garlic paste"", ""label"": ""Ginger & garlic paste (15g)"", ""in_box"": 1}, {""name"": ""carrot"", ""label"": ""Carrot"", ""in_box"": 1}, {""name"": ""soy sauce"", ""label"": ""Soy sauce (15ml)"", ""in_box"": 1}, {""name"": ""gem lettuce"", ""label"": ""Gem lettuce"", ""in_box"": 1}]"
2026-08-04,2026-06-19,38ff39e3-5bf6-468b-9d90-c4522af05d08,8294,Crispy Gnocchi With Creamy Tarragon Sauce & Asparagus,False,0.0,389,518,19.1,18.2,5.8,70.9,7.8,9.2,2.27,133,4.9,4.7,1.5,18.2,2.0,2.4,0.58,2,25,full-prep,no spice,20 minute meals,Vegetarian,4.27,2245,True,"[{""name"": ""asparagus spears"", ""label"": ""Asparagus spears (120g)"", ""in_box"": 1}, {""name"": ""gnocchi"", ""label"": ""Gnocchi (350g)"", ""in_box"": 1}, {""name"": ""garlic clove"", ""label"": ""Garlic clove x2"", ""in_box"": 2}, {""name"": ""parsley and tarragon pesto"", ""label"": ""Parsley and tarragon pesto (40g)"", ""in_box"": 1}, {""name"": ""shallot"", ""label"": ""Shallot"", ""in_box"": 1}, {""name"": ""blanched peas"", ""label"": ""Blanched peas (160g)"", ""in_box"": 1}, {""name"": ""vegetable stock mix"", ""label"": ""Vegetable stock mix (5.5g)"", ""in_box"": 1}, {""name"": ""soft cheese"", ""label"": ""Soft cheese (50g)"", ""in_box"": 1}, {""name"": ""rocket"", ""label"": ""Rocket (20g)"", ""in_box"": 1}]"
2026-08-04,2026-06-19,ab7a9cbe-fd32-4298-8671-09fa0f8713ef,576,Crispy Mushroom Dal With Coriander Chutney,False,0.0,368,413,22.8,12.8,8.9,49.0,9.1,20.6,2.02,112,6.2,3.5,2.4,13.3,2.5,5.6,0.55,3,30,full-prep,mild,Fibre Fix,Vegan; Vegetarian; Dairy Free; Gluten Free,4.43,27039,True,"[{""name"": ""solid creamed coconut"", ""label"": ""Solid creamed coconut (25g)"", ""in_box"": 1}, {""name"": ""dried chilli flakes"", ""label"": ""Dried chilli flakes (0.5tsp)"", ""in_box"": 1}, {""name"": ""red lentils"", ""label"": ""Red lentils (100g)"", ""in_box"": 1}, {""name"": ""intense vegetable stock mix"", ""label"": ""Intense vegetable stock mix (5.5g)"", ""in_box"": 1}, {""name"": ""curry powder"", ""label"": ""Curry powder (1tbsp)"", ""in_box"": 1}, {""name"": ""garlic clove"", ""label"": ""Garlic clove"", ""in_box"": 1}, {""name"": ""flat white mushrooms"", ""label"": ""Flat white mushrooms (150g)"", ""in_box"": 1}, {""name"": ""fresh root ginger"", ""label"": ""Fresh root ginger (15g)"", ""in_box"": 1}, {""name"": ""coriander"", ""label"": ""Coriander (10g) x2"", ""in_box"": 2}, {""name"": ""chickpeas"", ""label"": ""Chickpeas (390g)"", ""in_box"": 1}, {""name"": ""brown onion"", ""label"": ""Brown onion x2"", ""in_box"": 2}, {""name"": ""rice vinegar"", ""label"": ""Rice vinegar (15ml)"", ""in_box"": 1}]"
2026-08-04,2026-06-19,bde9ee59-799a-4136-b91d-e3b8de9b22ad,1144,Crispy Smoky Basa With Creamed Leeks,False,0.0,386,285,24.4,3.2,1.1,41.5,5.8,6.9,1.53,73,6.3,0.8,0.3,10.7,1.5,1.8,0.4,1,40,full-prep,no spice,Modern Bistro,Dairy Free,4.15,22079,True,"[{""name"": ""leek"", ""label"": ""Leek"", ""in_box"": 1}, {""name"": ""panko breadcrumbs"", ""label"": ""Panko breadcrumbs (20g)"", ""in_box"": 1}, {""name"": ""garlic clove"", ""label"": ""Garlic clove"", ""in_box"": 1}, {""name"": ""smoked basa fillets"", ""label"": ""Smoked basa fillets (2pcs)"", ""in_box"": 1}, {""name"": ""fine green beans"", ""label"": ""Fine green beans (80g)"", ""in_box"": 1}, {""name"": ""white potato"", ""label"": ""White potato x3"", ""in_box"": 3}, {""name"": ""Dijon mustard"", ""label"": ""Dijon mustard (5.5g)"", ""in_box"": 1}]"
2026-08-04,2026-06-19,ce8829f8-4d4e-4604-bf3a-e85a320f8fe3,8290,Curried Chickpea Shakshuka With Cumin Butter Naan,False,0.0,465,576,27.9,14.2,3.4,80.0,19.7,11.8,2.5,123,6.0,3.1,0.7,17.2,4.2,2.5,0.54,3,30,full-prep,spicy,Veg Boost,Vegetarian,4.31,1232,True,"[{""name"": ""green chilli"", ""label"": ""Green chilli"", ""in_box"": 1}, {""name"": ""ground turmeric"", ""label"": ""Ground turmeric (0.5tsp)"", ""in_box"": 1}, {""name"": ""free range egg"", ""label"": ""Free range egg x2"", ""in_box"": 2}, {""name"": ""cumin seeds"", ""label"": ""Cumin seeds (1tsp)"", ""in_box"": 1}, {""name"": ""curry powder"", ""label"": ""Curry powder (1tbsp)"", ""in_box"": 1}, {""name"": ""garlic clove"", ""label"": ""Garlic clove x2"", ""in_box"": 2}, {""name"": ""chickpeas"", ""label"": ""Chickpeas (390g)"", ""in_box"": 1}, {""name"": ""brown onion"", ""label"": ""Brown onion"", ""in_box"": 1}, {""name"": ""natural yoghurt"", ""label"": ""Natural yoghurt (80g)"", ""in_box"": 1}, {""name"": ""plain naan"", ""label"": ""Plain naan (2pcs)"", ""in_box"": 1}, {""name"": ""vegetable stock mix"", ""label"": ""Vegetable stock mix (5.5g)"", ""in_box"": 1}, {""name"": ""ginger paste"", ""label"": ""Ginger paste (15g)"", ""in_box"": 1}, {""name"": ""coriander"", ""label"": ""Coriander (5g)"", ""in_box"": 1}, {""name"": ""sultanas"", ""label"": ""Sultanas (30g)"", ""in_box"": 1}, {""name"": ""spinach"", ""label"": ""Spinach (120g)"", ""in_box"": 1}]"
2026-08-04,2026-06-19,f3340a0c-04f1-4fda-9485-a2a3a161f748,2195,"Duck Breast W. Hasselback Potatoes, Caramelised Shallot & Fig Jus",True,3.0,454,522,30.5,26.1,6.8,44.2,12.7,8.4,0.96,114,6.7,5.7,1.5,9.7,2.8,1.8,0.21,1,45,full-prep,no spice,Fine Dine In,Dairy Free; Gluten Free,4.41,567,True,"[{""name"": ""waxy potatoes"", ""label"": ""Waxy potatoes (350g)"", ""in_box"": 1}, {""name"": ""duck breast portions"", ""label"": ""Duck breast portions (2pcs)"", ""in_box"": 1}, {""name"": ""garlic clove"", ""label"": ""Garlic clove x2"", ""in_box"": 2}, {""name"": ""Dried bay leaf"", ""label"": ""Dried bay leaf x2"", ""in_box"": 2}, {""name"": ""thyme"", ""label"": ""Thyme (5g)"", ""in_box"": 1}, {""name"": ""shallot"", ""label"": ""Shallot x3"", ""in_box"": 3}, {""name"": ""gravy base"", ""label"": ""Gravy base (14g)"", ""in_box"": 1}, {""name"": ""Tenderstem broccoli"", ""label"": ""Tenderstem broccoli (160g)"", ""in_box"": 1}, {""name"": ""fig relish"", ""label"": ""Fig relish (25g)"", ""in_box"": 1}]"
2026-08-04,2026-06-19,5e8c2037-edc8-4730-bf2b-7a73fe6ee608,2993,Easy King Prawn Biryani,False,0.0,340,441,24.3,4.3,1.8,72.4,22.4,5.4,2.7,129,7.1,1.3,0.5,21.3,6.6,1.6,0.79,2,30,full-prep,mild,Global Kitchen,Gluten Free,4.26,4703,True,"[{""name"": ""raw peeled king prawns"", ""label"": ""Raw peeled king prawns (171g)"", ""in_box"": 1}, {""name"": ""white basmati rice"", ""label"": ""White basmati rice (130g)"", ""in_box"": 1}, {""name"": ""intense vegetable stock mix"", ""label"": ""Intense vegetable stock mix (5.5g)"", ""in_box"": 1}, {""name"": ""curry powder"", ""label"": ""Curry powder (1tbsp)"", ""in_box"": 1}, {""name"": ""brown onion"", ""label"": ""Brown onion"", ""in_box"": 1}, {""name"": ""natural yoghurt"", ""label"": ""Natural yoghurt (80g) x2"", ""in_box"": 2}, {""name"": ""tomato paste"", ""label"": ""Tomato paste (16g)"", ""in_box"": 1}, {""name"": ""sultanas"", ""label"": ""Sultanas (30g)"", ""in_box"": 1}, {""name"": ""fine green beans"", ""label"": ""Fine green beans (80g)"", ""in_box"": 1}]"
2026-08-04,2026-06-19,b06780c9-bbb4-475d-a798-7e491c32e489,286,Easy Lamb Biryani,False,0.0,340,605,35.2,19.5,8.7,68.5,18.8,4.9,1.86,177,10.4,5.7,2.5,20.2,5.5,1.4,0.55,2,25,full-prep,mild,20 minute meals,Gluten Free,4.37,32195,True,"[{""name"": ""white basmati rice"", ""label"": ""White basmati rice (130g)"", ""in_box"": 1}, {""name"": ""intense chicken stock mix"", ""label"": ""Intense chicken stock mix (5.5g)"", ""in_box"": 1}, {""name"": ""curry powder"", ""label"": ""Curry powder (1tbsp)"", ""in_box"": 1}, {""name"": ""brown onion"", ""label"": ""Brown onion"", ""in_box"": 1}, {""name"": ""natural yoghurt"", ""label"": ""Natural yoghurt (80g)"", ""in_box"": 1}, {""name"": ""lamb mince"", ""label"": ""Lamb mince (250g)"", ""in_box"": 1}, {""name"": ""tomato paste"", ""label"": ""Tomato paste (16g)"", ""in_box"": 1}, {""name"": ""sultanas"", ""label"": ""Sultanas (30g)"", ""in_box"": 1}, {""name"": ""fine green beans"", ""label"": ""Fine green beans (80g)"", ""in_box"": 1}]"
2026-08-04,2026-06-19,bb2231a1-74bf-4dad-a76c-a48f060213ac,7201,Extra Easy Margherita Pizza With Chilli Oil And Cucumber Salad,False,0.0,354,577,24.5,18.6,8.4,75.6,8.4,6.2,1.54,163,6.9,5.3,2.4,21.4,2.4,1.7,0.43,3,30,full-prep,spicy,Family Kitchen,Vegetarian,4.34,7784,True,"[{""name"": ""dried oregano"", ""label"": ""Dried oregano (1tsp)"", ""in_box"": 1}, {""name"": ""dried chilli flakes"", ""label"": ""Dried chilli flakes (0.5tsp)"", ""in_box"": 1}, {""name"": ""flame-baked pizza bases"", ""label"": ""Flame-baked pizza bases (2pcs)"", ""in_box"": 1}, {""name"": ""garlic clove"", ""label"": ""Garlic clove"", ""in_box"": 1}, {""name"": ""basil"", ""label"": ""Basil (5g)"", ""in_box"": 1}, {""name"": ""mozzarella"", ""label"": ""Mozzarella (125g)"", ""in_box"": 1}, {""name"": ""tomato paste"", ""label"": ""Tomato paste (16g) x4"", ""in_box"": 4}, {""name"": ""cucumber"", ""label"": ""Cucumber (0.5pcs)"", ""in_box"": 1}, {""name"": ""rocket"", ""label"": ""Rocket (20g)"", ""in_box"": 1}, {""name"": ""balsamic vinegar"", ""label"": ""Balsamic vinegar (15ml)"", ""in_box"": 1}]"
2026-08-04,2026-06-19,3ff4ec36-7137-4195-8a90-8d303ae4d976,1104,Filipino-Style Chicken Thigh Adobo With Rice,False,0.0,399,592,40.1,16.8,4.4,69.6,5.6,5.0,2.88,148,10.0,4.2,1.1,17.4,1.4,1.3,0.72,1,35,full-prep,no spice,Global Kitchen,Dairy Free,4.23,14557,True,"[{""name"": ""spring onion"", ""label"": ""Spring onion"", ""in_box"": 1}, {""name"": ""skinless chicken thighs"", ""label"": ""Skinless chicken thighs (320g)"", ""in_box"": 1}, {""name"": ""cornflour"", ""label"": ""Cornflour (1tbsp)"", ""in_box"": 1}, {""name"": ""cider vinegar"", ""label"": ""Cider vinegar (30ml)"", ""in_box"": 1}, {""name"": ""garlic clove"", ""label"": ""Garlic clove x2"", ""in_box"": 2}, {""name"": ""Dried bay leaf"", ""label"": ""Dried bay leaf x2"", ""in_box"": 2}, {""name"": ""brown onion"", ""label"": ""Brown onion"", ""in_box"": 1}, {""name"": ""white long grain rice"", ""label"": ""White long grain rice (130g)"", ""in_box"": 1}, {""name"": ""ginger paste"", ""label"": ""Ginger paste (15g)"", ""in_box"": 1}, {""name"": ""Tenderstem broccoli"", ""label"": ""Tenderstem broccoli (160g)"", ""in_box"": 1}, {""name"": ""soy sauce"", ""label"": ""Soy sauce (30ml)"", ""in_box"": 1}]"
2026-08-04,2026-06-19,af8e70d4-d164-45fd-991a-24aea2d2de04,980,Fragrant Chicken Saag Masala With Pilau Rice,False,0.0,322,433,36.0,5.1,1.3,64.6,5.2,4.8,1.34,134,11.2,1.6,0.4,20.1,1.6,1.5,0.41,3,45,full-prep,spicy,Global Kitchen,Gluten Free; Dairy Free,4.25,33350,True,"[{""name"": ""white long grain rice"", ""label"": ""White long grain rice (130g)"", ""in_box"": 1}, {""name"": ""chicken breast strips"", ""label"": ""Chicken breast strips (250g)"", ""in_box"": 1}, {""name"": ""dried chilli flakes"", ""label"": ""Dried chilli flakes (1tsp)"", ""in_box"": 1}, {""name"": ""intense chicken stock mix"", ""label"": ""Intense chicken stock mix (5.5g)"", ""in_box"": 1}, {""name"": ""garlic clove"", ""label"": ""Garlic clove x2"", ""in_box"": 2}, {""name"": ""garam masala"", ""label"": ""Garam masala (1tbsp)"", ""in_box"": 1}, {""name"": ""brown onion"", ""label"": ""Brown onion"", ""in_box"": 1}, {""name"": ""tomato paste"", ""label"": ""Tomato paste (16g) x2"", ""in_box"": 2}, {""name"": ""coriander"", ""label"": ""Coriander (5g)"", ""in_box"": 1}, {""name"": ""cardamom pod"", ""label"": ""Cardamom pod x3"", ""in_box"": 3}, {""name"": ""spinach"", ""label"": ""Spinach (120g)"", ""in_box"": 1}]"
2026-08-04,2026-06-19,f67b6442-9e81-48af-816a-11ae78acd4b9,1136,"Fragrant Lamb With Chilli, Ginger & Spinach",False,0.0,354,558,33.0,19.0,8.1,62.4,12.9,3.1,2.74,157,9.3,5.4,2.3,17.6,3.6,0.9,0.77,2,30,full-prep,spicy,Global Kitchen,Dairy Free,4.23,6866,True,"[{""name"": ""cumin seeds"", ""label"": ""Cumin seeds (1tsp)"", ""in_box"": 1}, {""name"": ""spring onion"", ""label"": ""Spring onion"", ""in_box"": 1}, {""name"": ""red chilli"", ""label"": ""Red chilli"", ""in_box"": 1}, {""name"": ""ground cumin"", ""label"": ""Ground cumin (1tbsp)"", ""in_box"": 1}, {""name"": ""garlic clove"", ""label"": ""Garlic clove x2"", ""in_box"": 2}, {""name"": ""fresh root ginger"", ""label"": ""Fresh root ginger (15g)"", ""in_box"": 1}, {""name"": ""Chinese rice wine"", ""label"": ""Chinese rice wine (30ml)"", ""in_box"": 1}, {""name"": ""brown onion"", ""label"": ""Brown onion"", ""in_box"": 1}, {""name"": ""white long grain rice"", ""label"": ""White long grain rice (100g)"", ""in_box"": 1}, {""name"": ""lamb mince"", ""label"": ""Lamb mince (250g)"", ""in_box"": 1}, {""name"": ""coriander"", ""label"": ""Coriander (5g)"", ""in_box"": 1}, {""name"": ""soy sauce"", ""label"": ""Soy sauce (30ml)"", ""in_box"": 1}, {""name"": ""spinach"", ""label"": ""Spinach (120g)"", ""in_box"": 1}, {""name"": ""honey"", ""label"": ""Honey (25g)"", ""in_box"": 1}]"
2026-08-04,2026-06-19,f0a184d6-f08d-4f77-b7ed-cda38e07aa5a,5792,Garlic & Coriander Butter Chicken Thigh Burritos,False,0.0,429,866,44.0,23.7,8.1,121.5,10.8,6.5,2.11,201,10.3,5.5,1.9,28.3,2.5,1.5,0.49,2,35,full-prep,spicy,Global Kitchen,,4.31,14032,True,"[{""name"": ""white basmati rice"", ""label"": ""White basmati rice (100g)"", ""in_box"": 1}, {""name"": ""plain tortillas"", ""label"": ""Plain tortillas (4pcs)"", ""in_box"": 1}, {""name"": ""diced chicken thigh"", ""label"": ""Diced chicken thigh (250g)"", ""in_box"": 1}, {""name"": ""curry powder"", ""label"": ""Curry powder (1tbsp)"", ""in_box"": 1}, {""name"": ""garlic clove"", ""label"": ""Garlic clove"", ""in_box"": 1}, {""name"": ""garam masala"", ""label"": ""Garam masala (1tbsp)"", ""in_box"": 1}, {""name"": ""coriander"", ""label"": ""Coriander (10g)"", ""in_box"": 1}, {""name"": ""shallot"", ""label"": ""Shallot"", ""in_box"": 1}, {""name"": ""natural yoghurt"", ""label"": ""Natural yoghurt (80g)"", ""in_box"": 1}, {""name"": ""ginger & garlic paste"", ""label"": ""Ginger & garlic paste (15g)"", ""in_box"": 1}, {""name"": ""tomato paste"", ""label"": ""Tomato paste (16g) x2"", ""in_box"": 2}, {""name"": ""chicken stock mix"", ""label"": ""Chicken stock mix (5.5g)"", ""in_box"": 1}, {""name"": ""spinach"", ""label"": ""Spinach (80g)"", ""in_box"": 1}, {""name"": ""cardamom pod"", ""label"": ""Cardamom pod"", ""in_box"": 1}]"
2026-08-04,2026-06-19,01e14ef4-ff5c-4a15-bb61-9369a35dbdeb,4111,Garlicky Breaded Basa With Waxy Potatoes & Garden Veg,False,0.0,480,493,31.8,17.9,9.4,50.6,6.8,3.3,0.2,102,6.6,3.7,2.0,10.5,1.4,0.7,0.04,1,35,full-prep,no spice,Modern Bistro,,4.26,884,True,"[{""name"": ""garden veg mix"", ""label"": ""Garden veg mix (160g)"", ""in_box"": 1}, {""name"": ""waxy potatoes"", ""label"": ""Waxy potatoes (350g)"", ""in_box"": 1}, {""name"": ""basa fillets"", ""label"": ""Basa fillets (2pcs)"", ""in_box"": 1}, {""name"": ""Cornish clotted cream"", ""label"": ""Cornish clotted cream (40g)"", ""in_box"": 1}, {""name"": ""panko breadcrumbs"", ""label"": ""Panko breadcrumbs (40g)"", ""in_box"": 1}, {""name"": ""garlic clove"", ""label"": ""Garlic clove"", ""in_box"": 1}, {""name"": ""parsley"", ""label"": ""Parsley (5g)"", ""in_box"": 1}, {""name"": ""lemon"", ""label"": ""Lemon"", ""in_box"": 1}, {""name"": ""free range egg"", ""label"": ""Free range egg"", ""in_box"": 1}]"
2026-08-04,2026-06-19,50a475ff-0490-4fa0-8d35-5f0657d32fdc,3095,Ginger Chicken Thigh Udon Stir-Fry,False,0.0,486,620,35.8,21.0,5.7,71.9,9.1,5.6,2.44,127,7.4,4.3,1.2,14.8,1.9,1.1,0.5,1,10,full-prep,mild,10-Minute,Dairy Free,4.28,9384,True,"[{""name"": ""sriracha hot chilli sauce"", ""label"": ""Sriracha hot chilli sauce (8ml)"", ""in_box"": 1}, {""name"": ""diced chicken thigh"", ""label"": ""Diced chicken thigh (250g)"", ""in_box"": 1}, {""name"": ""toasted sesame oil"", ""label"": ""Toasted sesame oil (10ml)"", ""in_box"": 1}, {""name"": ""blanched peas"", ""label"": ""Blanched peas (160g)"", ""in_box"": 1}, {""name"": ""crispy onions"", ""label"": ""Crispy onions (15g)"", ""in_box"": 1}, {""name"": ""udon noodles"", ""label"": ""Udon noodles (200g) x2"", ""in_box"": 2}, {""name"": ""ginger paste"", ""label"": ""Ginger paste (15g)"", ""in_box"": 1}, {""name"": ""soy sauce"", ""label"": ""Soy sauce (15ml)"", ""in_box"": 1}, {""name"": ""sweet pointed pepper"", ""label"": ""Sweet pointed pepper"", ""in_box"": 1}]"
2026-08-04,2026-06-19,d22b20c1-ac22-4ddf-a38a-1f21b58f7264,4365,Goan-Style Pork Balchão Curry With Basmati Rice,False,0.0,394,725,37.3,34.1,12.2,71.7,10.8,5.2,0.36,184,9.5,8.7,3.1,18.2,2.7,1.3,0.09,3,35,full-prep,spicy,Global Kitchen,Dairy Free; Gluten Free,4.02,1698,True,"[{""name"": ""pork loin steaks"", ""label"": ""Pork loin steaks (300g)"", ""in_box"": 1}, {""name"": ""white basmati rice"", ""label"": ""White basmati rice (130g)"", ""in_box"": 1}, {""name"": ""dried chilli flakes"", ""label"": ""Dried chilli flakes (0.5tsp)"", ""in_box"": 1}, {""name"": ""cayenne pepper"", ""label"": ""Cayenne pepper (0.5tsp)"", ""in_box"": 1}, {""name"": ""ground coriander"", ""label"": ""Ground coriander (1tsp)"", ""in_box"": 1}, {""name"": ""tomato paste"", ""label"": ""Tomato paste (32g)"", ""in_box"": 1}, {""name"": ""ground cumin"", ""label"": ""Ground cumin (1tsp)"", ""in_box"": 1}, {""name"": ""cider vinegar"", ""label"": ""Cider vinegar (30ml)"", ""in_box"": 1}, {""name"": ""garlic clove"", ""label"": ""Garlic clove x3"", ""in_box"": 3}, {""name"": ""fresh root ginger"", ""label"": ""Fresh root ginger (15g)"", ""in_box"": 1}, {""name"": ""spinach"", ""label"": ""Spinach (80g)"", ""in_box"": 1}, {""name"": ""red onion"", ""label"": ""Red onion x2"", ""in_box"": 2}, {""name"": ""tamarind paste"", ""label"": ""Tamarind paste (15g)"", ""in_box"": 1}]"
2026-08-04,2026-06-19,5fcb9a92-def6-47b8-94e9-f038e31c79b2,9270,Green Goddess Soup With Garlic & Pumpkin Seed Chilli Oil,False,0.0,480,512,21.3,14.8,4.9,74.0,13.9,13.5,2.74,106,4.4,3.1,1.0,15.4,2.9,2.8,0.57,4,40,full-prep,spicy,Veg Boost,Vegan; Vegetarian; Dairy Free,4.34,591,True,"[{""name"": ""cultured coconut"", ""label"": ""Cultured coconut (80g)"", ""in_box"": 1}, {""name"": ""white miso paste"", ""label"": ""White miso paste (30g)"", ""in_box"": 1}, {""name"": ""dried chilli flakes"", ""label"": ""Dried chilli flakes (0.5tsp)"", ""in_box"": 1}, {""name"": ""pumpkin seeds"", ""label"": ""Pumpkin seeds (30g)"", ""in_box"": 1}, {""name"": ""leek"", ""label"": ""Leek"", ""in_box"": 1}, {""name"": ""ciabatta"", ""label"": ""Ciabatta x2"", ""in_box"": 2}, {""name"": ""garlic clove"", ""label"": ""Garlic clove x3"", ""in_box"": 3}, {""name"": ""fresh root ginger"", ""label"": ""Fresh root ginger (15g)"", ""in_box"": 1}, {""name"": ""brown onion"", ""label"": ""Brown onion"", ""in_box"": 1}, {""name"": ""blanched peas"", ""label"": ""Blanched peas (160g)"", ""in_box"": 1}, {""name"": ""vegetable stock mix"", ""label"": ""Vegetable stock mix (5.5g)"", ""in_box"": 1}, {""name"": ""spinach"", ""label"": ""Spinach (120g)"", ""in_box"": 1}, {""name"": ""white potato"", ""label"": ""White potato"", ""in_box"": 1}]"
2026-08-04,2026-06-19,0297969f-94e2-4ab6-a919-5dbb2cfd8a4c,6487,Green Risotto With Black Sesame Crisps,False,0.0,332,497,17.2,16.6,9.4,70.1,6.0,5.4,1.92,149,5.2,5.0,2.8,21.1,1.8,1.6,0.58,2,45,full-prep,spicy,Modern Bistro,Vegetarian; Gluten Free,4.34,3984,True,"[{""name"": ""dried oregano"", ""label"": ""Dried oregano (1tsp)"", ""in_box"": 1}, {""name"": ""dried chilli flakes"", ""label"": ""Dried chilli flakes (0.5tsp)"", ""in_box"": 1}, {""name"": ""Tenderstem broccoli"", ""label"": ""Tenderstem broccoli (80g)"", ""in_box"": 1}, {""name"": ""intense vegetable stock mix"", ""label"": ""Intense vegetable stock mix (5.5g)"", ""in_box"": 1}, {""name"": ""cheddar cheese"", ""label"": ""Cheddar cheese (40g)"", ""in_box"": 1}, {""name"": ""garlic clove"", ""label"": ""Garlic clove x2"", ""in_box"": 2}, {""name"": ""brown onion"", ""label"": ""Brown onion"", ""in_box"": 1}, {""name"": ""lemon"", ""label"": ""Lemon"", ""in_box"": 1}, {""name"": ""arborio rice"", ""label"": ""Arborio rice (160g)"", ""in_box"": 1}, {""name"": ""soft cheese"", ""label"": ""Soft cheese (50g)"", ""in_box"": 1}, {""name"": ""basil"", ""label"": ""Basil (10g)"", ""in_box"": 1}, {""name"": ""black sesame seeds"", ""label"": ""Black sesame seeds (5g)"", ""in_box"": 1}, {""name"": ""spinach"", ""label"": ""Spinach (120g)"", ""in_box"": 1}]"
2026-08-04,2026-06-19,981d3cbc-1584-4c70-bb5b-60fbdb11f4aa,5059,Grilled Miso Chicken Thigh With Edamame Salad,False,0.0,402,625,35.4,24.1,4.8,64.7,4.7,6.8,2.28,155,8.8,6.0,1.2,16.1,1.2,1.7,0.57,2,25,full-prep,mild,20 minute meals,Dairy Free,4.12,2257,True,"[{""name"": ""white long grain rice"", ""label"": ""White long grain rice (130g)"", ""in_box"": 1}, {""name"": ""white miso paste"", ""label"": ""White miso paste (17g)"", ""in_box"": 1}, {""name"": ""dried chilli flakes"", ""label"": ""Dried chilli flakes (0.5tsp)"", ""in_box"": 1}, {""name"": ""blanched edamame beans"", ""label"": ""Blanched edamame beans (160g)"", ""in_box"": 1}, {""name"": ""diced chicken thigh"", ""label"": ""Diced chicken thigh (250g)"", ""in_box"": 1}, {""name"": ""fresh root ginger"", ""label"": ""Fresh root ginger (15g)"", ""in_box"": 1}, {""name"": ""toasted sesame oil"", ""label"": ""Toasted sesame oil (10ml)"", ""in_box"": 1}, {""name"": ""shallot"", ""label"": ""Shallot"", ""in_box"": 1}, {""name"": ""cucumber"", ""label"": ""Cucumber (0.5pcs)"", ""in_box"": 1}, {""name"": ""rice vinegar"", ""label"": ""Rice vinegar (15ml)"", ""in_box"": 1}, {""name"": ""soy sauce"", ""label"": ""Soy sauce (15ml)"", ""in_box"": 1}]"
2026-08-04,2026-06-19,a9376db3-1015-4507-9d7d-f14cb482b2e6,5299,Halloumi Fajita With Rice Salad And Lime Dressing,False,0.0,398,752,27.8,45.1,17.5,60.8,16.9,5.9,2.46,188,7.0,11.3,4.4,15.3,4.3,1.5,0.62,2,45,full-prep,mild,Global Kitchen,Vegetarian; Gluten Free,4.38,1739,True,"[{""name"": ""yellow pepper"", ""label"": ""Yellow pepper"", ""in_box"": 1}, {""name"": ""dried chilli flakes"", ""label"": ""Dried chilli flakes (0.5tsp)"", ""in_box"": 1}, {""name"": ""mayonnaise"", ""label"": ""Mayonnaise (50ml)"", ""in_box"": 1}, {""name"": ""ground smoked paprika"", ""label"": ""Ground smoked paprika (2tsp)"", ""in_box"": 1}, {""name"": ""ground cumin"", ""label"": ""Ground cumin (2tsp)"", ""in_box"": 1}, {""name"": ""halloumi"", ""label"": ""Halloumi (200g)"", ""in_box"": 1}, {""name"": ""coriander"", ""label"": ""Coriander (5g)"", ""in_box"": 1}, {""name"": ""gem lettuce"", ""label"": ""Gem lettuce"", ""in_box"": 1}, {""name"": ""lime"", ""label"": ""Lime"", ""in_box"": 1}, {""name"": ""red onion"", ""label"": ""Red onion"", ""in_box"": 1}, {""name"": ""honey"", ""label"": ""Honey (25g)"", ""in_box"": 1}, {""name"": ""brown long grain rice"", ""label"": ""Brown long grain rice (100g)"", ""in_box"": 1}]"
2026-08-04,2026-06-19,89d30b64-ee1b-4521-9da4-f24b95ad46dc,15253,Herby Pork Gnocchi Bolognese,False,0.0,444,582,41.9,18.1,8.0,64.4,5.0,4.5,2.2,131,9.4,4.1,1.8,14.5,1.1,1.0,0.5,1,10,full-prep,mild,10-Minute,,4.42,713,True,"[{""name"": ""dried chilli flakes"", ""label"": ""Dried chilli flakes (0.5tsp)"", ""in_box"": 1}, {""name"": ""finely chopped tomatoes"", ""label"": ""Finely chopped tomatoes (200g)"", ""in_box"": 1}, {""name"": ""dried oregano"", ""label"": ""Dried oregano (1tsp)"", ""in_box"": 1}, {""name"": ""gnocchi"", ""label"": ""Gnocchi (350g)"", ""in_box"": 1}, {""name"": ""pork mince"", ""label"": ""Pork mince (250g)"", ""in_box"": 1}, {""name"": ""dried basil"", ""label"": ""Dried basil (1tsp)"", ""in_box"": 1}, {""name"": ""roasted garlic paste"", ""label"": ""Roasted garlic paste (15g)"", ""in_box"": 1}, {""name"": ""grated Italian hard cheese"", ""label"": ""Grated Italian hard cheese (30g)"", ""in_box"": 1}, {""name"": ""basil"", ""label"": ""Basil (10g)"", ""in_box"": 1}, {""name"": ""Marmite"", ""label"": ""Marmite (8g)"", ""in_box"": 1}, {""name"": ""rocket"", ""label"": ""Rocket (20g)"", ""in_box"": 1}]"
2026-08-04,2026-06-19,cb70d850-a518-4c0e-b2e0-fe35745b234c,3555,Hoisin Meat-Free Burger With Black Sesame Chips,False,0.0,458,621,27.4,17.1,2.5,86.2,23.8,13.8,2.39,135,6.0,3.7,0.5,18.8,5.2,3.0,0.52,1,40,full-prep,mild,Takeaway Night,Vegan; Vegetarian; Dairy Free,4.23,1356,True,"[{""name"": ""ultimate vegan burger patties"", ""label"": ""Ultimate vegan burger patties (2pcs)"", ""in_box"": 1}, {""name"": ""spring onion"", ""label"": ""Spring onion"", ""in_box"": 1}, {""name"": ""brioche style buns"", ""label"": ""Brioche style buns (2pcs)"", ""in_box"": 1}, {""name"": ""hoisin sauce"", ""label"": ""Hoisin sauce (40g) x2"", ""in_box"": 2}, {""name"": ""cucumber"", ""label"": ""Cucumber (0.5pcs)"", ""in_box"": 1}, {""name"": ""rice vinegar"", ""label"": ""Rice vinegar (15ml)"", ""in_box"": 1}, {""name"": ""black sesame seeds"", ""label"": ""Black sesame seeds (5g)"", ""in_box"": 1}, {""name"": ""white potato"", ""label"": ""White potato x3"", ""in_box"": 3}]"
2026-08-04,2026-06-19,f9e99d15-ef67-4536-8041-e00baae236ab,7921,Honey & Ginger Buffalo Chicken With Rice And Edamame Slaw,False,0.0,385,676,38.0,22.1,2.9,79.9,17.6,8.1,0.85,175,9.9,5.7,0.8,20.7,4.6,2.1,0.22,2,25,full-prep,spicy,Protein Hit,Dairy Free; Gluten Free,4.09,3440,True,"[{""name"": ""white long grain rice"", ""label"": ""White long grain rice (130g)"", ""in_box"": 1}, {""name"": ""blanched edamame beans"", ""label"": ""Blanched edamame beans (160g)"", ""in_box"": 1}, {""name"": ""sriracha hot chilli sauce"", ""label"": ""Sriracha hot chilli sauce (8ml) x2"", ""in_box"": 2}, {""name"": ""chicken breast portions"", ""label"": ""Chicken breast portions (2pcs)"", ""in_box"": 1}, {""name"": ""mayonnaise"", ""label"": ""Mayonnaise (25ml)"", ""in_box"": 1}, {""name"": ""toasted sesame seeds"", ""label"": ""Toasted sesame seeds (5g)"", ""in_box"": 1}, {""name"": ""ginger paste"", ""label"": ""Ginger paste (15g)"", ""in_box"": 1}, {""name"": ""tomato paste"", ""label"": ""Tomato paste (16g)"", ""in_box"": 1}, {""name"": ""rice vinegar"", ""label"": ""Rice vinegar (30ml)"", ""in_box"": 1}, {""name"": ""carrot"", ""label"": ""Carrot"", ""in_box"": 1}, {""name"": ""honey"", ""label"": ""Honey (25g)"", ""in_box"": 1}]"
2026-08-04,2026-06-19,c5ce933c-d6e5-406b-90aa-2188f78ef11d,2937,Honey Hoisin Pork Noodles With Smashed Sesame Cucumber,False,0.0,326,593,34.0,19.7,5.7,69.0,15.2,1.9,2.18,182,10.4,6.0,1.7,21.2,4.7,0.6,0.67,1,10,full-prep,mild,10-Minute,Dairy Free,4.08,25371,True,"[{""name"": ""dried chilli flakes"", ""label"": ""Dried chilli flakes (0.5tsp)"", ""in_box"": 1}, {""name"": ""pork mince"", ""label"": ""Pork mince (250g)"", ""in_box"": 1}, {""name"": ""toasted sesame oil"", ""label"": ""Toasted sesame oil (10ml)"", ""in_box"": 1}, {""name"": ""fine egg noodle nests"", ""label"": ""Fine egg noodle nests (2pcs)"", ""in_box"": 1}, {""name"": ""roasted garlic paste"", ""label"": ""Roasted garlic paste (15g)"", ""in_box"": 1}, {""name"": ""cucumber"", ""label"": ""Cucumber (0.5pcs)"", ""in_box"": 1}, {""name"": ""Chinese rice wine"", ""label"": ""Chinese rice wine (15ml)"", ""in_box"": 1}, {""name"": ""soy sauce"", ""label"": ""Soy sauce (15ml)"", ""in_box"": 1}, {""name"": ""honey"", ""label"": ""Honey (25g)"", ""in_box"": 1}, {""name"": ""hoisin sauce"", ""label"": ""Hoisin sauce (20g)"", ""in_box"": 1}]"
2026-08-04,2026-06-19,7824d15d-a1a0-424c-872d-034582ed5bc6,1748,Honey Mustard Sausage & Apple Salad,False,0.0,414,641,26.2,27.3,9.1,72.6,21.1,5.5,2.4,154,6.3,6.6,2.2,17.5,5.1,1.3,0.58,1,40,full-prep,no spice,Modern Bistro,Dairy Free,4.37,6061,True,"[{""name"": ""cider vinegar"", ""label"": ""Cider vinegar (30ml)"", ""in_box"": 1}, {""name"": ""Proper Porker sausages"", ""label"": ""Proper Porker sausages (4pcs)"", ""in_box"": 1}, {""name"": ""ciabatta"", ""label"": ""Ciabatta x2"", ""in_box"": 2}, {""name"": ""baby leaf salad"", ""label"": ""Baby leaf salad (50g)"", ""in_box"": 1}, {""name"": ""wholegrain mustard"", ""label"": ""Wholegrain mustard (21g)"", ""in_box"": 1}, {""name"": ""red onion"", ""label"": ""Red onion"", ""in_box"": 1}, {""name"": ""white potato"", ""label"": ""White potato"", ""in_box"": 1}, {""name"": ""apple"", ""label"": ""Apple"", ""in_box"": 1}, {""name"": ""honey"", ""label"": ""Honey (25g)"", ""in_box"": 1}]"
2026-08-04,2026-06-19,d2770019-1f03-4ea4-b160-a53e8ac06b17,8214,"Honey, Garlic & Lemon Salmon Tray Bake With Tenderstem",True,2.0,436,454,28.7,19.6,2.9,42.9,14.0,6.5,0.31,104,6.6,4.5,0.7,9.8,3.2,1.5,0.07,1,40,full-prep,no spice,Fine Dine In,Dairy Free; Gluten Free,4.47,1592,True,"[{""name"": ""skin-on salmon fillets"", ""label"": ""Skin-on salmon fillets (2pcs)"", ""in_box"": 1}, {""name"": ""ground paprika"", ""label"": ""Ground paprika (1tsp)"", ""in_box"": 1}, {""name"": ""Tenderstem broccoli"", ""label"": ""Tenderstem broccoli (160g)"", ""in_box"": 1}, {""name"": ""waxy potatoes"", ""label"": ""Waxy potatoes (350g)"", ""in_box"": 1}, {""name"": ""roasted garlic paste"", ""label"": ""Roasted garlic paste (15g)"", ""in_box"": 1}, {""name"": ""lime"", ""label"": ""Lime"", ""in_box"": 1}, {""name"": ""honey"", ""label"": ""Honey (25g)"", ""in_box"": 1}]"
2026-08-04,2026-06-19,06206eef-6484-4a2c-b312-911f00f99648,5530,Imam Bayildi-Style Turkish Aubergine & Spiced Beef,False,0.0,464,563,35.0,23.6,9.8,52.0,10.4,7.3,0.95,121,7.5,5.1,2.1,11.2,2.2,1.6,0.2,2,35,full-prep,mild,Global Kitchen,Gluten Free,4.35,498,True,"[{""name"": ""ground sumac"", ""label"": ""Ground sumac (1tsp)"", ""in_box"": 1}, {""name"": ""finely chopped tomatoes"", ""label"": ""Finely chopped tomatoes (200g)"", ""in_box"": 1}, {""name"": ""baharat"", ""label"": ""Baharat (1tbsp)"", ""in_box"": 1}, {""name"": ""beef stock mix"", ""label"": ""Beef stock mix (5.5g)"", ""in_box"": 1}, {""name"": ""garlic clove"", ""label"": ""Garlic clove x2"", ""in_box"": 2}, {""name"": ""shallot"", ""label"": ""Shallot"", ""in_box"": 1}, {""name"": ""natural yoghurt"", ""label"": ""Natural yoghurt (80g)"", ""in_box"": 1}, {""name"": ""beef mince"", ""label"": ""Beef mince (250g)"", ""in_box"": 1}, {""name"": ""aubergine"", ""label"": ""Aubergine"", ""in_box"": 1}, {""name"": ""brown long grain rice"", ""label"": ""Brown long grain rice (100g)"", ""in_box"": 1}]"
2026-08-04,2026-06-19,ea9e585d-82f3-4e3a-aeab-1a5d81feafe3,4524,Indian-Style Pea & Sweetcorn Fritters With Sesame Egg,False,0.0,455,394,21.1,13.3,2.8,49.6,23.3,9.1,0.58,86,4.6,2.9,0.6,10.9,5.1,2.0,0.13,3,10,full-prep,mild,10-Minute,Vegetarian; Dairy Free; Gluten Free,3.94,7726,True,"[{""name"": ""ground coriander"", ""label"": ""Ground coriander (1tsp)"", ""in_box"": 1}, {""name"": ""free range egg"", ""label"": ""Free range egg x3"", ""in_box"": 3}, {""name"": ""ground turmeric"", ""label"": ""Ground turmeric (1tsp)"", ""in_box"": 1}, {""name"": ""ground cumin"", ""label"": ""Ground cumin (1tsp)"", ""in_box"": 1}, {""name"": ""Sweetcorn"", ""label"": ""Sweetcorn (150g)"", ""in_box"": 1}, {""name"": ""cornflour"", ""label"": ""Cornflour (4tbsp)"", ""in_box"": 1}, {""name"": ""red chilli relish"", ""label"": ""Red chilli relish (40g)"", ""in_box"": 1}, {""name"": ""baby leaf salad"", ""label"": ""Baby leaf salad (50g)"", ""in_box"": 1}, {""name"": ""blanched peas"", ""label"": ""Blanched peas (160g)"", ""in_box"": 1}, {""name"": ""lemon"", ""label"": ""Lemon"", ""in_box"": 1}, {""name"": ""ginger & garlic paste"", ""label"": ""Ginger & garlic paste (15g)"", ""in_box"": 1}, {""name"": ""cucumber"", ""label"": ""Cucumber (0.5pcs)"", ""in_box"": 1}, {""name"": ""black sesame seeds"", ""label"": ""Black sesame seeds (5g)"", ""in_box"": 1}]"
2026-08-04,2026-06-19,b3dbe379-07ab-4866-8d78-fb241a736c8d,8790,Kashmiri-Style Chilli Butter Roast Cauliflower And Chana Biryani,False,0.0,503,526,16.9,13.3,4.4,81.6,17.9,10.5,2.63,104,3.4,2.7,0.9,16.2,3.6,2.1,0.52,3,45,full-prep,spicy,Global Kitchen,Vegan; Vegetarian; Dairy Free; Gluten Free,4.15,274,True,"[{""name"": ""cultured coconut"", ""label"": ""Cultured coconut (80g)"", ""in_box"": 1}, {""name"": ""ground turmeric"", ""label"": ""Ground turmeric (0.5tsp)"", ""in_box"": 1}, {""name"": ""white basmati rice"", ""label"": ""White basmati rice (130g)"", ""in_box"": 1}, {""name"": ""kashmiri style chilli paste"", ""label"": ""Kashmiri style chilli paste (40g)"", ""in_box"": 1}, {""name"": ""mint & coriander chutney"", ""label"": ""Mint & coriander chutney (40g)"", ""in_box"": 1}, {""name"": ""garam masala"", ""label"": ""Garam masala (1tsp)"", ""in_box"": 1}, {""name"": ""garlic clove"", ""label"": ""Garlic clove x2"", ""in_box"": 2}, {""name"": ""chickpeas"", ""label"": ""Chickpeas (185g)"", ""in_box"": 1}, {""name"": ""cauliflower"", ""label"": ""Cauliflower"", ""in_box"": 1}, {""name"": ""lime"", ""label"": ""Lime"", ""in_box"": 1}, {""name"": ""red onion"", ""label"": ""Red onion"", ""in_box"": 1}]"
2026-08-04,2026-06-19,7515f6b3-0d2e-4463-b1cb-5d9905051d97,3177,King Prawn Korma With Cardamom & Green Bean Rice,False,0.0,264,419,19.2,9.9,8.4,64.5,5.3,6.5,1.16,158,7.3,3.7,3.2,24.4,2.0,2.5,0.44,1,25,full-prep,mild,20 minute meals,Gluten Free; Dairy Free,4.11,6946,True,"[{""name"": ""white long grain rice"", ""label"": ""White long grain rice (130g)"", ""in_box"": 1}, {""name"": ""solid creamed coconut"", ""label"": ""Solid creamed coconut (25g)"", ""in_box"": 1}, {""name"": ""raw peeled king prawns"", ""label"": ""Raw peeled king prawns (171g)"", ""in_box"": 1}, {""name"": ""curry powder"", ""label"": ""Curry powder (1tbsp)"", ""in_box"": 1}, {""name"": ""garlic clove"", ""label"": ""Garlic clove x2"", ""in_box"": 2}, {""name"": ""fresh root ginger"", ""label"": ""Fresh root ginger (15g)"", ""in_box"": 1}, {""name"": ""brown onion"", ""label"": ""Brown onion"", ""in_box"": 1}, {""name"": ""coriander"", ""label"": ""Coriander (5g)"", ""in_box"": 1}, {""name"": ""fine green beans"", ""label"": ""Fine green beans (80g)"", ""in_box"": 1}, {""name"": ""cardamom pod"", ""label"": ""Cardamom pod x3"", ""in_box"": 3}]"
2026-08-04,2026-06-19,0b98d7e8-d69c-4d7d-81bf-be474261045d,7283,Kleftiko-Style Lamb With Tomato & Pepper Garlic Potatoes,True,5.5,602,524,36.3,19.5,8.4,53.5,12.5,8.7,0.25,87,6.0,3.2,1.4,8.9,2.1,1.4,0.04,3,50,full-prep,no spice,Fine Dine In,Dairy Free; Gluten Free,4.22,1571,True,"[{""name"": ""red pepper"", ""label"": ""Red pepper"", ""in_box"": 1}, {""name"": ""Mediterranean-style seasoning"", ""label"": ""Mediterranean-style seasoning (3g)"", ""in_box"": 1}, {""name"": ""tomato paste"", ""label"": ""Tomato paste (32g)"", ""in_box"": 1}, {""name"": ""lamb leg joint"", ""label"": ""Lamb leg joint (300g)"", ""in_box"": 1}, {""name"": ""garlic clove"", ""label"": ""Garlic clove x4"", ""in_box"": 4}, {""name"": ""parsley"", ""label"": ""Parsley (5g)"", ""in_box"": 1}, {""name"": ""lemon"", ""label"": ""Lemon"", ""in_box"": 1}, {""name"": ""cherry tomatoes"", ""label"": ""Cherry tomatoes (125g)"", ""in_box"": 1}, {""name"": ""red onion"", ""label"": ""Red onion"", ""in_box"": 1}, {""name"": ""white potato"", ""label"": ""White potato x4"", ""in_box"": 4}]"
2026-08-04,2026-06-19,fe2af6d1-d121-4e02-9c00-eee3611e0f17,6261,Korean-Style Fried Chicken Bao Buns,True,2.0,546,833,40.3,19.9,2.4,126.4,26.0,10.5,1.99,152,7.4,3.6,0.4,23.2,4.8,1.9,0.36,1,35,full-prep,mild,Ultimate Fakeaway,Dairy Free,4.51,8471,True,"[{""name"": ""gochujang paste"", ""label"": ""Gochujang paste (30g)"", ""in_box"": 1}, {""name"": ""spring onion"", ""label"": ""Spring onion"", ""in_box"": 1}, {""name"": ""soy sauce"", ""label"": ""Soy sauce (8ml)"", ""in_box"": 1}, {""name"": ""carrot & cabbage slaw mix"", ""label"": ""Carrot & cabbage slaw mix (160g)"", ""in_box"": 1}, {""name"": ""chicken breast portions"", ""label"": ""Chicken breast portions (2pcs)"", ""in_box"": 1}, {""name"": ""tomato ketchup"", ""label"": ""Tomato ketchup (15ml)"", ""in_box"": 1}, {""name"": ""cornflour"", ""label"": ""Cornflour (4tbsp)"", ""in_box"": 1}, {""name"": ""mayonnaise"", ""label"": ""Mayonnaise (25ml)"", ""in_box"": 1}, {""name"": ""bao buns"", ""label"": ""Bao buns (6pcs)"", ""in_box"": 1}, {""name"": ""garlic clove"", ""label"": ""Garlic clove"", ""in_box"": 1}, {""name"": ""toasted sesame seeds"", ""label"": ""Toasted sesame seeds (5g)"", ""in_box"": 1}, {""name"": ""rice vinegar"", ""label"": ""Rice vinegar (15ml)"", ""in_box"": 1}, {""name"": ""white potato"", ""label"": ""White potato x3"", ""in_box"": 3}, {""name"": ""honey"", ""label"": ""Honey (25g)"", ""in_box"": 1}]"
2026-08-04,2026-06-19,3ae7b5f6-853d-424c-8b10-54082b8592ad,3560,Korean-Style Meat-Free Mince Bulgogi With Green Beans,False,0.0,353,636,34.2,21.9,2.6,73.3,9.9,9.8,3.37,180,9.7,6.2,0.7,20.8,2.8,2.8,0.95,1,30,full-prep,,Global Kitchen,Vegan; Vegetarian; Dairy Free,4.05,5413,True,"[{""name"": ""spring onion"", ""label"": ""Spring onion"", ""in_box"": 1}, {""name"": ""toasted sesame oil"", ""label"": ""Toasted sesame oil (20ml)"", ""in_box"": 1}, {""name"": ""Meatless Farm mince"", ""label"": ""Meatless Farm mince (200g)"", ""in_box"": 1}, {""name"": ""garlic clove"", ""label"": ""Garlic clove"", ""in_box"": 1}, {""name"": ""fresh root ginger"", ""label"": ""Fresh root ginger (15g)"", ""in_box"": 1}, {""name"": ""white long grain rice"", ""label"": ""White long grain rice (130g)"", ""in_box"": 1}, {""name"": ""fine green beans"", ""label"": ""Fine green beans (160g)"", ""in_box"": 1}, {""name"": ""soy sauce"", ""label"": ""Soy sauce (30ml)"", ""in_box"": 1}, {""name"": ""apple"", ""label"": ""Apple"", ""in_box"": 1}]"
2026-08-04,2026-06-19,744149c6-e0db-4742-8480-02f6419cab1a,7428,Korean-Style Rose Chicken With Sesame Soy Spinach & Rice,False,0.0,331,654,36.1,25.9,11.7,70.9,10.2,3.3,1.71,197,10.9,7.8,3.5,21.4,3.1,1.0,0.52,2,25,full-prep,mild,20 minute meals,,4.3,3531,True,"[{""name"": ""white long grain rice"", ""label"": ""White long grain rice (130g)"", ""in_box"": 1}, {""name"": ""chicken breast strips"", ""label"": ""Chicken breast strips (250g)"", ""in_box"": 1}, {""name"": ""gochujang paste"", ""label"": ""Gochujang paste (30g)"", ""in_box"": 1}, {""name"": ""soy sauce"", ""label"": ""Soy sauce (8ml)"", ""in_box"": 1}, {""name"": ""Cornish clotted cream"", ""label"": ""Cornish clotted cream (40g)"", ""in_box"": 1}, {""name"": ""tomato paste"", ""label"": ""Tomato paste (32g)"", ""in_box"": 1}, {""name"": ""garlic clove"", ""label"": ""Garlic clove x2"", ""in_box"": 2}, {""name"": ""toasted sesame oil"", ""label"": ""Toasted sesame oil (10ml)"", ""in_box"": 1}, {""name"": ""crispy onions"", ""label"": ""Crispy onions (15g)"", ""in_box"": 1}, {""name"": ""Chinese rice wine"", ""label"": ""Chinese rice wine (15ml)"", ""in_box"": 1}, {""name"": ""spinach"", ""label"": ""Spinach (120g)"", ""in_box"": 1}]"
2026-08-04,2026-06-19,28fe22b3-3893-4504-8513-84c45c2d4329,1718,Lamb Leg With Tapenade And Courgette Salad,True,4.0,420,638,42.6,33.0,15.9,43.6,14.1,3.9,2.0,151,10.1,7.8,3.8,10.4,3.3,0.9,0.47,1,45,full-prep,mild,Fine Dine In,,4.16,109,True,"[{""name"": ""Greek salad cheese"", ""label"": ""Greek salad cheese (100g)"", ""in_box"": 1}, {""name"": ""capers"", ""label"": ""Capers (20g)"", ""in_box"": 1}, {""name"": ""black olives"", ""label"": ""Black olives (40g)"", ""in_box"": 1}, {""name"": ""lamb leg joint"", ""label"": ""Lamb leg joint (300g)"", ""in_box"": 1}, {""name"": ""garlic clove"", ""label"": ""Garlic clove"", ""in_box"": 1}, {""name"": ""courgette"", ""label"": ""Courgette"", ""in_box"": 1}, {""name"": ""lemon"", ""label"": ""Lemon"", ""in_box"": 1}, {""name"": ""sultanas"", ""label"": ""Sultanas (30g)"", ""in_box"": 1}, {""name"": ""parsley"", ""label"": ""Parsley (10g)"", ""in_box"": 1}, {""name"": ""bulgur wheat"", ""label"": ""Bulgur wheat (75g)"", ""in_box"": 1}]"
2026-08-04,2026-06-19,b4f04023-227c-479a-bef9-ba60a87c422d,2544,Lemon & Ginger Chicken With Brown Rice And Crispy Kale,False,0.0,336,489,36.0,11.8,2.3,59.7,11.5,4.2,2.0,145,10.7,3.5,0.7,17.7,3.4,1.2,0.59,1,45,full-prep,mild,Takeaway Night,Dairy Free,4.09,5211,True,"[{""name"": ""shredded kale"", ""label"": ""Shredded kale (120g)"", ""in_box"": 1}, {""name"": ""chicken breast portions"", ""label"": ""Chicken breast portions (2pcs)"", ""in_box"": 1}, {""name"": ""cornflour"", ""label"": ""Cornflour (1tbsp)"", ""in_box"": 1}, {""name"": ""garlic clove"", ""label"": ""Garlic clove x3"", ""in_box"": 3}, {""name"": ""fresh root ginger"", ""label"": ""Fresh root ginger (15g)"", ""in_box"": 1}, {""name"": ""toasted sesame seeds"", ""label"": ""Toasted sesame seeds (5g)"", ""in_box"": 1}, {""name"": ""toasted sesame oil"", ""label"": ""Toasted sesame oil (10ml)"", ""in_box"": 1}, {""name"": ""lemon"", ""label"": ""Lemon"", ""in_box"": 1}, {""name"": ""chicken stock mix"", ""label"": ""Chicken stock mix (5.5g)"", ""in_box"": 1}, {""name"": ""soy sauce"", ""label"": ""Soy sauce (15ml)"", ""in_box"": 1}, {""name"": ""honey"", ""label"": ""Honey (25g)"", ""in_box"": 1}, {""name"": ""brown long grain rice"", ""label"": ""Brown long grain rice (100g)"", ""in_box"": 1}]"
2026-08-04,2026-06-19,ea6f9668-2fda-45f8-a169-69bef0f3b9dd,326,Lemon Baked Basa With Spinach Mornay,False,0.0,420,308,27.5,4.9,2.8,40.6,2.9,4.6,0.18,73,6.5,1.2,0.7,9.7,0.7,1.1,0.04,1,45,full-prep,no spice,Modern Bistro,Gluten Free,4.24,24450,True,"[{""name"": ""basa fillets"", ""label"": ""Basa fillets (2pcs)"", ""in_box"": 1}, {""name"": ""lemon"", ""label"": ""Lemon"", ""in_box"": 1}, {""name"": ""Italian hard cheese"", ""label"": ""Italian hard cheese (20g)"", ""in_box"": 1}, {""name"": ""spinach"", ""label"": ""Spinach (120g)"", ""in_box"": 1}, {""name"": ""white potato"", ""label"": ""White potato x4"", ""in_box"": 4}]"
2026-08-04,2026-06-19,a5ba94b0-db8e-485e-8185-1d90f010d482,5165,Lemon Crumbed Basa Tray Bake With Chive & Crème Fraîche Sauce,False,0.0,490,384,26.7,10.5,6.4,47.7,12.3,8.3,0.2,78,5.5,2.1,1.3,9.7,2.5,1.7,0.04,1,40,full-prep,no spice,Modern Bistro,,4.31,6020,True,"[{""name"": ""basa fillets"", ""label"": ""Basa fillets (2pcs)"", ""in_box"": 1}, {""name"": ""panko breadcrumbs"", ""label"": ""Panko breadcrumbs (20g)"", ""in_box"": 1}, {""name"": ""Tenderstem broccoli"", ""label"": ""Tenderstem broccoli (80g)"", ""in_box"": 1}, {""name"": ""soured cream"", ""label"": ""Soured cream (80g)"", ""in_box"": 1}, {""name"": ""lemon"", ""label"": ""Lemon"", ""in_box"": 1}, {""name"": ""carrot"", ""label"": ""Carrot x2"", ""in_box"": 2}, {""name"": ""chives"", ""label"": ""Chives (5g)"", ""in_box"": 1}, {""name"": ""white potato"", ""label"": ""White potato x3"", ""in_box"": 3}]"
2026-08-04,2026-06-19,f54d2571-3049-4a8f-90b1-843e8955a48c,6316,Lemon-Crusted Cod With Pea Risotto And Crispy Prosciutto,True,2.75,387,570,42.5,9.2,4.0,79.3,7.0,6.6,2.74,147,11.0,2.4,1.0,20.5,1.8,1.7,0.71,1,50,full-prep,no spice,Fine Dine In,,4.46,5017,True,"[{""name"": ""cod fillets"", ""label"": ""Cod fillets (2pcs)"", ""in_box"": 1}, {""name"": ""panko breadcrumbs"", ""label"": ""Panko breadcrumbs (20g)"", ""in_box"": 1}, {""name"": ""sliced prosciutto"", ""label"": ""Sliced prosciutto (52g)"", ""in_box"": 1}, {""name"": ""intense chicken stock mix"", ""label"": ""Intense chicken stock mix (5.5g)"", ""in_box"": 1}, {""name"": ""garlic clove"", ""label"": ""Garlic clove x2"", ""in_box"": 2}, {""name"": ""parsley"", ""label"": ""Parsley (5g)"", ""in_box"": 1}, {""name"": ""shallot"", ""label"": ""Shallot"", ""in_box"": 1}, {""name"": ""blanched peas"", ""label"": ""Blanched peas (160g)"", ""in_box"": 1}, {""name"": ""lemon"", ""label"": ""Lemon"", ""in_box"": 1}, {""name"": ""arborio rice"", ""label"": ""Arborio rice (160g)"", ""in_box"": 1}, {""name"": ""Italian hard cheese"", ""label"": ""Italian hard cheese (20g)"", ""in_box"": 1}]"
2026-08-04,2026-06-19,75e072bd-ac85-418b-9bc8-666fad8937ff,14010,Lemongrass & Sticky Onion Pork Burger With Warm Potato Salad,False,0.0,518,591,36.2,14.6,4.9,79.9,10.4,8.9,2.58,114,7.0,2.8,0.9,15.4,2.0,1.7,0.5,2,20,full-prep,no spice,20 minute meals,Dairy Free,4.14,765,True,"[{""name"": ""lemongrass and lime leaf paste"", ""label"": ""Lemongrass and lime leaf paste (20g)"", ""in_box"": 1}, {""name"": ""carrot & cabbage slaw mix"", ""label"": ""Carrot & cabbage slaw mix (160g)"", ""in_box"": 1}, {""name"": ""pork mince"", ""label"": ""Pork mince (250g)"", ""in_box"": 1}, {""name"": ""ciabatta"", ""label"": ""Ciabatta x2"", ""in_box"": 2}, {""name"": ""tomato paste"", ""label"": ""Tomato paste (16g)"", ""in_box"": 1}, {""name"": ""rice vinegar"", ""label"": ""Rice vinegar (15ml)"", ""in_box"": 1}, {""name"": ""soy sauce"", ""label"": ""Soy sauce (15ml)"", ""in_box"": 1}, {""name"": ""rocket"", ""label"": ""Rocket (20g)"", ""in_box"": 1}, {""name"": ""red onion"", ""label"": ""Red onion"", ""in_box"": 1}, {""name"": ""white potato"", ""label"": ""White potato x3"", ""in_box"": 3}]"
2026-08-04,2026-06-19,28cd95ff-20c4-4f06-aa4c-c855e5a076d3,4966,Lentil Dal With Cumin Spiced Lamb,False,0.0,329,666,45.3,20.5,8.9,80.9,7.6,11.6,1.43,202,13.8,6.2,2.7,24.6,2.3,3.5,0.43,1,45,full-prep,mild,Global Kitchen,Gluten Free,4.22,1614,True,"[{""name"": ""white basmati rice"", ""label"": ""White basmati rice (100g)"", ""in_box"": 1}, {""name"": ""red lentils"", ""label"": ""Red lentils (100g)"", ""in_box"": 1}, {""name"": ""ground cumin"", ""label"": ""Ground cumin (1tbsp)"", ""in_box"": 1}, {""name"": ""curry powder"", ""label"": ""Curry powder (1tbsp)"", ""in_box"": 1}, {""name"": ""garlic clove"", ""label"": ""Garlic clove"", ""in_box"": 1}, {""name"": ""fresh root ginger"", ""label"": ""Fresh root ginger (15g)"", ""in_box"": 1}, {""name"": ""parsley"", ""label"": ""Parsley (5g)"", ""in_box"": 1}, {""name"": ""brown onion"", ""label"": ""Brown onion"", ""in_box"": 1}, {""name"": ""natural yoghurt"", ""label"": ""Natural yoghurt (80g)"", ""in_box"": 1}, {""name"": ""vegetable stock mix"", ""label"": ""Vegetable stock mix (5.5g)"", ""in_box"": 1}, {""name"": ""lamb mince"", ""label"": ""Lamb mince (250g)"", ""in_box"": 1}]"
2026-08-04,2026-06-19,23cdbdfb-ca4c-4be9-afc3-312a6b10c86d,3616,Malabar-Style King Prawn & Pea Curry With Rice,False,0.0,291,460,24.1,10.3,8.3,71.8,8.3,9.6,2.12,157,8.3,3.5,2.9,24.6,2.8,3.3,0.73,1,25,full-prep,spicy,20 minute meals,Dairy Free; Gluten Free,4.18,8131,True,"[{""name"": ""green chilli"", ""label"": ""Green chilli"", ""in_box"": 1}, {""name"": ""white basmati rice"", ""label"": ""White basmati rice (130g)"", ""in_box"": 1}, {""name"": ""solid creamed coconut"", ""label"": ""Solid creamed coconut (25g)"", ""in_box"": 1}, {""name"": ""ground coriander"", ""label"": ""Ground coriander (1tsp)"", ""in_box"": 1}, {""name"": ""raw peeled king prawns"", ""label"": ""Raw peeled king prawns (171g)"", ""in_box"": 1}, {""name"": ""ground turmeric"", ""label"": ""Ground turmeric (1tsp)"", ""in_box"": 1}, {""name"": ""ground paprika"", ""label"": ""Ground paprika (1tsp)"", ""in_box"": 1}, {""name"": ""intense vegetable stock mix"", ""label"": ""Intense vegetable stock mix (5.5g)"", ""in_box"": 1}, {""name"": ""garlic clove"", ""label"": ""Garlic clove x2"", ""in_box"": 2}, {""name"": ""fresh root ginger"", ""label"": ""Fresh root ginger (15g)"", ""in_box"": 1}, {""name"": ""ground fenugreek"", ""label"": ""Ground fenugreek (0.5tsp)"", ""in_box"": 1}, {""name"": ""shallot"", ""label"": ""Shallot"", ""in_box"": 1}, {""name"": ""blanched peas"", ""label"": ""Blanched peas (160g)"", ""in_box"": 1}, {""name"": ""tomato paste"", ""label"": ""Tomato paste (16g)"", ""in_box"": 1}]"
2026-08-04,2026-06-19,39e80bf2-d8f9-48b1-8714-4669ef0c0554,14371,Meat-Free Cheeseburger With Fries,False,0.0,411,713,31.0,32.6,7.9,78.0,11.0,13.3,2.96,173,7.5,7.9,1.9,19.0,2.7,3.2,0.72,1,35,full-prep,no spice,Classic Fakeaways,Vegetarian,0,0,True,"[{""name"": ""tomato ketchup"", ""label"": ""Tomato ketchup (30g)"", ""in_box"": 1}, {""name"": ""ultimate vegan burger patties"", ""label"": ""Ultimate vegan burger patties (2pcs)"", ""in_box"": 1}, {""name"": ""smoked sea salt flakes"", ""label"": ""Smoked sea salt flakes (1g)"", ""in_box"": 1}, {""name"": ""mayonnaise"", ""label"": ""Mayonnaise (25ml)"", ""in_box"": 1}, {""name"": ""cheddar cheese"", ""label"": ""Cheddar cheese (40g)"", ""in_box"": 1}, {""name"": ""brioche style buns"", ""label"": ""Brioche style buns (2pcs)"", ""in_box"": 1}, {""name"": ""gem lettuce"", ""label"": ""Gem lettuce"", ""in_box"": 1}, {""name"": ""white potato"", ""label"": ""White potato x3"", ""in_box"": 3}]"
2026-08-04,2026-06-19,c2629d7d-0ca1-47af-8b77-80d54fefec0e,2310,Mediterranean-Style Vegetable Gnocchi With Basil,False,0.0,510,449,19.3,12.5,5.7,66.1,8.5,5.0,2.21,87,3.8,2.4,1.1,12.9,1.7,1.0,0.43,4,10,full-prep,no spice,10-Minute,Vegetarian,4.16,24094,True,"[{""name"": ""dried oregano"", ""label"": ""Dried oregano (1tsp)"", ""in_box"": 1}, {""name"": ""finely chopped tomatoes"", ""label"": ""Finely chopped tomatoes (200g)"", ""in_box"": 1}, {""name"": ""black olives"", ""label"": ""Black olives (40g)"", ""in_box"": 1}, {""name"": ""gnocchi"", ""label"": ""Gnocchi (350g)"", ""in_box"": 1}, {""name"": ""cheddar cheese"", ""label"": ""Cheddar cheese (40g)"", ""in_box"": 1}, {""name"": ""courgette"", ""label"": ""Courgette"", ""in_box"": 1}, {""name"": ""roasted garlic paste"", ""label"": ""Roasted garlic paste (15g)"", ""in_box"": 1}, {""name"": ""basil"", ""label"": ""Basil (10g)"", ""in_box"": 1}, {""name"": ""spinach"", ""label"": ""Spinach (80g)"", ""in_box"": 1}, {""name"": ""cherry tomatoes"", ""label"": ""Cherry tomatoes (125g)"", ""in_box"": 1}]"
2026-08-04,2026-06-19,0c94d55b-ff84-4b66-ac15-05e8dbb45032,4422,Mediterranean-Style Vegetable Gnocchi With Basil & Vegan Cheese,False,0.0,511,425,14.6,9.3,4.3,71.4,8.6,5.9,2.18,83,2.9,1.8,0.8,14.0,1.7,1.2,0.43,4,10,full-prep,no spice,10-Minute,Vegan; Vegetarian; Dairy Free,4.01,2094,True,"[{""name"": ""finely chopped tomatoes"", ""label"": ""Finely chopped tomatoes (200g)"", ""in_box"": 1}, {""name"": ""dried oregano"", ""label"": ""Dried oregano (1tsp)"", ""in_box"": 1}, {""name"": ""black olives"", ""label"": ""Black olives (40g)"", ""in_box"": 1}, {""name"": ""gnocchi"", ""label"": ""Gnocchi (350g)"", ""in_box"": 1}, {""name"": ""mature cheddar style block"", ""label"": ""Mature cheddar style block (40g)"", ""in_box"": 1}, {""name"": ""courgette"", ""label"": ""Courgette"", ""in_box"": 1}, {""name"": ""roasted garlic paste"", ""label"": ""Roasted garlic paste (15g)"", ""in_box"": 1}, {""name"": ""basil"", ""label"": ""Basil (10g)"", ""in_box"": 1}, {""name"": ""spinach"", ""label"": ""Spinach (80g)"", ""in_box"": 1}, {""name"": ""cherry tomatoes"", ""label"": ""Cherry tomatoes (125g)"", ""in_box"": 1}]"
2026-08-04,2026-06-19,7f739831-0d47-441c-8585-4e0688a60a24,3613,Mediterranean-Style Vegetable Panzanella,False,0.0,456,365,14.2,10.6,1.6,52.4,10.9,9.9,0.8,80,3.1,2.3,0.3,11.5,2.4,2.2,0.17,4,40,full-prep,no spice,Prepped in 5,Vegan; Vegetarian; Dairy Free,4.28,11656,True,"[{""name"": ""red pepper"", ""label"": ""Red pepper"", ""in_box"": 1}, {""name"": ""ciabatta"", ""label"": ""Ciabatta x2"", ""in_box"": 2}, {""name"": ""garlic clove"", ""label"": ""Garlic clove x2"", ""in_box"": 2}, {""name"": ""pine kernel & seed mix"", ""label"": ""Pine kernel & seed mix (30g)"", ""in_box"": 1}, {""name"": ""basil"", ""label"": ""Basil (5g)"", ""in_box"": 1}, {""name"": ""rocket"", ""label"": ""Rocket (50g)"", ""in_box"": 1}, {""name"": ""cherry tomatoes"", ""label"": ""Cherry tomatoes (250g)"", ""in_box"": 1}, {""name"": ""aubergine"", ""label"": ""Aubergine"", ""in_box"": 1}, {""name"": ""red wine vinegar"", ""label"": ""Red wine vinegar (15ml)"", ""in_box"": 1}, {""name"": ""Dijon mustard"", ""label"": ""Dijon mustard (5.5g)"", ""in_box"": 1}]"
2026-08-04,2026-06-19,a3499e6b-bbd0-4543-9eee-96dfd61243e8,7667,Miso Portobello Mushroom With Edamame Rice & Gochujang Slaw,False,0.0,386,591,14.6,18.0,2.0,88.0,17.4,8.9,2.61,153,3.8,4.7,0.5,22.8,4.5,2.3,0.68,3,30,full-prep,spicy,Veg Boost,Vegan; Vegetarian; Dairy Free,4.09,353,True,"[{""name"": ""white miso paste"", ""label"": ""White miso paste (17g)"", ""in_box"": 1}, {""name"": ""sushi rice"", ""label"": ""Sushi rice (150g)"", ""in_box"": 1}, {""name"": ""blanched edamame beans"", ""label"": ""Blanched edamame beans (160g)"", ""in_box"": 1}, {""name"": ""gochujang paste"", ""label"": ""Gochujang paste (30g)"", ""in_box"": 1}, {""name"": ""shredded veg mix"", ""label"": ""Shredded veg mix (160g)"", ""in_box"": 1}, {""name"": ""spring onion"", ""label"": ""Spring onion"", ""in_box"": 1}, {""name"": ""soy sauce"", ""label"": ""Soy sauce (8ml)"", ""in_box"": 1}, {""name"": ""vegan mayonnaise"", ""label"": ""Vegan mayonnaise (25ml)"", ""in_box"": 1}, {""name"": ""garlic clove"", ""label"": ""Garlic clove x2"", ""in_box"": 2}, {""name"": ""ginger paste"", ""label"": ""Ginger paste (15g)"", ""in_box"": 1}, {""name"": ""portobello mushrooms"", ""label"": ""Portobello mushrooms (150g)"", ""in_box"": 1}, {""name"": ""mirin"", ""label"": ""Mirin (15ml)"", ""in_box"": 1}, {""name"": ""rice vinegar"", ""label"": ""Rice vinegar (15ml)"", ""in_box"": 1}, {""name"": ""black sesame seeds"", ""label"": ""Black sesame seeds (5g)"", ""in_box"": 1}]"
2026-08-04,2026-06-19,a29f95c1-761a-4327-8eb2-0d1be699838e,1504,Mushroom & Thyme Tortiglioni,False,0.0,289,516,16.7,13.2,4.5,87.0,6.8,7.0,1.48,178,5.8,4.6,1.6,30.1,2.4,2.4,0.51,1,35,full-prep,,Modern Bistro,Vegan; Vegetarian; Dairy Free,4.03,11484,True,"[{""name"": ""cultured coconut"", ""label"": ""Cultured coconut (80g)"", ""in_box"": 1}, {""name"": ""intense vegetable stock mix"", ""label"": ""Intense vegetable stock mix (5.5g)"", ""in_box"": 1}, {""name"": ""garlic clove"", ""label"": ""Garlic clove x2"", ""in_box"": 2}, {""name"": ""flat white mushrooms"", ""label"": ""Flat white mushrooms (150g)"", ""in_box"": 1}, {""name"": ""thyme"", ""label"": ""Thyme (5g)"", ""in_box"": 1}, {""name"": ""pine kernel & seed mix"", ""label"": ""Pine kernel & seed mix (30g)"", ""in_box"": 1}, {""name"": ""brown onion"", ""label"": ""Brown onion"", ""in_box"": 1}, {""name"": ""Henderson's Relish"", ""label"": ""Henderson's Relish (15ml)"", ""in_box"": 1}, {""name"": ""tortiglioni"", ""label"": ""Tortiglioni (200g)"", ""in_box"": 1}]"
2026-08-04,2026-06-19,c5545180-9405-4d3c-8004-4ed78c5a6d1a,1469,Mushroom Biryani With Cucumber Raita,False,0.0,475,499,11.9,11.3,3.2,86.4,24.6,5.7,2.4,105,2.5,2.4,0.7,18.2,5.2,1.2,0.5,3,10,full-prep,mild,10-Minute,Vegetarian,4.16,20849,True,"[{""name"": ""intense vegetable stock mix"", ""label"": ""Intense vegetable stock mix (5.5g)"", ""in_box"": 1}, {""name"": ""curry powder"", ""label"": ""Curry powder (1tbsp)"", ""in_box"": 1}, {""name"": ""flat white mushrooms"", ""label"": ""Flat white mushrooms (150g)"", ""in_box"": 1}, {""name"": ""natural yoghurt"", ""label"": ""Natural yoghurt (80g)"", ""in_box"": 1}, {""name"": ""cooked white long grain rice"", ""label"": ""Cooked white long grain rice (280g)"", ""in_box"": 1}, {""name"": ""crispy onions"", ""label"": ""Crispy onions (15g)"", ""in_box"": 1}, {""name"": ""roasted garlic paste"", ""label"": ""Roasted garlic paste (15g)"", ""in_box"": 1}, {""name"": ""mango chutney"", ""label"": ""Mango chutney (20g)"", ""in_box"": 1}, {""name"": ""tomato paste"", ""label"": ""Tomato paste (16g)"", ""in_box"": 1}, {""name"": ""cucumber"", ""label"": ""Cucumber (0.5pcs)"", ""in_box"": 1}, {""name"": ""sultanas"", ""label"": ""Sultanas (30g)"", ""in_box"": 1}, {""name"": ""chestnut mushrooms"", ""label"": ""Chestnut mushrooms (160g)"", ""in_box"": 1}]"
2026-08-04,2026-06-19,a7bf0519-b4ff-4b39-9ce2-9f64149945a5,7527,One Pan Basil Pork Meatballs With Creamy Pesto Orzo,False,0.0,357,720,43.0,35.1,12.6,57.4,5.2,4.0,2.34,201,12.0,9.8,3.5,16.1,1.5,1.1,0.66,1,35,full-prep,no spice,One Pan Wonders,,4.18,3439,True,"[{""name"": ""pork mince"", ""label"": ""Pork mince (250g)"", ""in_box"": 1}, {""name"": ""intense chicken stock mix"", ""label"": ""Intense chicken stock mix (5.5g)"", ""in_box"": 1}, {""name"": ""garlic clove"", ""label"": ""Garlic clove x2"", ""in_box"": 2}, {""name"": ""dried basil"", ""label"": ""Dried basil (1tsp)"", ""in_box"": 1}, {""name"": ""courgette"", ""label"": ""Courgette"", ""in_box"": 1}, {""name"": ""Italian hard cheese"", ""label"": ""Italian hard cheese (20g)"", ""in_box"": 1}, {""name"": ""soft cheese"", ""label"": ""Soft cheese (50g)"", ""in_box"": 1}, {""name"": ""traditional Italian pesto"", ""label"": ""Traditional Italian pesto (45g)"", ""in_box"": 1}, {""name"": ""rocket"", ""label"": ""Rocket (20g)"", ""in_box"": 1}, {""name"": ""orzo"", ""label"": ""Orzo (150g)"", ""in_box"": 1}]"
2026-08-04,2026-06-19,6c800aaa-b1c1-4b5d-8a02-511a5e1f69e6,1476,One Pan Cheesy Chorizo & Pea Risotto,False,0.0,316,620,26.6,22.0,7.9,77.7,10.3,7.8,2.98,196,8.4,7.0,2.5,24.6,3.2,2.5,0.94,2,45,full-prep,no spice,Modern Bistro,Gluten Free,4.24,41837,True,"[{""name"": ""diced chorizo"", ""label"": ""Diced chorizo (100g)"", ""in_box"": 1}, {""name"": ""intense chicken stock mix"", ""label"": ""Intense chicken stock mix (5.5g)"", ""in_box"": 1}, {""name"": ""garlic clove"", ""label"": ""Garlic clove x2"", ""in_box"": 2}, {""name"": ""brown onion"", ""label"": ""Brown onion"", ""in_box"": 1}, {""name"": ""blanched peas"", ""label"": ""Blanched peas (160g)"", ""in_box"": 1}, {""name"": ""arborio rice"", ""label"": ""Arborio rice (160g)"", ""in_box"": 1}, {""name"": ""Italian hard cheese"", ""label"": ""Italian hard cheese (20g)"", ""in_box"": 1}, {""name"": ""Chinese rice wine"", ""label"": ""Chinese rice wine (15ml)"", ""in_box"": 1}, {""name"": ""sweet pea pods"", ""label"": ""Sweet pea pods (80g)"", ""in_box"": 1}]"
2026-08-04,2026-06-19,99032948-5c29-4cce-9343-332590867ee3,5728,One Pot Chilli & Miso Pork Udon Noodles,False,0.0,452,562,34.4,17.3,6.4,66.7,7.0,2.4,2.96,124,7.6,3.8,1.4,14.8,1.5,0.5,0.65,1,40,full-prep,spicy,Prepped in 5,Dairy Free,4.45,11137,True,"[{""name"": ""white miso paste"", ""label"": ""White miso paste (17g)"", ""in_box"": 1}, {""name"": ""dried chilli flakes"", ""label"": ""Dried chilli flakes (0.5tsp)"", ""in_box"": 1}, {""name"": ""spring onion"", ""label"": ""Spring onion"", ""in_box"": 1}, {""name"": ""red chilli"", ""label"": ""Red chilli"", ""in_box"": 1}, {""name"": ""pork mince"", ""label"": ""Pork mince (250g)"", ""in_box"": 1}, {""name"": ""brown onion"", ""label"": ""Brown onion"", ""in_box"": 1}, {""name"": ""gluten free soy sauce"", ""label"": ""Gluten free soy sauce (15ml)"", ""in_box"": 1}, {""name"": ""crispy onions"", ""label"": ""Crispy onions (15g)"", ""in_box"": 1}, {""name"": ""udon noodles"", ""label"": ""Udon noodles (200g) x2"", ""in_box"": 2}, {""name"": ""ginger & garlic paste"", ""label"": ""Ginger & garlic paste (15g)"", ""in_box"": 1}, {""name"": ""sweet pea pods"", ""label"": ""Sweet pea pods (80g)"", ""in_box"": 1}]"
2026-08-04,2026-06-19,656d1091-18e6-40c7-a288-d07870905cad,4633,One Pot Creamy Fajita-Style Chicken Pasta,False,0.0,451,608,45.1,19.4,10.1,68.6,10.3,7.4,1.77,134,10.0,4.3,2.2,15.2,2.3,1.6,0.39,3,35,full-prep,spicy,Prepped in 5,,4.15,13126,True,"[{""name"": ""green chilli"", ""label"": ""Green chilli"", ""in_box"": 1}, {""name"": ""yellow pepper"", ""label"": ""Yellow pepper"", ""in_box"": 1}, {""name"": ""ground coriander"", ""label"": ""Ground coriander (1tsp)"", ""in_box"": 1}, {""name"": ""diced chicken breast"", ""label"": ""Diced chicken breast (250g)"", ""in_box"": 1}, {""name"": ""ground cumin"", ""label"": ""Ground cumin (1tsp)"", ""in_box"": 1}, {""name"": ""ground smoked paprika"", ""label"": ""Ground smoked paprika (2tsp)"", ""in_box"": 1}, {""name"": ""intense chicken stock mix"", ""label"": ""Intense chicken stock mix (5.5g)"", ""in_box"": 1}, {""name"": ""cheddar cheese"", ""label"": ""Cheddar cheese (40g)"", ""in_box"": 1}, {""name"": ""garlic clove"", ""label"": ""Garlic clove"", ""in_box"": 1}, {""name"": ""tomato"", ""label"": ""Tomato x2"", ""in_box"": 2}, {""name"": ""shallot"", ""label"": ""Shallot x2"", ""in_box"": 2}, {""name"": ""soft cheese"", ""label"": ""Soft cheese (50g)"", ""in_box"": 1}, {""name"": ""tomato paste"", ""label"": ""Tomato paste (16g)"", ""in_box"": 1}, {""name"": ""tortiglioni"", ""label"": ""Tortiglioni (150g)"", ""in_box"": 1}]"
2026-08-04,2026-06-19,49a0ae89-9fb3-4196-94c8-48ed427352de,7513,One Pot Creamy Pork Ragù And Spaghetti,False,0.0,374,730,42.8,25.4,12.1,80.7,11.4,6.0,2.36,195,11.5,6.8,3.2,21.6,3.1,1.6,0.63,1,40,full-prep,no spice,Prepped in 5,,4.28,2699,True,"[{""name"": ""dried oregano"", ""label"": ""Dried oregano (1tsp)"", ""in_box"": 1}, {""name"": ""soy sauce"", ""label"": ""Soy sauce (8ml)"", ""in_box"": 1}, {""name"": ""pork mince"", ""label"": ""Pork mince (250g)"", ""in_box"": 1}, {""name"": ""intense chicken stock mix"", ""label"": ""Intense chicken stock mix (5.5g)"", ""in_box"": 1}, {""name"": ""brown onion"", ""label"": ""Brown onion"", ""in_box"": 1}, {""name"": ""roasted garlic paste"", ""label"": ""Roasted garlic paste (15g)"", ""in_box"": 1}, {""name"": ""basil"", ""label"": ""Basil (5g)"", ""in_box"": 1}, {""name"": ""grated Italian hard cheese"", ""label"": ""Grated Italian hard cheese (30g)"", ""in_box"": 1}, {""name"": ""soft cheese"", ""label"": ""Soft cheese (50g)"", ""in_box"": 1}, {""name"": ""Chinese rice wine"", ""label"": ""Chinese rice wine (15ml)"", ""in_box"": 1}, {""name"": ""carrot"", ""label"": ""Carrot"", ""in_box"": 1}, {""name"": ""spaghetti"", ""label"": ""Spaghetti (190g)"", ""in_box"": 1}]"
2026-08-04,2026-06-19,5d2cd932-8795-4102-9671-ff4ba8187205,7487,One Pot Masala Basa Biryani With Yoghurt & Curry Mango Butter,False,0.0,366,468,30.4,4.5,1.5,72.6,20.8,4.4,2.16,128,8.3,1.2,0.4,19.9,5.7,1.2,0.59,2,30,full-prep,mild,One Pan Wonders,Gluten Free,4.51,788,True,"[{""name"": ""mango chutney"", ""label"": ""Mango chutney (20g)"", ""in_box"": 1}, {""name"": ""ground turmeric"", ""label"": ""Ground turmeric (1tsp)"", ""in_box"": 1}, {""name"": ""white basmati rice"", ""label"": ""White basmati rice (130g)"", ""in_box"": 1}, {""name"": ""basa fillets"", ""label"": ""Basa fillets (2pcs)"", ""in_box"": 1}, {""name"": ""garam masala"", ""label"": ""Garam masala (1tsp)"", ""in_box"": 1}, {""name"": ""intense vegetable stock mix"", ""label"": ""Intense vegetable stock mix (5.5g)"", ""in_box"": 1}, {""name"": ""curry powder"", ""label"": ""Curry powder (1tbsp)"", ""in_box"": 1}, {""name"": ""garlic clove"", ""label"": ""Garlic clove x2"", ""in_box"": 2}, {""name"": ""natural yoghurt"", ""label"": ""Natural yoghurt (80g)"", ""in_box"": 1}, {""name"": ""sultanas"", ""label"": ""Sultanas (30g)"", ""in_box"": 1}, {""name"": ""white cup mushrooms"", ""label"": ""White cup mushrooms (160g)"", ""in_box"": 1}, {""name"": ""spinach"", ""label"": ""Spinach (80g)"", ""in_box"": 1}]"
2026-08-04,2026-06-19,b4fb2473-e8be-45c6-9478-d64dfe301726,6044,One Pot Plant-Based Tortiglioni Puttanesca,False,0.0,339,447,15.9,5.6,0.9,88.0,11.3,7.7,2.08,131,4.7,1.6,0.3,26.0,3.3,2.3,0.61,3,30,full-prep,mild,Modern Bistro,Vegan; Vegetarian; Dairy Free,4.17,5400,True,"[{""name"": ""dried chilli flakes"", ""label"": ""Dried chilli flakes (0.5tsp)"", ""in_box"": 1}, {""name"": ""capers"", ""label"": ""Capers (20g)"", ""in_box"": 1}, {""name"": ""finely chopped tomatoes"", ""label"": ""Finely chopped tomatoes (200g)"", ""in_box"": 1}, {""name"": ""intense vegetable stock mix"", ""label"": ""Intense vegetable stock mix (5.5g)"", ""in_box"": 1}, {""name"": ""black olives"", ""label"": ""Black olives (40g)"", ""in_box"": 1}, {""name"": ""garlic clove"", ""label"": ""Garlic clove x2"", ""in_box"": 2}, {""name"": ""dried basil"", ""label"": ""Dried basil (1tsp)"", ""in_box"": 1}, {""name"": ""parsley"", ""label"": ""Parsley (5g)"", ""in_box"": 1}, {""name"": ""brown onion"", ""label"": ""Brown onion"", ""in_box"": 1}, {""name"": ""tomato paste"", ""label"": ""Tomato paste (16g) x2"", ""in_box"": 2}, {""name"": ""spinach"", ""label"": ""Spinach (80g)"", ""in_box"": 1}, {""name"": ""tortiglioni"", ""label"": ""Tortiglioni (200g)"", ""in_box"": 1}]"
2026-08-04,2026-06-19,73354967-45f8-4501-b722-5c4c0a2b9c3a,1930,"One Pot Smoked Basa, Leek & Sweetcorn Chowder",False,0.0,436,363,25.1,10.1,5.3,46.0,11.2,7.8,2.12,83,5.8,2.3,1.2,10.6,2.6,1.8,0.48,1,40,full-prep,no spice,One Pan Wonders,Gluten Free,4.34,11084,True,"[{""name"": ""leek"", ""label"": ""Leek"", ""in_box"": 1}, {""name"": ""Sweetcorn"", ""label"": ""Sweetcorn (150g)"", ""in_box"": 1}, {""name"": ""garlic clove"", ""label"": ""Garlic clove"", ""in_box"": 1}, {""name"": ""smoked basa fillets"", ""label"": ""Smoked basa fillets (2pcs)"", ""in_box"": 1}, {""name"": ""vegetable stock mix"", ""label"": ""Vegetable stock mix (5.5g)"", ""in_box"": 1}, {""name"": ""soft cheese"", ""label"": ""Soft cheese (50g)"", ""in_box"": 1}, {""name"": ""white potato"", ""label"": ""White potato x3"", ""in_box"": 3}]"
2026-08-04,2026-06-19,aaa019a3-ac3d-4f31-b03d-b0a65fff0614,7396,One Pot Sun-Dried Tomato Pesto Orzo With Mozzarella,False,0.0,350,720,27.0,39.0,15.6,63.9,12.1,6.1,2.67,205,7.7,11.1,4.4,18.2,3.5,1.7,0.76,1,25,full-prep,no spice,One Pan Wonders,Vegetarian,4.28,3217,True,"[{""name"": ""red pepper"", ""label"": ""Red pepper"", ""in_box"": 1}, {""name"": ""intense vegetable stock mix"", ""label"": ""Intense vegetable stock mix (5.5g)"", ""in_box"": 1}, {""name"": ""sun-dried tomato pesto"", ""label"": ""Sun-dried tomato pesto (45g) x2"", ""in_box"": 2}, {""name"": ""pine nuts"", ""label"": ""Pine nuts (15g)"", ""in_box"": 1}, {""name"": ""basil"", ""label"": ""Basil (5g)"", ""in_box"": 1}, {""name"": ""mozzarella"", ""label"": ""Mozzarella (125g)"", ""in_box"": 1}, {""name"": ""soft cheese"", ""label"": ""Soft cheese (50g)"", ""in_box"": 1}, {""name"": ""cherry tomatoes"", ""label"": ""Cherry tomatoes (125g)"", ""in_box"": 1}, {""name"": ""orzo"", ""label"": ""Orzo (150g)"", ""in_box"": 1}]"
2026-08-04,2026-06-19,fbd0a97d-40b1-4850-a266-0063b656dd72,7831,One Tray Crispy Baked Basa Tray Bake With Tarragon Butter,False,0.0,468,422,29.7,12.8,2.2,48.6,9.7,8.4,1.05,90,6.3,2.7,0.5,10.4,2.1,1.8,0.22,2,35,full-prep,no spice,One Pan Wonders,,4.49,521,True,"[{""name"": ""waxy potatoes"", ""label"": ""Waxy potatoes (350g)"", ""in_box"": 1}, {""name"": ""basa fillets"", ""label"": ""Basa fillets (2pcs)"", ""in_box"": 1}, {""name"": ""panko breadcrumbs"", ""label"": ""Panko breadcrumbs (20g)"", ""in_box"": 1}, {""name"": ""parsley and tarragon pesto"", ""label"": ""Parsley and tarragon pesto (40g)"", ""in_box"": 1}, {""name"": ""courgette"", ""label"": ""Courgette"", ""in_box"": 1}, {""name"": ""blanched peas"", ""label"": ""Blanched peas (160g)"", ""in_box"": 1}, {""name"": ""vegetable stock mix"", ""label"": ""Vegetable stock mix (5.5g)"", ""in_box"": 1}]"
2026-08-04,2026-06-19,ec56d53a-15e0-4e7f-90d5-e340172f6379,7823,Orange Chicken Thigh Stir-Fry With Pickled Red Chilli,False,0.0,433,592,32.4,13.5,3.6,89.0,19.6,4.8,2.57,136,7.5,3.1,0.8,20.5,4.5,1.1,0.59,2,40,full-prep,spicy,Family Kitchen,Dairy Free,4.1,1955,True,"[{""name"": ""white long grain rice"", ""label"": ""White long grain rice (130g)"", ""in_box"": 1}, {""name"": ""shredded veg mix"", ""label"": ""Shredded veg mix (160g)"", ""in_box"": 1}, {""name"": ""red chilli"", ""label"": ""Red chilli"", ""in_box"": 1}, {""name"": ""diced chicken thigh"", ""label"": ""Diced chicken thigh (250g)"", ""in_box"": 1}, {""name"": ""cornflour"", ""label"": ""Cornflour (1tbsp) x2"", ""in_box"": 2}, {""name"": ""intense chicken stock mix"", ""label"": ""Intense chicken stock mix (5.5g)"", ""in_box"": 1}, {""name"": ""garlic clove"", ""label"": ""Garlic clove x2"", ""in_box"": 2}, {""name"": ""toasted sesame seeds"", ""label"": ""Toasted sesame seeds (5g)"", ""in_box"": 1}, {""name"": ""brown onion"", ""label"": ""Brown onion"", ""in_box"": 1}, {""name"": ""soy sauce"", ""label"": ""Soy sauce (15ml)"", ""in_box"": 1}, {""name"": ""orange"", ""label"": ""Orange"", ""in_box"": 1}, {""name"": ""white wine vinegar"", ""label"": ""White wine vinegar (15ml)"", ""in_box"": 1}, {""name"": ""honey"", ""label"": ""Honey (25g)"", ""in_box"": 1}]"
2026-08-04,2026-06-19,f49c07d3-983d-46db-80b5-61774b3c67ae,7943,Orecchiette Alla Norma,False,0.0,314,451,14.7,6.2,0.9,82.5,9.2,7.5,2.23,143,4.7,2.0,0.3,26.2,2.9,2.4,0.71,2,10,full-prep,spicy,Pasta Pronto,Vegan; Vegetarian; Dairy Free,4.22,1056,True,"[{""name"": ""dried chilli flakes"", ""label"": ""Dried chilli flakes (0.5tsp)"", ""in_box"": 1}, {""name"": ""capers"", ""label"": ""Capers (20g)"", ""in_box"": 1}, {""name"": ""tomato paste"", ""label"": ""Tomato paste (32g)"", ""in_box"": 1}, {""name"": ""intense vegetable stock mix"", ""label"": ""Intense vegetable stock mix (5.5g)"", ""in_box"": 1}, {""name"": ""fresh orecchiette"", ""label"": ""Fresh orecchiette (250g)"", ""in_box"": 1}, {""name"": ""balsamic sun-dried tomato paste"", ""label"": ""Balsamic sun-dried tomato paste (30g)"", ""in_box"": 1}, {""name"": ""roasted garlic paste"", ""label"": ""Roasted garlic paste (15g)"", ""in_box"": 1}, {""name"": ""basil"", ""label"": ""Basil (5g)"", ""in_box"": 1}, {""name"": ""rocket"", ""label"": ""Rocket (20g)"", ""in_box"": 1}, {""name"": ""aubergine"", ""label"": ""Aubergine"", ""in_box"": 1}]"
2026-08-04,2026-06-19,a8012a0d-215d-4e58-b265-b253da73bc4c,7874,Oven Baked Chicken Thigh & Pepper Muhammara With Sultana Rice,False,0.0,393,682,39.8,22.8,5.0,78.5,19.2,6.2,1.9,173,10.1,5.8,1.3,20.0,4.9,1.6,0.48,2,50,full-prep,spicy,Prepped in 5,Dairy Free; Gluten Free,4.39,370,True,"[{""name"": ""red pepper"", ""label"": ""Red pepper"", ""in_box"": 1}, {""name"": ""skinless chicken thighs"", ""label"": ""Skinless chicken thighs (320g)"", ""in_box"": 1}, {""name"": ""ras el hanout"", ""label"": ""Ras el hanout (1tbsp)"", ""in_box"": 1}, {""name"": ""intense chicken stock mix"", ""label"": ""Intense chicken stock mix (5.5g)"", ""in_box"": 1}, {""name"": ""garlic clove"", ""label"": ""Garlic clove"", ""in_box"": 1}, {""name"": ""brown onion"", ""label"": ""Brown onion"", ""in_box"": 1}, {""name"": ""white long grain rice"", ""label"": ""White long grain rice (130g)"", ""in_box"": 1}, {""name"": ""romesco sauce"", ""label"": ""Romesco sauce (40g)"", ""in_box"": 1}, {""name"": ""tomato paste"", ""label"": ""Tomato paste (16g)"", ""in_box"": 1}, {""name"": ""sultanas"", ""label"": ""Sultanas (30g)"", ""in_box"": 1}, {""name"": ""flaked almonds"", ""label"": ""Flaked almonds (15g)"", ""in_box"": 1}]"
2026-08-04,2026-06-19,bbea35ea-0e94-4bde-abaa-c99a2ec79fb3,3188,Oven Baked Creamy Chorizo & Leek Pasta With Salad,False,0.0,338,645,26.8,31.1,14.0,66.0,8.0,5.6,3.06,190,7.9,9.2,4.2,19.5,2.4,1.6,0.91,1,35,full-prep,no spice,Prepped in 5,,4.23,54694,True,"[{""name"": ""crème fraîche"", ""label"": ""Crème fraîche (80g)"", ""in_box"": 1}, {""name"": ""leek"", ""label"": ""Leek"", ""in_box"": 1}, {""name"": ""diced chorizo"", ""label"": ""Diced chorizo (100g)"", ""in_box"": 1}, {""name"": ""intense chicken stock mix"", ""label"": ""Intense chicken stock mix (5.5g)"", ""in_box"": 1}, {""name"": ""Chinese rice wine"", ""label"": ""Chinese rice wine (30ml)"", ""in_box"": 1}, {""name"": ""lemon"", ""label"": ""Lemon"", ""in_box"": 1}, {""name"": ""grated Italian hard cheese"", ""label"": ""Grated Italian hard cheese (30g)"", ""in_box"": 1}, {""name"": ""rocket"", ""label"": ""Rocket (20g)"", ""in_box"": 1}, {""name"": ""tortiglioni"", ""label"": ""Tortiglioni (150g)"", ""in_box"": 1}]"
2026-08-04,2026-06-19,c2c90a28-a9c7-43be-bb3f-6780547aa01b,7947,Oven Baked Sri Lankan-Style Cauliflower & Chickpea Curry,False,0.0,411,561,16.7,20.5,16.6,71.0,13.6,12.2,2.05,136,4.1,5.0,4.0,17.3,3.3,3.0,0.5,4,40,full-prep,spicy,Prepped in 5,Vegan; Vegetarian; Dairy Free; Gluten Free,4.4,3314,True,"[{""name"": ""green chilli"", ""label"": ""Green chilli"", ""in_box"": 1}, {""name"": ""solid creamed coconut"", ""label"": ""Solid creamed coconut (50g)"", ""in_box"": 1}, {""name"": ""ground turmeric"", ""label"": ""Ground turmeric (0.5tsp)"", ""in_box"": 1}, {""name"": ""white basmati rice"", ""label"": ""White basmati rice (130g)"", ""in_box"": 1}, {""name"": ""finely chopped tomatoes"", ""label"": ""Finely chopped tomatoes (200g)"", ""in_box"": 1}, {""name"": ""intense vegetable stock mix"", ""label"": ""Intense vegetable stock mix (5.5g)"", ""in_box"": 1}, {""name"": ""curry powder"", ""label"": ""Curry powder (1tbsp)"", ""in_box"": 1}, {""name"": ""garlic clove"", ""label"": ""Garlic clove x2"", ""in_box"": 2}, {""name"": ""cauliflower florets"", ""label"": ""Cauliflower florets (160g)"", ""in_box"": 1}, {""name"": ""chickpeas"", ""label"": ""Chickpeas (185g)"", ""in_box"": 1}, {""name"": ""shallot"", ""label"": ""Shallot"", ""in_box"": 1}, {""name"": ""spinach"", ""label"": ""Spinach (80g)"", ""in_box"": 1}, {""name"": ""tamarind paste"", ""label"": ""Tamarind paste (15g)"", ""in_box"": 1}]"
2026-08-04,2026-06-19,153ec059-6501-4aea-aba1-fdfcb4556c42,3195,Oven Baked Three Bean Chilli With Jacket Potatoes,False,0.0,640,485,25.1,2.6,0.5,82.7,10.3,28.6,1.94,75,3.9,0.4,0.1,12.9,1.6,4.5,0.3,2,55,full-prep,spicy,Prepped in 5,Vegan; Vegetarian; Dairy Free; Gluten Free,4.28,39266,True,"[{""name"": ""green chilli"", ""label"": ""Green chilli"", ""in_box"": 1}, {""name"": ""black beans"", ""label"": ""Black beans (380g)"", ""in_box"": 1}, {""name"": ""cumin seeds"", ""label"": ""Cumin seeds (1tsp)"", ""in_box"": 1}, {""name"": ""finely chopped tomatoes"", ""label"": ""Finely chopped tomatoes (200g)"", ""in_box"": 1}, {""name"": ""intense vegetable stock mix"", ""label"": ""Intense vegetable stock mix (5.5g)"", ""in_box"": 1}, {""name"": ""ground smoked paprika"", ""label"": ""Ground smoked paprika (2tsp)"", ""in_box"": 1}, {""name"": ""cannellini beans"", ""label"": ""Cannellini beans (390g)"", ""in_box"": 1}, {""name"": ""chipotle paste"", ""label"": ""Chipotle paste (20g)"", ""in_box"": 1}, {""name"": ""red kidney beans"", ""label"": ""Red kidney beans (390g)"", ""in_box"": 1}, {""name"": ""garlic clove"", ""label"": ""Garlic clove x3"", ""in_box"": 3}, {""name"": ""coriander"", ""label"": ""Coriander (10g) x2"", ""in_box"": 2}, {""name"": ""white wine vinegar"", ""label"": ""White wine vinegar (15ml)"", ""in_box"": 1}, {""name"": ""white potato"", ""label"": ""White potato x4"", ""in_box"": 4}]"
2026-08-04,2026-06-19,1cbf02fd-c5c7-47c7-9a1a-ea7a692a6fef,2930,Paneer Jalfrezi With Jeera Rice,False,0.0,359,570,25.1,19.9,12.4,72.9,11.5,5.4,2.15,158,7.0,5.6,3.5,20.3,3.2,1.5,0.6,3,35,full-prep,spicy,Takeaway Night,Vegetarian; Gluten Free,4.42,5860,True,"[{""name"": ""dried chilli flakes"", ""label"": ""Dried chilli flakes (0.5tsp)"", ""in_box"": 1}, {""name"": ""green pepper"", ""label"": ""Green pepper"", ""in_box"": 1}, {""name"": ""cumin seeds"", ""label"": ""Cumin seeds (1tsp)"", ""in_box"": 1}, {""name"": ""tomato paste"", ""label"": ""Tomato paste (32g)"", ""in_box"": 1}, {""name"": ""curry powder"", ""label"": ""Curry powder (1tbsp)"", ""in_box"": 1}, {""name"": ""garlic clove"", ""label"": ""Garlic clove x3"", ""in_box"": 3}, {""name"": ""fresh root ginger"", ""label"": ""Fresh root ginger (15g)"", ""in_box"": 1}, {""name"": ""tomato"", ""label"": ""Tomato"", ""in_box"": 1}, {""name"": ""white long grain rice"", ""label"": ""White long grain rice (130g)"", ""in_box"": 1}, {""name"": ""paneer"", ""label"": ""Paneer (200g)"", ""in_box"": 1}, {""name"": ""vegetable stock mix"", ""label"": ""Vegetable stock mix (5.5g)"", ""in_box"": 1}, {""name"": ""red onion"", ""label"": ""Red onion"", ""in_box"": 1}]"
2026-08-04,2026-06-19,c89b4d97-5ec8-4ae1-95a7-d6ef63269f46,807,Pepper Risotto With Herb-Rolled Goats' Cheese,False,0.0,395,464,15.9,9.9,6.5,75.6,13.1,6.7,1.78,117,4.0,2.5,1.6,19.2,3.3,1.7,0.45,4,50,full-prep,no spice,Modern Bistro,Vegetarian; Gluten Free,4.22,10037,True,"[{""name"": ""red pepper"", ""label"": ""Red pepper"", ""in_box"": 1}, {""name"": ""intense vegetable stock mix"", ""label"": ""Intense vegetable stock mix (5.5g)"", ""in_box"": 1}, {""name"": ""soft goats' cheese"", ""label"": ""Soft goats' cheese (75g)"", ""in_box"": 1}, {""name"": ""garlic clove"", ""label"": ""Garlic clove x2"", ""in_box"": 2}, {""name"": ""brown onion"", ""label"": ""Brown onion"", ""in_box"": 1}, {""name"": ""arborio rice"", ""label"": ""Arborio rice (160g)"", ""in_box"": 1}, {""name"": ""tomato paste"", ""label"": ""Tomato paste (16g) x2"", ""in_box"": 2}, {""name"": ""Chinese rice wine"", ""label"": ""Chinese rice wine (15ml)"", ""in_box"": 1}, {""name"": ""parsley"", ""label"": ""Parsley (10g)"", ""in_box"": 1}, {""name"": ""cherry tomatoes"", ""label"": ""Cherry tomatoes (250g)"", ""in_box"": 1}, {""name"": ""red wine vinegar"", ""label"": ""Red wine vinegar (15ml)"", ""in_box"": 1}]"
2026-08-04,2026-06-19,c9739c40-829a-47b6-a3dc-927701c554c2,4950,Pepperoni & Kale Sauce With Tomato & Mozzarella Tortelloni,False,0.0,319,507,24.6,21.7,8.6,53.9,9.9,5.5,2.58,158,7.7,6.8,2.7,16.9,3.1,1.7,0.81,2,10,full-prep,no spice,Pasta Pronto,,4,2505,True,"[{""name"": ""dried oregano"", ""label"": ""Dried oregano (1tsp)"", ""in_box"": 1}, {""name"": ""shredded kale"", ""label"": ""Shredded kale (120g)"", ""in_box"": 1}, {""name"": ""sliced pepperoni"", ""label"": ""Sliced pepperoni (30g)"", ""in_box"": 1}, {""name"": ""finely chopped tomatoes"", ""label"": ""Finely chopped tomatoes (200g)"", ""in_box"": 1}, {""name"": ""garlic clove"", ""label"": ""Garlic clove x2"", ""in_box"": 2}, {""name"": ""tomato & mozzarella tortelloni"", ""label"": ""Tomato & mozzarella tortelloni (250g)"", ""in_box"": 1}, {""name"": ""Italian hard cheese"", ""label"": ""Italian hard cheese (20g)"", ""in_box"": 1}, {""name"": ""chicken stock mix"", ""label"": ""Chicken stock mix (5.5g)"", ""in_box"": 1}]"
2026-08-04,2026-06-19,75dc3e7b-86a9-4c34-b581-42834ac86cad,1829,Pepperoni Pizza With Balsamic Salad,False,0.0,420,661,27.7,25.1,11.2,78.9,11.9,7.5,2.13,157,6.6,6.0,2.7,18.8,2.8,1.8,0.51,4,30,full-prep,mild,Takeaway Night,,4.38,17987,True,"[{""name"": ""dried oregano"", ""label"": ""Dried oregano (1tsp)"", ""in_box"": 1}, {""name"": ""flame-baked pizza bases"", ""label"": ""Flame-baked pizza bases (2pcs)"", ""in_box"": 1}, {""name"": ""sliced pepperoni"", ""label"": ""Sliced pepperoni (30g)"", ""in_box"": 1}, {""name"": ""tomato paste"", ""label"": ""Tomato paste (32g) x2"", ""in_box"": 2}, {""name"": ""garlic clove"", ""label"": ""Garlic clove"", ""in_box"": 1}, {""name"": ""mozzarella"", ""label"": ""Mozzarella (125g)"", ""in_box"": 1}, {""name"": ""rocket"", ""label"": ""Rocket (50g)"", ""in_box"": 1}, {""name"": ""cherry tomatoes"", ""label"": ""Cherry tomatoes (250g)"", ""in_box"": 1}, {""name"": ""balsamic vinegar"", ""label"": ""Balsamic vinegar (15ml)"", ""in_box"": 1}]"
2026-08-04,2026-06-19,41fa5e54-0003-4259-af9b-4ab1ed72c15b,7301,Pepperoni Pizza With Hot Honey,False,0.0,396,692,27.0,24.7,11.1,88.3,19.6,7.5,2.13,174,6.8,6.2,2.8,22.3,5.0,1.9,0.54,3,35,full-prep,spicy,Family Kitchen,,4.48,9818,True,"[{""name"": ""dried oregano"", ""label"": ""Dried oregano (1tsp)"", ""in_box"": 1}, {""name"": ""red pepper"", ""label"": ""Red pepper"", ""in_box"": 1}, {""name"": ""dried chilli flakes"", ""label"": ""Dried chilli flakes (0.5tsp)"", ""in_box"": 1}, {""name"": ""mini cosberg lettuce"", ""label"": ""Mini cosberg lettuce"", ""in_box"": 1}, {""name"": ""flame-baked pizza bases"", ""label"": ""Flame-baked pizza bases (2pcs)"", ""in_box"": 1}, {""name"": ""sliced pepperoni"", ""label"": ""Sliced pepperoni (30g)"", ""in_box"": 1}, {""name"": ""garlic clove"", ""label"": ""Garlic clove"", ""in_box"": 1}, {""name"": ""mozzarella"", ""label"": ""Mozzarella (125g)"", ""in_box"": 1}, {""name"": ""tomato paste"", ""label"": ""Tomato paste (16g) x4"", ""in_box"": 4}, {""name"": ""balsamic vinegar"", ""label"": ""Balsamic vinegar (15ml)"", ""in_box"": 1}, {""name"": ""honey"", ""label"": ""Honey (25g)"", ""in_box"": 1}]"
2026-08-04,2026-06-19,233a0f64-0bfd-4652-a2cf-99a257d246b1,1651,Peri Peri Chicken & Pepper Rice,False,0.0,410,404,33.2,8.2,1.7,49.5,6.9,4.0,1.59,98,8.1,2.0,0.4,12.1,1.7,1.0,0.39,1,10,full-prep,spicy,10-Minute,Dairy Free; Gluten Free,4.09,21413,True,"[{""name"": ""cooked white long grain rice"", ""label"": ""Cooked white long grain rice (280g)"", ""in_box"": 1}, {""name"": ""dried oregano"", ""label"": ""Dried oregano (1tsp)"", ""in_box"": 1}, {""name"": ""chicken breast strips"", ""label"": ""Chicken breast strips (250g)"", ""in_box"": 1}, {""name"": ""red pepper"", ""label"": ""Red pepper"", ""in_box"": 1}, {""name"": ""cayenne pepper"", ""label"": ""Cayenne pepper (0.5tsp)"", ""in_box"": 1}, {""name"": ""spring onion"", ""label"": ""Spring onion"", ""in_box"": 1}, {""name"": ""ground smoked paprika"", ""label"": ""Ground smoked paprika (1tsp)"", ""in_box"": 1}, {""name"": ""chipotle paste"", ""label"": ""Chipotle paste (20g)"", ""in_box"": 1}, {""name"": ""intense chicken stock mix"", ""label"": ""Intense chicken stock mix (5.5g)"", ""in_box"": 1}, {""name"": ""lemon"", ""label"": ""Lemon"", ""in_box"": 1}, {""name"": ""roasted garlic paste"", ""label"": ""Roasted garlic paste (15g)"", ""in_box"": 1}]"
2026-08-04,2026-06-19,6a83e348-b31d-4ee4-9127-ef4e9b3d0134,1019,Peri Peri Chicken With Spicy Rice And Lemony Salad,False,0.0,434,549,35.2,14.8,2.1,68.1,10.9,4.4,1.55,126,8.1,3.4,0.5,15.7,2.5,1.0,0.36,3,50,full-prep,spicy,Takeaway Night,Gluten Free; Dairy Free,4.24,42202,True,"[{""name"": ""ground turmeric"", ""label"": ""Ground turmeric (0.5tsp)"", ""in_box"": 1}, {""name"": ""red chilli"", ""label"": ""Red chilli"", ""in_box"": 1}, {""name"": ""chicken breast portions"", ""label"": ""Chicken breast portions (2pcs)"", ""in_box"": 1}, {""name"": ""tomato paste"", ""label"": ""Tomato paste (32g)"", ""in_box"": 1}, {""name"": ""mayonnaise"", ""label"": ""Mayonnaise (25ml)"", ""in_box"": 1}, {""name"": ""chipotle paste"", ""label"": ""Chipotle paste (20g)"", ""in_box"": 1}, {""name"": ""intense chicken stock mix"", ""label"": ""Intense chicken stock mix (5.5g)"", ""in_box"": 1}, {""name"": ""brown onion"", ""label"": ""Brown onion"", ""in_box"": 1}, {""name"": ""white long grain rice"", ""label"": ""White long grain rice (130g)"", ""in_box"": 1}, {""name"": ""lemon"", ""label"": ""Lemon"", ""in_box"": 1}, {""name"": ""gem lettuce"", ""label"": ""Gem lettuce"", ""in_box"": 1}, {""name"": ""sweet pointed pepper"", ""label"": ""Sweet pointed pepper"", ""in_box"": 1}, {""name"": ""white wine vinegar"", ""label"": ""White wine vinegar (15ml)"", ""in_box"": 1}]"
2026-08-04,2026-06-19,c08614b2-5d95-4a91-9721-f52122d83ebc,2821,Pesto Salmon & Veg Tray Bake,True,2.25,473,470,31.1,23.3,3.2,36.3,6.4,7.3,0.15,99,6.6,4.9,0.7,7.7,1.3,1.5,0.03,2,30,full-prep,no spice,Modern Bistro,Dairy Free; Gluten Free,4.24,5953,True,"[{""name"": ""skin-on salmon fillets"", ""label"": ""Skin-on salmon fillets (2pcs)"", ""in_box"": 1}, {""name"": ""garlic clove"", ""label"": ""Garlic clove"", ""in_box"": 1}, {""name"": ""lemon"", ""label"": ""Lemon"", ""in_box"": 1}, {""name"": ""basil"", ""label"": ""Basil (20g)"", ""in_box"": 1}, {""name"": ""Tenderstem broccoli"", ""label"": ""Tenderstem broccoli (160g)"", ""in_box"": 1}, {""name"": ""cherry tomatoes"", ""label"": ""Cherry tomatoes (125g)"", ""in_box"": 1}, {""name"": ""flaked almonds"", ""label"": ""Flaked almonds (15g)"", ""in_box"": 1}, {""name"": ""white potato"", ""label"": ""White potato x3"", ""in_box"": 3}]"
2026-08-04,2026-06-19,2d6668b9-6227-417e-aaff-4c12749b230e,5187,Plant-Based Creamy Mushroom Miso Udon,False,0.0,518,488,13.0,18.0,2.3,67.2,7.0,5.1,2.15,94,2.5,3.5,0.4,13.0,1.4,1.0,0.41,2,25,full-prep,no spice,20 minute meals,Vegan; Vegetarian; Dairy Free,4.35,11827,True,"[{""name"": ""white miso paste"", ""label"": ""White miso paste (17g)"", ""in_box"": 1}, {""name"": ""spring onion"", ""label"": ""Spring onion"", ""in_box"": 1}, {""name"": ""soy sauce"", ""label"": ""Soy sauce (8ml)"", ""in_box"": 1}, {""name"": ""Tenderstem broccoli"", ""label"": ""Tenderstem broccoli (80g) x2"", ""in_box"": 2}, {""name"": ""creamy single oat"", ""label"": ""Creamy single oat (250ml)"", ""in_box"": 1}, {""name"": ""garlic clove"", ""label"": ""Garlic clove x2"", ""in_box"": 2}, {""name"": ""shallot"", ""label"": ""Shallot"", ""in_box"": 1}, {""name"": ""udon noodles"", ""label"": ""Udon noodles (200g) x2"", ""in_box"": 2}, {""name"": ""white cup mushrooms"", ""label"": ""White cup mushrooms (160g)"", ""in_box"": 1}]"
2026-08-04,2026-06-19,bd77851b-2745-4f66-91b2-532f22b333cb,5794,Plant-Based Garlic & Coriander Butter Chickpea Burritos,False,0.0,419,788,25.3,18.0,7.9,125.3,9.1,12.9,2.11,188,6.0,4.3,1.9,29.9,2.2,3.1,0.5,3,35,full-prep,spicy,Global Kitchen,Vegan; Vegetarian; Dairy Free,4.19,5283,True,"[{""name"": ""cultured coconut"", ""label"": ""Cultured coconut (80g)"", ""in_box"": 1}, {""name"": ""plain tortillas"", ""label"": ""Plain tortillas (4pcs)"", ""in_box"": 1}, {""name"": ""white basmati rice"", ""label"": ""White basmati rice (100g)"", ""in_box"": 1}, {""name"": ""tomato paste"", ""label"": ""Tomato paste (32g)"", ""in_box"": 1}, {""name"": ""curry powder"", ""label"": ""Curry powder (1tbsp)"", ""in_box"": 1}, {""name"": ""garlic clove"", ""label"": ""Garlic clove"", ""in_box"": 1}, {""name"": ""garam masala"", ""label"": ""Garam masala (1tbsp)"", ""in_box"": 1}, {""name"": ""coriander"", ""label"": ""Coriander (10g)"", ""in_box"": 1}, {""name"": ""chickpeas"", ""label"": ""Chickpeas (390g)"", ""in_box"": 1}, {""name"": ""shallot"", ""label"": ""Shallot"", ""in_box"": 1}, {""name"": ""vegetable stock mix"", ""label"": ""Vegetable stock mix (5.5g)"", ""in_box"": 1}, {""name"": ""ginger & garlic paste"", ""label"": ""Ginger & garlic paste (15g)"", ""in_box"": 1}, {""name"": ""spinach"", ""label"": ""Spinach (80g)"", ""in_box"": 1}, {""name"": ""cardamom pod"", ""label"": ""Cardamom pod"", ""in_box"": 1}]"
2026-08-04,2026-06-19,08fab91c-055b-4d0c-b1ea-a1e2dfea0537,7827,Ponzu Chicken Burger With Spiced Potatoes & Smashed Cucumber,False,0.0,533,551,37.6,17.5,2.1,61.0,8.9,7.1,1.36,103,7.0,3.3,0.4,11.5,1.7,1.3,0.25,1,10,full-prep,mild,10-Minute,Dairy Free,4.3,4149,True,"[{""name"": ""chicken breast strips"", ""label"": ""Chicken breast strips (250g)"", ""in_box"": 1}, {""name"": ""waxy potatoes"", ""label"": ""Waxy potatoes (350g)"", ""in_box"": 1}, {""name"": ""soy sauce"", ""label"": ""Soy sauce (8ml)"", ""in_box"": 1}, {""name"": ""mayonnaise"", ""label"": ""Mayonnaise (25ml)"", ""in_box"": 1}, {""name"": ""brioche style buns"", ""label"": ""Brioche style buns (2pcs)"", ""in_box"": 1}, {""name"": ""shichimi togarashi"", ""label"": ""Shichimi togarashi (2g)"", ""in_box"": 1}, {""name"": ""lemon"", ""label"": ""Lemon"", ""in_box"": 1}, {""name"": ""cucumber"", ""label"": ""Cucumber (0.5pcs)"", ""in_box"": 1}, {""name"": ""rocket"", ""label"": ""Rocket (20g)"", ""in_box"": 1}, {""name"": ""white wine vinegar"", ""label"": ""White wine vinegar (15ml)"", ""in_box"": 1}]"
2026-08-04,2026-06-19,b5fbf01c-4cd9-410c-84f5-48325884aad5,15894,Pork & Basil Meatballs With Tomato Sauce & Mash,False,0.0,542,476,35.2,15.8,6.7,51.3,11.4,8.1,1.46,87,6.5,2.9,1.2,9.5,2.1,1.5,0.27,3,35,full-prep,no spice,Everyday Favourites,Gluten Free,4.28,101,True,"[{""name"": ""finely chopped tomatoes"", ""label"": ""Finely chopped tomatoes (200g)"", ""in_box"": 1}, {""name"": ""tomato paste"", ""label"": ""Tomato paste (32g)"", ""in_box"": 1}, {""name"": ""pork mince"", ""label"": ""Pork mince (250g)"", ""in_box"": 1}, {""name"": ""intense chicken stock mix"", ""label"": ""Intense chicken stock mix (5.5g)"", ""in_box"": 1}, {""name"": ""garlic clove"", ""label"": ""Garlic clove x2"", ""in_box"": 2}, {""name"": ""basil"", ""label"": ""Basil (5g)"", ""in_box"": 1}, {""name"": ""Italian hard cheese"", ""label"": ""Italian hard cheese (20g)"", ""in_box"": 1}, {""name"": ""fine green beans"", ""label"": ""Fine green beans (80g)"", ""in_box"": 1}, {""name"": ""red onion"", ""label"": ""Red onion"", ""in_box"": 1}, {""name"": ""white potato"", ""label"": ""White potato x4"", ""in_box"": 4}]"
2026-08-04,2026-06-19,c4e53074-fcb1-4fac-92ca-4b775c112a60,6470,Pork & Beef Sloppy Joe Loaded Fries With Smoky Ranch Dressing,False,0.0,499,671,30.2,38.0,11.1,53.9,13.2,9.0,1.81,134,6.1,7.6,2.2,10.8,2.6,1.8,0.36,2,35,full-prep,no spice,Global Kitchen,Dairy Free; Gluten Free,4.42,4550,True,"[{""name"": ""intense beef stock mix"", ""label"": ""Intense beef stock mix (5.5g)"", ""in_box"": 1}, {""name"": ""pork & beef mince"", ""label"": ""Pork & beef mince (250g)"", ""in_box"": 1}, {""name"": ""red pepper"", ""label"": ""Red pepper"", ""in_box"": 1}, {""name"": ""spring onion"", ""label"": ""Spring onion"", ""in_box"": 1}, {""name"": ""tomato paste"", ""label"": ""Tomato paste (32g)"", ""in_box"": 1}, {""name"": ""ground smoked paprika"", ""label"": ""Ground smoked paprika (1tsp)"", ""in_box"": 1}, {""name"": ""mayonnaise"", ""label"": ""Mayonnaise (25ml)"", ""in_box"": 1}, {""name"": ""mustard ketchup"", ""label"": ""Mustard ketchup (20g)"", ""in_box"": 1}, {""name"": ""garlic clove"", ""label"": ""Garlic clove"", ""in_box"": 1}, {""name"": ""dried basil"", ""label"": ""Dried basil (1tsp)"", ""in_box"": 1}, {""name"": ""brown onion"", ""label"": ""Brown onion"", ""in_box"": 1}, {""name"": ""Henderson's Relish"", ""label"": ""Henderson's Relish (15ml)"", ""in_box"": 1}, {""name"": ""white wine vinegar"", ""label"": ""White wine vinegar (15ml)"", ""in_box"": 1}, {""name"": ""white potato"", ""label"": ""White potato x4"", ""in_box"": 4}]"
2026-08-04,2026-06-19,2b6ae1a5-8297-4bb5-a4a2-2cf50eb70ed1,5787,Pork Ragù With Garlic & Chilli King Prawns,True,2.5,633,642,52.8,18.4,8.0,67.9,9.1,9.0,2.59,101,8.4,2.9,1.3,10.7,1.4,1.4,0.41,2,85,full-prep,mild,Modern Bistro,,4.35,1310,True,"[{""name"": ""red chilli"", ""label"": ""Red chilli"", ""in_box"": 1}, {""name"": ""diced pork"", ""label"": ""Diced pork (250g)"", ""in_box"": 1}, {""name"": ""tomato paste"", ""label"": ""Tomato paste (32g)"", ""in_box"": 1}, {""name"": ""Tenderstem broccoli"", ""label"": ""Tenderstem broccoli (80g)"", ""in_box"": 1}, {""name"": ""intense beef stock mix"", ""label"": ""Intense beef stock mix (5.5g)"", ""in_box"": 1}, {""name"": ""ciabatta"", ""label"": ""Ciabatta"", ""in_box"": 1}, {""name"": ""garlic clove"", ""label"": ""Garlic clove x2"", ""in_box"": 2}, {""name"": ""brown onion"", ""label"": ""Brown onion"", ""in_box"": 1}, {""name"": ""raw peeled king prawns"", ""label"": ""Raw peeled king prawns (171g)"", ""in_box"": 1}, {""name"": ""grated Italian hard cheese"", ""label"": ""Grated Italian hard cheese (30g)"", ""in_box"": 1}, {""name"": ""Henderson's Relish"", ""label"": ""Henderson's Relish (15ml)"", ""in_box"": 1}, {""name"": ""parsley"", ""label"": ""Parsley (10g)"", ""in_box"": 1}, {""name"": ""chestnut mushrooms"", ""label"": ""Chestnut mushrooms (80g)"", ""in_box"": 1}, {""name"": ""white potato"", ""label"": ""White potato x4"", ""in_box"": 4}]"
2026-08-04,2026-06-19,798e9279-4f23-4c80-926c-e19dcb8fb723,7003,Puttanesca-Style Sauce With Fresh Orecchiette,False,0.0,269,422,14.1,4.8,0.8,79.3,6.3,4.3,2.04,156,5.2,1.8,0.3,29.5,2.3,1.6,0.76,1,10,full-prep,no spice,Pasta Pronto,Vegan; Vegetarian; Dairy Free,4.25,5548,True,"[{""name"": ""capers"", ""label"": ""Capers (20g)"", ""in_box"": 1}, {""name"": ""finely chopped tomatoes"", ""label"": ""Finely chopped tomatoes (200g)"", ""in_box"": 1}, {""name"": ""intense vegetable stock mix"", ""label"": ""Intense vegetable stock mix (5.5g)"", ""in_box"": 1}, {""name"": ""black olives"", ""label"": ""Black olives (40g)"", ""in_box"": 1}, {""name"": ""garlic clove"", ""label"": ""Garlic clove x3"", ""in_box"": 3}, {""name"": ""parsley"", ""label"": ""Parsley (5g)"", ""in_box"": 1}, {""name"": ""fresh orecchiette"", ""label"": ""Fresh orecchiette (250g)"", ""in_box"": 1}]"
2026-08-04,2026-06-19,1af8aab6-70e7-472d-a941-b53cce3e60eb,5039,Puttanesca-Style Sauce With Tomato & Mozzarella Tortelloni,False,0.0,266,409,17.3,14.7,4.3,51.9,9.0,3.9,1.94,153,6.5,5.5,1.6,19.5,3.4,1.4,0.73,1,10,full-prep,no spice,Pasta Pronto,Vegetarian,4.06,9806,True,"[{""name"": ""capers"", ""label"": ""Capers (20g)"", ""in_box"": 1}, {""name"": ""finely chopped tomatoes"", ""label"": ""Finely chopped tomatoes (200g)"", ""in_box"": 1}, {""name"": ""black olives"", ""label"": ""Black olives (40g)"", ""in_box"": 1}, {""name"": ""garlic clove"", ""label"": ""Garlic clove x3"", ""in_box"": 3}, {""name"": ""tomato & mozzarella tortelloni"", ""label"": ""Tomato & mozzarella tortelloni (250g)"", ""in_box"": 1}, {""name"": ""parsley"", ""label"": ""Parsley (5g)"", ""in_box"": 1}]"
2026-08-04,2026-06-19,f4c30d2c-9bd3-49e4-9fa8-4df8587f0a11,2299,Rump Steak Miso Ramen With Sambal Mushrooms,True,4.5,448,634,47.9,22.0,7.8,61.7,5.6,2.3,3.94,141,10.7,4.9,1.7,13.8,1.2,0.5,0.88,1,50,full-prep,mild,Ultimate Fakeaway,Dairy Free,4.27,3907,True,"[{""name"": ""white miso paste"", ""label"": ""White miso paste (17g)"", ""in_box"": 1}, {""name"": ""medium egg noodle nests"", ""label"": ""Medium egg noodle nests (2pcs)"", ""in_box"": 1}, {""name"": ""free range egg"", ""label"": ""Free range egg"", ""in_box"": 1}, {""name"": ""spring onion"", ""label"": ""Spring onion"", ""in_box"": 1}, {""name"": ""soy sauce"", ""label"": ""Soy sauce (8ml)"", ""in_box"": 1}, {""name"": ""rump pavé steak"", ""label"": ""Rump pavé steak (300g)"", ""in_box"": 1}, {""name"": ""pho broth paste"", ""label"": ""Pho broth paste (25g)"", ""in_box"": 1}, {""name"": ""garlic clove"", ""label"": ""Garlic clove x2"", ""in_box"": 2}, {""name"": ""fresh root ginger"", ""label"": ""Fresh root ginger (15g)"", ""in_box"": 1}, {""name"": ""pak choi"", ""label"": ""Pak choi (200g)"", ""in_box"": 1}, {""name"": ""sambal oelek"", ""label"": ""Sambal oelek (20g)"", ""in_box"": 1}, {""name"": ""rice vinegar"", ""label"": ""Rice vinegar (15ml)"", ""in_box"": 1}, {""name"": ""black sesame seeds"", ""label"": ""Black sesame seeds (5g)"", ""in_box"": 1}, {""name"": ""chestnut mushrooms"", ""label"": ""Chestnut mushrooms (80g)"", ""in_box"": 1}]"
2026-08-04,2026-06-19,be95353a-58de-4ba5-bd75-4beb5294eb57,2259,Rump Steak With Garlic Portobello And Crispy Potatoes,True,3.0,518,458,38.7,16.3,6.7,39.7,4.1,5.1,0.16,88,7.5,3.1,1.3,7.7,0.8,1.0,0.03,3,35,full-prep,no spice,Gastropub,Dairy Free,4.26,1646,True,"[{""name"": ""rump pavé steak"", ""label"": ""Rump pavé steak (300g)"", ""in_box"": 1}, {""name"": ""panko breadcrumbs"", ""label"": ""Panko breadcrumbs (20g)"", ""in_box"": 1}, {""name"": ""garlic clove"", ""label"": ""Garlic clove"", ""in_box"": 1}, {""name"": ""portobello mushrooms"", ""label"": ""Portobello mushrooms (150g)"", ""in_box"": 1}, {""name"": ""Chinese rice wine"", ""label"": ""Chinese rice wine (15ml)"", ""in_box"": 1}, {""name"": ""spinach"", ""label"": ""Spinach (120g)"", ""in_box"": 1}, {""name"": ""cherry tomatoes"", ""label"": ""Cherry tomatoes (125g)"", ""in_box"": 1}, {""name"": ""white potato"", ""label"": ""White potato x3"", ""in_box"": 3}]"
2026-08-04,2026-06-19,1e12b6fc-6585-4c61-b35f-6368bdf88df2,2888,Saag Aloo With Peas And Pitta,False,0.0,432,488,16.2,12.9,8.7,77.6,17.4,14.0,1.53,112,3.7,3.0,2.0,18.0,4.0,3.2,0.35,3,10,full-prep,mild,10-Minute,Vegan; Vegetarian; Dairy Free,4.31,38567,True,"[{""name"": ""mango chutney"", ""label"": ""Mango chutney (20g)"", ""in_box"": 1}, {""name"": ""solid creamed coconut"", ""label"": ""Solid creamed coconut (25g)"", ""in_box"": 1}, {""name"": ""ground turmeric"", ""label"": ""Ground turmeric (0.5tsp)"", ""in_box"": 1}, {""name"": ""waxy potatoes"", ""label"": ""Waxy potatoes (350g)"", ""in_box"": 1}, {""name"": ""cumin seeds"", ""label"": ""Cumin seeds (1tsp)"", ""in_box"": 1}, {""name"": ""red chilli"", ""label"": ""Red chilli"", ""in_box"": 1}, {""name"": ""wholemeal pittas"", ""label"": ""Wholemeal pittas (2pcs)"", ""in_box"": 1}, {""name"": ""curry powder"", ""label"": ""Curry powder (0.5tbsp)"", ""in_box"": 1}, {""name"": ""blanched peas"", ""label"": ""Blanched peas (160g)"", ""in_box"": 1}, {""name"": ""vegetable stock mix"", ""label"": ""Vegetable stock mix (5.5g)"", ""in_box"": 1}, {""name"": ""ginger & garlic paste"", ""label"": ""Ginger & garlic paste (15g)"", ""in_box"": 1}, {""name"": ""tomato paste"", ""label"": ""Tomato paste (16g)"", ""in_box"": 1}, {""name"": ""black sesame seeds"", ""label"": ""Black sesame seeds (5g)"", ""in_box"": 1}, {""name"": ""spinach"", ""label"": ""Spinach (120g)"", ""in_box"": 1}]"
2026-08-04,2026-06-19,8973d1f8-3c68-488d-b0db-6705db54b4d4,8197,Salmon With Spicy Sesame Noodles,True,2.75,,599,35.6,25.6,,57.3,,6.8,1.86,,,,,,,,,2,10,full-prep,spicy,Ultimate Fakeaway,Dairy Free,4.37,284,True,
2026-08-04,2026-06-19,96a454ba-80e8-4042-907b-777fd9bf085f,2769,Salt & Pepper Chicken Thigh With Egg Fried Rice,False,0.0,366,647,37.7,20.3,4.8,82.2,6.1,6.0,1.54,177,10.3,5.5,1.3,22.5,1.7,1.6,0.42,1,40,full-prep,spicy,Takeaway Night,Dairy Free,4.34,46225,True,"[{""name"": ""white long grain rice"", ""label"": ""White long grain rice (130g)"", ""in_box"": 1}, {""name"": ""free range egg"", ""label"": ""Free range egg"", ""in_box"": 1}, {""name"": ""spring onion"", ""label"": ""Spring onion x3"", ""in_box"": 3}, {""name"": ""red chilli"", ""label"": ""Red chilli"", ""in_box"": 1}, {""name"": ""diced chicken thigh"", ""label"": ""Diced chicken thigh (250g)"", ""in_box"": 1}, {""name"": ""cornflour"", ""label"": ""Cornflour (4tbsp)"", ""in_box"": 1}, {""name"": ""five-spice mix"", ""label"": ""Five-spice mix (1tsp)"", ""in_box"": 1}, {""name"": ""garlic clove"", ""label"": ""Garlic clove"", ""in_box"": 1}, {""name"": ""fresh root ginger"", ""label"": ""Fresh root ginger (15g)"", ""in_box"": 1}, {""name"": ""toasted sesame oil"", ""label"": ""Toasted sesame oil (10ml)"", ""in_box"": 1}, {""name"": ""blanched peas"", ""label"": ""Blanched peas (160g)"", ""in_box"": 1}, {""name"": ""soy sauce"", ""label"": ""Soy sauce (15ml)"", ""in_box"": 1}]"
2026-08-04,2026-06-19,3874ff04-aaeb-48e0-adce-4265c439e714,2201,Satay Sweet Potato & Kale Curry,False,0.0,384,592,27.1,26.8,6.4,62.9,14.6,17.2,2.43,154,7.1,7.0,1.7,16.4,3.8,4.5,0.63,3,30,full-prep,spicy,Global Kitchen,Vegan; Vegetarian; Dairy Free; Gluten Free,4.24,24338,True,"[{""name"": ""cultured coconut"", ""label"": ""Cultured coconut (80g)"", ""in_box"": 1}, {""name"": ""dried chilli flakes"", ""label"": ""Dried chilli flakes (0.5tsp)"", ""in_box"": 1}, {""name"": ""red lentils"", ""label"": ""Red lentils (100g)"", ""in_box"": 1}, {""name"": ""intense vegetable stock mix"", ""label"": ""Intense vegetable stock mix (5.5g)"", ""in_box"": 1}, {""name"": ""curry powder"", ""label"": ""Curry powder (1tbsp)"", ""in_box"": 1}, {""name"": ""fresh root ginger"", ""label"": ""Fresh root ginger (15g)"", ""in_box"": 1}, {""name"": ""brown onion"", ""label"": ""Brown onion"", ""in_box"": 1}, {""name"": ""tomato paste"", ""label"": ""Tomato paste (16g)"", ""in_box"": 1}, {""name"": ""coriander"", ""label"": ""Coriander (5g)"", ""in_box"": 1}, {""name"": ""shredded kale"", ""label"": ""Shredded kale (80g)"", ""in_box"": 1}, {""name"": ""lime"", ""label"": ""Lime"", ""in_box"": 1}, {""name"": ""roasted peanuts"", ""label"": ""Roasted peanuts (25g)"", ""in_box"": 1}, {""name"": ""smooth peanut butter"", ""label"": ""Smooth peanut butter (26g) x2"", ""in_box"": 2}, {""name"": ""sweet potato"", ""label"": ""Sweet potato"", ""in_box"": 1}]"
2026-08-04,2026-06-19,238e5ecc-8530-4007-b934-01d5d7159636,15882,Sausage & Red Onion Tomato Chutney Baguette With Chips & Salad,False,0.0,466,637,25.8,27.3,9.1,73.2,18.7,7.5,1.79,136,5.5,5.9,2.0,15.7,4.0,1.6,0.38,3,35,full-prep,no spice,Everyday Favourites,Dairy Free,4.48,127,True,"[{""name"": ""baguettes"", ""label"": ""Baguettes (2pcs)"", ""in_box"": 1}, {""name"": ""tomato paste"", ""label"": ""Tomato paste (32g)"", ""in_box"": 1}, {""name"": ""Proper Porker sausages"", ""label"": ""Proper Porker sausages (4pcs)"", ""in_box"": 1}, {""name"": ""garlic clove"", ""label"": ""Garlic clove"", ""in_box"": 1}, {""name"": ""tomato"", ""label"": ""Tomato"", ""in_box"": 1}, {""name"": ""baby leaf salad"", ""label"": ""Baby leaf salad (50g)"", ""in_box"": 1}, {""name"": ""chopped dates"", ""label"": ""Chopped dates (30g)"", ""in_box"": 1}, {""name"": ""balsamic vinegar"", ""label"": ""Balsamic vinegar (15ml)"", ""in_box"": 1}, {""name"": ""red onion"", ""label"": ""Red onion"", ""in_box"": 1}, {""name"": ""white potato"", ""label"": ""White potato x3"", ""in_box"": 3}]"
2026-08-04,2026-06-19,308389a7-69d2-4166-b0d2-1c27be8d1ed1,1062,Sea Bass With Pak Choi & Szechuan-Style Noodles,True,3.0,302,505,35.1,11.7,2.1,66.1,10.9,1.9,3.12,167,11.6,3.9,0.7,21.9,3.6,0.6,1.03,1,40,full-prep,spicy,Ultimate Fakeaway,Dairy Free,4.38,1964,True,"[{""name"": ""dried chilli flakes"", ""label"": ""Dried chilli flakes (0.5tsp)"", ""in_box"": 1}, {""name"": ""sea bass fillets"", ""label"": ""Sea bass fillets (2pcs)"", ""in_box"": 1}, {""name"": ""spring onion"", ""label"": ""Spring onion x2"", ""in_box"": 2}, {""name"": ""garlic clove"", ""label"": ""Garlic clove x3"", ""in_box"": 3}, {""name"": ""pak choi"", ""label"": ""Pak choi (200g)"", ""in_box"": 1}, {""name"": ""fine egg noodle nest"", ""label"": ""Fine egg noodle nest x2"", ""in_box"": 2}, {""name"": ""soy sauce"", ""label"": ""Soy sauce (30ml)"", ""in_box"": 1}, {""name"": ""honey"", ""label"": ""Honey (25g)"", ""in_box"": 1}]"
2026-08-04,2026-06-19,8cc2125c-6e6d-413e-9eac-cce6e02a521f,11777,Sesame Hoisin Chicken With Wedges And Slaw,False,0.0,408,352,32.7,5.2,1.2,45.7,13.6,6.2,1.74,86,8.0,1.3,0.3,11.2,3.3,1.5,0.42,1,35,full-prep,no spice,Takeaway Night,Dairy Free,4.27,2306,True,"[{""name"": ""chicken breast strips"", ""label"": ""Chicken breast strips (250g)"", ""in_box"": 1}, {""name"": ""spring onion"", ""label"": ""Spring onion"", ""in_box"": 1}, {""name"": ""carrot & cabbage slaw mix"", ""label"": ""Carrot & cabbage slaw mix (160g)"", ""in_box"": 1}, {""name"": ""garlic clove"", ""label"": ""Garlic clove"", ""in_box"": 1}, {""name"": ""fresh root ginger"", ""label"": ""Fresh root ginger (15g)"", ""in_box"": 1}, {""name"": ""toasted sesame seeds"", ""label"": ""Toasted sesame seeds (5g)"", ""in_box"": 1}, {""name"": ""hoisin sauce"", ""label"": ""Hoisin sauce (40g)"", ""in_box"": 1}, {""name"": ""rice vinegar"", ""label"": ""Rice vinegar (15ml)"", ""in_box"": 1}, {""name"": ""soy sauce"", ""label"": ""Soy sauce (15ml)"", ""in_box"": 1}, {""name"": ""white potato"", ""label"": ""White potato x3"", ""in_box"": 3}]"
2026-08-04,2026-06-19,631b18a5-57fd-4e2a-be24-dabcc2c4e23d,1279,Sesame-Crusted Basa With Sweet Chilli Noodles,False,0.0,344,413,33.6,6.4,1.3,52.8,10.7,8.8,2.37,120,9.8,1.9,0.4,15.4,3.1,2.6,0.69,1,25,full-prep,spicy,20 minute meals,Dairy Free,4.21,7189,True,"[{""name"": ""white miso paste"", ""label"": ""White miso paste (30g)"", ""in_box"": 1}, {""name"": ""dried chilli flakes"", ""label"": ""Dried chilli flakes (1tsp)"", ""in_box"": 1}, {""name"": ""spring onion"", ""label"": ""Spring onion x2"", ""in_box"": 2}, {""name"": ""basa fillets"", ""label"": ""Basa fillets (2pcs)"", ""in_box"": 1}, {""name"": ""wholewheat noodle nests"", ""label"": ""Wholewheat noodle nests (2pcs)"", ""in_box"": 1}, {""name"": ""fresh root ginger"", ""label"": ""Fresh root ginger (15g)"", ""in_box"": 1}, {""name"": ""toasted sesame seeds"", ""label"": ""Toasted sesame seeds (5g)"", ""in_box"": 1}, {""name"": ""red chilli relish"", ""label"": ""Red chilli relish (25g)"", ""in_box"": 1}, {""name"": ""black sesame seeds"", ""label"": ""Black sesame seeds (5g)"", ""in_box"": 1}, {""name"": ""soy sauce"", ""label"": ""Soy sauce (15ml)"", ""in_box"": 1}, {""name"": ""Tenderstem broccoli"", ""label"": ""Tenderstem broccoli (160g)"", ""in_box"": 1}, {""name"": ""lime"", ""label"": ""Lime"", ""in_box"": 1}]"
2026-08-04,2026-06-19,3b04f60d-1290-4cf6-a7e4-9c079d0c8aa5,2036,Simple Tuna & Olive Pizza With Salad,False,0.0,373,677,42.1,22.1,9.2,74.4,7.3,5.9,2.47,181,11.3,5.9,2.5,19.9,2.0,1.6,0.66,2,30,full-prep,no spice,Takeaway Night,,4.17,2181,True,"[{""name"": ""dried oregano"", ""label"": ""Dried oregano (1tsp)"", ""in_box"": 1}, {""name"": ""flame-baked pizza bases"", ""label"": ""Flame-baked pizza bases (2pcs)"", ""in_box"": 1}, {""name"": ""tuna chunks in spring water"", ""label"": ""Tuna chunks in spring water (145g)"", ""in_box"": 1}, {""name"": ""black olives"", ""label"": ""Black olives (40g)"", ""in_box"": 1}, {""name"": ""garlic clove"", ""label"": ""Garlic clove"", ""in_box"": 1}, {""name"": ""mozzarella"", ""label"": ""Mozzarella (125g)"", ""in_box"": 1}, {""name"": ""tomato paste"", ""label"": ""Tomato paste (16g) x4"", ""in_box"": 4}, {""name"": ""rocket"", ""label"": ""Rocket (50g)"", ""in_box"": 1}, {""name"": ""balsamic vinegar"", ""label"": ""Balsamic vinegar (15ml)"", ""in_box"": 1}]"
2026-08-04,2026-06-19,15b8a2a8-bf50-43f8-8806-dd160d4da1a5,5457,Slow Cooker Three Bean Chilli With Potatoes,False,0.0,583,419,20.5,2.1,0.4,75.4,9.9,21.6,1.77,71,3.5,0.4,0.1,12.9,1.7,3.7,0.3,2,190,full-prep,mild,Slow Cooker,Vegan; Vegetarian; Dairy Free; Gluten Free,4.15,1516,True,"[{""name"": ""green chilli"", ""label"": ""Green chilli"", ""in_box"": 1}, {""name"": ""cumin seeds"", ""label"": ""Cumin seeds (1tsp)"", ""in_box"": 1}, {""name"": ""finely chopped tomatoes"", ""label"": ""Finely chopped tomatoes (200g)"", ""in_box"": 1}, {""name"": ""cannellini beans"", ""label"": ""Cannellini beans (185g)"", ""in_box"": 1}, {""name"": ""intense vegetable stock mix"", ""label"": ""Intense vegetable stock mix (5.5g)"", ""in_box"": 1}, {""name"": ""ground smoked paprika"", ""label"": ""Ground smoked paprika (2tsp)"", ""in_box"": 1}, {""name"": ""chipotle paste"", ""label"": ""Chipotle paste (20g)"", ""in_box"": 1}, {""name"": ""red kidney beans"", ""label"": ""Red kidney beans (390g)"", ""in_box"": 1}, {""name"": ""garlic clove"", ""label"": ""Garlic clove x3"", ""in_box"": 3}, {""name"": ""coriander"", ""label"": ""Coriander (10g)"", ""in_box"": 1}, {""name"": ""black beans"", ""label"": ""Black beans (185g)"", ""in_box"": 1}, {""name"": ""white wine vinegar"", ""label"": ""White wine vinegar (15ml)"", ""in_box"": 1}, {""name"": ""white potato"", ""label"": ""White potato x4"", ""in_box"": 4}]"
2026-08-04,2026-06-19,0f454a71-bb6c-4b5c-8254-624aec9c5c0c,2157,Smoked Basa & Corn Chowder With Crusty Ciabatta ,False,0.0,331,491,29.1,17.6,9.5,53.3,8.8,4.6,2.85,148,8.8,5.3,2.9,16.1,2.6,1.4,0.86,1,10,full-prep,no spice,10-Minute,,4.29,14660,True,"[{""name"": ""spring onion"", ""label"": ""Spring onion x2"", ""in_box"": 2}, {""name"": ""Sweetcorn"", ""label"": ""Sweetcorn (150g)"", ""in_box"": 1}, {""name"": ""ciabatta"", ""label"": ""Ciabatta x2"", ""in_box"": 2}, {""name"": ""Dried bay leaf"", ""label"": ""Dried bay leaf x2"", ""in_box"": 2}, {""name"": ""smoked basa fillets"", ""label"": ""Smoked basa fillets (2pcs)"", ""in_box"": 1}, {""name"": ""vegetable stock mix"", ""label"": ""Vegetable stock mix (5.5g)"", ""in_box"": 1}, {""name"": ""soft cheese"", ""label"": ""Soft cheese (50g) x2"", ""in_box"": 2}, {""name"": ""Chinese rice wine"", ""label"": ""Chinese rice wine (15ml)"", ""in_box"": 1}, {""name"": ""dill"", ""label"": ""Dill (5g)"", ""in_box"": 1}, {""name"": ""chives"", ""label"": ""Chives (5g)"", ""in_box"": 1}]"
2026-08-04,2026-06-19,00c51ee2-e605-421a-87c0-03a52e4127e3,2762,Smoked Basa & Spinach Pilau Rice,False,0.0,347,336,23.2,6.8,1.6,45.6,2.8,2.2,2.21,96,6.7,2.0,0.5,13.1,0.8,0.6,0.64,1,10,full-prep,mild,10-Minute,Dairy Free; Gluten Free,4.19,34259,True,"[{""name"": ""cooked white long grain rice"", ""label"": ""Cooked white long grain rice (280g)"", ""in_box"": 1}, {""name"": ""dried chilli flakes"", ""label"": ""Dried chilli flakes (0.5tsp)"", ""in_box"": 1}, {""name"": ""ground turmeric"", ""label"": ""Ground turmeric (1tsp)"", ""in_box"": 1}, {""name"": ""spring onion"", ""label"": ""Spring onion"", ""in_box"": 1}, {""name"": ""lemon"", ""label"": ""Lemon"", ""in_box"": 1}, {""name"": ""smoked basa fillets"", ""label"": ""Smoked basa fillets (2pcs)"", ""in_box"": 1}, {""name"": ""vegetable stock mix"", ""label"": ""Vegetable stock mix (5.5g)"", ""in_box"": 1}, {""name"": ""ginger & garlic paste"", ""label"": ""Ginger & garlic paste (15g)"", ""in_box"": 1}, {""name"": ""spinach"", ""label"": ""Spinach (80g)"", ""in_box"": 1}]"
2026-08-04,2026-06-19,b56bff23-2317-42a5-a6e7-d4c35f3b7875,920,Smoked Basa & Sweetcorn Curry,False,0.0,364,511,28.4,13.8,9.6,71.1,11.2,8.9,2.46,140,7.8,3.8,2.6,19.5,3.1,2.4,0.68,2,40,full-prep,mild,Global Kitchen,Gluten Free; Dairy Free,4.18,3044,True,"[{""name"": ""brown long grain rice"", ""label"": ""Brown long grain rice (130g)"", ""in_box"": 1}, {""name"": ""solid creamed coconut"", ""label"": ""Solid creamed coconut (25g)"", ""in_box"": 1}, {""name"": ""ground turmeric"", ""label"": ""Ground turmeric (1tsp)"", ""in_box"": 1}, {""name"": ""red chilli"", ""label"": ""Red chilli"", ""in_box"": 1}, {""name"": ""Sweetcorn"", ""label"": ""Sweetcorn (150g)"", ""in_box"": 1}, {""name"": ""curry powder"", ""label"": ""Curry powder (1tbsp)"", ""in_box"": 1}, {""name"": ""garlic clove"", ""label"": ""Garlic clove x2"", ""in_box"": 2}, {""name"": ""fresh root ginger"", ""label"": ""Fresh root ginger (15g)"", ""in_box"": 1}, {""name"": ""brown onion"", ""label"": ""Brown onion"", ""in_box"": 1}, {""name"": ""smoked basa fillets"", ""label"": ""Smoked basa fillets (2pcs)"", ""in_box"": 1}, {""name"": ""vegetable stock mix"", ""label"": ""Vegetable stock mix (5.5g)"", ""in_box"": 1}, {""name"": ""spinach"", ""label"": ""Spinach (80g)"", ""in_box"": 1}]"
2026-08-04,2026-06-19,17194d91-9a82-4ffd-afbd-f68a87619a85,1582,Smoked Basa With Warm Green Bean & Potato Salad,False,0.0,438,422,23.0,23.2,2.6,33.0,5.8,6.0,1.55,96,5.3,5.3,0.6,7.5,1.3,1.4,0.35,1,25,full-prep,no spice,20 minute meals,Gluten Free; Dairy Free,4.4,22945,True,"[{""name"": ""waxy potatoes"", ""label"": ""Waxy potatoes (350g)"", ""in_box"": 1}, {""name"": ""spring onion"", ""label"": ""Spring onion"", ""in_box"": 1}, {""name"": ""mayonnaise"", ""label"": ""Mayonnaise (50ml)"", ""in_box"": 1}, {""name"": ""parsley"", ""label"": ""Parsley (5g)"", ""in_box"": 1}, {""name"": ""lemon"", ""label"": ""Lemon"", ""in_box"": 1}, {""name"": ""smoked basa fillets"", ""label"": ""Smoked basa fillets (2pcs)"", ""in_box"": 1}, {""name"": ""fine green beans"", ""label"": ""Fine green beans (160g)"", ""in_box"": 1}]"
2026-08-04,2026-06-19,66c03a5f-0203-4c36-a402-5dc9fd80e4fb,4302,Smoky Chipotle Fishcakes With Chilli Corn And Zingy Lime Mayo,False,0.0,552,480,27.0,14.6,2.2,63.2,15.0,8.0,1.58,87,4.9,2.6,0.4,11.5,2.7,1.5,0.29,2,50,full-prep,spicy,Global Kitchen,Dairy Free,4.29,19487,True,"[{""name"": ""dried chilli flakes"", ""label"": ""Dried chilli flakes (0.5tsp)"", ""in_box"": 1}, {""name"": ""ground smoked paprika"", ""label"": ""Ground smoked paprika (1tsp)"", ""in_box"": 1}, {""name"": ""Sweetcorn"", ""label"": ""Sweetcorn (150g)"", ""in_box"": 1}, {""name"": ""mayonnaise"", ""label"": ""Mayonnaise (25ml)"", ""in_box"": 1}, {""name"": ""panko breadcrumbs"", ""label"": ""Panko breadcrumbs (40g)"", ""in_box"": 1}, {""name"": ""chipotle paste"", ""label"": ""Chipotle paste (20g)"", ""in_box"": 1}, {""name"": ""tomato"", ""label"": ""Tomato x2"", ""in_box"": 2}, {""name"": ""smoked basa fillets"", ""label"": ""Smoked basa fillets (2pcs)"", ""in_box"": 1}, {""name"": ""coriander"", ""label"": ""Coriander (5g)"", ""in_box"": 1}, {""name"": ""lime"", ""label"": ""Lime"", ""in_box"": 1}, {""name"": ""red onion"", ""label"": ""Red onion"", ""in_box"": 1}, {""name"": ""white potato"", ""label"": ""White potato x3"", ""in_box"": 3}]"
2026-08-04,2026-06-19,66c587b4-dc84-4a08-8580-01733326eafd,9084,Smoky Harissa Pork Chilli With Lime Pickled Onion,False,0.0,498,594,36.9,15.9,5.7,75.3,11.4,6.3,2.13,119,7.4,3.2,1.1,15.1,2.3,1.3,0.43,2,25,full-prep,spicy,20 minute meals,Gluten Free,4.36,1723,True,"[{""name"": ""finely chopped tomatoes"", ""label"": ""Finely chopped tomatoes (200g)"", ""in_box"": 1}, {""name"": ""smoked sea salt flakes"", ""label"": ""Smoked sea salt flakes (1g)"", ""in_box"": 1}, {""name"": ""ground smoked paprika"", ""label"": ""Ground smoked paprika (2tsp)"", ""in_box"": 1}, {""name"": ""pork mince"", ""label"": ""Pork mince (250g)"", ""in_box"": 1}, {""name"": ""intense chicken stock mix"", ""label"": ""Intense chicken stock mix (5.5g)"", ""in_box"": 1}, {""name"": ""garlic clove"", ""label"": ""Garlic clove"", ""in_box"": 1}, {""name"": ""black beans"", ""label"": ""Black beans (185g)"", ""in_box"": 1}, {""name"": ""white long grain rice"", ""label"": ""White long grain rice (130g)"", ""in_box"": 1}, {""name"": ""natural yoghurt"", ""label"": ""Natural yoghurt (80g)"", ""in_box"": 1}, {""name"": ""harissa paste"", ""label"": ""Harissa paste (20g)"", ""in_box"": 1}, {""name"": ""lime"", ""label"": ""Lime"", ""in_box"": 1}, {""name"": ""red onion"", ""label"": ""Red onion"", ""in_box"": 1}]"
2026-08-04,2026-06-19,aa512f80-ad77-4943-85e1-43b94152e61c,3982,Smoky Spanish-Style Chicken Breast & Rice,False,0.0,505,574,36.2,19.0,2.3,65.3,6.6,6.4,1.42,113,7.2,3.8,0.4,12.9,1.3,1.3,0.28,2,10,full-prep,mild,10-Minute,Dairy Free; Gluten Free,4.1,11644,True,"[{""name"": ""diced chicken breast"", ""label"": ""Diced chicken breast (250g)"", ""in_box"": 1}, {""name"": ""ground smoked paprika"", ""label"": ""Ground smoked paprika (2tsp)"", ""in_box"": 1}, {""name"": ""mayonnaise"", ""label"": ""Mayonnaise (25ml)"", ""in_box"": 1}, {""name"": ""intense chicken stock mix"", ""label"": ""Intense chicken stock mix (5.5g)"", ""in_box"": 1}, {""name"": ""garlic clove"", ""label"": ""Garlic clove"", ""in_box"": 1}, {""name"": ""tomato"", ""label"": ""Tomato x2"", ""in_box"": 2}, {""name"": ""lemon"", ""label"": ""Lemon"", ""in_box"": 1}, {""name"": ""cooked white long grain rice"", ""label"": ""Cooked white long grain rice (280g)"", ""in_box"": 1}, {""name"": ""fine green beans"", ""label"": ""Fine green beans (160g)"", ""in_box"": 1}]"
2026-08-04,2026-06-19,c996ca51-d7a3-4c47-894a-3cef7fc272f4,2213,Spaghetti Amatriciana With Crispy Bacon,False,0.0,293,568,26.7,14.8,6.6,81.0,10.0,5.9,2.18,193,9.1,5.0,2.3,27.6,3.4,2.0,0.74,2,35,full-prep,mild,Modern Bistro,,4.37,14598,True,"[{""name"": ""dried oregano"", ""label"": ""Dried oregano (1tsp)"", ""in_box"": 1}, {""name"": ""dried chilli flakes"", ""label"": ""Dried chilli flakes (0.5tsp)"", ""in_box"": 1}, {""name"": ""bacon lardons"", ""label"": ""Bacon lardons (100g)"", ""in_box"": 1}, {""name"": ""garlic clove"", ""label"": ""Garlic clove x2"", ""in_box"": 2}, {""name"": ""brown onion"", ""label"": ""Brown onion"", ""in_box"": 1}, {""name"": ""grated Italian hard cheese"", ""label"": ""Grated Italian hard cheese (30g)"", ""in_box"": 1}, {""name"": ""tomato paste"", ""label"": ""Tomato paste (16g) x2"", ""in_box"": 2}, {""name"": ""basil"", ""label"": ""Basil (10g)"", ""in_box"": 1}, {""name"": ""chicken stock mix"", ""label"": ""Chicken stock mix (5.5g)"", ""in_box"": 1}, {""name"": ""cherry tomatoes"", ""label"": ""Cherry tomatoes (125g)"", ""in_box"": 1}, {""name"": ""spaghetti"", ""label"": ""Spaghetti (190g)"", ""in_box"": 1}]"
2026-08-04,2026-06-19,e2ebf7ce-1d2d-4b4a-9f87-82ca060c31d9,2881,Spanakopita-Style Herby Gnocchi,False,0.0,445,427,21.4,11.2,7.3,61.1,4.6,5.9,2.4,95,4.8,2.5,1.6,13.7,1.0,1.3,0.54,3,25,full-prep,no spice,20 minute meals,Vegetarian,3.98,1387,True,"[{""name"": ""Greek salad cheese"", ""label"": ""Greek salad cheese (100g)"", ""in_box"": 1}, {""name"": ""leek"", ""label"": ""Leek"", ""in_box"": 1}, {""name"": ""gnocchi"", ""label"": ""Gnocchi (350g)"", ""in_box"": 1}, {""name"": ""lemon"", ""label"": ""Lemon"", ""in_box"": 1}, {""name"": ""basil"", ""label"": ""Basil (5g)"", ""in_box"": 1}, {""name"": ""dill"", ""label"": ""Dill (5g)"", ""in_box"": 1}, {""name"": ""spinach"", ""label"": ""Spinach (120g)"", ""in_box"": 1}, {""name"": ""rocket"", ""label"": ""Rocket (50g)"", ""in_box"": 1}]"
2026-08-04,2026-06-19,8593f675-a74e-45be-a329-c9ce40b30e0c,13377,Spanish-Style Chicken Burger With Chorizo Aioli & Spiced Patatas,True,2.0,522,873,48.2,45.8,8.6,68.0,7.9,7.3,2.99,167,9.2,8.8,1.7,13.0,1.5,1.4,0.57,2,30,full-prep,mild,Ultimate Fakeaway,,0,0,True,"[{""name"": ""dried oregano"", ""label"": ""Dried oregano (1tsp)"", ""in_box"": 1}, {""name"": ""yellow pepper"", ""label"": ""Yellow pepper"", ""in_box"": 1}, {""name"": ""spring onion"", ""label"": ""Spring onion"", ""in_box"": 1}, {""name"": ""chicken breast portions"", ""label"": ""Chicken breast portions (2pcs)"", ""in_box"": 1}, {""name"": ""ground smoked paprika"", ""label"": ""Ground smoked paprika (1tsp)"", ""in_box"": 1}, {""name"": ""mayonnaise"", ""label"": ""Mayonnaise (50ml)"", ""in_box"": 1}, {""name"": ""diced chorizo"", ""label"": ""Diced chorizo (100g)"", ""in_box"": 1}, {""name"": ""ciabatta"", ""label"": ""Ciabatta x2"", ""in_box"": 2}, {""name"": ""garlic clove"", ""label"": ""Garlic clove"", ""in_box"": 1}, {""name"": ""romesco sauce"", ""label"": ""Romesco sauce (40g)"", ""in_box"": 1}, {""name"": ""gem lettuce"", ""label"": ""Gem lettuce"", ""in_box"": 1}, {""name"": ""white potato"", ""label"": ""White potato x2"", ""in_box"": 2}]"
2026-08-04,2026-06-19,69e24332-1e03-49f1-a8e9-c92a00aff1c4,7376,Spanish-Style Chorizo Orzo With Lemon Aioli,False,0.0,396,678,28.1,29.6,6.7,75.3,16.2,10.4,2.44,171,7.1,7.5,1.7,19.0,4.1,2.6,0.62,3,35,full-prep,no spice,Family Kitchen,,4.31,5235,True,"[{""name"": ""red pepper"", ""label"": ""Red pepper"", ""in_box"": 1}, {""name"": ""ground smoked paprika"", ""label"": ""Ground smoked paprika (2tsp)"", ""in_box"": 1}, {""name"": ""mayonnaise"", ""label"": ""Mayonnaise (25ml)"", ""in_box"": 1}, {""name"": ""diced chorizo"", ""label"": ""Diced chorizo (100g)"", ""in_box"": 1}, {""name"": ""garlic clove"", ""label"": ""Garlic clove x2"", ""in_box"": 2}, {""name"": ""parsley"", ""label"": ""Parsley (5g)"", ""in_box"": 1}, {""name"": ""brown onion"", ""label"": ""Brown onion"", ""in_box"": 1}, {""name"": ""blanched peas"", ""label"": ""Blanched peas (160g)"", ""in_box"": 1}, {""name"": ""lemon"", ""label"": ""Lemon"", ""in_box"": 1}, {""name"": ""tomato paste"", ""label"": ""Tomato paste (16g)"", ""in_box"": 1}, {""name"": ""chicken stock mix"", ""label"": ""Chicken stock mix (5.5g)"", ""in_box"": 1}, {""name"": ""orzo"", ""label"": ""Orzo (150g)"", ""in_box"": 1}]"
2026-08-04,2026-06-19,82b2ea84-0b60-4a62-8425-6101130f16cf,1764,Spanish-Style Sausage Salad With Crispy Paprika Potatoes,False,0.0,461,702,28.8,47.4,13.9,42.6,8.9,6.5,2.15,152,6.2,10.3,3.0,9.2,1.9,1.4,0.47,2,45,full-prep,no spice,Modern Bistro,Dairy Free; Gluten Free,4.39,15193,True,"[{""name"": ""ground smoked paprika"", ""label"": ""Ground smoked paprika (2tsp)"", ""in_box"": 1}, {""name"": ""mayonnaise"", ""label"": ""Mayonnaise (25ml)"", ""in_box"": 1}, {""name"": ""garlic clove"", ""label"": ""Garlic clove"", ""in_box"": 1}, {""name"": ""Proper Porker sausages"", ""label"": ""Proper Porker sausages (6pcs)"", ""in_box"": 1}, {""name"": ""sweet pointed pepper"", ""label"": ""Sweet pointed pepper"", ""in_box"": 1}, {""name"": ""rocket"", ""label"": ""Rocket (50g)"", ""in_box"": 1}, {""name"": ""white wine vinegar"", ""label"": ""White wine vinegar (15ml)"", ""in_box"": 1}, {""name"": ""red onion"", ""label"": ""Red onion"", ""in_box"": 1}, {""name"": ""white potato"", ""label"": ""White potato x3"", ""in_box"": 3}]"
2026-08-04,2026-06-19,1faac000-f851-476a-a547-d0c8ef77ea7c,5265,Spiced Chicken Thigh & Chimichurri-Style Salad With Brown Rice,False,0.0,422,453,32.3,14.6,4.1,48.3,7.3,4.6,0.3,107,7.7,3.5,1.0,11.4,1.7,1.1,0.07,2,25,full-prep,spicy,20 minute meals,Gluten Free,4.2,11629,True,"[{""name"": ""dried oregano"", ""label"": ""Dried oregano (1tsp)"", ""in_box"": 1}, {""name"": ""dried chilli flakes"", ""label"": ""Dried chilli flakes (0.5tsp)"", ""in_box"": 1}, {""name"": ""diced chicken thigh"", ""label"": ""Diced chicken thigh (250g)"", ""in_box"": 1}, {""name"": ""ground cumin"", ""label"": ""Ground cumin (1tsp)"", ""in_box"": 1}, {""name"": ""ground smoked paprika"", ""label"": ""Ground smoked paprika (1tsp)"", ""in_box"": 1}, {""name"": ""garlic clove"", ""label"": ""Garlic clove x2"", ""in_box"": 2}, {""name"": ""tomato"", ""label"": ""Tomato"", ""in_box"": 1}, {""name"": ""shallot"", ""label"": ""Shallot"", ""in_box"": 1}, {""name"": ""natural yoghurt"", ""label"": ""Natural yoghurt (80g)"", ""in_box"": 1}, {""name"": ""cucumber"", ""label"": ""Cucumber (0.5pcs)"", ""in_box"": 1}, {""name"": ""gem lettuce"", ""label"": ""Gem lettuce"", ""in_box"": 1}, {""name"": ""red wine vinegar"", ""label"": ""Red wine vinegar (15ml)"", ""in_box"": 1}, {""name"": ""coriander & parsley"", ""label"": ""Coriander & parsley (10g)"", ""in_box"": 1}, {""name"": ""brown long grain rice"", ""label"": ""Brown long grain rice (100g)"", ""in_box"": 1}]"
2026-08-04,2026-06-19,1f479fd0-2695-4bae-9e2d-d7a73a8b0126,6743,Spicy Arrabbiata Sauce With Fresh Tagliatelle,False,0.0,295,446,18.5,5.1,2.5,81.4,8.1,6.0,1.51,151,6.3,1.7,0.8,27.6,2.8,2.0,0.51,2,10,full-prep,spicy,Pasta Pronto,Vegetarian,4.24,11278,True,"[{""name"": ""dried chilli flakes"", ""label"": ""Dried chilli flakes (1tsp)"", ""in_box"": 1}, {""name"": ""finely chopped tomatoes"", ""label"": ""Finely chopped tomatoes (200g)"", ""in_box"": 1}, {""name"": ""Tenderstem broccoli"", ""label"": ""Tenderstem broccoli (80g)"", ""in_box"": 1}, {""name"": ""fresh tagliatelle"", ""label"": ""Fresh tagliatelle (250g)"", ""in_box"": 1}, {""name"": ""intense vegetable stock mix"", ""label"": ""Intense vegetable stock mix (5.5g)"", ""in_box"": 1}, {""name"": ""garlic clove"", ""label"": ""Garlic clove x2"", ""in_box"": 2}, {""name"": ""basil"", ""label"": ""Basil (5g)"", ""in_box"": 1}, {""name"": ""Italian hard cheese"", ""label"": ""Italian hard cheese (20g)"", ""in_box"": 1}, {""name"": ""tomato paste"", ""label"": ""Tomato paste (16g)"", ""in_box"": 1}]"
2026-08-04,2026-06-19,50a3b8ea-ef7d-4d5a-84f3-d74b3170c83a,4871,Spicy Cumin Lamb With Sesame Smashed Cucumber,False,0.0,329,577,32.4,20.1,8.2,67.0,3.6,3.1,1.39,175,9.9,6.1,2.5,20.4,1.1,0.9,0.42,2,25,full-prep,mild,Protein Hit,Gluten Free; Dairy Free,4.28,6336,True,"[{""name"": ""dried chilli flakes"", ""label"": ""Dried chilli flakes (0.5tsp)"", ""in_box"": 1}, {""name"": ""spring onion"", ""label"": ""Spring onion"", ""in_box"": 1}, {""name"": ""cornflour"", ""label"": ""Cornflour (1tbsp)"", ""in_box"": 1}, {""name"": ""tomato paste"", ""label"": ""Tomato paste (32g)"", ""in_box"": 1}, {""name"": ""ground cumin"", ""label"": ""Ground cumin (1tbsp)"", ""in_box"": 1}, {""name"": ""garlic clove"", ""label"": ""Garlic clove x2"", ""in_box"": 2}, {""name"": ""toasted sesame seeds"", ""label"": ""Toasted sesame seeds (5g)"", ""in_box"": 1}, {""name"": ""white long grain rice"", ""label"": ""White long grain rice (130g)"", ""in_box"": 1}, {""name"": ""gluten free soy sauce"", ""label"": ""Gluten free soy sauce (15ml)"", ""in_box"": 1}, {""name"": ""lamb mince"", ""label"": ""Lamb mince (250g)"", ""in_box"": 1}, {""name"": ""cucumber"", ""label"": ""Cucumber (0.5pcs)"", ""in_box"": 1}, {""name"": ""rice vinegar"", ""label"": ""Rice vinegar (15ml)"", ""in_box"": 1}]"
2026-08-04,2026-06-19,e5832d75-579b-4b3c-8d69-ddd0de03d7ba,7883,Spicy Gochujang Chicken Stir-Fry With Rice,False,0.0,388,518,36.4,9.7,2.1,75.3,15.2,4.9,2.3,133,9.4,2.5,0.5,19.4,3.9,1.3,0.59,2,20,full-prep,spicy,Protein Hit,Dairy Free,4.18,1991,True,"[{""name"": ""white long grain rice"", ""label"": ""White long grain rice (130g)"", ""in_box"": 1}, {""name"": ""chicken breast strips"", ""label"": ""Chicken breast strips (250g)"", ""in_box"": 1}, {""name"": ""gochujang paste"", ""label"": ""Gochujang paste (30g)"", ""in_box"": 1}, {""name"": ""shredded veg mix"", ""label"": ""Shredded veg mix (160g)"", ""in_box"": 1}, {""name"": ""garlic clove"", ""label"": ""Garlic clove"", ""in_box"": 1}, {""name"": ""toasted sesame oil"", ""label"": ""Toasted sesame oil (10ml)"", ""in_box"": 1}, {""name"": ""tomato paste"", ""label"": ""Tomato paste (16g)"", ""in_box"": 1}, {""name"": ""soy sauce"", ""label"": ""Soy sauce (15ml)"", ""in_box"": 1}, {""name"": ""red onion"", ""label"": ""Red onion"", ""in_box"": 1}, {""name"": ""sweet pea pods"", ""label"": ""Sweet pea pods (80g)"", ""in_box"": 1}]"
2026-08-04,2026-06-19,13964f7b-d8d1-4a0d-b385-ca59e3c3b04a,2637,Spicy Korean-Style Jumbo Prawn Stir-Fry,True,1.5,403,412,22.1,6.2,0.7,65.9,6.5,5.4,1.89,102,5.5,1.5,0.2,16.3,1.6,1.4,0.47,2,10,full-prep,spicy,10-Minute,Dairy Free,4.08,3210,True,"[{""name"": ""jumbo king prawns"", ""label"": ""Jumbo king prawns (212g)"", ""in_box"": 1}, {""name"": ""spring onion"", ""label"": ""Spring onion"", ""in_box"": 1}, {""name"": ""soy sauce"", ""label"": ""Soy sauce (8ml)"", ""in_box"": 1}, {""name"": ""sriracha hot chilli sauce"", ""label"": ""Sriracha hot chilli sauce (8ml) x2"", ""in_box"": 2}, {""name"": ""cornflour"", ""label"": ""Cornflour (1tsp)"", ""in_box"": 1}, {""name"": ""shichimi togarashi"", ""label"": ""Shichimi togarashi (2g)"", ""in_box"": 1}, {""name"": ""cooked white long grain rice"", ""label"": ""Cooked white long grain rice (280g)"", ""in_box"": 1}, {""name"": ""ginger & garlic paste"", ""label"": ""Ginger & garlic paste (15g)"", ""in_box"": 1}, {""name"": ""fine green beans"", ""label"": ""Fine green beans (160g)"", ""in_box"": 1}, {""name"": ""sweet pointed pepper"", ""label"": ""Sweet pointed pepper"", ""in_box"": 1}]"
2026-08-04,2026-06-19,c3a75058-0d83-4ba4-b2cd-b41e30d5a396,2507,Sticky Chilli Chicken Thigh With Salt & Pepper Chips,False,0.0,481,525,29.9,12.2,3.3,75.7,19.3,6.3,1.45,109,6.2,2.5,0.7,15.7,4.0,1.3,0.3,1,40,full-prep,spicy,Takeaway Night,Dairy Free,4.48,54061,True,"[{""name"": ""green chilli"", ""label"": ""Green chilli"", ""in_box"": 1}, {""name"": ""green pepper"", ""label"": ""Green pepper"", ""in_box"": 1}, {""name"": ""spring onion"", ""label"": ""Spring onion"", ""in_box"": 1}, {""name"": ""diced chicken thigh"", ""label"": ""Diced chicken thigh (250g)"", ""in_box"": 1}, {""name"": ""cornflour"", ""label"": ""Cornflour (4tbsp)"", ""in_box"": 1}, {""name"": ""five-spice mix"", ""label"": ""Five-spice mix (1tsp)"", ""in_box"": 1}, {""name"": ""garlic clove"", ""label"": ""Garlic clove x2"", ""in_box"": 2}, {""name"": ""fresh root ginger"", ""label"": ""Fresh root ginger (15g)"", ""in_box"": 1}, {""name"": ""coriander"", ""label"": ""Coriander (5g)"", ""in_box"": 1}, {""name"": ""red chilli relish"", ""label"": ""Red chilli relish (25g)"", ""in_box"": 1}, {""name"": ""Chinese rice wine"", ""label"": ""Chinese rice wine (15ml)"", ""in_box"": 1}, {""name"": ""soy sauce"", ""label"": ""Soy sauce (15ml)"", ""in_box"": 1}, {""name"": ""white potato"", ""label"": ""White potato x4"", ""in_box"": 4}, {""name"": ""honey"", ""label"": ""Honey (25g)"", ""in_box"": 1}]"
2026-08-04,2026-06-19,b6482428-aca6-48a9-bcf7-bbad4ad86601,5051,Sticky Tamarind Pork & Noodle Broth,False,0.0,342,654,35.5,22.7,7.4,75.9,18.0,2.6,2.83,191,10.4,6.6,2.2,22.2,5.3,0.8,0.83,1,10,full-prep,spicy,10-Minute,Dairy Free,4.35,3934,True,"[{""name"": ""medium egg noodle nests"", ""label"": ""Medium egg noodle nests (2pcs)"", ""in_box"": 1}, {""name"": ""spring onion"", ""label"": ""Spring onion"", ""in_box"": 1}, {""name"": ""sriracha hot chilli sauce"", ""label"": ""Sriracha hot chilli sauce (8ml)"", ""in_box"": 1}, {""name"": ""pork mince"", ""label"": ""Pork mince (250g)"", ""in_box"": 1}, {""name"": ""tomato"", ""label"": ""Tomato"", ""in_box"": 1}, {""name"": ""toasted sesame oil"", ""label"": ""Toasted sesame oil (10ml)"", ""in_box"": 1}, {""name"": ""crispy onions"", ""label"": ""Crispy onions (15g)"", ""in_box"": 1}, {""name"": ""ginger & garlic paste"", ""label"": ""Ginger & garlic paste (15g)"", ""in_box"": 1}, {""name"": ""chicken stock mix"", ""label"": ""Chicken stock mix (5.5g)"", ""in_box"": 1}, {""name"": ""Chinese rice wine"", ""label"": ""Chinese rice wine (15ml)"", ""in_box"": 1}, {""name"": ""soy sauce"", ""label"": ""Soy sauce (15ml)"", ""in_box"": 1}, {""name"": ""tamarind paste"", ""label"": ""Tamarind paste (15g)"", ""in_box"": 1}, {""name"": ""honey"", ""label"": ""Honey (25g)"", ""in_box"": 1}, {""name"": ""sweet pea pods"", ""label"": ""Sweet pea pods (80g)"", ""in_box"": 1}]"
2026-08-04,2026-06-19,3b216707-baa9-4d3b-b6f4-8c681c90e5c4,14248,Stout Battered Basa Sarnie With Salt & Vinegar Chips,False,0.0,515,646,31.0,24.2,2.3,76.9,5.2,6.4,1.65,125,6.0,4.7,0.4,14.9,1.0,1.2,0.32,2,35,full-prep,no spice,Modern Bistro,Dairy Free,4.25,113,True,"[{""name"": ""basa fillets"", ""label"": ""Basa fillets (2pcs)"", ""in_box"": 1}, {""name"": ""cornflour"", ""label"": ""Cornflour (1tbsp)"", ""in_box"": 1}, {""name"": ""mayonnaise"", ""label"": ""Mayonnaise (50ml)"", ""in_box"": 1}, {""name"": ""ciabatta"", ""label"": ""Ciabatta x2"", ""in_box"": 2}, {""name"": ""stout paste"", ""label"": ""Stout paste (15g)"", ""in_box"": 1}, {""name"": ""cucumber"", ""label"": ""Cucumber (0.5pcs)"", ""in_box"": 1}, {""name"": ""cider vinegar"", ""label"": ""Cider vinegar (15ml) x2"", ""in_box"": 2}, {""name"": ""dill"", ""label"": ""Dill (5g)"", ""in_box"": 1}, {""name"": ""gem lettuce"", ""label"": ""Gem lettuce"", ""in_box"": 1}, {""name"": ""white potato"", ""label"": ""White potato x3"", ""in_box"": 3}]"
2026-08-04,2026-06-19,64012b44-b59a-423b-93a1-7026cf88047a,2876,Summery Roast Chicken Breast Salad,False,0.0,384,383,37.0,6.1,1.4,44.0,4.4,6.7,0.93,99,9.7,1.6,0.4,11.5,1.1,1.7,0.24,2,35,full-prep,,Modern Bistro,Dairy Free,4.3,10389,True,"[{""name"": ""chicken breast portions"", ""label"": ""Chicken breast portions (2pcs)"", ""in_box"": 1}, {""name"": ""ciabatta"", ""label"": ""Ciabatta x2"", ""in_box"": 2}, {""name"": ""dried basil"", ""label"": ""Dried basil (1tsp)"", ""in_box"": 1}, {""name"": ""cider vinegar"", ""label"": ""Cider vinegar (15ml)"", ""in_box"": 1}, {""name"": ""fine green beans"", ""label"": ""Fine green beans (160g)"", ""in_box"": 1}, {""name"": ""rocket"", ""label"": ""Rocket (50g)"", ""in_box"": 1}, {""name"": ""cherry tomatoes"", ""label"": ""Cherry tomatoes (125g)"", ""in_box"": 1}, {""name"": ""Dijon mustard"", ""label"": ""Dijon mustard (5.5g)"", ""in_box"": 1}]"
2026-08-04,2026-06-19,bcffc604-7a0a-4b6b-a874-92da57323da0,3576,Summery Salmon & Pea Pesto Spaghetti,False,0.0,293,709,30.0,28.0,7.3,83.1,10.3,9.2,2.71,241,10.2,9.6,2.5,28.3,3.5,3.1,0.93,1,15,full-prep,no spice,10-Minute,,4.02,7818,True,"[{""name"": ""salmon flakes"", ""label"": ""Salmon flakes (100g)"", ""in_box"": 1}, {""name"": ""sun-dried tomatoes"", ""label"": ""Sun-dried tomatoes (30g)"", ""in_box"": 1}, {""name"": ""garlic clove"", ""label"": ""Garlic clove"", ""in_box"": 1}, {""name"": ""blanched peas"", ""label"": ""Blanched peas (160g)"", ""in_box"": 1}, {""name"": ""vegetable stock mix"", ""label"": ""Vegetable stock mix (5.5g)"", ""in_box"": 1}, {""name"": ""soft cheese"", ""label"": ""Soft cheese (50g)"", ""in_box"": 1}, {""name"": ""traditional Italian pesto"", ""label"": ""Traditional Italian pesto (45g)"", ""in_box"": 1}, {""name"": ""spaghetti"", ""label"": ""Spaghetti (190g)"", ""in_box"": 1}]"
2026-08-04,2026-06-19,ea398b42-3262-41eb-afd2-10f4c4a6be3b,6893,Sun-Dried Tomato & Goats' Cheese Fresh Orecchiette,False,0.0,241,533,21.5,14.3,6.7,76.7,4.0,5.3,2.09,220,8.9,5.9,2.8,31.8,1.7,2.2,0.86,1,10,full-prep,no spice,Pasta Pronto,Vegetarian,4.2,5073,True,"[{""name"": ""sun-dried tomatoes"", ""label"": ""Sun-dried tomatoes (30g)"", ""in_box"": 1}, {""name"": ""intense vegetable stock mix"", ""label"": ""Intense vegetable stock mix (5.5g)"", ""in_box"": 1}, {""name"": ""soft goats' cheese"", ""label"": ""Soft goats' cheese (75g)"", ""in_box"": 1}, {""name"": ""garlic clove"", ""label"": ""Garlic clove x2"", ""in_box"": 2}, {""name"": ""fresh orecchiette"", ""label"": ""Fresh orecchiette (250g)"", ""in_box"": 1}, {""name"": ""Chinese rice wine"", ""label"": ""Chinese rice wine (15ml)"", ""in_box"": 1}, {""name"": ""spinach"", ""label"": ""Spinach (80g)"", ""in_box"": 1}, {""name"": ""flaked almonds"", ""label"": ""Flaked almonds (15g)"", ""in_box"": 1}]"
2026-08-04,2026-06-19,6c0d4cda-41f6-4621-a25a-127563f71db2,2353,Sweet Chilli Halloumi Burger With Quick-Pickled Cucumber,False,0.0,426,550,29.8,26.8,16.2,46.3,20.2,5.7,2.77,129,7.0,6.3,3.8,10.9,4.8,1.4,0.65,3,10,full-prep,mild,10-Minute,Vegetarian,4.25,19853,True,"[{""name"": ""brioche style buns"", ""label"": ""Brioche style buns (2pcs)"", ""in_box"": 1}, {""name"": ""red chilli relish"", ""label"": ""Red chilli relish (40g)"", ""in_box"": 1}, {""name"": ""baby leaf salad"", ""label"": ""Baby leaf salad (50g)"", ""in_box"": 1}, {""name"": ""halloumi"", ""label"": ""Halloumi (200g)"", ""in_box"": 1}, {""name"": ""cucumber"", ""label"": ""Cucumber (0.5pcs)"", ""in_box"": 1}, {""name"": ""cherry tomatoes"", ""label"": ""Cherry tomatoes (250g)"", ""in_box"": 1}, {""name"": ""white wine vinegar"", ""label"": ""White wine vinegar (15ml)"", ""in_box"": 1}]"
2026-08-04,2026-06-19,6df9bada-1869-41d7-9fce-d1f5b66003e8,3500,Sweet Pointed Pepper Baked Basa With Salsa Verde And Fries,False,0.0,431,265,24.0,2.3,0.7,38.4,8.1,6.2,0.44,61,5.6,0.5,0.2,8.9,1.9,1.4,0.1,2,45,full-prep,no spice,Modern Bistro,Dairy Free,4.26,1902,True,"[{""name"": ""basa fillets"", ""label"": ""Basa fillets (2pcs)"", ""in_box"": 1}, {""name"": ""capers"", ""label"": ""Capers (20g)"", ""in_box"": 1}, {""name"": ""garlic clove"", ""label"": ""Garlic clove x2"", ""in_box"": 2}, {""name"": ""parsley"", ""label"": ""Parsley (5g)"", ""in_box"": 1}, {""name"": ""brown onion"", ""label"": ""Brown onion"", ""in_box"": 1}, {""name"": ""sweet pointed pepper"", ""label"": ""Sweet pointed pepper"", ""in_box"": 1}, {""name"": ""cherry tomatoes"", ""label"": ""Cherry tomatoes (125g)"", ""in_box"": 1}, {""name"": ""white wine vinegar"", ""label"": ""White wine vinegar (15ml)"", ""in_box"": 1}, {""name"": ""white potato"", ""label"": ""White potato x3"", ""in_box"": 3}, {""name"": ""Dijon mustard"", ""label"": ""Dijon mustard (5.5g)"", ""in_box"": 1}]"
2026-08-04,2026-06-19,0a2f7a72-6e82-4355-8e32-9b09fe8eb8f8,2203,Sweet Potato & Chorizo Hash With Smashed Avocado,False,0.0,446,574,23.5,31.7,9.1,50.6,15.8,10.8,2.58,128,5.3,7.1,2.0,11.4,3.6,2.4,0.58,3,35,full-prep,mild,Modern Bistro,Gluten Free,4.1,2819,True,"[{""name"": ""free range egg"", ""label"": ""Free range egg x2"", ""in_box"": 2}, {""name"": ""ground paprika"", ""label"": ""Ground paprika (1tsp)"", ""in_box"": 1}, {""name"": ""ground cumin"", ""label"": ""Ground cumin (1tsp)"", ""in_box"": 1}, {""name"": ""smashed avocado"", ""label"": ""Smashed avocado (100g)"", ""in_box"": 1}, {""name"": ""diced chorizo"", ""label"": ""Diced chorizo (100g)"", ""in_box"": 1}, {""name"": ""garlic clove"", ""label"": ""Garlic clove"", ""in_box"": 1}, {""name"": ""shredded kale"", ""label"": ""Shredded kale (80g)"", ""in_box"": 1}, {""name"": ""red onion"", ""label"": ""Red onion"", ""in_box"": 1}, {""name"": ""sweet potato"", ""label"": ""Sweet potato x2"", ""in_box"": 2}]"
2026-08-04,2026-06-19,a90f3d23-fa14-4b70-a989-e5f453ce42b5,4034,Sweet Potato And Black Bean Stew With Chilli-Orange Salsa,False,0.0,658,546,20.2,4.7,1.4,107.8,25.5,20.2,1.81,83,3.1,0.7,0.2,16.4,3.9,3.1,0.28,5,30,full-prep,mild,Veg Boost,Gluten Free; Vegetarian,4.28,7461,True,"[{""name"": ""brown long grain rice"", ""label"": ""Brown long grain rice (130g)"", ""in_box"": 1}, {""name"": ""black beans"", ""label"": ""Black beans (390g)"", ""in_box"": 1}, {""name"": ""red pepper"", ""label"": ""Red pepper"", ""in_box"": 1}, {""name"": ""red chilli"", ""label"": ""Red chilli"", ""in_box"": 1}, {""name"": ""finely chopped tomatoes"", ""label"": ""Finely chopped tomatoes (200g)"", ""in_box"": 1}, {""name"": ""intense vegetable stock mix"", ""label"": ""Intense vegetable stock mix (5.5g)"", ""in_box"": 1}, {""name"": ""ground smoked paprika"", ""label"": ""Ground smoked paprika (2tsp)"", ""in_box"": 1}, {""name"": ""ground cumin"", ""label"": ""Ground cumin (2tsp)"", ""in_box"": 1}, {""name"": ""tomato"", ""label"": ""Tomato"", ""in_box"": 1}, {""name"": ""natural yoghurt"", ""label"": ""Natural yoghurt (80g)"", ""in_box"": 1}, {""name"": ""coriander"", ""label"": ""Coriander (5g)"", ""in_box"": 1}, {""name"": ""orange"", ""label"": ""Orange"", ""in_box"": 1}, {""name"": ""red onion"", ""label"": ""Red onion"", ""in_box"": 1}, {""name"": ""sweet potato"", ""label"": ""Sweet potato"", ""in_box"": 1}]"
2026-08-04,2026-06-19,ea85dc41-08d0-4170-a4fe-41bed11d3dd3,7442,Sweet ‘N’ Sour Chicken Chinese Feast With Spring Rolls,True,2.75,488,865,42.4,13.9,4.2,144.8,18.4,4.3,4.13,177,8.7,2.8,0.9,29.6,3.8,0.9,0.84,1,35,full-prep,mild,Ultimate Fakeaway,,4.39,3585,True,"[{""name"": ""white long grain rice"", ""label"": ""White long grain rice (130g)"", ""in_box"": 1}, {""name"": ""chicken breast strips"", ""label"": ""Chicken breast strips (250g)"", ""in_box"": 1}, {""name"": ""yellow pepper"", ""label"": ""Yellow pepper"", ""in_box"": 1}, {""name"": ""medium egg noodle nests"", ""label"": ""Medium egg noodle nests (2pcs)"", ""in_box"": 1}, {""name"": ""tomato ketchup"", ""label"": ""Tomato ketchup (30ml)"", ""in_box"": 1}, {""name"": ""spring onion"", ""label"": ""Spring onion x2"", ""in_box"": 2}, {""name"": ""4 vegetable spring rolls"", ""label"": ""4 vegetable spring rolls (140g)"", ""in_box"": 1}, {""name"": ""cornflour"", ""label"": ""Cornflour (4tbsp)"", ""in_box"": 1}, {""name"": ""toasted sesame oil"", ""label"": ""Toasted sesame oil (10ml)"", ""in_box"": 1}, {""name"": ""brown onion"", ""label"": ""Brown onion"", ""in_box"": 1}, {""name"": ""ginger & garlic paste"", ""label"": ""Ginger & garlic paste (15g)"", ""in_box"": 1}, {""name"": ""red chilli relish"", ""label"": ""Red chilli relish (25g)"", ""in_box"": 1}, {""name"": ""rice vinegar"", ""label"": ""Rice vinegar (15ml)"", ""in_box"": 1}, {""name"": ""soy sauce"", ""label"": ""Soy sauce (30ml)"", ""in_box"": 1}]"
2026-08-04,2026-06-19,3a155446-b675-4c05-8aab-77ae288bbdd2,15263,Thai-Style Peanutty Pork Udon Noodles,False,0.0,,594,36.3,20.7,,64.8,,2.9,2.94,,,,,,,,,1,10,full-prep,mild,10-Minute,Dairy Free,0,0,True,
2026-08-04,2026-06-19,a27282ff-ea85-40c7-bcbd-8159ce0fe3f5,7503,Tteokbokki-Style Gnocchi With Sesame Broccoli,False,0.0,356,490,20.3,14.9,6.0,70.2,11.2,7.6,2.67,137,5.7,4.2,1.7,19.8,3.2,2.1,0.75,3,10,full-prep,spicy,10-Minute,Vegetarian,4.38,5424,True,"[{""name"": ""gochujang paste"", ""label"": ""Gochujang paste (30g)"", ""in_box"": 1}, {""name"": ""spring onion"", ""label"": ""Spring onion"", ""in_box"": 1}, {""name"": ""gnocchi"", ""label"": ""Gnocchi (350g)"", ""in_box"": 1}, {""name"": ""cheddar cheese"", ""label"": ""Cheddar cheese (40g)"", ""in_box"": 1}, {""name"": ""toasted sesame oil"", ""label"": ""Toasted sesame oil (10ml)"", ""in_box"": 1}, {""name"": ""roasted garlic paste"", ""label"": ""Roasted garlic paste (15g)"", ""in_box"": 1}, {""name"": ""tomato paste"", ""label"": ""Tomato paste (16g)"", ""in_box"": 1}, {""name"": ""fine green beans"", ""label"": ""Fine green beans (80g)"", ""in_box"": 1}, {""name"": ""Tenderstem broccoli"", ""label"": ""Tenderstem broccoli (160g)"", ""in_box"": 1}]"
2026-08-04,2026-06-19,04f46005-39bd-4825-8047-fe6304dc08b6,6252,Turkish-Style Beef Lahmacun,False,0.0,406,684,38.7,29.2,12.7,65.7,12.1,5.4,0.91,168,9.5,7.2,3.1,16.2,3.0,1.3,0.22,2,25,full-prep,spicy,20 minute meals,,4.21,3445,True,"[{""name"": ""dried chilli flakes"", ""label"": ""Dried chilli flakes (0.5tsp)"", ""in_box"": 1}, {""name"": ""beef mince"", ""label"": ""Beef mince (250g)"", ""in_box"": 1}, {""name"": ""tomato paste"", ""label"": ""Tomato paste (32g)"", ""in_box"": 1}, {""name"": ""ground cumin"", ""label"": ""Ground cumin (1tsp)"", ""in_box"": 1}, {""name"": ""ground smoked paprika"", ""label"": ""Ground smoked paprika (1tsp)"", ""in_box"": 1}, {""name"": ""plain tortillas"", ""label"": ""Plain tortillas (6pcs)"", ""in_box"": 1}, {""name"": ""garlic clove"", ""label"": ""Garlic clove x2"", ""in_box"": 2}, {""name"": ""tomato"", ""label"": ""Tomato"", ""in_box"": 1}, {""name"": ""baby leaf salad"", ""label"": ""Baby leaf salad (50g)"", ""in_box"": 1}, {""name"": ""natural yoghurt"", ""label"": ""Natural yoghurt (80g)"", ""in_box"": 1}, {""name"": ""red wine vinegar"", ""label"": ""Red wine vinegar (15ml)"", ""in_box"": 1}, {""name"": ""red onion"", ""label"": ""Red onion"", ""in_box"": 1}]"
2026-08-04,2026-06-19,2c34865b-dc5f-4b07-a0ab-8349f0a38e5f,2880,Veggie Udon Stir-Fry With Sesame Fried Egg,False,0.0,472,528,21.4,13.9,2.4,73.7,12.4,7.8,2.43,111,4.5,2.9,0.5,15.6,2.6,1.6,0.51,2,10,full-prep,mild,10-Minute,Vegetarian; Dairy Free,4.12,5829,True,"[{""name"": ""cornflour"", ""label"": ""Cornflour (1tsp)"", ""in_box"": 1}, {""name"": ""free range egg"", ""label"": ""Free range egg x2"", ""in_box"": 2}, {""name"": ""blanched edamame beans"", ""label"": ""Blanched edamame beans (160g)"", ""in_box"": 1}, {""name"": ""sriracha hot chilli sauce"", ""label"": ""Sriracha hot chilli sauce (8ml)"", ""in_box"": 1}, {""name"": ""udon noodles"", ""label"": ""Udon noodles (200g) x2"", ""in_box"": 2}, {""name"": ""ginger & garlic paste"", ""label"": ""Ginger & garlic paste (15g)"", ""in_box"": 1}, {""name"": ""coriander"", ""label"": ""Coriander (5g)"", ""in_box"": 1}, {""name"": ""mirin"", ""label"": ""Mirin (30ml)"", ""in_box"": 1}, {""name"": ""carrot"", ""label"": ""Carrot"", ""in_box"": 1}, {""name"": ""black sesame seeds"", ""label"": ""Black sesame seeds (5g)"", ""in_box"": 1}, {""name"": ""soy sauce"", ""label"": ""Soy sauce (15ml)"", ""in_box"": 1}, {""name"": ""sweet pointed pepper"", ""label"": ""Sweet pointed pepper"", ""in_box"": 1}]"
2026-08-04,2026-06-19,5fab42db-c87a-4c33-ac40-e924f47187f1,2223,Venetian-Style Chicken Scaloppine With Crispy Potatoes,False,0.0,475,447,33.2,16.9,9.0,43.2,5.1,6.7,0.16,94,7.0,3.6,1.9,9.1,1.1,1.4,0.03,1,40,full-prep,no spice,Modern Bistro,Gluten Free,4.06,39542,True,"[{""name"": ""Cornish clotted cream"", ""label"": ""Cornish clotted cream (40g)"", ""in_box"": 1}, {""name"": ""chicken breast portions"", ""label"": ""Chicken breast portions (2pcs)"", ""in_box"": 1}, {""name"": ""lemon"", ""label"": ""Lemon"", ""in_box"": 1}, {""name"": ""fine green beans"", ""label"": ""Fine green beans (160g)"", ""in_box"": 1}, {""name"": ""white potato"", ""label"": ""White potato x4"", ""in_box"": 4}]"
2026-08-04,2026-06-19,e27d43b3-ed8d-4ab1-8874-7b9f1e025d98,15741,Wagyu Cheeseburger With Caramelised Onion & Truffle Mayo,True,3.5,504,1221,38.0,89.1,26.9,67.7,9.7,8.6,2.16,242,7.5,17.7,5.3,13.4,1.9,1.7,0.43,1,35,full-prep,no spice,Ultimate Fakeaway,,4.51,78,True,"[{""name"": ""wagyu beef burger"", ""label"": ""Wagyu beef burger (2pcs)"", ""in_box"": 1}, {""name"": ""mayonnaise"", ""label"": ""Mayonnaise (50ml)"", ""in_box"": 1}, {""name"": ""cheddar cheese"", ""label"": ""Cheddar cheese (40g)"", ""in_box"": 1}, {""name"": ""brioche style buns"", ""label"": ""Brioche style buns (2pcs)"", ""in_box"": 1}, {""name"": ""truffle flavoured extra virgin olive oil"", ""label"": ""Truffle flavoured extra virgin olive oil (8ml)"", ""in_box"": 1}, {""name"": ""rocket"", ""label"": ""Rocket (50g)"", ""in_box"": 1}, {""name"": ""balsamic vinegar"", ""label"": ""Balsamic vinegar (15ml)"", ""in_box"": 1}, {""name"": ""red onion"", ""label"": ""Red onion"", ""in_box"": 1}, {""name"": ""white potato"", ""label"": ""White potato x3"", ""in_box"": 3}]"
2026-08-04,2026-06-19,a3104a72-2cb5-499f-a61a-61ee3bfaa664,3679,Warming King Prawn Bhuna With Rice And Naan,False,0.0,372,444,23.0,6.1,0.8,74.8,10.6,6.9,2.58,119,6.2,1.6,0.2,20.1,2.8,1.8,0.69,2,35,full-prep,mild,Takeaway Night,Dairy Free,4.18,12479,True,"[{""name"": ""raw peeled king prawns"", ""label"": ""Raw peeled king prawns (171g)"", ""in_box"": 1}, {""name"": ""white basmati rice"", ""label"": ""White basmati rice (100g)"", ""in_box"": 1}, {""name"": ""ground paprika"", ""label"": ""Ground paprika (1tsp)"", ""in_box"": 1}, {""name"": ""intense vegetable stock mix"", ""label"": ""Intense vegetable stock mix (5.5g)"", ""in_box"": 1}, {""name"": ""garlic clove"", ""label"": ""Garlic clove"", ""in_box"": 1}, {""name"": ""garam masala"", ""label"": ""Garam masala (1tbsp)"", ""in_box"": 1}, {""name"": ""ground fenugreek"", ""label"": ""Ground fenugreek (0.5tsp)"", ""in_box"": 1}, {""name"": ""mini garlic & coriander naans"", ""label"": ""Mini garlic & coriander naans (2pcs)"", ""in_box"": 1}, {""name"": ""brown onion"", ""label"": ""Brown onion"", ""in_box"": 1}, {""name"": ""tomato paste"", ""label"": ""Tomato paste (16g)"", ""in_box"": 1}, {""name"": ""coriander"", ""label"": ""Coriander (5g)"", ""in_box"": 1}, {""name"": ""cherry tomatoes"", ""label"": ""Cherry tomatoes (250g)"", ""in_box"": 1}]"
2026-08-04,2026-06-19,03ad2170-d5c3-4978-bf24-77906cf062c2,4004,Warming Meat-Free Chick'n Bhuna With Rice And Naan,False,0.0,366,492,26.7,7.2,1.1,82.2,10.4,11.3,3.05,134,7.3,2.0,0.3,22.4,2.9,3.1,0.83,2,35,full-prep,mild,Takeaway Night,Vegan; Vegetarian; Dairy Free,4.16,4463,True,"[{""name"": ""white basmati rice"", ""label"": ""White basmati rice (100g)"", ""in_box"": 1}, {""name"": ""ground paprika"", ""label"": ""Ground paprika (1tsp)"", ""in_box"": 1}, {""name"": ""meat-free chick'n"", ""label"": ""Meat-free chick'n (160g)"", ""in_box"": 1}, {""name"": ""intense vegetable stock mix"", ""label"": ""Intense vegetable stock mix (5.5g)"", ""in_box"": 1}, {""name"": ""garlic clove"", ""label"": ""Garlic clove"", ""in_box"": 1}, {""name"": ""garam masala"", ""label"": ""Garam masala (1tbsp)"", ""in_box"": 1}, {""name"": ""ground fenugreek"", ""label"": ""Ground fenugreek (0.5tsp)"", ""in_box"": 1}, {""name"": ""mini garlic & coriander naans"", ""label"": ""Mini garlic & coriander naans (2pcs)"", ""in_box"": 1}, {""name"": ""brown onion"", ""label"": ""Brown onion"", ""in_box"": 1}, {""name"": ""tomato paste"", ""label"": ""Tomato paste (16g)"", ""in_box"": 1}, {""name"": ""coriander"", ""label"": ""Coriander (5g)"", ""in_box"": 1}, {""name"": ""cherry tomatoes"", ""label"": ""Cherry tomatoes (250g)"", ""in_box"": 1}]"
2026-08-04,2026-06-19,27a001ff-2acb-4cac-812b-cdcc8e4211a0,7970,White Chilli Chicken Thigh With Rice & Salsa Roja,False,0.0,438,663,40.1,23.5,8.5,77.4,12.6,6.3,1.63,151,9.2,5.4,1.9,17.7,2.9,1.4,0.37,2,25,full-prep,mild,20 minute meals,Gluten Free,0,0,True,"[{""name"": ""white long grain rice"", ""label"": ""White long grain rice (130g)"", ""in_box"": 1}, {""name"": ""ground coriander"", ""label"": ""Ground coriander (1tsp)"", ""in_box"": 1}, {""name"": ""spring onion"", ""label"": ""Spring onion"", ""in_box"": 1}, {""name"": ""skinless chicken thighs"", ""label"": ""Skinless chicken thighs (320g)"", ""in_box"": 1}, {""name"": ""ground cumin"", ""label"": ""Ground cumin (1tsp)"", ""in_box"": 1}, {""name"": ""Sweetcorn"", ""label"": ""Sweetcorn (150g)"", ""in_box"": 1}, {""name"": ""ground smoked paprika"", ""label"": ""Ground smoked paprika (2tsp)"", ""in_box"": 1}, {""name"": ""chipotle paste"", ""label"": ""Chipotle paste (20g)"", ""in_box"": 1}, {""name"": ""intense chicken stock mix"", ""label"": ""Intense chicken stock mix (5.5g)"", ""in_box"": 1}, {""name"": ""garlic clove"", ""label"": ""Garlic clove x2"", ""in_box"": 2}, {""name"": ""tomato"", ""label"": ""Tomato"", ""in_box"": 1}, {""name"": ""brown onion"", ""label"": ""Brown onion"", ""in_box"": 1}, {""name"": ""soft cheese"", ""label"": ""Soft cheese (50g)"", ""in_box"": 1}]"
2026-08-04,2026-06-19,9e1d5e64-4385-45aa-8ed3-fceaf0a8866c,2622,Zingy Basa With Lime & Chilli Noodles,False,0.0,334,406,30.8,9.1,1.5,47.3,5.8,8.0,2.26,121,9.2,2.7,0.5,14.2,1.7,2.4,0.68,1,10,full-prep,spicy,10-Minute,Dairy Free,4.19,21020,True,"[{""name"": ""dried chilli flakes"", ""label"": ""Dried chilli flakes (0.5tsp)"", ""in_box"": 1}, {""name"": ""spring onion"", ""label"": ""Spring onion"", ""in_box"": 1}, {""name"": ""sriracha hot chilli sauce"", ""label"": ""Sriracha hot chilli sauce (8ml)"", ""in_box"": 1}, {""name"": ""basa fillets"", ""label"": ""Basa fillets (2pcs)"", ""in_box"": 1}, {""name"": ""wholewheat noodle nests"", ""label"": ""Wholewheat noodle nests (2pcs)"", ""in_box"": 1}, {""name"": ""toasted sesame oil"", ""label"": ""Toasted sesame oil (10ml)"", ""in_box"": 1}, {""name"": ""red Thai curry paste"", ""label"": ""Red Thai curry paste (20g)"", ""in_box"": 1}, {""name"": ""ginger & garlic paste"", ""label"": ""Ginger & garlic paste (15g)"", ""in_box"": 1}, {""name"": ""coriander"", ""label"": ""Coriander (5g)"", ""in_box"": 1}, {""name"": ""fine green beans"", ""label"": ""Fine green beans (160g)"", ""in_box"": 1}, {""name"": ""soy sauce"", ""label"": ""Soy sauce (15ml)"", ""in_box"": 1}, {""name"": ""lime"", ""label"": ""Lime"", ""in_box"": 1}]"
