menu_week_start,scraped_at,id,core_recipe_id,name,is_surcharge,surcharge_per_portion_gbp,portion_weight_g,kcal_per_portion,protein_g_per_portion,fat_g_per_portion,fat_saturates_g_per_portion,carbs_g_per_portion,sugars_g_per_portion,fibre_g_per_portion,salt_g_per_portion,kcal_per_100g,protein_g_per_100g,fat_g_per_100g,fat_saturates_g_per_100g,carbs_g_per_100g,sugars_g_per_100g,fibre_g_per_100g,salt_g_per_100g,five_a_day,prep_time_min,preparation_type,spice_level,food_brand,dietary_claims,rating_avg,rating_count,is_available,ingredients_json
2026-06-30,2026-06-19,899d1aa2-a8cc-40cb-8874-9bb1626446bc,15134,"'Everything Chopped' Salmon, Dill & Cream Cheese Bagel",False,0.0,292,401,21.6,14.7,5.3,47.1,8.8,3.2,1.53,137,7.4,5.0,1.8,16.1,3.0,1.1,0.52,1,10,full-prep,no spice,Breakfast Time,,4.4,147,True,"[{""name"": ""bagels"", ""label"": ""Bagels (2pcs)"", ""in_box"": 1}, {""name"": ""salmon flakes"", ""label"": ""Salmon flakes (100g)"", ""in_box"": 1}, {""name"": ""lemon"", ""label"": ""Lemon"", ""in_box"": 1}, {""name"": ""soft cheese"", ""label"": ""Soft cheese (50g)"", ""in_box"": 1}, {""name"": ""cucumber"", ""label"": ""Cucumber (0.5pcs)"", ""in_box"": 1}, {""name"": ""dill"", ""label"": ""Dill (5g)"", ""in_box"": 1}]"
2026-06-30,2026-06-19,073862ba-7965-4e1c-a424-34fb6cc5085f,8858,2 Meals: Butter Paneer x Curried Paneer Loaded Pitta,True,3.25,788,1160,58.1,41.9,26.1,141.7,38.5,10.7,5.36,147,7.4,5.3,3.3,18.0,4.9,1.4,0.68,2,45,full-prep,mild,Batch Cooking,Vegetarian,4.35,66,True,"[{""name"": ""green chilli"", ""label"": ""Green chilli"", ""in_box"": 1}, {""name"": ""mango chutney"", ""label"": ""Mango chutney (20g) x2"", ""in_box"": 2}, {""name"": ""white basmati rice"", ""label"": ""White basmati rice (130g)"", ""in_box"": 1}, {""name"": ""garam masala"", ""label"": ""Garam masala (1tsp) x2"", ""in_box"": 2}, {""name"": ""intense vegetable stock mix"", ""label"": ""Intense vegetable stock mix (5.5g)"", ""in_box"": 1}, {""name"": ""curry powder"", ""label"": ""Curry powder (2tbsp)"", ""in_box"": 1}, {""name"": ""garlic clove"", ""label"": ""Garlic clove x4"", ""in_box"": 4}, {""name"": ""fresh root ginger"", ""label"": ""Fresh root ginger (15g) x2"", ""in_box"": 2}, {""name"": ""sourdough pittas"", ""label"": ""Sourdough pittas (2pcs)"", ""in_box"": 1}, {""name"": ""tomato"", ""label"": ""Tomato"", ""in_box"": 1}, {""name"": ""brown onion"", ""label"": ""Brown onion x2"", ""in_box"": 2}, {""name"": ""natural yoghurt"", ""label"": ""Natural yoghurt (80g) x2"", ""in_box"": 2}, {""name"": ""paneer"", ""label"": ""Paneer (200g) x2"", ""in_box"": 2}, {""name"": ""tomato paste"", ""label"": ""Tomato paste (16g) x4"", ""in_box"": 4}, {""name"": ""cucumber"", ""label"": ""Cucumber (0.5pcs)"", ""in_box"": 1}, {""name"": ""coriander"", ""label"": ""Coriander (5g)"", ""in_box"": 1}, {""name"": ""spinach"", ""label"": ""Spinach (80g)"", ""in_box"": 1}, {""name"": ""white wine vinegar"", ""label"": ""White wine vinegar (15ml)"", ""in_box"": 1}]"
2026-06-30,2026-06-19,5237c913-0b39-4b46-b73f-54cfa09d2e25,8857,2 Meals: Sesame Pork Udon x Pork & Egg Fried Rice,True,3.75,879,1234,71.3,41.3,11.9,148.5,28.5,10.8,5.95,140,8.1,4.7,1.4,16.9,3.2,1.2,0.68,1,45,full-prep,spicy,Batch Cooking,Dairy Free,4.2,51,True,"[{""name"": ""white long grain rice"", ""label"": ""White long grain rice (130g)"", ""in_box"": 1}, {""name"": ""free range egg"", ""label"": ""Free range egg"", ""in_box"": 1}, {""name"": ""spring onion"", ""label"": ""Spring onion"", ""in_box"": 1}, {""name"": ""sriracha hot chilli sauce"", ""label"": ""Sriracha hot chilli sauce (8ml) x4"", ""in_box"": 4}, {""name"": ""toasted sesame oil"", ""label"": ""Toasted sesame oil (20ml)"", ""in_box"": 1}, {""name"": ""pork mince"", ""label"": ""Pork mince (250g) x2"", ""in_box"": 2}, {""name"": ""toasted sesame seeds"", ""label"": ""Toasted sesame seeds (5g)"", ""in_box"": 1}, {""name"": ""brown onion"", ""label"": ""Brown onion"", ""in_box"": 1}, {""name"": ""blanched peas"", ""label"": ""Blanched peas (160g)"", ""in_box"": 1}, {""name"": ""udon noodles"", ""label"": ""Udon noodles (200g) x2"", ""in_box"": 2}, {""name"": ""ginger & garlic paste"", ""label"": ""Ginger & garlic paste (15g) x2"", ""in_box"": 2}, {""name"": ""ketjap manis"", ""label"": ""Ketjap manis (20g) x2"", ""in_box"": 2}, {""name"": ""carrot"", ""label"": ""Carrot x2"", ""in_box"": 2}, {""name"": ""soy sauce"", ""label"": ""Soy sauce (15ml)"", ""in_box"": 1}, {""name"": ""sweet pea pods"", ""label"": ""Sweet pea pods (80g)"", ""in_box"": 1}]"
2026-06-30,2026-06-19,fa1c0fdb-7fc5-40b2-8b1d-7d3ac4b5f8e4,8756,2 Meals: Sticky Sambal Chicken Thigh x Satay Noodles,True,3.75,683,1256,78.8,42.4,9.8,142.4,24.7,6.2,5.1,183,11.5,6.2,1.4,20.8,3.6,0.9,0.75,1,40,full-prep,spicy,Batch Cooking,Dairy Free,4.29,83,True,"[{""name"": ""white long grain rice"", ""label"": ""White long grain rice (130g)"", ""in_box"": 1}, {""name"": ""red pepper"", ""label"": ""Red pepper x2"", ""in_box"": 2}, {""name"": ""medium egg noodle nests"", ""label"": ""Medium egg noodle nests (2pcs)"", ""in_box"": 1}, {""name"": ""spring onion"", ""label"": ""Spring onion"", ""in_box"": 1}, {""name"": ""skinless chicken thighs"", ""label"": ""Skinless chicken thighs (320g) x2"", ""in_box"": 2}, {""name"": ""cornflour"", ""label"": ""Cornflour (1tbsp)"", ""in_box"": 1}, {""name"": ""toasted sesame seeds"", ""label"": ""Toasted sesame seeds (5g)"", ""in_box"": 1}, {""name"": ""gluten free soy sauce"", ""label"": ""Gluten free soy sauce (15ml) x2"", ""in_box"": 2}, {""name"": ""ginger & garlic paste"", ""label"": ""Ginger & garlic paste (15g) x2"", ""in_box"": 2}, {""name"": ""sambal oelek"", ""label"": ""Sambal oelek (20g) x2"", ""in_box"": 2}, {""name"": ""ketjap manis"", ""label"": ""Ketjap manis (20g)"", ""in_box"": 1}, {""name"": ""smooth peanut butter"", ""label"": ""Smooth peanut butter (26g)"", ""in_box"": 1}, {""name"": ""honey"", ""label"": ""Honey (25g)"", ""in_box"": 1}]"
2026-06-30,2026-06-19,e3f917c2-fdce-4dcc-99d6-b54cb97a3217,5950,3 Cheese Veg-Packed Pasta Bake,False,0.0,440,593,31.0,22.8,14.7,70.3,12.5,5.9,2.25,134,7.0,5.2,3.3,16.0,2.8,1.3,0.51,3,30,full-prep,no spice,Modern Bistro,Vegetarian,4.53,8534,True,"[{""name"": ""finely chopped tomatoes"", ""label"": ""Finely chopped tomatoes (200g)"", ""in_box"": 1}, {""name"": ""intense vegetable stock mix"", ""label"": ""Intense vegetable stock mix (5.5g)"", ""in_box"": 1}, {""name"": ""cheddar cheese"", ""label"": ""Cheddar cheese (40g)"", ""in_box"": 1}, {""name"": ""garlic clove"", ""label"": ""Garlic clove x2"", ""in_box"": 2}, {""name"": ""dried basil"", ""label"": ""Dried basil (1tsp)"", ""in_box"": 1}, {""name"": ""courgette"", ""label"": ""Courgette"", ""in_box"": 1}, {""name"": ""Italian hard cheese"", ""label"": ""Italian hard cheese (20g)"", ""in_box"": 1}, {""name"": ""mozzarella"", ""label"": ""Mozzarella (125g)"", ""in_box"": 1}, {""name"": ""tomato paste"", ""label"": ""Tomato paste (16g)"", ""in_box"": 1}, {""name"": ""parsley"", ""label"": ""Parsley (10g)"", ""in_box"": 1}, {""name"": ""cherry tomatoes"", ""label"": ""Cherry tomatoes (125g)"", ""in_box"": 1}, {""name"": ""tortiglioni"", ""label"": ""Tortiglioni (150g)"", ""in_box"": 1}, {""name"": ""balsamic vinegar"", ""label"": ""Balsamic vinegar (15ml)"", ""in_box"": 1}]"
2026-06-30,2026-06-19,5b4d9d96-7753-4e07-a7f6-f092862ee552,2645,Aged Sirloin Steak With Truffled Mushroom Sauce & Fries,True,5.0,551,770,51.6,44.1,20.0,44.4,4.5,7.2,1.0,139,9.4,8.0,3.6,8.1,0.8,1.3,0.18,1,40,full-prep,no spice,Fine Dine In,Gluten Free,4.51,703,True,"[{""name"": ""Cornish clotted cream"", ""label"": ""Cornish clotted cream (40g)"", ""in_box"": 1}, {""name"": ""sirloin steak"", ""label"": ""Sirloin steak (400g)"", ""in_box"": 1}, {""name"": ""truffle flavoured extra virgin olive oil"", ""label"": ""Truffle flavoured extra virgin olive oil (8ml)"", ""in_box"": 1}, {""name"": ""gravy base"", ""label"": ""Gravy base (14g)"", ""in_box"": 1}, {""name"": ""Tenderstem broccoli"", ""label"": ""Tenderstem broccoli (160g)"", ""in_box"": 1}, {""name"": ""chestnut mushrooms"", ""label"": ""Chestnut mushrooms (80g)"", ""in_box"": 1}, {""name"": ""white potato"", ""label"": ""White potato x4"", ""in_box"": 4}]"
2026-06-30,2026-06-19,5b868f9a-78d0-41f0-9bcf-d057dfb0565e,13130,All In One Honey Baked Greek Cheese & Crispy Gnocchi,False,0.0,474,478,20.4,11.1,7.3,75.5,16.0,5.7,2.36,100,4.3,2.3,1.5,15.9,3.4,1.2,0.5,3,40,full-prep,mild,Prepped in 5,Vegetarian,4.24,1901,True,"[{""name"": ""Greek salad cheese"", ""label"": ""Greek salad cheese (100g)"", ""in_box"": 1}, {""name"": ""dried chilli flakes"", ""label"": ""Dried chilli flakes (0.5tsp)"", ""in_box"": 1}, {""name"": ""dried oregano"", ""label"": ""Dried oregano (1tsp)"", ""in_box"": 1}, {""name"": ""gnocchi"", ""label"": ""Gnocchi (350g)"", ""in_box"": 1}, {""name"": ""courgette"", ""label"": ""Courgette"", ""in_box"": 1}, {""name"": ""gem lettuce"", ""label"": ""Gem lettuce"", ""in_box"": 1}, {""name"": ""cherry tomatoes"", ""label"": ""Cherry tomatoes (125g)"", ""in_box"": 1}, {""name"": ""red wine vinegar"", ""label"": ""Red wine vinegar (15ml)"", ""in_box"": 1}, {""name"": ""red onion"", ""label"": ""Red onion"", ""in_box"": 1}, {""name"": ""honey"", ""label"": ""Honey (25g)"", ""in_box"": 1}]"
2026-06-30,2026-06-19,85816269-c458-4fcd-9075-839ba76253ef,7437,Aromatic Beef Pilaf With Mint & Coriander Chutney & Yoghurt Drizzle,False,0.0,401,693,39.4,27.0,10.1,78.4,15.3,8.0,1.79,172,9.8,6.7,2.5,19.6,3.8,2.0,0.45,2,35,full-prep,spicy,Family Kitchen,Gluten Free,4.05,599,True,"[{""name"": ""intense beef stock mix"", ""label"": ""Intense beef stock mix (5.5g)"", ""in_box"": 1}, {""name"": ""green chilli"", ""label"": ""Green chilli"", ""in_box"": 1}, {""name"": ""white basmati rice"", ""label"": ""White basmati rice (130g)"", ""in_box"": 1}, {""name"": ""ground coriander"", ""label"": ""Ground coriander (1tsp)"", ""in_box"": 1}, {""name"": ""beef mince"", ""label"": ""Beef mince (250g)"", ""in_box"": 1}, {""name"": ""mint & coriander chutney"", ""label"": ""Mint & coriander chutney (40g)"", ""in_box"": 1}, {""name"": ""garam masala"", ""label"": ""Garam masala (1tsp)"", ""in_box"": 1}, {""name"": ""brown onion"", ""label"": ""Brown onion"", ""in_box"": 1}, {""name"": ""natural yoghurt"", ""label"": ""Natural yoghurt (80g)"", ""in_box"": 1}, {""name"": ""blanched peas"", ""label"": ""Blanched peas (160g)"", ""in_box"": 1}, {""name"": ""roasted garlic paste"", ""label"": ""Roasted garlic paste (15g)"", ""in_box"": 1}, {""name"": ""tomato paste"", ""label"": ""Tomato paste (16g)"", ""in_box"": 1}]"
2026-06-30,2026-06-19,cf76a090-cda2-4d17-8119-6bbe2196ecba,2197,"Aussie-Style Mozzarella, Avocado & Sesame Salad",False,0.0,396,637,21.9,36.2,12.9,55.9,13.3,6.9,2.24,161,5.5,9.1,3.3,14.1,3.4,1.7,0.57,3,25,full-prep,no spice,20 minute meals,Vegetarian,4.36,5065,True,"[{""name"": ""dried oregano"", ""label"": ""Dried oregano (1tsp)"", ""in_box"": 1}, {""name"": ""spring onion"", ""label"": ""Spring onion x2"", ""in_box"": 2}, {""name"": ""ciabatta"", ""label"": ""Ciabatta x2"", ""in_box"": 2}, {""name"": ""avocado"", ""label"": ""Avocado"", ""in_box"": 1}, {""name"": ""toasted sesame oil"", ""label"": ""Toasted sesame oil (10ml)"", ""in_box"": 1}, {""name"": ""mozzarella"", ""label"": ""Mozzarella (125g)"", ""in_box"": 1}, {""name"": ""black sesame seeds"", ""label"": ""Black sesame seeds (5g)"", ""in_box"": 1}, {""name"": ""soy sauce"", ""label"": ""Soy sauce (15ml)"", ""in_box"": 1}, {""name"": ""gem lettuce"", ""label"": ""Gem lettuce"", ""in_box"": 1}, {""name"": ""cherry tomatoes"", ""label"": ""Cherry tomatoes (125g)"", ""in_box"": 1}, {""name"": ""red wine vinegar"", ""label"": ""Red wine vinegar (15ml)"", ""in_box"": 1}, {""name"": ""honey"", ""label"": ""Honey (25g)"", ""in_box"": 1}]"
2026-06-30,2026-06-19,5ac0d218-0a90-4d97-b1f3-4796e931a27b,1606,Bacon & Mushroom Alfredo,False,0.0,290,605,26.1,21.4,10.6,73.0,5.6,3.5,1.9,208,9.0,7.4,3.7,25.2,1.9,1.2,0.66,1,10,full-prep,no spice,10-Minute,,4.35,24684,True,"[{""name"": ""bacon lardons"", ""label"": ""Bacon lardons (100g)"", ""in_box"": 1}, {""name"": ""Chinese rice wine"", ""label"": ""Chinese rice wine (30ml)"", ""in_box"": 1}, {""name"": ""parsley"", ""label"": ""Parsley (5g)"", ""in_box"": 1}, {""name"": ""roasted garlic paste"", ""label"": ""Roasted garlic paste (15g)"", ""in_box"": 1}, {""name"": ""grated Italian hard cheese"", ""label"": ""Grated Italian hard cheese (30g)"", ""in_box"": 1}, {""name"": ""soft cheese"", ""label"": ""Soft cheese (50g)"", ""in_box"": 1}, {""name"": ""white cup mushrooms"", ""label"": ""White cup mushrooms (160g)"", ""in_box"": 1}, {""name"": ""spaghetti"", ""label"": ""Spaghetti (190g)"", ""in_box"": 1}]"
2026-06-30,2026-06-19,facf6790-8925-451f-8175-687702ad3e8c,15138,Baked Classic Chicken Breast Tikka Masala & Cauliflower Rice,True,1.19,433,484,34.9,18.8,9.4,44.7,10.9,5.6,1.89,111,8.1,4.3,2.2,10.3,2.5,1.3,0.44,2,55,full-prep,mild,Prepped in 5,Gluten Free,0,0,True,"[{""name"": ""cauliflower rice"", ""label"": ""Cauliflower rice (160g)"", ""in_box"": 1}, {""name"": ""red chilli"", ""label"": ""Red chilli"", ""in_box"": 1}, {""name"": ""Cornish clotted cream"", ""label"": ""Cornish clotted cream (40g)"", ""in_box"": 1}, {""name"": ""chicken breast portions"", ""label"": ""Chicken breast portions (2pcs)"", ""in_box"": 1}, {""name"": ""finely chopped tomatoes"", ""label"": ""Finely chopped tomatoes (200g)"", ""in_box"": 1}, {""name"": ""ground smoked paprika"", ""label"": ""Ground smoked paprika (1tsp)"", ""in_box"": 1}, {""name"": ""white long grain rice"", ""label"": ""White long grain rice (65g)"", ""in_box"": 1}, {""name"": ""garam masala"", ""label"": ""Garam masala (1tsp)"", ""in_box"": 1}, {""name"": ""intense chicken stock mix"", ""label"": ""Intense chicken stock mix (5.5g)"", ""in_box"": 1}, {""name"": ""curry powder"", ""label"": ""Curry powder (1tbsp)"", ""in_box"": 1}, {""name"": ""garlic clove"", ""label"": ""Garlic clove x2"", ""in_box"": 2}, {""name"": ""brown onion"", ""label"": ""Brown onion"", ""in_box"": 1}, {""name"": ""ginger paste"", ""label"": ""Ginger paste (15g)"", ""in_box"": 1}, {""name"": ""coriander"", ""label"": ""Coriander (5g)"", ""in_box"": 1}]"
2026-06-30,2026-06-19,dc24bc3e-7cd2-4084-b6aa-1af0a63b7fff,6205,Baked Harissa & Red Wine Orzo With Honey Greek Cheese,False,0.0,339,509,20.9,12.5,7.4,77.4,21.7,6.5,1.9,150,6.2,3.7,2.2,22.8,6.4,1.9,0.56,2,35,full-prep,mild,Modern Bistro,Vegetarian,4.12,9534,True,"[{""name"": ""red pepper"", ""label"": ""Red pepper"", ""in_box"": 1}, {""name"": ""red wine paste"", ""label"": ""Red wine paste (10g)"", ""in_box"": 1}, {""name"": ""Greek salad cheese"", ""label"": ""Greek salad cheese (100g)"", ""in_box"": 1}, {""name"": ""garlic clove"", ""label"": ""Garlic clove x2"", ""in_box"": 2}, {""name"": ""parsley"", ""label"": ""Parsley (5g)"", ""in_box"": 1}, {""name"": ""harissa paste"", ""label"": ""Harissa paste (20g)"", ""in_box"": 1}, {""name"": ""tomato paste"", ""label"": ""Tomato paste (16g)"", ""in_box"": 1}, {""name"": ""cherry tomatoes"", ""label"": ""Cherry tomatoes (125g)"", ""in_box"": 1}, {""name"": ""red onion"", ""label"": ""Red onion"", ""in_box"": 1}, {""name"": ""orzo"", ""label"": ""Orzo (150g)"", ""in_box"": 1}, {""name"": ""honey"", ""label"": ""Honey (25g)"", ""in_box"": 1}]"
2026-06-30,2026-06-19,7d1d6a78-f1d6-4eb8-b623-aee9c3fa7288,14054,Baked Pesto Crumbed Basa With Tomatoey Bean Stew,False,0.0,368,347,27.4,15.0,2.5,23.2,8.6,7.2,2.32,94,7.5,4.1,0.7,6.3,2.3,1.9,0.63,3,30,full-prep,no spice,Nutrient Rich,,4.26,377,True,"[{""name"": ""basa fillets"", ""label"": ""Basa fillets (2pcs)"", ""in_box"": 1}, {""name"": ""panko breadcrumbs"", ""label"": ""Panko breadcrumbs (20g)"", ""in_box"": 1}, {""name"": ""cannellini beans"", ""label"": ""Cannellini beans (185g)"", ""in_box"": 1}, {""name"": ""intense vegetable stock mix"", ""label"": ""Intense vegetable stock mix (5.5g)"", ""in_box"": 1}, {""name"": ""garlic clove"", ""label"": ""Garlic clove"", ""in_box"": 1}, {""name"": ""brown onion"", ""label"": ""Brown onion"", ""in_box"": 1}, {""name"": ""basil"", ""label"": ""Basil (10g)"", ""in_box"": 1}, {""name"": ""traditional Italian pesto"", ""label"": ""Traditional Italian pesto (45g)"", ""in_box"": 1}, {""name"": ""cherry tomatoes"", ""label"": ""Cherry tomatoes (250g)"", ""in_box"": 1}]"
2026-06-30,2026-06-19,13f62681-7576-4ab2-b839-0a9edc41aaef,7346,BBQ Bacon Wagyu Cheeseburger & Onion Rings,True,3.0,543,1119,42.1,70.9,26.8,78.4,16.3,8.5,2.9,206,7.8,13.1,4.9,14.4,3.0,1.6,0.53,1,40,full-prep,no spice,Ultimate Fakeaway,,4.48,1105,True,"[{""name"": ""BBQ sauce"", ""label"": ""BBQ sauce (40g)"", ""in_box"": 1}, {""name"": ""wagyu beef burger"", ""label"": ""Wagyu beef burger (2pcs)"", ""in_box"": 1}, {""name"": ""cornflour"", ""label"": ""Cornflour (1tbsp)"", ""in_box"": 1}, {""name"": ""cheddar cheese"", ""label"": ""Cheddar cheese (40g)"", ""in_box"": 1}, {""name"": ""brioche style buns"", ""label"": ""Brioche style buns (2pcs)"", ""in_box"": 1}, {""name"": ""brown onion"", ""label"": ""Brown onion"", ""in_box"": 1}, {""name"": ""smoked streaky bacon"", ""label"": ""Smoked streaky bacon (45g)"", ""in_box"": 1}, {""name"": ""gem lettuce"", ""label"": ""Gem lettuce"", ""in_box"": 1}, {""name"": ""white wine vinegar"", ""label"": ""White wine vinegar (15ml)"", ""in_box"": 1}, {""name"": ""white potato"", ""label"": ""White potato x3"", ""in_box"": 3}]"
2026-06-30,2026-06-19,04eddc6a-9948-4f21-b742-dac8e4be0ee1,3078,BBQ Chicken Loaded Cheesy Fries,False,0.0,556,619,42.7,26.5,15.8,55.9,15.0,6.5,1.25,111,7.7,4.8,2.8,10.1,2.7,1.2,0.22,1,40,full-prep,no spice,Takeaway Night,,4.38,11917,True,"[{""name"": ""crème fraîche"", ""label"": ""Crème fraîche (80g)"", ""in_box"": 1}, {""name"": ""BBQ sauce"", ""label"": ""BBQ sauce (40g)"", ""in_box"": 1}, {""name"": ""chicken breast portions"", ""label"": ""Chicken breast portions (2pcs)"", ""in_box"": 1}, {""name"": ""ground smoked paprika"", ""label"": ""Ground smoked paprika (1tsp)"", ""in_box"": 1}, {""name"": ""cheddar cheese"", ""label"": ""Cheddar cheese (40g) x2"", ""in_box"": 2}, {""name"": ""tomato"", ""label"": ""Tomato x2"", ""in_box"": 2}, {""name"": ""red onion"", ""label"": ""Red onion"", ""in_box"": 1}, {""name"": ""white potato"", ""label"": ""White potato x4"", ""in_box"": 4}]"
2026-06-30,2026-06-19,2f819adf-d46f-4e64-ae90-cd898b2b3296,13358,BBQ Pulled Pork With Loaded Potatoes And Creamy Slaw,True,2.25,487,746,42.3,45.1,12.3,45.0,14.4,6.8,2.14,153,8.7,9.3,2.5,9.2,3.0,1.4,0.44,1,45,full-prep,mild,Gastropub,,4.58,1465,True,"[{""name"": ""BBQ sauce"", ""label"": ""BBQ sauce (40g)"", ""in_box"": 1}, {""name"": ""waxy potatoes"", ""label"": ""Waxy potatoes (350g)"", ""in_box"": 1}, {""name"": ""mayonnaise"", ""label"": ""Mayonnaise (50ml)"", ""in_box"": 1}, {""name"": ""BBQ pulled pork"", ""label"": ""BBQ pulled pork (308g)"", ""in_box"": 1}, {""name"": ""cheddar cheese"", ""label"": ""Cheddar cheese (40g)"", ""in_box"": 1}, {""name"": ""tomato paste"", ""label"": ""Tomato paste (16g)"", ""in_box"": 1}, {""name"": ""chives"", ""label"": ""Chives (5g)"", ""in_box"": 1}, {""name"": ""shredded red cabbage"", ""label"": ""Shredded red cabbage (150g)"", ""in_box"": 1}, {""name"": ""white wine vinegar"", ""label"": ""White wine vinegar (15ml)"", ""in_box"": 1}]"
2026-06-30,2026-06-19,4a40b71f-f4f7-4e26-a951-8096036405f9,15851,"BBQ Special With Honey & Lemon Chicken Thigh, Sausages & Potato Salad",True,1.0,,856,51.8,49.9,,53.0,,6.0,3.38,,,,,,,,,1,30,full-prep,mild,Gastropub,Dairy Free,0,0,True,
2026-06-30,2026-06-19,b25b5c19-8823-4353-9eed-382e0762a889,16777,"BBQ Special With Peppercorn Steak, Jalapeño Hot Link Sausage & Slaw",True,6.5,613,1005,60.8,60.8,18.6,54.0,17.2,10.6,2.61,163,9.9,9.9,3.0,8.8,2.8,1.7,0.42,1,25,full-prep,mild,Gastropub,,0,0,True,"[{""name"": ""cheese and jalapeno hot link sausage"", ""label"": ""Cheese and jalapeno hot link sausage (284g)"", ""in_box"": 1}, {""name"": ""tomato ketchup"", ""label"": ""Tomato ketchup (30g)"", ""in_box"": 1}, {""name"": ""waxy potatoes"", ""label"": ""Waxy potatoes (350g)"", ""in_box"": 1}, {""name"": ""spring onion"", ""label"": ""Spring onion"", ""in_box"": 1}, {""name"": ""carrot & cabbage slaw mix"", ""label"": ""Carrot & cabbage slaw mix (160g)"", ""in_box"": 1}, {""name"": ""rump pavé steak"", ""label"": ""Rump pavé steak (300g)"", ""in_box"": 1}, {""name"": ""mayonnaise"", ""label"": ""Mayonnaise (50ml)"", ""in_box"": 1}, {""name"": ""red chilli relish"", ""label"": ""Red chilli relish (25g)"", ""in_box"": 1}, {""name"": ""white wine vinegar"", ""label"": ""White wine vinegar (15ml)"", ""in_box"": 1}, {""name"": ""cracked black pepper"", ""label"": ""Cracked black pepper (2.5g)"", ""in_box"": 1}]"
2026-06-30,2026-06-19,ffbf7861-a6a0-4c16-a350-3df09b430eac,1620,Beany Chilli With Avocado Salsa And Brown Rice,False,0.0,487,564,17.9,16.9,4.3,81.7,13.4,21.7,2.49,115,3.7,3.5,0.9,16.8,2.8,4.4,0.51,4,45,full-prep,spicy,Fibre Fix,Vegan; Vegetarian; Dairy Free; Gluten Free,4.29,13580,True,"[{""name"": ""brown long grain rice"", ""label"": ""Brown long grain rice (130g)"", ""in_box"": 1}, {""name"": ""red pepper"", ""label"": ""Red pepper"", ""in_box"": 1}, {""name"": ""chipotle paste"", ""label"": ""Chipotle paste (40g)"", ""in_box"": 1}, {""name"": ""smashed avocado"", ""label"": ""Smashed avocado (100g) x2"", ""in_box"": 2}, {""name"": ""intense vegetable stock mix"", ""label"": ""Intense vegetable stock mix (5.5g)"", ""in_box"": 1}, {""name"": ""ground smoked paprika"", ""label"": ""Ground smoked paprika (2tsp)"", ""in_box"": 1}, {""name"": ""red kidney beans"", ""label"": ""Red kidney beans (390g)"", ""in_box"": 1}, {""name"": ""ground cumin"", ""label"": ""Ground cumin (2tsp)"", ""in_box"": 1}, {""name"": ""garlic clove"", ""label"": ""Garlic clove"", ""in_box"": 1}, {""name"": ""tomato paste"", ""label"": ""Tomato paste (16g) x2"", ""in_box"": 2}, {""name"": ""coriander"", ""label"": ""Coriander (5g)"", ""in_box"": 1}, {""name"": ""lime"", ""label"": ""Lime"", ""in_box"": 1}, {""name"": ""red onion"", ""label"": ""Red onion"", ""in_box"": 1}]"
2026-06-30,2026-06-19,0c739819-2e20-4053-84cf-9b868b4c24f5,7463,Beef & Mushroom Bolognese With Wholewheat Tortiglioni,False,0.0,435,498,31.0,14.7,6.0,64.3,13.2,10.9,2.11,114,7.1,3.4,1.4,14.8,3.0,2.5,0.48,3,35,full-prep,no spice,Calorie Controlled,,4.33,11176,True,"[{""name"": ""intense beef stock mix"", ""label"": ""Intense beef stock mix (5.5g)"", ""in_box"": 1}, {""name"": ""dried oregano"", ""label"": ""Dried oregano (1tsp)"", ""in_box"": 1}, {""name"": ""soy sauce"", ""label"": ""Soy sauce (8ml)"", ""in_box"": 1}, {""name"": ""finely chopped tomatoes"", ""label"": ""Finely chopped tomatoes (200g)"", ""in_box"": 1}, {""name"": ""garlic clove"", ""label"": ""Garlic clove x2"", ""in_box"": 2}, {""name"": ""wholewheat tortiglioni"", ""label"": ""Wholewheat tortiglioni (150g)"", ""in_box"": 1}, {""name"": ""beef mince"", ""label"": ""Beef mince (125g)"", ""in_box"": 1}, {""name"": ""brown onion"", ""label"": ""Brown onion"", ""in_box"": 1}, {""name"": ""lighter cheese"", ""label"": ""Lighter cheese (30g)"", ""in_box"": 1}, {""name"": ""carrot"", ""label"": ""Carrot"", ""in_box"": 1}, {""name"": ""chestnut mushrooms"", ""label"": ""Chestnut mushrooms (160g)"", ""in_box"": 1}]"
2026-06-30,2026-06-19,0b9f58c1-0f5a-45cd-aaa8-ace03ea939e1,15278,Beef & Mushroom Bolognese With Wholewheat Tortiglioni,False,0.0,397,383,26.1,13.7,5.9,38.2,11.4,7.5,2.11,96,6.6,3.4,1.5,9.6,2.9,1.9,0.53,3,35,full-prep,no spice,Nutrient Rich,,4.34,372,True,"[{""name"": ""dried oregano"", ""label"": ""Dried oregano (1tsp)"", ""in_box"": 1}, {""name"": ""soy sauce"", ""label"": ""Soy sauce (8ml)"", ""in_box"": 1}, {""name"": ""finely chopped tomatoes"", ""label"": ""Finely chopped tomatoes (200g)"", ""in_box"": 1}, {""name"": ""intense beef stock mix"", ""label"": ""Intense beef stock mix (5.5g)"", ""in_box"": 1}, {""name"": ""garlic clove"", ""label"": ""Garlic clove x2"", ""in_box"": 2}, {""name"": ""wholewheat tortiglioni"", ""label"": ""Wholewheat tortiglioni (75g)"", ""in_box"": 1}, {""name"": ""beef mince"", ""label"": ""Beef mince (125g)"", ""in_box"": 1}, {""name"": ""brown onion"", ""label"": ""Brown onion"", ""in_box"": 1}, {""name"": ""lighter cheese"", ""label"": ""Lighter cheese (30g)"", ""in_box"": 1}, {""name"": ""carrot"", ""label"": ""Carrot"", ""in_box"": 1}, {""name"": ""white cup mushrooms"", ""label"": ""White cup mushrooms (160g)"", ""in_box"": 1}]"
2026-06-30,2026-06-19,2e49e3dd-2a5c-4a7a-adc3-27618b4da9d5,14514,Beef Spaghetti Bolognese,False,0.0,445,737,42.5,25.1,11.1,84.5,15.3,7.6,2.09,165,9.5,5.6,2.5,19.0,3.4,1.7,0.47,3,30,full-prep,no spice,Everyday Favourites,,4.58,1207,True,"[{""name"": ""intense beef stock mix"", ""label"": ""Intense beef stock mix (5.5g)"", ""in_box"": 1}, {""name"": ""dried oregano"", ""label"": ""Dried oregano (1tsp)"", ""in_box"": 1}, {""name"": ""beef mince"", ""label"": ""Beef mince (250g)"", ""in_box"": 1}, {""name"": ""soy sauce"", ""label"": ""Soy sauce (8ml)"", ""in_box"": 1}, {""name"": ""finely chopped tomatoes"", ""label"": ""Finely chopped tomatoes (200g)"", ""in_box"": 1}, {""name"": ""tomato paste"", ""label"": ""Tomato paste (32g)"", ""in_box"": 1}, {""name"": ""garlic clove"", ""label"": ""Garlic clove"", ""in_box"": 1}, {""name"": ""brown onion"", ""label"": ""Brown onion"", ""in_box"": 1}, {""name"": ""Italian hard cheese"", ""label"": ""Italian hard cheese (20g)"", ""in_box"": 1}, {""name"": ""carrot"", ""label"": ""Carrot"", ""in_box"": 1}, {""name"": ""spaghetti"", ""label"": ""Spaghetti (190g)"", ""in_box"": 1}]"
2026-06-30,2026-06-19,fdd69213-c9b2-4b96-abb6-ff9796cf34dc,8255,Birria-Inspired Pork & Black Bean Bowl With Pitta Chips,False,0.0,428,544,42.8,15.1,5.6,53.7,11.2,15.3,2.43,127,10.0,3.5,1.3,12.5,2.6,3.6,0.57,2,60,full-prep,mild,Fibre Fix,,4.45,782,True,"[{""name"": ""intense beef stock mix"", ""label"": ""Intense beef stock mix (5.5g)"", ""in_box"": 1}, {""name"": ""black beans"", ""label"": ""Black beans (380g)"", ""in_box"": 1}, {""name"": ""soy sauce"", ""label"": ""Soy sauce (8ml)"", ""in_box"": 1}, {""name"": ""diced pork"", ""label"": ""Diced pork (250g)"", ""in_box"": 1}, {""name"": ""ground smoked paprika"", ""label"": ""Ground smoked paprika (2tsp)"", ""in_box"": 1}, {""name"": ""wholemeal pittas"", ""label"": ""Wholemeal pittas (2pcs)"", ""in_box"": 1}, {""name"": ""chipotle paste"", ""label"": ""Chipotle paste (20g)"", ""in_box"": 1}, {""name"": ""garlic clove"", ""label"": ""Garlic clove x2"", ""in_box"": 2}, {""name"": ""natural yoghurt"", ""label"": ""Natural yoghurt (80g)"", ""in_box"": 1}, {""name"": ""tomato paste"", ""label"": ""Tomato paste (16g) x2"", ""in_box"": 2}, {""name"": ""white wine vinegar"", ""label"": ""White wine vinegar (15ml)"", ""in_box"": 1}, {""name"": ""red onion"", ""label"": ""Red onion"", ""in_box"": 1}]"
2026-06-30,2026-06-19,a70d9159-c967-4ef7-8bea-81561ca0920b,3673,Brazilian-Style Black Beans With Zesty Lime Butternut Squash,False,0.0,480,468,17.1,2.9,0.4,93.9,19.4,16.2,1.29,97,3.6,0.6,0.1,19.6,4.0,3.4,0.27,3,45,full-prep,spicy,Global Kitchen,Vegan; Vegetarian; Dairy Free; Gluten Free,4.37,3724,True,"[{""name"": ""brown long grain rice"", ""label"": ""Brown long grain rice (130g)"", ""in_box"": 1}, {""name"": ""black beans"", ""label"": ""Black beans (390g)"", ""in_box"": 1}, {""name"": ""mango chutney"", ""label"": ""Mango chutney (20g)"", ""in_box"": 1}, {""name"": ""spring onion"", ""label"": ""Spring onion"", ""in_box"": 1}, {""name"": ""red chilli"", ""label"": ""Red chilli"", ""in_box"": 1}, {""name"": ""ground cumin"", ""label"": ""Ground cumin (1tsp)"", ""in_box"": 1}, {""name"": ""ground smoked paprika"", ""label"": ""Ground smoked paprika (2tsp)"", ""in_box"": 1}, {""name"": ""chipotle paste"", ""label"": ""Chipotle paste (20g)"", ""in_box"": 1}, {""name"": ""garlic clove"", ""label"": ""Garlic clove x2"", ""in_box"": 2}, {""name"": ""brown onion"", ""label"": ""Brown onion"", ""in_box"": 1}, {""name"": ""vegetable stock mix"", ""label"": ""Vegetable stock mix (5.5g)"", ""in_box"": 1}, {""name"": ""coriander"", ""label"": ""Coriander (5g)"", ""in_box"": 1}, {""name"": ""butternut squash cubes"", ""label"": ""Butternut squash cubes (160g) x2"", ""in_box"": 2}, {""name"": ""lime"", ""label"": ""Lime"", ""in_box"": 1}]"
2026-06-30,2026-06-19,8297ad1e-8c86-4e0e-bd02-71eb3196ec9e,8506,Buffalo Chicken Breast Shawarma Kebab,True,0.7,429,571,36.3,24.8,2.7,51.5,10.1,5.5,1.11,133,8.5,5.8,0.6,12.0,2.4,1.3,0.26,2,30,full-prep,spicy,Classic Fakeaways,Dairy Free,4.52,2080,True,"[{""name"": ""dried oregano"", ""label"": ""Dried oregano (1tsp)"", ""in_box"": 1}, {""name"": ""sriracha hot chilli sauce"", ""label"": ""Sriracha hot chilli sauce (8ml) x2"", ""in_box"": 2}, {""name"": ""chicken breast portions"", ""label"": ""Chicken breast portions (2pcs)"", ""in_box"": 1}, {""name"": ""mayonnaise"", ""label"": ""Mayonnaise (50ml)"", ""in_box"": 1}, {""name"": ""ground smoked paprika"", ""label"": ""Ground smoked paprika (2tsp)"", ""in_box"": 1}, {""name"": ""garlic clove"", ""label"": ""Garlic clove x2"", ""in_box"": 2}, {""name"": ""sourdough pittas"", ""label"": ""Sourdough pittas (2pcs)"", ""in_box"": 1}, {""name"": ""tomato"", ""label"": ""Tomato x2"", ""in_box"": 2}, {""name"": ""gem lettuce"", ""label"": ""Gem lettuce"", ""in_box"": 1}, {""name"": ""white wine vinegar"", ""label"": ""White wine vinegar (15ml)"", ""in_box"": 1}, {""name"": ""red onion"", ""label"": ""Red onion"", ""in_box"": 1}]"
2026-06-30,2026-06-19,38239ca8-c1b4-42a2-97f3-58463c69bf7a,14803,Buffalo Halloumi Shawarma Kebab,False,0.0,388,627,30.2,33.9,16.7,51.6,9.9,5.6,2.93,161,7.8,8.7,4.3,13.3,2.6,1.5,0.76,2,25,full-prep,spicy,Classic Fakeaways,Vegetarian,4.54,1178,True,"[{""name"": ""sriracha hot chilli sauce"", ""label"": ""Sriracha hot chilli sauce (8ml)"", ""in_box"": 1}, {""name"": ""dried oregano"", ""label"": ""Dried oregano (1tsp)"", ""in_box"": 1}, {""name"": ""ground smoked paprika"", ""label"": ""Ground smoked paprika (2tsp)"", ""in_box"": 1}, {""name"": ""mayonnaise"", ""label"": ""Mayonnaise (25ml)"", ""in_box"": 1}, {""name"": ""garlic clove"", ""label"": ""Garlic clove x2"", ""in_box"": 2}, {""name"": ""sourdough pittas"", ""label"": ""Sourdough pittas (2pcs)"", ""in_box"": 1}, {""name"": ""tomato"", ""label"": ""Tomato x2"", ""in_box"": 2}, {""name"": ""halloumi"", ""label"": ""Halloumi (200g)"", ""in_box"": 1}, {""name"": ""gem lettuce"", ""label"": ""Gem lettuce"", ""in_box"": 1}, {""name"": ""white wine vinegar"", ""label"": ""White wine vinegar (15ml)"", ""in_box"": 1}, {""name"": ""red onion"", ""label"": ""Red onion"", ""in_box"": 1}]"
2026-06-30,2026-06-19,8f98e9e4-68bd-49ac-81f3-d957ea286e09,7671,Butter Chicken Curry Loaded Naan With Minty Cucumber,False,0.0,397,473,39.4,9.2,2.4,55.5,10.0,4.5,1.52,119,9.9,2.3,0.6,14.0,2.5,1.1,0.38,2,20,full-prep,mild,Protein Hit,,4.51,5361,True,"[{""name"": ""chicken breast portions"", ""label"": ""Chicken breast portions (2pcs)"", ""in_box"": 1}, {""name"": ""curry powder"", ""label"": ""Curry powder (1tbsp)"", ""in_box"": 1}, {""name"": ""baby leaf salad"", ""label"": ""Baby leaf salad (50g)"", ""in_box"": 1}, {""name"": ""natural yoghurt"", ""label"": ""Natural yoghurt (80g)"", ""in_box"": 1}, {""name"": ""plain naan"", ""label"": ""Plain naan (2pcs)"", ""in_box"": 1}, {""name"": ""tomato paste"", ""label"": ""Tomato paste (16g)"", ""in_box"": 1}, {""name"": ""mint sauce"", ""label"": ""Mint sauce (20g)"", ""in_box"": 1}, {""name"": ""cucumber"", ""label"": ""Cucumber (0.5pcs)"", ""in_box"": 1}]"
2026-06-30,2026-06-19,9ceca7d0-9522-43eb-9b2a-f381d5097cb3,7532,Butter Paneer Sabzi Loaded Rotis With Yoghurt & Chutney,False,0.0,446,726,31.1,31.7,14.2,77.7,18.8,9.6,2.72,162,7.0,7.1,3.2,17.4,4.2,2.2,0.61,2,20,full-prep,spicy,One Pan Wonders,Vegetarian,4,596,True,"[{""name"": ""green chilli"", ""label"": ""Green chilli"", ""in_box"": 1}, {""name"": ""shredded veg mix"", ""label"": ""Shredded veg mix (160g)"", ""in_box"": 1}, {""name"": ""mint & coriander chutney"", ""label"": ""Mint & coriander chutney (40g)"", ""in_box"": 1}, {""name"": ""garam masala"", ""label"": ""Garam masala (1tsp)"", ""in_box"": 1}, {""name"": ""roti"", ""label"": ""Roti (4pcs)"", ""in_box"": 1}, {""name"": ""curry powder"", ""label"": ""Curry powder (0.5tbsp)"", ""in_box"": 1}, {""name"": ""garlic clove"", ""label"": ""Garlic clove x2"", ""in_box"": 2}, {""name"": ""brown onion"", ""label"": ""Brown onion"", ""in_box"": 1}, {""name"": ""natural yoghurt"", ""label"": ""Natural yoghurt (80g)"", ""in_box"": 1}, {""name"": ""paneer"", ""label"": ""Paneer (200g)"", ""in_box"": 1}, {""name"": ""vegetable stock mix"", ""label"": ""Vegetable stock mix (5.5g)"", ""in_box"": 1}, {""name"": ""ginger paste"", ""label"": ""Ginger paste (15g)"", ""in_box"": 1}, {""name"": ""tomato paste"", ""label"": ""Tomato paste (16g) x2"", ""in_box"": 2}]"
2026-06-30,2026-06-19,483bd3d2-eced-4fd4-af6b-3af1efba8427,2308,Butternut Squash Bhuna With Cardamom Rice,False,0.0,332,338,8.8,1.6,0.3,76.9,12.6,7.0,1.42,101,2.7,0.5,0.1,23.2,3.8,2.1,0.43,4,40,full-prep,mild,Takeaway Night,Vegan; Vegetarian; Dairy Free; Gluten Free,4.18,5922,True,"[{""name"": ""white long grain rice"", ""label"": ""White long grain rice (130g)"", ""in_box"": 1}, {""name"": ""ground turmeric"", ""label"": ""Ground turmeric (0.5tsp)"", ""in_box"": 1}, {""name"": ""ground paprika"", ""label"": ""Ground paprika (2tsp)"", ""in_box"": 1}, {""name"": ""red chilli"", ""label"": ""Red chilli"", ""in_box"": 1}, {""name"": ""intense vegetable stock mix"", ""label"": ""Intense vegetable stock mix (5.5g)"", ""in_box"": 1}, {""name"": ""garlic clove"", ""label"": ""Garlic clove x3"", ""in_box"": 3}, {""name"": ""fresh root ginger"", ""label"": ""Fresh root ginger (15g)"", ""in_box"": 1}, {""name"": ""garam masala"", ""label"": ""Garam masala (1tbsp)"", ""in_box"": 1}, {""name"": ""coriander"", ""label"": ""Coriander (10g)"", ""in_box"": 1}, {""name"": ""tomato"", ""label"": ""Tomato x2"", ""in_box"": 2}, {""name"": ""brown onion"", ""label"": ""Brown onion"", ""in_box"": 1}, {""name"": ""tomato paste"", ""label"": ""Tomato paste (16g) x2"", ""in_box"": 2}, {""name"": ""butternut squash cubes"", ""label"": ""Butternut squash cubes (160g)"", ""in_box"": 1}, {""name"": ""cardamom pod"", ""label"": ""Cardamom pod x3"", ""in_box"": 3}]"
2026-06-30,2026-06-19,f78c8158-2502-43b1-9462-bf97f388c4c5,9093,Cauliflower Cheese Bean & Orzo Bowl With Herby Crumbs,False,0.0,452,604,31.0,19.8,11.1,73.4,10.7,14.8,2.39,133,6.8,4.4,2.4,16.2,2.4,3.3,0.53,3,30,full-prep,no spice,Fibre Fix,Vegetarian,4.07,522,True,"[{""name"": ""panko breadcrumbs"", ""label"": ""Panko breadcrumbs (20g)"", ""in_box"": 1}, {""name"": ""umami seasoning"", ""label"": ""Umami seasoning (1tbsp)"", ""in_box"": 1}, {""name"": ""intense vegetable stock mix"", ""label"": ""Intense vegetable stock mix (5.5g)"", ""in_box"": 1}, {""name"": ""cannellini beans"", ""label"": ""Cannellini beans (390g)"", ""in_box"": 1}, {""name"": ""cheddar cheese"", ""label"": ""Cheddar cheese (40g)"", ""in_box"": 1}, {""name"": ""parsley"", ""label"": ""Parsley (5g)"", ""in_box"": 1}, {""name"": ""crispy onions"", ""label"": ""Crispy onions (15g)"", ""in_box"": 1}, {""name"": ""soft cheese"", ""label"": ""Soft cheese (50g)"", ""in_box"": 1}, {""name"": ""Chinese rice wine"", ""label"": ""Chinese rice wine (15ml)"", ""in_box"": 1}, {""name"": ""cauliflower"", ""label"": ""Cauliflower"", ""in_box"": 1}, {""name"": ""orzo"", ""label"": ""Orzo (100g)"", ""in_box"": 1}, {""name"": ""Dijon mustard"", ""label"": ""Dijon mustard (5.5g)"", ""in_box"": 1}]"
2026-06-30,2026-06-19,1336fe7a-9c49-4f84-b0d1-eb547ae56873,2751,Cauliflower Pav Bhaji With Chilli Brioche,False,0.0,535,480,19.4,13.6,8.7,68.9,22.4,17.0,2.37,89,3.6,2.5,1.6,12.9,4.2,3.2,0.44,5,35,full-prep,spicy,Veg Boost,Vegan; Vegetarian; Dairy Free,4.15,7789,True,"[{""name"": ""solid creamed coconut"", ""label"": ""Solid creamed coconut (25g)"", ""in_box"": 1}, {""name"": ""dried chilli flakes"", ""label"": ""Dried chilli flakes (0.5tsp)"", ""in_box"": 1}, {""name"": ""tomato paste"", ""label"": ""Tomato paste (32g)"", ""in_box"": 1}, {""name"": ""intense vegetable stock mix"", ""label"": ""Intense vegetable stock mix (5.5g)"", ""in_box"": 1}, {""name"": ""curry powder"", ""label"": ""Curry powder (1tbsp)"", ""in_box"": 1}, {""name"": ""garlic clove"", ""label"": ""Garlic clove x2"", ""in_box"": 2}, {""name"": ""fresh root ginger"", ""label"": ""Fresh root ginger (15g)"", ""in_box"": 1}, {""name"": ""brioche style buns"", ""label"": ""Brioche style buns (2pcs)"", ""in_box"": 1}, {""name"": ""blanched peas"", ""label"": ""Blanched peas (160g)"", ""in_box"": 1}, {""name"": ""coriander"", ""label"": ""Coriander (5g)"", ""in_box"": 1}, {""name"": ""cauliflower"", ""label"": ""Cauliflower"", ""in_box"": 1}, {""name"": ""lime"", ""label"": ""Lime"", ""in_box"": 1}, {""name"": ""red onion"", ""label"": ""Red onion"", ""in_box"": 1}, {""name"": ""white potato"", ""label"": ""White potato"", ""in_box"": 1}]"
2026-06-30,2026-06-19,79d74d30-3f3e-4459-b262-eeffba3fe62d,4120,Cheesy BBQ Chicken 'N' Chips,False,0.0,524,412,38.3,7.1,2.5,50.2,11.7,6.1,0.8,78,7.3,1.4,0.5,9.6,2.2,1.2,0.15,2,45,full-prep,mild,Modern Bistro,,4.33,11107,True,"[{""name"": ""BBQ sauce"", ""label"": ""BBQ sauce (40g)"", ""in_box"": 1}, {""name"": ""chicken breast strips"", ""label"": ""Chicken breast strips (250g)"", ""in_box"": 1}, {""name"": ""ground smoked paprika"", ""label"": ""Ground smoked paprika (1tsp)"", ""in_box"": 1}, {""name"": ""tomato"", ""label"": ""Tomato"", ""in_box"": 1}, {""name"": ""baby leaf salad"", ""label"": ""Baby leaf salad (50g)"", ""in_box"": 1}, {""name"": ""lighter cheese"", ""label"": ""Lighter cheese (30g)"", ""in_box"": 1}, {""name"": ""cucumber"", ""label"": ""Cucumber (0.5pcs)"", ""in_box"": 1}, {""name"": ""white wine vinegar"", ""label"": ""White wine vinegar (15ml)"", ""in_box"": 1}, {""name"": ""white potato"", ""label"": ""White potato x4"", ""in_box"": 4}]"
2026-06-30,2026-06-19,44a49869-fe13-424c-b4d6-b1e8535bb352,1589,Cheesy Bean Chilli,False,0.0,519,665,30.0,18.5,9.1,88.8,14.4,18.1,2.27,128,5.8,3.6,1.8,17.1,2.8,3.5,0.44,2,10,full-prep,mild,10-Minute,Vegetarian,4.2,19909,True,"[{""name"": ""black beans"", ""label"": ""Black beans (390g)"", ""in_box"": 1}, {""name"": ""spring onion"", ""label"": ""Spring onion x2"", ""in_box"": 2}, {""name"": ""finely chopped tomatoes"", ""label"": ""Finely chopped tomatoes (200g)"", ""in_box"": 1}, {""name"": ""ground cumin"", ""label"": ""Ground cumin (1tsp) x2"", ""in_box"": 2}, {""name"": ""ground smoked paprika"", ""label"": ""Ground smoked paprika (2tsp)"", ""in_box"": 1}, {""name"": ""plain tortillas"", ""label"": ""Plain tortillas (6pcs)"", ""in_box"": 1}, {""name"": ""cannellini beans"", ""label"": ""Cannellini beans (390g)"", ""in_box"": 1}, {""name"": ""chipotle paste"", ""label"": ""Chipotle paste (20g)"", ""in_box"": 1}, {""name"": ""cheddar cheese"", ""label"": ""Cheddar cheese (40g)"", ""in_box"": 1}, {""name"": ""natural yoghurt"", ""label"": ""Natural yoghurt (80g)"", ""in_box"": 1}, {""name"": ""roasted garlic paste"", ""label"": ""Roasted garlic paste (15g)"", ""in_box"": 1}, {""name"": ""vegetable stock mix"", ""label"": ""Vegetable stock mix (5.5g)"", ""in_box"": 1}, {""name"": ""coriander"", ""label"": ""Coriander (5g)"", ""in_box"": 1}, {""name"": ""lime"", ""label"": ""Lime"", ""in_box"": 1}]"
2026-06-30,2026-06-19,0f615417-e501-48e7-9a08-f230fac165c1,2731,Cheesy Broccoli Pasta Bake,False,0.0,328,546,27.1,17.9,9.0,72.7,7.3,9.2,1.48,166,8.2,5.5,2.7,22.1,2.2,2.8,0.45,2,35,full-prep,no spice,Modern Bistro,Vegetarian,4.19,11727,True,"[{""name"": ""leek"", ""label"": ""Leek"", ""in_box"": 1}, {""name"": ""panko breadcrumbs"", ""label"": ""Panko breadcrumbs (20g)"", ""in_box"": 1}, {""name"": ""cheddar cheese"", ""label"": ""Cheddar cheese (40g)"", ""in_box"": 1}, {""name"": ""garlic clove"", ""label"": ""Garlic clove"", ""in_box"": 1}, {""name"": ""pumpkin seeds"", ""label"": ""Pumpkin seeds (15g)"", ""in_box"": 1}, {""name"": ""baby leaf salad"", ""label"": ""Baby leaf salad (50g)"", ""in_box"": 1}, {""name"": ""grated Italian hard cheese"", ""label"": ""Grated Italian hard cheese (30g)"", ""in_box"": 1}, {""name"": ""vegetable stock mix"", ""label"": ""Vegetable stock mix (5.5g)"", ""in_box"": 1}, {""name"": ""cider vinegar"", ""label"": ""Cider vinegar (15ml)"", ""in_box"": 1}, {""name"": ""Tenderstem broccoli"", ""label"": ""Tenderstem broccoli (160g)"", ""in_box"": 1}, {""name"": ""tortiglioni"", ""label"": ""Tortiglioni (150g)"", ""in_box"": 1}, {""name"": ""Dijon mustard"", ""label"": ""Dijon mustard (5.5g)"", ""in_box"": 1}]"
2026-06-30,2026-06-19,205a88ce-cff1-4f43-a1c4-9977d264adf8,7484,Cheesy Buffalo Chicken Thigh & Fresh Orecchiette,False,0.0,318,673,42.0,20.2,8.2,79.6,6.2,4.4,2.04,211,13.2,6.3,2.6,25.0,1.9,1.4,0.64,1,10,full-prep,spicy,Pasta Pronto,,4.27,3365,True,"[{""name"": ""spring onion"", ""label"": ""Spring onion"", ""in_box"": 1}, {""name"": ""sriracha hot chilli sauce"", ""label"": ""Sriracha hot chilli sauce (8ml) x3"", ""in_box"": 3}, {""name"": ""diced chicken thigh"", ""label"": ""Diced chicken thigh (250g)"", ""in_box"": 1}, {""name"": ""ground smoked paprika"", ""label"": ""Ground smoked paprika (2tsp)"", ""in_box"": 1}, {""name"": ""intense chicken stock mix"", ""label"": ""Intense chicken stock mix (5.5g)"", ""in_box"": 1}, {""name"": ""cheddar cheese"", ""label"": ""Cheddar cheese (40g)"", ""in_box"": 1}, {""name"": ""garlic clove"", ""label"": ""Garlic clove"", ""in_box"": 1}, {""name"": ""fresh orecchiette"", ""label"": ""Fresh orecchiette (250g)"", ""in_box"": 1}, {""name"": ""tomato paste"", ""label"": ""Tomato paste (16g) x2"", ""in_box"": 2}, {""name"": ""white wine vinegar"", ""label"": ""White wine vinegar (15ml)"", ""in_box"": 1}]"
2026-06-30,2026-06-19,44a165e7-7535-4170-a0ac-ff8f2514bd95,2043,Cheesy Pepperoni Pasta Bake,False,0.0,364,613,29.1,26.1,15.2,70.0,11.9,7.0,2.02,168,8.0,7.2,4.2,19.2,3.3,1.9,0.55,3,40,full-prep,mild,Modern Bistro,,4.34,44054,True,"[{""name"": ""dried oregano"", ""label"": ""Dried oregano (1tsp)"", ""in_box"": 1}, {""name"": ""red pepper"", ""label"": ""Red pepper"", ""in_box"": 1}, {""name"": ""sliced pepperoni"", ""label"": ""Sliced pepperoni (30g)"", ""in_box"": 1}, {""name"": ""tomato paste"", ""label"": ""Tomato paste (32g)"", ""in_box"": 1}, {""name"": ""cheddar cheese"", ""label"": ""Cheddar cheese (40g)"", ""in_box"": 1}, {""name"": ""basil"", ""label"": ""Basil (5g)"", ""in_box"": 1}, {""name"": ""vegetable stock mix"", ""label"": ""Vegetable stock mix (5.5g)"", ""in_box"": 1}, {""name"": ""mozzarella"", ""label"": ""Mozzarella (125g)"", ""in_box"": 1}, {""name"": ""cherry tomatoes"", ""label"": ""Cherry tomatoes (125g)"", ""in_box"": 1}, {""name"": ""tortiglioni"", ""label"": ""Tortiglioni (150g)"", ""in_box"": 1}, {""name"": ""red onion"", ""label"": ""Red onion"", ""in_box"": 1}]"
2026-06-30,2026-06-19,d86eb399-4d3e-4769-884d-42b8770e858b,7324,Cheesy Sausage & Pepper Chilli Con Carne Pasta Bake,False,0.0,425,546,28.7,22.1,10.3,60.7,11.4,12.9,2.52,128,6.7,5.2,2.4,14.3,2.7,3.0,0.59,3,40,full-prep,mild,Family Kitchen,,4.34,6582,True,"[{""name"": ""black beans"", ""label"": ""Black beans (380g)"", ""in_box"": 1}, {""name"": ""red pepper"", ""label"": ""Red pepper"", ""in_box"": 1}, {""name"": ""Jolly Hog pork sausagemeat"", ""label"": ""Jolly Hog pork sausagemeat (150g)"", ""in_box"": 1}, {""name"": ""ground coriander"", ""label"": ""Ground coriander (1tsp)"", ""in_box"": 1}, {""name"": ""ground paprika"", ""label"": ""Ground paprika (1tsp)"", ""in_box"": 1}, {""name"": ""finely chopped tomatoes"", ""label"": ""Finely chopped tomatoes (200g)"", ""in_box"": 1}, {""name"": ""ground cumin"", ""label"": ""Ground cumin (1tsp)"", ""in_box"": 1}, {""name"": ""farfalle"", ""label"": ""Farfalle (100g)"", ""in_box"": 1}, {""name"": ""intense chicken stock mix"", ""label"": ""Intense chicken stock mix (5.5g)"", ""in_box"": 1}, {""name"": ""cheddar cheese"", ""label"": ""Cheddar cheese (40g)"", ""in_box"": 1}, {""name"": ""garlic clove"", ""label"": ""Garlic clove x2"", ""in_box"": 2}, {""name"": ""coriander"", ""label"": ""Coriander (5g)"", ""in_box"": 1}, {""name"": ""red onion"", ""label"": ""Red onion"", ""in_box"": 1}]"
2026-06-30,2026-06-19,8d0effdd-f587-4578-9542-7499e2f15bbc,14269,Chicago-Style Sausage & Pepperoni Pizza With Garlic & Herb Dip,False,0.0,362,1002,40.5,46.2,18.9,108.8,17.8,7.3,3.86,276,11.2,12.8,5.2,30.0,4.9,2.0,1.07,2,30,full-prep,no spice,Takeaway Night,,0,0,True,"[{""name"": ""Wildfarmed pizza bases"", ""label"": ""Wildfarmed pizza bases (2pcs)"", ""in_box"": 1}, {""name"": ""Jolly Hog pork sausagemeat"", ""label"": ""Jolly Hog pork sausagemeat (150g)"", ""in_box"": 1}, {""name"": ""garlic & herb dip"", ""label"": ""Garlic & herb dip (40g)"", ""in_box"": 1}, {""name"": ""sliced pepperoni"", ""label"": ""Sliced pepperoni (30g)"", ""in_box"": 1}, {""name"": ""cheddar cheese"", ""label"": ""Cheddar cheese (40g) x2"", ""in_box"": 2}, {""name"": ""tomato paste"", ""label"": ""Tomato paste (16g) x4"", ""in_box"": 4}]"
2026-06-30,2026-06-19,69342eac-6d0c-469c-8c8d-9cd8ff2f3a3b,8712,Chicago-Style Steak Sandwich & Fries,True,3.0,519,594,42.7,19.4,7.1,64.3,7.0,8.2,2.2,114,8.2,3.7,1.4,12.4,1.3,1.6,0.42,2,40,full-prep,spicy,Gastropub,Dairy Free,4.18,90,True,"[{""name"": ""dried chilli flakes"", ""label"": ""Dried chilli flakes (0.5tsp)"", ""in_box"": 1}, {""name"": ""red chilli"", ""label"": ""Red chilli"", ""in_box"": 1}, {""name"": ""baguettes"", ""label"": ""Baguettes (2pcs)"", ""in_box"": 1}, {""name"": ""rump pavé steak"", ""label"": ""Rump pavé steak (300g)"", ""in_box"": 1}, {""name"": ""dried oregano"", ""label"": ""Dried oregano (1tsp)"", ""in_box"": 1}, {""name"": ""intense beef stock mix"", ""label"": ""Intense beef stock mix (5.5g)"", ""in_box"": 1}, {""name"": ""ground smoked paprika"", ""label"": ""Ground smoked paprika (2tsp)"", ""in_box"": 1}, {""name"": ""garlic clove"", ""label"": ""Garlic clove x2"", ""in_box"": 2}, {""name"": ""baby leaf salad"", ""label"": ""Baby leaf salad (50g)"", ""in_box"": 1}, {""name"": ""gravy base"", ""label"": ""Gravy base (14g)"", ""in_box"": 1}, {""name"": ""green pepper"", ""label"": ""Green pepper"", ""in_box"": 1}, {""name"": ""white wine vinegar"", ""label"": ""White wine vinegar (15ml)"", ""in_box"": 1}, {""name"": ""red onion"", ""label"": ""Red onion"", ""in_box"": 1}, {""name"": ""white potato"", ""label"": ""White potato x3"", ""in_box"": 3}]"
2026-06-30,2026-06-19,0ecee7e6-88de-4fc8-ab5c-049d6b0dc28a,14738,Chicken & Vegetable Wholewheat Hoisin Noodles,False,0.0,358,393,34.0,10.2,2.0,40.5,18.0,7.0,2.01,109,9.5,2.9,0.6,11.3,5.0,2.0,0.56,2,30,full-prep,no spice,Nutrient Rich,Dairy Free,4.2,414,True,"[{""name"": ""red pepper"", ""label"": ""Red pepper"", ""in_box"": 1}, {""name"": ""spring onion"", ""label"": ""Spring onion"", ""in_box"": 1}, {""name"": ""diced chicken breast"", ""label"": ""Diced chicken breast (250g)"", ""in_box"": 1}, {""name"": ""toasted sesame oil"", ""label"": ""Toasted sesame oil (10ml)"", ""in_box"": 1}, {""name"": ""brown onion"", ""label"": ""Brown onion"", ""in_box"": 1}, {""name"": ""wholewheat noodle nest"", ""label"": ""Wholewheat noodle nest"", ""in_box"": 1}, {""name"": ""hoisin sauce"", ""label"": ""Hoisin sauce (40g)"", ""in_box"": 1}, {""name"": ""ginger & garlic paste"", ""label"": ""Ginger & garlic paste (15g)"", ""in_box"": 1}, {""name"": ""carrot"", ""label"": ""Carrot"", ""in_box"": 1}, {""name"": ""soy sauce"", ""label"": ""Soy sauce (15ml)"", ""in_box"": 1}]"
2026-06-30,2026-06-19,e5a799e2-b569-42dc-bca7-00bac060a65b,2928,Chicken Jalfrezi With Jeera Rice,False,0.0,384,456,37.1,5.7,1.2,60.9,8.8,5.7,1.74,118,9.7,1.5,0.3,15.9,2.3,1.5,0.45,3,35,full-prep,spicy,Takeaway Night,Gluten Free; Dairy Free,4.45,33318,True,"[{""name"": ""chicken breast strips"", ""label"": ""Chicken breast strips (250g)"", ""in_box"": 1}, {""name"": ""green pepper"", ""label"": ""Green pepper"", ""in_box"": 1}, {""name"": ""dried chilli flakes"", ""label"": ""Dried chilli flakes (0.5tsp)"", ""in_box"": 1}, {""name"": ""white basmati rice"", ""label"": ""White basmati rice (130g)"", ""in_box"": 1}, {""name"": ""cumin seeds"", ""label"": ""Cumin seeds (1tsp)"", ""in_box"": 1}, {""name"": ""tomato paste"", ""label"": ""Tomato paste (32g)"", ""in_box"": 1}, {""name"": ""intense chicken stock mix"", ""label"": ""Intense chicken stock mix (5.5g)"", ""in_box"": 1}, {""name"": ""curry powder"", ""label"": ""Curry powder (1tbsp)"", ""in_box"": 1}, {""name"": ""garlic clove"", ""label"": ""Garlic clove x3"", ""in_box"": 3}, {""name"": ""fresh root ginger"", ""label"": ""Fresh root ginger (15g)"", ""in_box"": 1}, {""name"": ""tomato"", ""label"": ""Tomato"", ""in_box"": 1}, {""name"": ""red onion"", ""label"": ""Red onion"", ""in_box"": 1}]"
2026-06-30,2026-06-19,4323f985-9d42-4f31-a5b7-25542ed8622e,753,Chicken Katsu Curry,False,0.0,426,570,40.4,7.8,2.2,86.8,15.2,6.3,1.58,133,9.5,1.8,0.5,20.4,3.6,1.5,0.37,2,45,full-prep,mild,Takeaway Night,Dairy Free,4.19,88620,True,"[{""name"": ""white long grain rice"", ""label"": ""White long grain rice (130g)"", ""in_box"": 1}, {""name"": ""mango chutney"", ""label"": ""Mango chutney (20g)"", ""in_box"": 1}, {""name"": ""free range egg"", ""label"": ""Free range egg"", ""in_box"": 1}, {""name"": ""soy sauce"", ""label"": ""Soy sauce (8ml)"", ""in_box"": 1}, {""name"": ""chicken breast portions"", ""label"": ""Chicken breast portions (2pcs)"", ""in_box"": 1}, {""name"": ""panko breadcrumbs"", ""label"": ""Panko breadcrumbs (40g)"", ""in_box"": 1}, {""name"": ""curry powder"", ""label"": ""Curry powder (1tbsp)"", ""in_box"": 1}, {""name"": ""fresh root ginger"", ""label"": ""Fresh root ginger (15g)"", ""in_box"": 1}, {""name"": ""shallot"", ""label"": ""Shallot"", ""in_box"": 1}, {""name"": ""rice vinegar"", ""label"": ""Rice vinegar (15ml)"", ""in_box"": 1}, {""name"": ""carrot"", ""label"": ""Carrot x2"", ""in_box"": 2}, {""name"": ""gem lettuce"", ""label"": ""Gem lettuce"", ""in_box"": 1}]"
2026-06-30,2026-06-19,c4b4a343-350c-4ea9-91dd-e97005b385f3,5809,Chicken Kebab Shop-Style Loaded Chips,False,0.0,445,503,36.8,22.4,6.8,40.4,8.7,5.3,1.54,113,8.3,5.0,1.5,9.1,2.0,1.2,0.35,1,35,full-prep,mild,Takeaway Night,Gluten Free,4.45,3224,True,"[{""name"": ""chicken breast strips"", ""label"": ""Chicken breast strips (250g)"", ""in_box"": 1}, {""name"": ""tomato ketchup"", ""label"": ""Tomato ketchup (30ml)"", ""in_box"": 1}, {""name"": ""mayonnaise"", ""label"": ""Mayonnaise (25ml)"", ""in_box"": 1}, {""name"": ""cheddar cheese"", ""label"": ""Cheddar cheese (40g)"", ""in_box"": 1}, {""name"": ""curry powder"", ""label"": ""Curry powder (1tbsp)"", ""in_box"": 1}, {""name"": ""garlic clove"", ""label"": ""Garlic clove"", ""in_box"": 1}, {""name"": ""tomato"", ""label"": ""Tomato"", ""in_box"": 1}, {""name"": ""shallot"", ""label"": ""Shallot"", ""in_box"": 1}, {""name"": ""ginger & garlic paste"", ""label"": ""Ginger & garlic paste (15g)"", ""in_box"": 1}, {""name"": ""gem lettuce"", ""label"": ""Gem lettuce"", ""in_box"": 1}, {""name"": ""white wine vinegar"", ""label"": ""White wine vinegar (15ml)"", ""in_box"": 1}, {""name"": ""white potato"", ""label"": ""White potato x3"", ""in_box"": 3}]"
2026-06-30,2026-06-19,e27e570f-c3e4-49ca-9673-0cddffdaed53,3204,Chicken Shashlik Burritos With Mango Yoghurt,False,0.0,503,887,46.5,15.9,6.1,138.1,27.9,7.0,2.07,176,9.2,3.2,1.2,27.5,5.5,1.4,0.41,2,35,full-prep,mild,Global Kitchen,,4.12,40033,True,"[{""name"": ""chicken breast strips"", ""label"": ""Chicken breast strips (250g)"", ""in_box"": 1}, {""name"": ""mango chutney"", ""label"": ""Mango chutney (20g)"", ""in_box"": 1}, {""name"": ""ground turmeric"", ""label"": ""Ground turmeric (0.5tsp)"", ""in_box"": 1}, {""name"": ""plain tortillas"", ""label"": ""Plain tortillas (4pcs)"", ""in_box"": 1}, {""name"": ""ground smoked paprika"", ""label"": ""Ground smoked paprika (1tsp)"", ""in_box"": 1}, {""name"": ""curry powder"", ""label"": ""Curry powder (1tbsp)"", ""in_box"": 1}, {""name"": ""tomato"", ""label"": ""Tomato"", ""in_box"": 1}, {""name"": ""brown onion"", ""label"": ""Brown onion"", ""in_box"": 1}, {""name"": ""white long grain rice"", ""label"": ""White long grain rice (100g)"", ""in_box"": 1}, {""name"": ""natural yoghurt"", ""label"": ""Natural yoghurt (80g)"", ""in_box"": 1}, {""name"": ""chicken stock mix"", ""label"": ""Chicken stock mix (5.5g)"", ""in_box"": 1}, {""name"": ""sultanas"", ""label"": ""Sultanas (30g)"", ""in_box"": 1}, {""name"": ""black sesame seeds"", ""label"": ""Black sesame seeds (5g)"", ""in_box"": 1}, {""name"": ""gem lettuce"", ""label"": ""Gem lettuce"", ""in_box"": 1}]"
2026-06-30,2026-06-19,1ee878ad-e1a9-4aa8-a0f6-1115f0818831,1994,Chicken Tikka Masala With Coriander Rice,False,0.0,448,480,39.4,7.3,2.2,67.6,13.5,6.3,1.99,107,8.8,1.6,0.5,15.1,3.0,1.4,0.45,3,40,full-prep,mild,Calorie Controlled,Gluten Free,4.16,13478,True,"[{""name"": ""brown long grain rice"", ""label"": ""Brown long grain rice (130g)"", ""in_box"": 1}, {""name"": ""chicken breast strips"", ""label"": ""Chicken breast strips (250g)"", ""in_box"": 1}, {""name"": ""finely chopped tomatoes"", ""label"": ""Finely chopped tomatoes (200g)"", ""in_box"": 1}, {""name"": ""garam masala"", ""label"": ""Garam masala (1tsp)"", ""in_box"": 1}, {""name"": ""intense chicken stock mix"", ""label"": ""Intense chicken stock mix (5.5g)"", ""in_box"": 1}, {""name"": ""curry powder"", ""label"": ""Curry powder (1tbsp)"", ""in_box"": 1}, {""name"": ""garlic clove"", ""label"": ""Garlic clove"", ""in_box"": 1}, {""name"": ""brown onion"", ""label"": ""Brown onion"", ""in_box"": 1}, {""name"": ""natural yoghurt"", ""label"": ""Natural yoghurt (80g)"", ""in_box"": 1}, {""name"": ""ginger paste"", ""label"": ""Ginger paste (15g)"", ""in_box"": 1}, {""name"": ""tomato paste"", ""label"": ""Tomato paste (16g) x2"", ""in_box"": 2}, {""name"": ""coriander"", ""label"": ""Coriander (5g)"", ""in_box"": 1}, {""name"": ""spinach"", ""label"": ""Spinach (80g)"", ""in_box"": 1}]"
2026-06-30,2026-06-19,26a7507d-71c2-43ac-91ea-793d28f80834,1552,Chicken Tikka Masala With Rice,False,0.0,390,516,32.7,20.9,9.6,48.9,5.0,3.3,1.32,132,8.4,5.4,2.4,12.5,1.3,0.9,0.34,1,10,full-prep,mild,10-Minute,Gluten Free,4.3,23982,True,"[{""name"": ""cooked white long grain rice"", ""label"": ""Cooked white long grain rice (280g)"", ""in_box"": 1}, {""name"": ""Cornish clotted cream"", ""label"": ""Cornish clotted cream (40g)"", ""in_box"": 1}, {""name"": ""diced chicken breast"", ""label"": ""Diced chicken breast (250g)"", ""in_box"": 1}, {""name"": ""ground paprika"", ""label"": ""Ground paprika (1tsp)"", ""in_box"": 1}, {""name"": ""curry powder"", ""label"": ""Curry powder (1tbsp)"", ""in_box"": 1}, {""name"": ""tomato"", ""label"": ""Tomato x2"", ""in_box"": 2}, {""name"": ""ginger & garlic paste"", ""label"": ""Ginger & garlic paste (15g)"", ""in_box"": 1}, {""name"": ""chicken stock mix"", ""label"": ""Chicken stock mix (5.5g)"", ""in_box"": 1}]"
2026-06-30,2026-06-19,8883e493-8ce8-41c9-adf7-c60322f24a5e,16713,Chicken Tikka Masala With Saffron Rice,True,2.0,,512,29.7,20.3,,47.3,,10.6,2.89,,,,,,,,,2,7,heat-only,mild,Heat & Eat,,0,0,True,
2026-06-30,2026-06-19,3925452b-6fdc-45fa-98f5-e7901f1c0011,3845,Chicken With Creamy Tomato Sauce And Harissa Mash,False,0.0,466,367,33.2,11.9,5.3,33.4,11.7,7.6,1.07,78,7.1,2.6,1.1,7.2,2.5,1.6,0.23,3,30,full-prep,spicy,Global Kitchen,Gluten Free,4,29479,True,"[{""name"": ""chicken breast portions"", ""label"": ""Chicken breast portions (2pcs)"", ""in_box"": 1}, {""name"": ""garlic clove"", ""label"": ""Garlic clove"", ""in_box"": 1}, {""name"": ""harissa paste"", ""label"": ""Harissa paste (20g)"", ""in_box"": 1}, {""name"": ""soft cheese"", ""label"": ""Soft cheese (50g)"", ""in_box"": 1}, {""name"": ""chicken stock mix"", ""label"": ""Chicken stock mix (5.5g)"", ""in_box"": 1}, {""name"": ""carrot"", ""label"": ""Carrot x2"", ""in_box"": 2}, {""name"": ""spinach"", ""label"": ""Spinach (80g)"", ""in_box"": 1}, {""name"": ""cherry tomatoes"", ""label"": ""Cherry tomatoes (125g)"", ""in_box"": 1}, {""name"": ""white potato"", ""label"": ""White potato x2"", ""in_box"": 2}]"
2026-06-30,2026-06-19,212d7e58-fcd7-4898-ba18-f3994e49b691,8178,Chicken Yakitori Skewers With Candied Sweet Potato,False,0.0,,614,32.0,25.7,,64.1,,5.8,1.88,,,,,,,,,3,45,full-prep,no spice,Global Kitchen,Dairy Free,0,0,True,
2026-06-30,2026-06-19,58a09125-9773-479a-9499-0a59338f82be,15518,"Chicken, Bacon & Red Wine Chasseur With Crushed Potatoes",True,1.0,473,439,43.1,13.7,4.4,37.7,7.3,6.8,2.9,92,9.1,2.9,0.9,8.0,1.6,1.4,0.61,1,10,full-prep,no spice,Fine Dine In,Dairy Free; Gluten Free,4.51,179,True,"[{""name"": ""red wine paste"", ""label"": ""Red wine paste (10g)"", ""in_box"": 1}, {""name"": ""waxy potatoes"", ""label"": ""Waxy potatoes (350g)"", ""in_box"": 1}, {""name"": ""diced chicken breast"", ""label"": ""Diced chicken breast (250g)"", ""in_box"": 1}, {""name"": ""bacon lardons"", ""label"": ""Bacon lardons (100g)"", ""in_box"": 1}, {""name"": ""garlic clove"", ""label"": ""Garlic clove"", ""in_box"": 1}, {""name"": ""shallot"", ""label"": ""Shallot x2"", ""in_box"": 2}, {""name"": ""tomato paste"", ""label"": ""Tomato paste (16g)"", ""in_box"": 1}, {""name"": ""gravy base"", ""label"": ""Gravy base (14g)"", ""in_box"": 1}, {""name"": ""Tenderstem broccoli"", ""label"": ""Tenderstem broccoli (160g)"", ""in_box"": 1}]"
2026-06-30,2026-06-19,e8933e1d-3f74-455c-96d0-fa9217fee77e,7948,Chilli Cheese Naan Toastie With Curried Mayo,False,0.0,445,693,23.1,31.7,11.5,78.9,7.2,7.2,2.03,155,5.2,7.1,2.6,17.8,1.6,1.6,0.46,1,40,full-prep,spicy,Moments,Vegetarian,4.53,2262,True,"[{""name"": ""green chilli"", ""label"": ""Green chilli"", ""in_box"": 1}, {""name"": ""waxy potatoes"", ""label"": ""Waxy potatoes (350g)"", ""in_box"": 1}, {""name"": ""mint & coriander chutney"", ""label"": ""Mint & coriander chutney (40g)"", ""in_box"": 1}, {""name"": ""mayonnaise"", ""label"": ""Mayonnaise (25ml)"", ""in_box"": 1}, {""name"": ""curry powder"", ""label"": ""Curry powder (0.5tbsp)"", ""in_box"": 1}, {""name"": ""cheddar cheese"", ""label"": ""Cheddar cheese (40g) x2"", ""in_box"": 2}, {""name"": ""baby leaf salad"", ""label"": ""Baby leaf salad (50g)"", ""in_box"": 1}, {""name"": ""shallot"", ""label"": ""Shallot"", ""in_box"": 1}, {""name"": ""plain naan"", ""label"": ""Plain naan (2pcs)"", ""in_box"": 1}, {""name"": ""coriander"", ""label"": ""Coriander (5g)"", ""in_box"": 1}, {""name"": ""spinach"", ""label"": ""Spinach (80g)"", ""in_box"": 1}, {""name"": ""white wine vinegar"", ""label"": ""White wine vinegar (15ml)"", ""in_box"": 1}]"
2026-06-30,2026-06-19,217b3d5a-d5f2-4e68-9d9e-387cbbdb8a26,7880,Chilli Popper Pork & Beef Smash Burger With Fries,False,0.0,503,721,34.8,35.6,14.4,65.3,10.0,8.3,1.51,143,6.9,7.1,2.9,13.0,2.0,1.7,0.3,2,40,full-prep,spicy,Takeaway Night,,4.37,1136,True,"[{""name"": ""pork & beef mince"", ""label"": ""Pork & beef mince (250g)"", ""in_box"": 1}, {""name"": ""green chilli"", ""label"": ""Green chilli"", ""in_box"": 1}, {""name"": ""sriracha hot chilli sauce"", ""label"": ""Sriracha hot chilli sauce (8ml)"", ""in_box"": 1}, {""name"": ""ground smoked paprika"", ""label"": ""Ground smoked paprika (1tsp)"", ""in_box"": 1}, {""name"": ""beef stock mix"", ""label"": ""Beef stock mix (5.5g)"", ""in_box"": 1}, {""name"": ""brioche style buns"", ""label"": ""Brioche style buns (2pcs)"", ""in_box"": 1}, {""name"": ""tomato"", ""label"": ""Tomato x2"", ""in_box"": 2}, {""name"": ""baby leaf salad"", ""label"": ""Baby leaf salad (50g)"", ""in_box"": 1}, {""name"": ""soft cheese"", ""label"": ""Soft cheese (50g)"", ""in_box"": 1}, {""name"": ""white wine vinegar"", ""label"": ""White wine vinegar (15ml)"", ""in_box"": 1}, {""name"": ""white potato"", ""label"": ""White potato x3"", ""in_box"": 3}]"
2026-06-30,2026-06-19,7a943caf-e675-4b58-9aae-b11964fed9ba,1821,"Chorizo, Tomato & Tenderstem Spaghetti",False,0.0,303,716,29.4,31.2,13.1,78.1,9.6,5.6,2.24,236,9.7,10.3,4.3,25.8,3.2,1.8,0.74,1,10,full-prep,no spice,10-Minute,,4.29,39422,True,"[{""name"": ""Tenderstem broccoli"", ""label"": ""Tenderstem broccoli (80g)"", ""in_box"": 1}, {""name"": ""diced chorizo"", ""label"": ""Diced chorizo (100g)"", ""in_box"": 1}, {""name"": ""roasted garlic paste"", ""label"": ""Roasted garlic paste (15g)"", ""in_box"": 1}, {""name"": ""grated Italian hard cheese"", ""label"": ""Grated Italian hard cheese (30g)"", ""in_box"": 1}, {""name"": ""soft cheese"", ""label"": ""Soft cheese (50g)"", ""in_box"": 1}, {""name"": ""tomato paste"", ""label"": ""Tomato paste (16g)"", ""in_box"": 1}, {""name"": ""cherry tomatoes"", ""label"": ""Cherry tomatoes (125g)"", ""in_box"": 1}, {""name"": ""spaghetti"", ""label"": ""Spaghetti (190g)"", ""in_box"": 1}]"
2026-06-30,2026-06-19,8f68046d-a609-42d3-a5da-2de1bad3c0af,13559,Classic Beef Cottage Pie With Cheesy Mash,False,0.0,533,606,39.9,24.4,10.9,60.0,14.8,12.3,1.96,113,7.5,4.6,2.1,11.3,2.8,2.3,0.37,3,45,full-prep,no spice,Everyday Favourites,,4.47,843,True,"[{""name"": ""intense beef stock mix"", ""label"": ""Intense beef stock mix (5.5g)"", ""in_box"": 1}, {""name"": ""beef mince"", ""label"": ""Beef mince (250g)"", ""in_box"": 1}, {""name"": ""garlic clove"", ""label"": ""Garlic clove x2"", ""in_box"": 2}, {""name"": ""blanched peas"", ""label"": ""Blanched peas (160g)"", ""in_box"": 1}, {""name"": ""Italian hard cheese"", ""label"": ""Italian hard cheese (20g)"", ""in_box"": 1}, {""name"": ""tomato paste"", ""label"": ""Tomato paste (16g) x2"", ""in_box"": 2}, {""name"": ""carrot"", ""label"": ""Carrot"", ""in_box"": 1}, {""name"": ""Marmite"", ""label"": ""Marmite (8g)"", ""in_box"": 1}, {""name"": ""red onion"", ""label"": ""Red onion"", ""in_box"": 1}, {""name"": ""white potato"", ""label"": ""White potato x4"", ""in_box"": 4}]"
2026-06-30,2026-06-19,b3ac4c7a-fb75-4af0-8e61-52b10229591e,13315,Classic Sweet 'N' Sour Chicken Thigh With Pepper & Pineapple,False,0.0,483,601,31.6,12.5,3.4,92.1,27.9,3.8,3.33,124,6.5,2.6,0.7,19.0,5.8,0.8,0.69,1,30,full-prep,no spice,Classic Fakeaways,Dairy Free,4.33,1662,True,"[{""name"": ""white long grain rice"", ""label"": ""White long grain rice (130g)"", ""in_box"": 1}, {""name"": ""red pepper"", ""label"": ""Red pepper"", ""in_box"": 1}, {""name"": ""tomato ketchup"", ""label"": ""Tomato ketchup (15g) x4"", ""in_box"": 4}, {""name"": ""pineapple slices"", ""label"": ""Pineapple slices (220g)"", ""in_box"": 1}, {""name"": ""spring onion"", ""label"": ""Spring onion"", ""in_box"": 1}, {""name"": ""diced chicken thigh"", ""label"": ""Diced chicken thigh (250g)"", ""in_box"": 1}, {""name"": ""cornflour"", ""label"": ""Cornflour (1tbsp)"", ""in_box"": 1}, {""name"": ""garlic clove"", ""label"": ""Garlic clove x2"", ""in_box"": 2}, {""name"": ""brown onion"", ""label"": ""Brown onion"", ""in_box"": 1}, {""name"": ""ginger paste"", ""label"": ""Ginger paste (15g)"", ""in_box"": 1}, {""name"": ""rice vinegar"", ""label"": ""Rice vinegar (15ml)"", ""in_box"": 1}, {""name"": ""soy sauce"", ""label"": ""Soy sauce (30ml)"", ""in_box"": 1}]"
2026-06-30,2026-06-19,9f67a98c-d2d4-4940-bb17-ab24576959b2,14152,Classic Sweet 'N' Sour Tofu With Pepper & Pineapple & Brown Rice,False,0.0,510,639,37.8,13.3,2.1,93.2,30.3,9.5,3.52,125,7.4,2.6,0.4,18.3,6.0,1.9,0.69,2,30,full-prep,no spice,Classic Fakeaways,Vegan; Vegetarian; Dairy Free,4.25,80,True,"[{""name"": ""brown long grain rice"", ""label"": ""Brown long grain rice (130g)"", ""in_box"": 1}, {""name"": ""red pepper"", ""label"": ""Red pepper"", ""in_box"": 1}, {""name"": ""ground paprika"", ""label"": ""Ground paprika (2tsp)"", ""in_box"": 1}, {""name"": ""plain tofu"", ""label"": ""Plain tofu (280g)"", ""in_box"": 1}, {""name"": ""pineapple slices"", ""label"": ""Pineapple slices (220g)"", ""in_box"": 1}, {""name"": ""tomato ketchup"", ""label"": ""Tomato ketchup (30ml) x2"", ""in_box"": 2}, {""name"": ""spring onion"", ""label"": ""Spring onion"", ""in_box"": 1}, {""name"": ""umami seasoning"", ""label"": ""Umami seasoning (1tbsp)"", ""in_box"": 1}, {""name"": ""cornflour"", ""label"": ""Cornflour (1tbsp)"", ""in_box"": 1}, {""name"": ""garlic clove"", ""label"": ""Garlic clove x2"", ""in_box"": 2}, {""name"": ""brown onion"", ""label"": ""Brown onion"", ""in_box"": 1}, {""name"": ""ginger paste"", ""label"": ""Ginger paste (15g)"", ""in_box"": 1}, {""name"": ""rice vinegar"", ""label"": ""Rice vinegar (15ml)"", ""in_box"": 1}, {""name"": ""soy sauce"", ""label"": ""Soy sauce (30ml)"", ""in_box"": 1}]"
2026-06-30,2026-06-19,807d51a9-6484-4a62-b3ca-c65553331d29,15684,Confit Heritage Tomato & Chorizo Orzo With Cheesy Basil Croutons,False,0.0,342,693,31.6,24.0,9.1,86.4,11.3,6.7,2.79,202,9.2,7.0,2.6,25.2,3.3,2.0,0.81,2,35,full-prep,no spice,Modern Bistro,,0,0,True,"[{""name"": ""heritage tomatoes"", ""label"": ""Heritage tomatoes (160g)"", ""in_box"": 1}, {""name"": ""ground smoked paprika"", ""label"": ""Ground smoked paprika (2tsp)"", ""in_box"": 1}, {""name"": ""diced chorizo"", ""label"": ""Diced chorizo (100g)"", ""in_box"": 1}, {""name"": ""ciabatta"", ""label"": ""Ciabatta"", ""in_box"": 1}, {""name"": ""garlic clove"", ""label"": ""Garlic clove x3"", ""in_box"": 3}, {""name"": ""brown onion"", ""label"": ""Brown onion"", ""in_box"": 1}, {""name"": ""grated Italian hard cheese"", ""label"": ""Grated Italian hard cheese (30g)"", ""in_box"": 1}, {""name"": ""tomato paste"", ""label"": ""Tomato paste (16g) x2"", ""in_box"": 2}, {""name"": ""basil"", ""label"": ""Basil (10g)"", ""in_box"": 1}, {""name"": ""chicken stock mix"", ""label"": ""Chicken stock mix (5.5g)"", ""in_box"": 1}, {""name"": ""Chinese rice wine"", ""label"": ""Chinese rice wine (15ml)"", ""in_box"": 1}, {""name"": ""orzo"", ""label"": ""Orzo (150g)"", ""in_box"": 1}]"
2026-06-30,2026-06-19,3620b89c-1e6e-4962-81a8-10384bdc00a9,8291,Coronation Chicken Couscous,False,0.0,272,663,32.9,32.5,3.7,58.1,16.0,5.7,2.33,243,12.1,11.9,1.3,21.4,5.9,2.1,0.85,2,10,full-prep,no spice,No Cook,Dairy Free,4.25,808,True,"[{""name"": ""mayonnaise"", ""label"": ""Mayonnaise (50ml)"", ""in_box"": 1}, {""name"": ""cooked shredded chicken thighs"", ""label"": ""Cooked shredded chicken thighs (160g)"", ""in_box"": 1}, {""name"": ""intense chicken stock mix"", ""label"": ""Intense chicken stock mix (5.5g)"", ""in_box"": 1}, {""name"": ""curry powder"", ""label"": ""Curry powder (1tbsp)"", ""in_box"": 1}, {""name"": ""baby leaf salad"", ""label"": ""Baby leaf salad (50g)"", ""in_box"": 1}, {""name"": ""couscous"", ""label"": ""Couscous (120g)"", ""in_box"": 1}, {""name"": ""ginger & garlic paste"", ""label"": ""Ginger & garlic paste (15g)"", ""in_box"": 1}, {""name"": ""sultanas"", ""label"": ""Sultanas (30g)"", ""in_box"": 1}, {""name"": ""gem lettuce"", ""label"": ""Gem lettuce"", ""in_box"": 1}, {""name"": ""flaked almonds"", ""label"": ""Flaked almonds (15g)"", ""in_box"": 1}]"
2026-06-30,2026-06-19,5fd218b9-8c5d-468f-b4a7-abfd26548529,16781,Courgette & Black Pepper Sauce W. Fresh Tagliatelle & A Chicken Breast,True,1.5,408,586,45.4,9.7,4.5,78.4,5.2,3.8,1.69,143,11.2,2.4,1.1,19.2,1.3,0.9,0.41,1,20,full-prep,no spice,20 minute meals,,0,0,True,"[{""name"": ""chicken breast portions"", ""label"": ""Chicken breast portions (2pcs)"", ""in_box"": 1}, {""name"": ""fresh tagliatelle"", ""label"": ""Fresh tagliatelle (250g)"", ""in_box"": 1}, {""name"": ""intense vegetable stock mix"", ""label"": ""Intense vegetable stock mix (5.5g)"", ""in_box"": 1}, {""name"": ""garlic clove"", ""label"": ""Garlic clove x2"", ""in_box"": 2}, {""name"": ""courgette"", ""label"": ""Courgette"", ""in_box"": 1}, {""name"": ""lemon"", ""label"": ""Lemon"", ""in_box"": 1}, {""name"": ""basil"", ""label"": ""Basil (5g)"", ""in_box"": 1}, {""name"": ""grated Italian hard cheese"", ""label"": ""Grated Italian hard cheese (30g)"", ""in_box"": 1}, {""name"": ""cracked black pepper"", ""label"": ""Cracked black pepper (2.5g)"", ""in_box"": 1}]"
2026-06-30,2026-06-19,f6fa4e4c-57e8-4c5c-bdb3-69f35b8cb25b,8244,Creamy Buldak Chicken Thigh Carbonara Noodles,False,0.0,296,643,39.5,26.7,12.3,62.2,7.9,2.3,2.5,217,13.3,9.0,4.2,21.0,2.7,0.8,0.84,1,10,full-prep,spicy,10-Minute,,4.26,511,True,"[{""name"": ""dried chilli flakes"", ""label"": ""Dried chilli flakes (0.5tsp)"", ""in_box"": 1}, {""name"": ""medium egg noodle nests"", ""label"": ""Medium egg noodle nests (2pcs)"", ""in_box"": 1}, {""name"": ""gochujang paste"", ""label"": ""Gochujang paste (30g)"", ""in_box"": 1}, {""name"": ""diced chicken thigh"", ""label"": ""Diced chicken thigh (250g)"", ""in_box"": 1}, {""name"": ""cheddar cheese"", ""label"": ""Cheddar cheese (40g)"", ""in_box"": 1}, {""name"": ""garlic clove"", ""label"": ""Garlic clove"", ""in_box"": 1}, {""name"": ""soft cheese"", ""label"": ""Soft cheese (50g)"", ""in_box"": 1}, {""name"": ""chicken stock mix"", ""label"": ""Chicken stock mix (5.5g)"", ""in_box"": 1}, {""name"": ""spinach"", ""label"": ""Spinach (80g)"", ""in_box"": 1}]"
2026-06-30,2026-06-19,c5d53285-56bb-44a2-903f-d897138b3917,16475,"Creamy Cannellini Bean Dip With Falafel, Pitta & Salad Picky Tea",False,0.0,399,540,19.0,15.7,1.6,74.7,13.5,14.9,2.37,135,4.8,3.9,0.4,18.7,3.4,3.7,0.59,2,20,full-prep,spicy,No Cook,Vegan; Vegetarian; Dairy Free,0,0,True,"[{""name"": ""hot pepper sauce"", ""label"": ""Hot pepper sauce (20g)"", ""in_box"": 1}, {""name"": ""cannellini beans"", ""label"": ""Cannellini beans (185g)"", ""in_box"": 1}, {""name"": ""Moroccan Falafel"", ""label"": ""Moroccan Falafel (171g)"", ""in_box"": 1}, {""name"": ""garlic clove"", ""label"": ""Garlic clove"", ""in_box"": 1}, {""name"": ""sourdough pittas"", ""label"": ""Sourdough pittas (2pcs)"", ""in_box"": 1}, {""name"": ""tomato"", ""label"": ""Tomato"", ""in_box"": 1}, {""name"": ""parsley"", ""label"": ""Parsley (5g)"", ""in_box"": 1}, {""name"": ""shallot"", ""label"": ""Shallot"", ""in_box"": 1}, {""name"": ""vegetable stock mix"", ""label"": ""Vegetable stock mix (5.5g)"", ""in_box"": 1}, {""name"": ""cucumber"", ""label"": ""Cucumber (0.5pcs)"", ""in_box"": 1}, {""name"": ""white wine vinegar"", ""label"": ""White wine vinegar (15ml)"", ""in_box"": 1}, {""name"": ""tahini"", ""label"": ""Tahini (15g)"", ""in_box"": 1}]"
2026-06-30,2026-06-19,17aa1a30-8134-4c29-ac53-a2b7f3d064d4,3083,Creamy Chicken & Pesto Wholewheat Tortiglioni With Basil,False,0.0,355,685,46.0,31.8,11.9,57.2,6.4,7.8,1.98,192,13.0,8.9,3.4,16.1,1.8,2.2,0.56,1,25,full-prep,no spice,20 minute meals,,4.33,3609,True,"[{""name"": ""chicken breast strips"", ""label"": ""Chicken breast strips (250g)"", ""in_box"": 1}, {""name"": ""cheddar cheese"", ""label"": ""Cheddar cheese (40g)"", ""in_box"": 1}, {""name"": ""wholewheat tortiglioni"", ""label"": ""Wholewheat tortiglioni (150g)"", ""in_box"": 1}, {""name"": ""soft cheese"", ""label"": ""Soft cheese (50g)"", ""in_box"": 1}, {""name"": ""basil"", ""label"": ""Basil (10g)"", ""in_box"": 1}, {""name"": ""chicken stock mix"", ""label"": ""Chicken stock mix (5.5g)"", ""in_box"": 1}, {""name"": ""traditional Italian pesto"", ""label"": ""Traditional Italian pesto (45g)"", ""in_box"": 1}, {""name"": ""spinach"", ""label"": ""Spinach (80g)"", ""in_box"": 1}, {""name"": ""red onion"", ""label"": ""Red onion"", ""in_box"": 1}]"
2026-06-30,2026-06-19,cecffa40-54f1-47cb-a53b-ac149548b002,5961,Creamy Chicken Potato-Topped Pie,False,0.0,510,433,35.4,11.6,5.2,50.0,10.1,9.2,1.89,84,6.9,2.3,1.0,9.8,2.0,1.8,0.37,1,55,full-prep,no spice,Modern Bistro,,4.5,7856,True,"[{""name"": ""chicken breast strips"", ""label"": ""Chicken breast strips (250g)"", ""in_box"": 1}, {""name"": ""shredded kale"", ""label"": ""Shredded kale (120g)"", ""in_box"": 1}, {""name"": ""intense vegetable stock mix"", ""label"": ""Intense vegetable stock mix (5.5g)"", ""in_box"": 1}, {""name"": ""garlic clove"", ""label"": ""Garlic clove x2"", ""in_box"": 2}, {""name"": ""brown onion"", ""label"": ""Brown onion"", ""in_box"": 1}, {""name"": ""soft cheese"", ""label"": ""Soft cheese (50g)"", ""in_box"": 1}, {""name"": ""carrot"", ""label"": ""Carrot"", ""in_box"": 1}, {""name"": ""white potato"", ""label"": ""White potato x4"", ""in_box"": 4}, {""name"": ""Dijon mustard"", ""label"": ""Dijon mustard (5.5g)"", ""in_box"": 1}]"
2026-06-30,2026-06-19,d4054381-3eba-4cc4-8b6e-bde5d8d97183,1361,"Creamy Chicken, Mushroom & Thyme Risotto",False,0.0,381,595,41.6,18.0,10.1,66.3,3.8,3.7,1.76,156,10.9,4.7,2.6,17.4,1.0,1.0,0.46,1,40,full-prep,no spice,Modern Bistro,Gluten Free,4.3,29253,True,"[{""name"": ""chicken breast strips"", ""label"": ""Chicken breast strips (250g)"", ""in_box"": 1}, {""name"": ""intense chicken stock mix"", ""label"": ""Intense chicken stock mix (5.5g)"", ""in_box"": 1}, {""name"": ""cheddar cheese"", ""label"": ""Cheddar cheese (40g)"", ""in_box"": 1}, {""name"": ""garlic clove"", ""label"": ""Garlic clove x2"", ""in_box"": 2}, {""name"": ""thyme"", ""label"": ""Thyme (5g)"", ""in_box"": 1}, {""name"": ""brown onion"", ""label"": ""Brown onion"", ""in_box"": 1}, {""name"": ""arborio rice"", ""label"": ""Arborio rice (160g)"", ""in_box"": 1}, {""name"": ""soft cheese"", ""label"": ""Soft cheese (50g)"", ""in_box"": 1}, {""name"": ""white cup mushrooms"", ""label"": ""White cup mushrooms (160g)"", ""in_box"": 1}]"
2026-06-30,2026-06-19,bd699ab9-9c01-4ae6-81a6-236b64af0ba5,11064,Creamy Chorizo & Butternut Squash Farfalle,False,0.0,,715,25.3,31.7,,87.6,,5.0,2.56,,,,,,,,,1,25,full-prep,mild,20 minute meals,,4.44,1025,True,
2026-06-30,2026-06-19,1b8ef65f-622b-4195-871b-4f76d0e0ca7c,12137,Creamy Corn Wholewheat Tortiglioni,False,0.0,231,482,18.9,16.9,9.4,68.0,12.5,10.2,1.87,208,8.2,7.3,4.1,29.4,5.4,4.4,0.81,2,25,full-prep,mild,20 minute meals,Vegetarian,4.31,175,True,"[{""name"": ""dried oregano"", ""label"": ""Dried oregano (1tsp)"", ""in_box"": 1}, {""name"": ""ground smoked paprika"", ""label"": ""Ground smoked paprika (1tsp)"", ""in_box"": 1}, {""name"": ""Sweetcorn"", ""label"": ""Sweetcorn (150g)"", ""in_box"": 1}, {""name"": ""intense vegetable stock mix"", ""label"": ""Intense vegetable stock mix (5.5g)"", ""in_box"": 1}, {""name"": ""cheddar cheese"", ""label"": ""Cheddar cheese (40g)"", ""in_box"": 1}, {""name"": ""garlic clove"", ""label"": ""Garlic clove x2"", ""in_box"": 2}, {""name"": ""wholewheat tortiglioni"", ""label"": ""Wholewheat tortiglioni (150g)"", ""in_box"": 1}, {""name"": ""shallot"", ""label"": ""Shallot"", ""in_box"": 1}, {""name"": ""soft cheese"", ""label"": ""Soft cheese (50g)"", ""in_box"": 1}, {""name"": ""tomato paste"", ""label"": ""Tomato paste (16g) x2"", ""in_box"": 2}]"
2026-06-30,2026-06-19,c28bf7de-7b12-459c-acc1-dfe41f1d626f,7982,Creamy Korean King Prawn Rose Pasta,False,0.0,306,717,27.0,28.0,16.4,87.8,13.6,5.7,2.38,234,8.8,9.2,5.4,28.7,4.4,1.9,0.78,2,15,full-prep,spicy,10-Minute,,4.47,4661,False,"[{""name"": ""dried chilli flakes"", ""label"": ""Dried chilli flakes (0.5tsp)"", ""in_box"": 1}, {""name"": ""raw peeled king prawns"", ""label"": ""Raw peeled king prawns (171g)"", ""in_box"": 1}, {""name"": ""gochujang paste"", ""label"": ""Gochujang paste (30g)"", ""in_box"": 1}, {""name"": ""Cornish clotted cream"", ""label"": ""Cornish clotted cream (40g) x2"", ""in_box"": 2}, {""name"": ""tomato paste"", ""label"": ""Tomato paste (32g)"", ""in_box"": 1}, {""name"": ""garlic clove"", ""label"": ""Garlic clove x2"", ""in_box"": 2}, {""name"": ""vegetable stock mix"", ""label"": ""Vegetable stock mix (5.5g)"", ""in_box"": 1}, {""name"": ""conchiglie"", ""label"": ""Conchiglie (200g)"", ""in_box"": 1}, {""name"": ""spinach"", ""label"": ""Spinach (80g)"", ""in_box"": 1}]"
2026-06-30,2026-06-19,a2ca4894-3614-44d6-99ed-04d272bf0db0,6744,Creamy Lemon & Asparagus Sauce With Fresh Tagliatelle,False,0.0,311,526,20.2,13.9,8.7,79.5,5.2,5.0,1.57,168,6.5,4.5,2.8,25.6,1.7,1.6,0.51,1,10,full-prep,no spice,Pasta Pronto,Vegetarian,4.21,5863,True,"[{""name"": ""crème fraîche"", ""label"": ""Crème fraîche (80g)"", ""in_box"": 1}, {""name"": ""asparagus spears"", ""label"": ""Asparagus spears (120g)"", ""in_box"": 1}, {""name"": ""fresh tagliatelle"", ""label"": ""Fresh tagliatelle (250g)"", ""in_box"": 1}, {""name"": ""intense vegetable stock mix"", ""label"": ""Intense vegetable stock mix (5.5g)"", ""in_box"": 1}, {""name"": ""garlic clove"", ""label"": ""Garlic clove x2"", ""in_box"": 2}, {""name"": ""lemon"", ""label"": ""Lemon"", ""in_box"": 1}, {""name"": ""basil"", ""label"": ""Basil (5g)"", ""in_box"": 1}, {""name"": ""grated Italian hard cheese"", ""label"": ""Grated Italian hard cheese (30g)"", ""in_box"": 1}, {""name"": ""rocket"", ""label"": ""Rocket (20g)"", ""in_box"": 1}]"
2026-06-30,2026-06-19,75a0354c-6df1-4f63-b53d-46480b511361,5063,Creamy Pesto Salmon Pasty With Chips And Salad,False,0.0,398,658,23.0,35.3,14.3,62.7,5.3,5.8,1.27,165,5.8,8.9,3.6,15.8,1.3,1.5,0.32,1,40,full-prep,mild,Modern Bistro,,4.09,5146,True,"[{""name"": ""salmon flakes"", ""label"": ""Salmon flakes (100g)"", ""in_box"": 1}, {""name"": ""puff pastry"", ""label"": ""Puff pastry (160g)"", ""in_box"": 1}, {""name"": ""garlic clove"", ""label"": ""Garlic clove"", ""in_box"": 1}, {""name"": ""tomato"", ""label"": ""Tomato"", ""in_box"": 1}, {""name"": ""pumpkin seeds"", ""label"": ""Pumpkin seeds (15g)"", ""in_box"": 1}, {""name"": ""baby leaf salad"", ""label"": ""Baby leaf salad (50g)"", ""in_box"": 1}, {""name"": ""soft cheese"", ""label"": ""Soft cheese (50g)"", ""in_box"": 1}, {""name"": ""basil"", ""label"": ""Basil (10g)"", ""in_box"": 1}, {""name"": ""white wine vinegar"", ""label"": ""White wine vinegar (15ml)"", ""in_box"": 1}, {""name"": ""white potato"", ""label"": ""White potato x3"", ""in_box"": 3}]"
2026-06-30,2026-06-19,d0d5c7fa-2994-44f9-8249-b3866a90ffa4,2001,"Creamy Pesto, Chicken Thigh & Spinach Spaghetti",False,0.0,333,808,43.5,37.2,12.4,73.3,5.3,3.8,2.56,242,13.1,11.2,3.7,22.0,1.6,1.1,0.77,1,10,full-prep,no spice,10-Minute,,4.28,39544,True,"[{""name"": ""diced chicken thigh"", ""label"": ""Diced chicken thigh (250g)"", ""in_box"": 1}, {""name"": ""intense chicken stock mix"", ""label"": ""Intense chicken stock mix (5.5g)"", ""in_box"": 1}, {""name"": ""roasted garlic paste"", ""label"": ""Roasted garlic paste (15g)"", ""in_box"": 1}, {""name"": ""grated Italian hard cheese"", ""label"": ""Grated Italian hard cheese (30g)"", ""in_box"": 1}, {""name"": ""soft cheese"", ""label"": ""Soft cheese (50g)"", ""in_box"": 1}, {""name"": ""traditional Italian pesto"", ""label"": ""Traditional Italian pesto (45g)"", ""in_box"": 1}, {""name"": ""spinach"", ""label"": ""Spinach (80g)"", ""in_box"": 1}, {""name"": ""spaghetti"", ""label"": ""Spaghetti (190g)"", ""in_box"": 1}]"
2026-06-30,2026-06-19,2471e27c-f466-42b8-a14a-ba3966d9d163,8990,Creamy Romesco Salmon Tortiglioni,True,2.5,401,737,37.7,28.3,8.2,87.5,10.7,7.9,1.88,183,9.4,7.1,2.1,21.8,2.7,2.0,0.47,2,20,full-prep,no spice,Fine Dine In,,0,0,True,"[{""name"": ""red pepper"", ""label"": ""Red pepper"", ""in_box"": 1}, {""name"": ""skin on salmon fillets"", ""label"": ""Skin on salmon fillets (2pcs)"", ""in_box"": 1}, {""name"": ""tomato paste"", ""label"": ""Tomato paste (32g)"", ""in_box"": 1}, {""name"": ""ground smoked paprika"", ""label"": ""Ground smoked paprika (1tsp)"", ""in_box"": 1}, {""name"": ""intense vegetable stock mix"", ""label"": ""Intense vegetable stock mix (5.5g)"", ""in_box"": 1}, {""name"": ""garlic clove"", ""label"": ""Garlic clove x2"", ""in_box"": 2}, {""name"": ""parsley"", ""label"": ""Parsley (5g)"", ""in_box"": 1}, {""name"": ""lemon"", ""label"": ""Lemon"", ""in_box"": 1}, {""name"": ""romesco sauce"", ""label"": ""Romesco sauce (40g)"", ""in_box"": 1}, {""name"": ""soft cheese"", ""label"": ""Soft cheese (50g)"", ""in_box"": 1}, {""name"": ""tortiglioni"", ""label"": ""Tortiglioni (200g)"", ""in_box"": 1}]"
2026-06-30,2026-06-19,b7668e70-2fa8-47ce-8d7e-ede88e09c724,4269,Crispy Curried Basa & Pickled Red Cabbage Rice Bowl,False,0.0,422,503,29.4,5.2,1.8,86.8,13.1,4.8,1.99,119,7.0,1.2,0.4,20.6,3.1,1.1,0.47,2,30,full-prep,mild,Global Kitchen,,4.44,5951,True,"[{""name"": ""white long grain rice"", ""label"": ""White long grain rice (130g)"", ""in_box"": 1}, {""name"": ""mango chutney"", ""label"": ""Mango chutney (20g)"", ""in_box"": 1}, {""name"": ""ground turmeric"", ""label"": ""Ground turmeric (1tsp)"", ""in_box"": 1}, {""name"": ""basa fillets"", ""label"": ""Basa fillets (2pcs)"", ""in_box"": 1}, {""name"": ""cornflour"", ""label"": ""Cornflour (4tbsp)"", ""in_box"": 1}, {""name"": ""curry powder"", ""label"": ""Curry powder (1tbsp)"", ""in_box"": 1}, {""name"": ""garlic clove"", ""label"": ""Garlic clove"", ""in_box"": 1}, {""name"": ""natural yoghurt"", ""label"": ""Natural yoghurt (80g)"", ""in_box"": 1}, {""name"": ""cucumber"", ""label"": ""Cucumber (0.5pcs)"", ""in_box"": 1}, {""name"": ""black sesame seeds"", ""label"": ""Black sesame seeds (5g)"", ""in_box"": 1}, {""name"": ""soy sauce"", ""label"": ""Soy sauce (15ml)"", ""in_box"": 1}, {""name"": ""shredded red cabbage"", ""label"": ""Shredded red cabbage (150g)"", ""in_box"": 1}, {""name"": ""coriander & mint"", ""label"": ""Coriander & mint (10g)"", ""in_box"": 1}, {""name"": ""white wine vinegar"", ""label"": ""White wine vinegar (15ml)"", ""in_box"": 1}]"
2026-06-30,2026-06-19,38ff39e3-5bf6-468b-9d90-c4522af05d08,8294,Crispy Gnocchi With Creamy Tarragon Sauce & Asparagus,False,0.0,389,518,19.1,18.2,5.8,70.9,7.8,9.2,2.27,133,4.9,4.7,1.5,18.2,2.0,2.4,0.58,2,25,full-prep,no spice,20 minute meals,Vegetarian,4.27,2244,True,"[{""name"": ""asparagus spears"", ""label"": ""Asparagus spears (120g)"", ""in_box"": 1}, {""name"": ""gnocchi"", ""label"": ""Gnocchi (350g)"", ""in_box"": 1}, {""name"": ""garlic clove"", ""label"": ""Garlic clove x2"", ""in_box"": 2}, {""name"": ""parsley and tarragon pesto"", ""label"": ""Parsley and tarragon pesto (40g)"", ""in_box"": 1}, {""name"": ""shallot"", ""label"": ""Shallot"", ""in_box"": 1}, {""name"": ""blanched peas"", ""label"": ""Blanched peas (160g)"", ""in_box"": 1}, {""name"": ""vegetable stock mix"", ""label"": ""Vegetable stock mix (5.5g)"", ""in_box"": 1}, {""name"": ""soft cheese"", ""label"": ""Soft cheese (50g)"", ""in_box"": 1}, {""name"": ""rocket"", ""label"": ""Rocket (20g)"", ""in_box"": 1}]"
2026-06-30,2026-06-19,ab7a9cbe-fd32-4298-8671-09fa0f8713ef,576,Crispy Mushroom Dal With Coriander Chutney,False,0.0,368,413,22.8,12.8,8.9,49.0,9.1,20.6,2.02,112,6.2,3.5,2.4,13.3,2.5,5.6,0.55,3,30,full-prep,mild,Fibre Fix,Vegan; Vegetarian; Dairy Free; Gluten Free,4.43,27039,True,"[{""name"": ""solid creamed coconut"", ""label"": ""Solid creamed coconut (25g)"", ""in_box"": 1}, {""name"": ""dried chilli flakes"", ""label"": ""Dried chilli flakes (0.5tsp)"", ""in_box"": 1}, {""name"": ""red lentils"", ""label"": ""Red lentils (100g)"", ""in_box"": 1}, {""name"": ""intense vegetable stock mix"", ""label"": ""Intense vegetable stock mix (5.5g)"", ""in_box"": 1}, {""name"": ""curry powder"", ""label"": ""Curry powder (1tbsp)"", ""in_box"": 1}, {""name"": ""garlic clove"", ""label"": ""Garlic clove"", ""in_box"": 1}, {""name"": ""flat white mushrooms"", ""label"": ""Flat white mushrooms (150g)"", ""in_box"": 1}, {""name"": ""fresh root ginger"", ""label"": ""Fresh root ginger (15g)"", ""in_box"": 1}, {""name"": ""coriander"", ""label"": ""Coriander (10g) x2"", ""in_box"": 2}, {""name"": ""chickpeas"", ""label"": ""Chickpeas (390g)"", ""in_box"": 1}, {""name"": ""brown onion"", ""label"": ""Brown onion x2"", ""in_box"": 2}, {""name"": ""rice vinegar"", ""label"": ""Rice vinegar (15ml)"", ""in_box"": 1}]"
2026-06-30,2026-06-19,4ccdf67a-99aa-4ccc-ac0a-7522b1ecfc09,8560,Crispy Sea Bass With Heritage Tomato Risotto,True,2.25,332,547,31.6,14.7,2.5,72.0,8.2,5.4,1.93,164,9.5,4.4,0.7,21.7,2.5,1.6,0.58,2,45,full-prep,spicy,Fine Dine In,Gluten Free; Dairy Free,4.33,93,True,"[{""name"": ""heritage tomatoes"", ""label"": ""Heritage tomatoes (160g)"", ""in_box"": 1}, {""name"": ""dried chilli flakes"", ""label"": ""Dried chilli flakes (0.5tsp)"", ""in_box"": 1}, {""name"": ""sea bass fillets"", ""label"": ""Sea bass fillets (2pcs)"", ""in_box"": 1}, {""name"": ""intense vegetable stock mix"", ""label"": ""Intense vegetable stock mix (5.5g)"", ""in_box"": 1}, {""name"": ""garlic clove"", ""label"": ""Garlic clove x2"", ""in_box"": 2}, {""name"": ""brown onion"", ""label"": ""Brown onion"", ""in_box"": 1}, {""name"": ""arborio rice"", ""label"": ""Arborio rice (160g)"", ""in_box"": 1}, {""name"": ""balsamic sun-dried tomato paste"", ""label"": ""Balsamic sun-dried tomato paste (30g)"", ""in_box"": 1}, {""name"": ""tomato paste"", ""label"": ""Tomato paste (16g)"", ""in_box"": 1}, {""name"": ""rocket"", ""label"": ""Rocket (20g)"", ""in_box"": 1}]"
2026-06-30,2026-06-19,bde9ee59-799a-4136-b91d-e3b8de9b22ad,1144,Crispy Smoky Basa With Creamed Leeks,False,0.0,386,285,24.4,3.2,1.1,41.5,5.8,6.9,1.53,73,6.3,0.8,0.3,10.7,1.5,1.8,0.4,1,40,full-prep,no spice,Modern Bistro,Dairy Free,4.15,22079,True,"[{""name"": ""leek"", ""label"": ""Leek"", ""in_box"": 1}, {""name"": ""panko breadcrumbs"", ""label"": ""Panko breadcrumbs (20g)"", ""in_box"": 1}, {""name"": ""garlic clove"", ""label"": ""Garlic clove"", ""in_box"": 1}, {""name"": ""smoked basa fillets"", ""label"": ""Smoked basa fillets (2pcs)"", ""in_box"": 1}, {""name"": ""fine green beans"", ""label"": ""Fine green beans (80g)"", ""in_box"": 1}, {""name"": ""white potato"", ""label"": ""White potato x3"", ""in_box"": 3}, {""name"": ""Dijon mustard"", ""label"": ""Dijon mustard (5.5g)"", ""in_box"": 1}]"
2026-06-30,2026-06-19,6f6dde80-0e43-4a7c-921f-dc32e064ac8d,9078,Curried Basa With Gunpowder Potatoes & Green Beans And Mint Chutney,False,0.0,422,295,25.5,5.9,1.2,36.6,7.4,7.4,0.46,69,6.0,1.4,0.3,8.7,1.7,1.8,0.11,2,25,full-prep,spicy,20 minute meals,Dairy Free; Gluten Free,4.25,533,True,"[{""name"": ""dried chilli flakes"", ""label"": ""Dried chilli flakes (0.5tsp)"", ""in_box"": 1}, {""name"": ""waxy potatoes"", ""label"": ""Waxy potatoes (350g)"", ""in_box"": 1}, {""name"": ""basa fillets"", ""label"": ""Basa fillets (2pcs)"", ""in_box"": 1}, {""name"": ""mint & coriander chutney"", ""label"": ""Mint & coriander chutney (40g)"", ""in_box"": 1}, {""name"": ""ground cumin"", ""label"": ""Ground cumin (1tsp)"", ""in_box"": 1}, {""name"": ""curry powder"", ""label"": ""Curry powder (0.5tbsp)"", ""in_box"": 1}, {""name"": ""garlic clove"", ""label"": ""Garlic clove"", ""in_box"": 1}, {""name"": ""fine green beans"", ""label"": ""Fine green beans (160g)"", ""in_box"": 1}, {""name"": ""spinach"", ""label"": ""Spinach (80g)"", ""in_box"": 1}]"
2026-06-30,2026-06-19,ce8829f8-4d4e-4604-bf3a-e85a320f8fe3,8290,Curried Chickpea Shakshuka With Cumin Butter Naan,False,0.0,465,576,27.9,14.2,3.4,80.0,19.7,11.8,2.5,123,6.0,3.1,0.7,17.2,4.2,2.5,0.54,3,30,full-prep,spicy,Veg Boost,Vegetarian,4.31,1231,True,"[{""name"": ""green chilli"", ""label"": ""Green chilli"", ""in_box"": 1}, {""name"": ""ground turmeric"", ""label"": ""Ground turmeric (0.5tsp)"", ""in_box"": 1}, {""name"": ""free range egg"", ""label"": ""Free range egg x2"", ""in_box"": 2}, {""name"": ""cumin seeds"", ""label"": ""Cumin seeds (1tsp)"", ""in_box"": 1}, {""name"": ""curry powder"", ""label"": ""Curry powder (1tbsp)"", ""in_box"": 1}, {""name"": ""garlic clove"", ""label"": ""Garlic clove x2"", ""in_box"": 2}, {""name"": ""chickpeas"", ""label"": ""Chickpeas (390g)"", ""in_box"": 1}, {""name"": ""brown onion"", ""label"": ""Brown onion"", ""in_box"": 1}, {""name"": ""natural yoghurt"", ""label"": ""Natural yoghurt (80g)"", ""in_box"": 1}, {""name"": ""plain naan"", ""label"": ""Plain naan (2pcs)"", ""in_box"": 1}, {""name"": ""vegetable stock mix"", ""label"": ""Vegetable stock mix (5.5g)"", ""in_box"": 1}, {""name"": ""ginger paste"", ""label"": ""Ginger paste (15g)"", ""in_box"": 1}, {""name"": ""coriander"", ""label"": ""Coriander (5g)"", ""in_box"": 1}, {""name"": ""sultanas"", ""label"": ""Sultanas (30g)"", ""in_box"": 1}, {""name"": ""spinach"", ""label"": ""Spinach (120g)"", ""in_box"": 1}]"
2026-06-30,2026-06-19,4a036775-5016-45e0-ae3c-a67e1af62108,14775,Double Cheese Pepperoni Pizza With Garlic & Herb Dip,False,0.0,306,798,31.0,41.0,17.0,74.7,7.1,5.3,2.73,260,10.1,13.4,5.6,24.4,2.3,1.7,0.89,2,30,full-prep,mild,Classic Fakeaways,,4.51,239,True,"[{""name"": ""dried oregano"", ""label"": ""Dried oregano (1tsp)"", ""in_box"": 1}, {""name"": ""garlic & herb dip"", ""label"": ""Garlic & herb dip (40g)"", ""in_box"": 1}, {""name"": ""flame-baked pizza bases"", ""label"": ""Flame-baked pizza bases (2pcs)"", ""in_box"": 1}, {""name"": ""sliced pepperoni"", ""label"": ""Sliced pepperoni (30g)"", ""in_box"": 1}, {""name"": ""cheddar cheese"", ""label"": ""Cheddar cheese (40g)"", ""in_box"": 1}, {""name"": ""garlic clove"", ""label"": ""Garlic clove x2"", ""in_box"": 2}, {""name"": ""mozzarella"", ""label"": ""Mozzarella (125g)"", ""in_box"": 1}, {""name"": ""tomato paste"", ""label"": ""Tomato paste (16g) x4"", ""in_box"": 4}]"
2026-06-30,2026-06-19,07fdb552-9ace-48b6-ad6e-e4dd07a1e8e4,13601,Duck Breast With Honey Mustard Sauce And Crispy Potatoes,True,3.5,471,601,30.2,33.3,11.7,48.2,14.8,7.8,1.45,127,6.4,7.1,2.5,10.2,3.1,1.7,0.31,1,25,full-prep,no spice,Fine Dine In,,4.51,92,True,"[{""name"": ""crème fraîche"", ""label"": ""Crème fraîche (80g)"", ""in_box"": 1}, {""name"": ""waxy potatoes"", ""label"": ""Waxy potatoes (350g)"", ""in_box"": 1}, {""name"": ""duck breast portions"", ""label"": ""Duck breast portions (2pcs)"", ""in_box"": 1}, {""name"": ""cornflour"", ""label"": ""Cornflour (1tsp)"", ""in_box"": 1}, {""name"": ""garlic clove"", ""label"": ""Garlic clove x2"", ""in_box"": 2}, {""name"": ""chicken stock mix"", ""label"": ""Chicken stock mix (5.5g)"", ""in_box"": 1}, {""name"": ""wholegrain mustard"", ""label"": ""Wholegrain mustard (21g)"", ""in_box"": 1}, {""name"": ""fine green beans"", ""label"": ""Fine green beans (160g)"", ""in_box"": 1}, {""name"": ""honey"", ""label"": ""Honey (25g)"", ""in_box"": 1}, {""name"": ""Dijon mustard"", ""label"": ""Dijon mustard (5.5g)"", ""in_box"": 1}]"
2026-06-30,2026-06-19,bb2231a1-74bf-4dad-a76c-a48f060213ac,7201,Extra Easy Margherita Pizza With Chilli Oil And Cucumber Salad,False,0.0,354,577,24.5,18.6,8.4,75.6,8.4,6.2,1.54,163,6.9,5.3,2.4,21.4,2.4,1.7,0.43,3,30,full-prep,spicy,Family Kitchen,Vegetarian,4.34,7784,True,"[{""name"": ""dried oregano"", ""label"": ""Dried oregano (1tsp)"", ""in_box"": 1}, {""name"": ""dried chilli flakes"", ""label"": ""Dried chilli flakes (0.5tsp)"", ""in_box"": 1}, {""name"": ""flame-baked pizza bases"", ""label"": ""Flame-baked pizza bases (2pcs)"", ""in_box"": 1}, {""name"": ""garlic clove"", ""label"": ""Garlic clove"", ""in_box"": 1}, {""name"": ""basil"", ""label"": ""Basil (5g)"", ""in_box"": 1}, {""name"": ""mozzarella"", ""label"": ""Mozzarella (125g)"", ""in_box"": 1}, {""name"": ""tomato paste"", ""label"": ""Tomato paste (16g) x4"", ""in_box"": 4}, {""name"": ""cucumber"", ""label"": ""Cucumber (0.5pcs)"", ""in_box"": 1}, {""name"": ""rocket"", ""label"": ""Rocket (20g)"", ""in_box"": 1}, {""name"": ""balsamic vinegar"", ""label"": ""Balsamic vinegar (15ml)"", ""in_box"": 1}]"
2026-06-30,2026-06-19,cf2a4b23-7c7c-49be-8ad5-757fab137886,8289,Falafel & Roast Pepper Couscous Bowl With Romesco Yoghurt,False,0.0,337,533,17.9,15.5,2.0,75.6,17.7,12.4,2.39,158,5.3,4.6,0.6,22.4,5.3,3.7,0.71,1,10,full-prep,no spice,No Cook,Vegetarian,3.95,344,True,"[{""name"": ""ground sumac"", ""label"": ""Ground sumac (1tsp)"", ""in_box"": 1}, {""name"": ""roasted red peppers"", ""label"": ""Roasted red peppers (80g)"", ""in_box"": 1}, {""name"": ""Moroccan Falafel"", ""label"": ""Moroccan Falafel (171g)"", ""in_box"": 1}, {""name"": ""baby leaf salad"", ""label"": ""Baby leaf salad (50g)"", ""in_box"": 1}, {""name"": ""natural yoghurt"", ""label"": ""Natural yoghurt (80g)"", ""in_box"": 1}, {""name"": ""couscous"", ""label"": ""Couscous (120g)"", ""in_box"": 1}, {""name"": ""romesco sauce"", ""label"": ""Romesco sauce (40g)"", ""in_box"": 1}, {""name"": ""vegetable stock mix"", ""label"": ""Vegetable stock mix (5.5g)"", ""in_box"": 1}, {""name"": ""cherry tomatoes"", ""label"": ""Cherry tomatoes (125g)"", ""in_box"": 1}]"
2026-06-30,2026-06-19,0f46f654-9f5d-4c8a-9519-c6ea684f7ba1,13017,Fragrant Chicken Saag Masala With Pilau Brown Rice,False,0.0,322,419,36.6,5.8,1.3,59.3,5.5,6.0,1.34,130,11.4,1.8,0.4,18.4,1.7,1.9,0.41,3,45,full-prep,spicy,Global Kitchen,Dairy Free; Gluten Free,4.24,221,True,"[{""name"": ""brown long grain rice"", ""label"": ""Brown long grain rice (130g)"", ""in_box"": 1}, {""name"": ""chicken breast strips"", ""label"": ""Chicken breast strips (250g)"", ""in_box"": 1}, {""name"": ""dried chilli flakes"", ""label"": ""Dried chilli flakes (1tsp)"", ""in_box"": 1}, {""name"": ""tomato paste"", ""label"": ""Tomato paste (32g)"", ""in_box"": 1}, {""name"": ""intense chicken stock mix"", ""label"": ""Intense chicken stock mix (5.5g)"", ""in_box"": 1}, {""name"": ""garlic clove"", ""label"": ""Garlic clove x2"", ""in_box"": 2}, {""name"": ""garam masala"", ""label"": ""Garam masala (1tbsp)"", ""in_box"": 1}, {""name"": ""brown onion"", ""label"": ""Brown onion"", ""in_box"": 1}, {""name"": ""coriander"", ""label"": ""Coriander (5g)"", ""in_box"": 1}, {""name"": ""cardamom pod"", ""label"": ""Cardamom pod x3"", ""in_box"": 3}, {""name"": ""spinach"", ""label"": ""Spinach (120g)"", ""in_box"": 1}]"
2026-06-30,2026-06-19,f67b6442-9e81-48af-816a-11ae78acd4b9,1136,"Fragrant Lamb With Chilli, Ginger & Spinach",False,0.0,354,558,33.0,19.0,8.1,62.4,12.9,3.1,2.74,157,9.3,5.4,2.3,17.6,3.6,0.9,0.77,2,30,full-prep,spicy,Global Kitchen,Dairy Free,4.23,6866,True,"[{""name"": ""cumin seeds"", ""label"": ""Cumin seeds (1tsp)"", ""in_box"": 1}, {""name"": ""spring onion"", ""label"": ""Spring onion"", ""in_box"": 1}, {""name"": ""red chilli"", ""label"": ""Red chilli"", ""in_box"": 1}, {""name"": ""ground cumin"", ""label"": ""Ground cumin (1tbsp)"", ""in_box"": 1}, {""name"": ""garlic clove"", ""label"": ""Garlic clove x2"", ""in_box"": 2}, {""name"": ""fresh root ginger"", ""label"": ""Fresh root ginger (15g)"", ""in_box"": 1}, {""name"": ""Chinese rice wine"", ""label"": ""Chinese rice wine (30ml)"", ""in_box"": 1}, {""name"": ""brown onion"", ""label"": ""Brown onion"", ""in_box"": 1}, {""name"": ""white long grain rice"", ""label"": ""White long grain rice (100g)"", ""in_box"": 1}, {""name"": ""lamb mince"", ""label"": ""Lamb mince (250g)"", ""in_box"": 1}, {""name"": ""coriander"", ""label"": ""Coriander (5g)"", ""in_box"": 1}, {""name"": ""soy sauce"", ""label"": ""Soy sauce (30ml)"", ""in_box"": 1}, {""name"": ""spinach"", ""label"": ""Spinach (120g)"", ""in_box"": 1}, {""name"": ""honey"", ""label"": ""Honey (25g)"", ""in_box"": 1}]"
2026-06-30,2026-06-19,a61c8498-0a15-49e2-ad75-34a2c835d0f4,14699,Fragrant Red Thai Vegetable Curry With Brown Rice,False,0.0,420,578,12.9,23.4,18.1,77.3,16.0,11.3,2.73,137,3.1,5.6,4.3,18.4,3.8,2.7,0.65,3,35,full-prep,mild,Classic Fakeaways,Vegan; Vegetarian; Dairy Free,0,0,True,"[{""name"": ""red pepper"", ""label"": ""Red pepper"", ""in_box"": 1}, {""name"": ""solid creamed coconut"", ""label"": ""Solid creamed coconut (50g)"", ""in_box"": 1}, {""name"": ""ground paprika"", ""label"": ""Ground paprika (1tsp)"", ""in_box"": 1}, {""name"": ""garlic clove"", ""label"": ""Garlic clove x2"", ""in_box"": 2}, {""name"": ""fresh root ginger"", ""label"": ""Fresh root ginger (15g)"", ""in_box"": 1}, {""name"": ""brown long grain rice"", ""label"": ""Brown long grain rice (130g)"", ""in_box"": 1}, {""name"": ""brown onion"", ""label"": ""Brown onion"", ""in_box"": 1}, {""name"": ""crispy onions"", ""label"": ""Crispy onions (15g)"", ""in_box"": 1}, {""name"": ""vegetable stock mix"", ""label"": ""Vegetable stock mix (5.5g)"", ""in_box"": 1}, {""name"": ""red Thai curry paste"", ""label"": ""Red Thai curry paste (40g)"", ""in_box"": 1}, {""name"": ""soy sauce"", ""label"": ""Soy sauce (15ml)"", ""in_box"": 1}, {""name"": ""butternut squash cubes"", ""label"": ""Butternut squash cubes (160g)"", ""in_box"": 1}, {""name"": ""lime"", ""label"": ""Lime"", ""in_box"": 1}, {""name"": ""sweet pea pods"", ""label"": ""Sweet pea pods (80g)"", ""in_box"": 1}]"
2026-06-30,2026-06-19,f0a184d6-f08d-4f77-b7ed-cda38e07aa5a,5792,Garlic & Coriander Butter Chicken Thigh Burritos,False,0.0,429,866,44.0,23.7,8.1,121.5,10.8,6.5,2.11,201,10.3,5.5,1.9,28.3,2.5,1.5,0.49,2,35,full-prep,spicy,Global Kitchen,,4.31,14032,True,"[{""name"": ""white basmati rice"", ""label"": ""White basmati rice (100g)"", ""in_box"": 1}, {""name"": ""plain tortillas"", ""label"": ""Plain tortillas (4pcs)"", ""in_box"": 1}, {""name"": ""diced chicken thigh"", ""label"": ""Diced chicken thigh (250g)"", ""in_box"": 1}, {""name"": ""curry powder"", ""label"": ""Curry powder (1tbsp)"", ""in_box"": 1}, {""name"": ""garlic clove"", ""label"": ""Garlic clove"", ""in_box"": 1}, {""name"": ""garam masala"", ""label"": ""Garam masala (1tbsp)"", ""in_box"": 1}, {""name"": ""coriander"", ""label"": ""Coriander (10g)"", ""in_box"": 1}, {""name"": ""shallot"", ""label"": ""Shallot"", ""in_box"": 1}, {""name"": ""natural yoghurt"", ""label"": ""Natural yoghurt (80g)"", ""in_box"": 1}, {""name"": ""ginger & garlic paste"", ""label"": ""Ginger & garlic paste (15g)"", ""in_box"": 1}, {""name"": ""tomato paste"", ""label"": ""Tomato paste (16g) x2"", ""in_box"": 2}, {""name"": ""chicken stock mix"", ""label"": ""Chicken stock mix (5.5g)"", ""in_box"": 1}, {""name"": ""spinach"", ""label"": ""Spinach (80g)"", ""in_box"": 1}, {""name"": ""cardamom pod"", ""label"": ""Cardamom pod"", ""in_box"": 1}]"
2026-06-30,2026-06-19,b505724c-1d68-446b-b881-0917c085668d,4678,Garlicky Chicken With Tomato & Green Butter Orzo,False,0.0,343,443,40.1,5.0,1.3,58.3,7.0,4.1,1.27,129,11.7,1.4,0.4,17.0,2.0,1.2,0.37,1,40,full-prep,no spice,Modern Bistro,Dairy Free,4.28,11289,True,"[{""name"": ""chicken breast portions"", ""label"": ""Chicken breast portions (2pcs)"", ""in_box"": 1}, {""name"": ""intense chicken stock mix"", ""label"": ""Intense chicken stock mix (5.5g)"", ""in_box"": 1}, {""name"": ""garlic clove"", ""label"": ""Garlic clove"", ""in_box"": 1}, {""name"": ""basil"", ""label"": ""Basil (10g)"", ""in_box"": 1}, {""name"": ""cherry tomatoes"", ""label"": ""Cherry tomatoes (250g)"", ""in_box"": 1}, {""name"": ""red wine vinegar"", ""label"": ""Red wine vinegar (15ml)"", ""in_box"": 1}, {""name"": ""orzo"", ""label"": ""Orzo (150g)"", ""in_box"": 1}]"
2026-06-30,2026-06-19,50a475ff-0490-4fa0-8d35-5f0657d32fdc,3095,Ginger Chicken Thigh Udon Stir-Fry,False,0.0,486,620,35.8,21.0,5.7,71.9,9.1,5.6,2.44,127,7.4,4.3,1.2,14.8,1.9,1.1,0.5,1,10,full-prep,mild,10-Minute,Dairy Free,4.28,9384,True,"[{""name"": ""sriracha hot chilli sauce"", ""label"": ""Sriracha hot chilli sauce (8ml)"", ""in_box"": 1}, {""name"": ""diced chicken thigh"", ""label"": ""Diced chicken thigh (250g)"", ""in_box"": 1}, {""name"": ""toasted sesame oil"", ""label"": ""Toasted sesame oil (10ml)"", ""in_box"": 1}, {""name"": ""blanched peas"", ""label"": ""Blanched peas (160g)"", ""in_box"": 1}, {""name"": ""crispy onions"", ""label"": ""Crispy onions (15g)"", ""in_box"": 1}, {""name"": ""udon noodles"", ""label"": ""Udon noodles (200g) x2"", ""in_box"": 2}, {""name"": ""ginger paste"", ""label"": ""Ginger paste (15g)"", ""in_box"": 1}, {""name"": ""soy sauce"", ""label"": ""Soy sauce (15ml)"", ""in_box"": 1}, {""name"": ""sweet pointed pepper"", ""label"": ""Sweet pointed pepper"", ""in_box"": 1}]"
2026-06-30,2026-06-19,d8f071f1-f8fa-467f-9a86-21dd02da0259,6356,"Goats' Cheese, Caramelised Onion & Hot Honey Pizza",False,0.0,452,728,31.3,26.8,14.5,88.3,19.7,6.9,1.92,160,6.9,5.9,3.2,19.5,4.4,1.5,0.42,4,35,full-prep,mild,Takeaway Night,Vegetarian,4.55,11123,True,"[{""name"": ""dried chilli flakes"", ""label"": ""Dried chilli flakes (0.5tsp)"", ""in_box"": 1}, {""name"": ""flame-baked pizza bases"", ""label"": ""Flame-baked pizza bases (2pcs)"", ""in_box"": 1}, {""name"": ""tomato paste"", ""label"": ""Tomato paste (32g) x2"", ""in_box"": 2}, {""name"": ""soft goats' cheese"", ""label"": ""Soft goats' cheese (75g)"", ""in_box"": 1}, {""name"": ""baby leaf salad"", ""label"": ""Baby leaf salad (50g)"", ""in_box"": 1}, {""name"": ""mozzarella"", ""label"": ""Mozzarella (125g)"", ""in_box"": 1}, {""name"": ""cucumber"", ""label"": ""Cucumber (0.5pcs)"", ""in_box"": 1}, {""name"": ""balsamic vinegar"", ""label"": ""Balsamic vinegar (15ml)"", ""in_box"": 1}, {""name"": ""red onion"", ""label"": ""Red onion"", ""in_box"": 1}, {""name"": ""honey"", ""label"": ""Honey (25g)"", ""in_box"": 1}]"
2026-06-30,2026-06-19,981d3cbc-1584-4c70-bb5b-60fbdb11f4aa,5059,Grilled Miso Chicken Thigh With Edamame Salad,False,0.0,402,625,35.4,24.1,4.8,64.7,4.7,6.8,2.28,155,8.8,6.0,1.2,16.1,1.2,1.7,0.57,2,25,full-prep,mild,20 minute meals,Dairy Free,4.12,2257,True,"[{""name"": ""white long grain rice"", ""label"": ""White long grain rice (130g)"", ""in_box"": 1}, {""name"": ""white miso paste"", ""label"": ""White miso paste (17g)"", ""in_box"": 1}, {""name"": ""dried chilli flakes"", ""label"": ""Dried chilli flakes (0.5tsp)"", ""in_box"": 1}, {""name"": ""blanched edamame beans"", ""label"": ""Blanched edamame beans (160g)"", ""in_box"": 1}, {""name"": ""diced chicken thigh"", ""label"": ""Diced chicken thigh (250g)"", ""in_box"": 1}, {""name"": ""fresh root ginger"", ""label"": ""Fresh root ginger (15g)"", ""in_box"": 1}, {""name"": ""toasted sesame oil"", ""label"": ""Toasted sesame oil (10ml)"", ""in_box"": 1}, {""name"": ""shallot"", ""label"": ""Shallot"", ""in_box"": 1}, {""name"": ""cucumber"", ""label"": ""Cucumber (0.5pcs)"", ""in_box"": 1}, {""name"": ""rice vinegar"", ""label"": ""Rice vinegar (15ml)"", ""in_box"": 1}, {""name"": ""soy sauce"", ""label"": ""Soy sauce (15ml)"", ""in_box"": 1}]"
2026-06-30,2026-06-19,b09e0740-40bb-4e40-baf4-7568e37a696d,16757,"Halloumi Doner With Sweet Chilli Sauce, Smoky Fries & A Chicken Breast",True,1.5,600,764,57.2,27.6,16.9,74.1,17.7,8.4,2.57,127,9.5,4.6,2.8,12.3,3.0,1.4,0.43,2,35,full-prep,spicy,Takeaway Night,,0,0,True,"[{""name"": ""dried oregano"", ""label"": ""Dried oregano (1tsp)"", ""in_box"": 1}, {""name"": ""red chilli"", ""label"": ""Red chilli"", ""in_box"": 1}, {""name"": ""chicken breast portions"", ""label"": ""Chicken breast portions (2pcs)"", ""in_box"": 1}, {""name"": ""ground paprika"", ""label"": ""Ground paprika (1tsp)"", ""in_box"": 1}, {""name"": ""ground cumin"", ""label"": ""Ground cumin (1tsp)"", ""in_box"": 1}, {""name"": ""wholemeal pittas"", ""label"": ""Wholemeal pittas (2pcs)"", ""in_box"": 1}, {""name"": ""red chilli relish"", ""label"": ""Red chilli relish (40g)"", ""in_box"": 1}, {""name"": ""tomato"", ""label"": ""Tomato"", ""in_box"": 1}, {""name"": ""halloumi"", ""label"": ""Halloumi (200g)"", ""in_box"": 1}, {""name"": ""coriander"", ""label"": ""Coriander (5g)"", ""in_box"": 1}, {""name"": ""gem lettuce"", ""label"": ""Gem lettuce"", ""in_box"": 1}, {""name"": ""red onion"", ""label"": ""Red onion"", ""in_box"": 1}, {""name"": ""white potato"", ""label"": ""White potato x3"", ""in_box"": 3}]"
2026-06-30,2026-06-19,a9376db3-1015-4507-9d7d-f14cb482b2e6,5299,Halloumi Fajita With Rice Salad And Lime Dressing,False,0.0,398,752,27.8,45.1,17.5,60.8,16.9,5.9,2.46,188,7.0,11.3,4.4,15.3,4.3,1.5,0.62,2,45,full-prep,mild,Global Kitchen,Vegetarian; Gluten Free,4.38,1739,True,"[{""name"": ""yellow pepper"", ""label"": ""Yellow pepper"", ""in_box"": 1}, {""name"": ""dried chilli flakes"", ""label"": ""Dried chilli flakes (0.5tsp)"", ""in_box"": 1}, {""name"": ""mayonnaise"", ""label"": ""Mayonnaise (50ml)"", ""in_box"": 1}, {""name"": ""ground smoked paprika"", ""label"": ""Ground smoked paprika (2tsp)"", ""in_box"": 1}, {""name"": ""ground cumin"", ""label"": ""Ground cumin (2tsp)"", ""in_box"": 1}, {""name"": ""halloumi"", ""label"": ""Halloumi (200g)"", ""in_box"": 1}, {""name"": ""coriander"", ""label"": ""Coriander (5g)"", ""in_box"": 1}, {""name"": ""gem lettuce"", ""label"": ""Gem lettuce"", ""in_box"": 1}, {""name"": ""lime"", ""label"": ""Lime"", ""in_box"": 1}, {""name"": ""red onion"", ""label"": ""Red onion"", ""in_box"": 1}, {""name"": ""honey"", ""label"": ""Honey (25g)"", ""in_box"": 1}, {""name"": ""brown long grain rice"", ""label"": ""Brown long grain rice (100g)"", ""in_box"": 1}]"
2026-06-30,2026-06-19,c262cfe1-8920-45b1-a641-b9e12c8bc723,13558,Herby Breaded Basa 'N' Chips With Lemon Mayo,False,0.0,614,563,29.2,23.3,2.4,62.6,22.2,15.2,0.49,91,4.8,3.8,0.4,10.2,3.6,2.5,0.08,3,30,full-prep,no spice,Everyday Favourites,Dairy Free,4.44,1347,True,"[{""name"": ""basa fillets"", ""label"": ""Basa fillets (2pcs)"", ""in_box"": 1}, {""name"": ""panko breadcrumbs"", ""label"": ""Panko breadcrumbs (20g)"", ""in_box"": 1}, {""name"": ""mayonnaise"", ""label"": ""Mayonnaise (50ml)"", ""in_box"": 1}, {""name"": ""blanched peas"", ""label"": ""Blanched peas (160g)"", ""in_box"": 1}, {""name"": ""lemon"", ""label"": ""Lemon"", ""in_box"": 1}, {""name"": ""carrot"", ""label"": ""Carrot x4"", ""in_box"": 4}, {""name"": ""chives"", ""label"": ""Chives (5g)"", ""in_box"": 1}, {""name"": ""white potato"", ""label"": ""White potato x3"", ""in_box"": 3}]"
2026-06-30,2026-06-19,377ca98f-7deb-418d-bda3-3f4ed7846bf6,1084,Herby Chicken Salad With Tomato Dressing & Cheesy Croutons,False,0.0,360,432,40.4,9.6,4.5,44.8,6.4,4.3,0.95,120,11.2,2.7,1.3,12.5,1.8,1.2,0.26,2,35,full-prep,no spice,Modern Bistro,,4.21,2076,True,"[{""name"": ""chicken breast portions"", ""label"": ""Chicken breast portions (2pcs)"", ""in_box"": 1}, {""name"": ""ciabatta"", ""label"": ""Ciabatta x2"", ""in_box"": 2}, {""name"": ""dried basil"", ""label"": ""Dried basil (1tsp)"", ""in_box"": 1}, {""name"": ""tomato"", ""label"": ""Tomato x2"", ""in_box"": 2}, {""name"": ""baby leaf salad"", ""label"": ""Baby leaf salad (50g)"", ""in_box"": 1}, {""name"": ""grated Italian hard cheese"", ""label"": ""Grated Italian hard cheese (30g)"", ""in_box"": 1}, {""name"": ""tomato paste"", ""label"": ""Tomato paste (16g) x2"", ""in_box"": 2}, {""name"": ""balsamic vinegar"", ""label"": ""Balsamic vinegar (15ml)"", ""in_box"": 1}]"
2026-06-30,2026-06-19,eb787585-8650-4661-9c95-e901ef85eabd,15251,Herby Pork Gnocchi Bolognese,False,0.0,444,582,41.9,18.1,8.0,64.4,5.0,4.5,2.2,131,9.4,4.1,1.8,14.5,1.1,1.0,0.5,1,10,full-prep,mild,10-Minute,,4.46,411,True,"[{""name"": ""dried chilli flakes"", ""label"": ""Dried chilli flakes (0.5tsp)"", ""in_box"": 1}, {""name"": ""finely chopped tomatoes"", ""label"": ""Finely chopped tomatoes (200g)"", ""in_box"": 1}, {""name"": ""dried oregano"", ""label"": ""Dried oregano (1tsp)"", ""in_box"": 1}, {""name"": ""gnocchi"", ""label"": ""Gnocchi (350g)"", ""in_box"": 1}, {""name"": ""pork mince"", ""label"": ""Pork mince (250g)"", ""in_box"": 1}, {""name"": ""dried basil"", ""label"": ""Dried basil (1tsp)"", ""in_box"": 1}, {""name"": ""roasted garlic paste"", ""label"": ""Roasted garlic paste (15g)"", ""in_box"": 1}, {""name"": ""grated Italian hard cheese"", ""label"": ""Grated Italian hard cheese (30g)"", ""in_box"": 1}, {""name"": ""basil"", ""label"": ""Basil (10g)"", ""in_box"": 1}, {""name"": ""Marmite"", ""label"": ""Marmite (8g)"", ""in_box"": 1}, {""name"": ""rocket"", ""label"": ""Rocket (20g)"", ""in_box"": 1}]"
2026-06-30,2026-06-19,0f7ece86-be15-4e77-aed7-e68fb454d0d9,15862,Higgidy Smoked Bacon & Cheddar Quiche With Herby Butter Potatoes,True,2.0,430,544,19.9,24.3,8.8,64.5,5.7,7.4,1.5,126,4.6,5.6,2.0,15.0,1.3,1.7,0.35,1,25,full-prep,no spice,Semi-Prepped,,4.42,19,True,"[{""name"": ""smoked bacon & extra mature cheddar quiche with ham hock"", ""label"": ""Smoked bacon & extra mature cheddar quiche with ham hock (155g) x2"", ""in_box"": 2}, {""name"": ""waxy potatoes"", ""label"": ""Waxy potatoes (350g)"", ""in_box"": 1}, {""name"": ""baby leaf salad"", ""label"": ""Baby leaf salad (50g)"", ""in_box"": 1}, {""name"": ""chives"", ""label"": ""Chives (5g)"", ""in_box"": 1}, {""name"": ""cherry tomatoes"", ""label"": ""Cherry tomatoes (125g)"", ""in_box"": 1}, {""name"": ""white wine vinegar"", ""label"": ""White wine vinegar (15ml)"", ""in_box"": 1}, {""name"": ""Dijon mustard"", ""label"": ""Dijon mustard (5.5g)"", ""in_box"": 1}]"
2026-06-30,2026-06-19,def73fca-1ceb-4f96-b751-4f43e940aeba,15858,Higgidy Smoked Salmon Quiche With Asparagus & Warm Potato Salad,True,2.0,432,620,20.2,33.1,8.2,63.8,6.5,8.2,1.36,143,4.7,7.6,1.9,14.8,1.5,1.9,0.31,1,25,full-prep,no spice,Semi-Prepped,,4.2,15,True,"[{""name"": ""smoked salmon and spinach quiche"", ""label"": ""Smoked salmon and spinach quiche (155g) x2"", ""in_box"": 2}, {""name"": ""asparagus spears"", ""label"": ""Asparagus spears (120g)"", ""in_box"": 1}, {""name"": ""waxy potatoes"", ""label"": ""Waxy potatoes (350g)"", ""in_box"": 1}, {""name"": ""mayonnaise"", ""label"": ""Mayonnaise (25ml)"", ""in_box"": 1}, {""name"": ""shallot"", ""label"": ""Shallot"", ""in_box"": 1}, {""name"": ""cider vinegar"", ""label"": ""Cider vinegar (15ml)"", ""in_box"": 1}, {""name"": ""dill"", ""label"": ""Dill (5g)"", ""in_box"": 1}, {""name"": ""rocket"", ""label"": ""Rocket (20g)"", ""in_box"": 1}]"
2026-06-30,2026-06-19,13935701-6a0c-422b-b6d8-b8671dcb782b,15866,Higgidy Spinach & Greek Feta Quiche With Paprika Wedges,True,2.0,454,482,15.6,19.1,7.7,66.2,7.8,8.6,1.52,106,3.4,4.2,1.7,14.6,1.7,1.9,0.33,1,30,full-prep,mild,Semi-Prepped,Vegetarian,4.57,7,True,"[{""name"": ""whipped feta & roasted tomato quiche with spinach"", ""label"": ""Whipped feta & roasted tomato quiche with spinach (155g) x2"", ""in_box"": 2}, {""name"": ""ground paprika"", ""label"": ""Ground paprika (1tsp)"", ""in_box"": 1}, {""name"": ""tomato"", ""label"": ""Tomato"", ""in_box"": 1}, {""name"": ""shallot"", ""label"": ""Shallot"", ""in_box"": 1}, {""name"": ""cucumber"", ""label"": ""Cucumber (0.5pcs)"", ""in_box"": 1}, {""name"": ""white wine vinegar"", ""label"": ""White wine vinegar (15ml)"", ""in_box"": 1}, {""name"": ""white potato"", ""label"": ""White potato x3"", ""in_box"": 3}]"
2026-06-30,2026-06-19,09f0ef73-1246-450e-90a9-d22393b5488e,16869,Hoisin Double Lean Pork Burger With Sesame Chips & A Jalapeño Sausage,True,5.25,,1103,91.3,38.7,,94.8,,11.5,4.09,,,,,,,,,1,40,full-prep,mild,Takeaway Night,,0,0,True,
2026-06-30,2026-06-19,7145d8a0-097c-41ae-832b-be2c6957ad1d,10074,Hoisin Duck Bao With Duck Fat Sweet Potato Chips & Smashed Cucumber,True,3.25,537,946,30.2,41.3,11.3,115.8,30.3,9.9,1.03,176,5.6,7.7,2.1,21.6,5.6,1.8,0.19,3,55,full-prep,no spice,Ultimate Fakeaway,Dairy Free,0,0,True,"[{""name"": ""spring onion"", ""label"": ""Spring onion"", ""in_box"": 1}, {""name"": ""bao buns"", ""label"": ""Bao buns (6pcs)"", ""in_box"": 1}, {""name"": ""slow cooked duck legs"", ""label"": ""Slow cooked duck legs (2pcs)"", ""in_box"": 1}, {""name"": ""hoisin sauce"", ""label"": ""Hoisin sauce (40g) x2"", ""in_box"": 2}, {""name"": ""cucumber"", ""label"": ""Cucumber (0.5pcs)"", ""in_box"": 1}, {""name"": ""rice vinegar"", ""label"": ""Rice vinegar (15ml)"", ""in_box"": 1}, {""name"": ""sweet potato"", ""label"": ""Sweet potato x2"", ""in_box"": 2}]"
2026-06-30,2026-06-19,1c1725a9-ef75-4810-a787-5f6cc484876e,3808,Hoisin Mushrooms With Sesame Noodles,False,0.0,328,347,14.5,7.1,1.1,54.2,12.1,8.9,1.91,105,4.4,2.2,0.3,16.5,3.7,2.7,0.58,2,35,full-prep,spicy,Takeaway Night,Vegan; Vegetarian; Dairy Free,4.09,4727,True,"[{""name"": ""spring onion"", ""label"": ""Spring onion x2"", ""in_box"": 2}, {""name"": ""red chilli"", ""label"": ""Red chilli"", ""in_box"": 1}, {""name"": ""wholewheat noodle nests"", ""label"": ""Wholewheat noodle nests (2pcs)"", ""in_box"": 1}, {""name"": ""garlic clove"", ""label"": ""Garlic clove x2"", ""in_box"": 2}, {""name"": ""fresh root ginger"", ""label"": ""Fresh root ginger (15g)"", ""in_box"": 1}, {""name"": ""toasted sesame oil"", ""label"": ""Toasted sesame oil (10ml)"", ""in_box"": 1}, {""name"": ""hoisin sauce"", ""label"": ""Hoisin sauce (40g)"", ""in_box"": 1}, {""name"": ""chestnut mushrooms"", ""label"": ""Chestnut mushrooms (250g)"", ""in_box"": 1}, {""name"": ""soy sauce"", ""label"": ""Soy sauce (15ml)"", ""in_box"": 1}, {""name"": ""spring greens"", ""label"": ""Spring greens (150g)"", ""in_box"": 1}]"
2026-06-30,2026-06-19,f9e99d15-ef67-4536-8041-e00baae236ab,7921,Honey & Ginger Buffalo Chicken With Rice And Edamame Slaw,False,0.0,385,676,38.0,22.1,2.9,79.9,17.6,8.1,0.85,175,9.9,5.7,0.8,20.7,4.6,2.1,0.22,2,25,full-prep,spicy,Protein Hit,Dairy Free; Gluten Free,4.09,3440,True,"[{""name"": ""white long grain rice"", ""label"": ""White long grain rice (130g)"", ""in_box"": 1}, {""name"": ""blanched edamame beans"", ""label"": ""Blanched edamame beans (160g)"", ""in_box"": 1}, {""name"": ""sriracha hot chilli sauce"", ""label"": ""Sriracha hot chilli sauce (8ml) x2"", ""in_box"": 2}, {""name"": ""chicken breast portions"", ""label"": ""Chicken breast portions (2pcs)"", ""in_box"": 1}, {""name"": ""mayonnaise"", ""label"": ""Mayonnaise (25ml)"", ""in_box"": 1}, {""name"": ""toasted sesame seeds"", ""label"": ""Toasted sesame seeds (5g)"", ""in_box"": 1}, {""name"": ""ginger paste"", ""label"": ""Ginger paste (15g)"", ""in_box"": 1}, {""name"": ""tomato paste"", ""label"": ""Tomato paste (16g)"", ""in_box"": 1}, {""name"": ""rice vinegar"", ""label"": ""Rice vinegar (30ml)"", ""in_box"": 1}, {""name"": ""carrot"", ""label"": ""Carrot"", ""in_box"": 1}, {""name"": ""honey"", ""label"": ""Honey (25g)"", ""in_box"": 1}]"
2026-06-30,2026-06-19,c5ce933c-d6e5-406b-90aa-2188f78ef11d,2937,Honey Hoisin Pork Noodles With Smashed Sesame Cucumber,False,0.0,326,593,34.0,19.7,5.7,69.0,15.2,1.9,2.18,182,10.4,6.0,1.7,21.2,4.7,0.6,0.67,1,10,full-prep,mild,10-Minute,Dairy Free,4.08,25371,True,"[{""name"": ""dried chilli flakes"", ""label"": ""Dried chilli flakes (0.5tsp)"", ""in_box"": 1}, {""name"": ""pork mince"", ""label"": ""Pork mince (250g)"", ""in_box"": 1}, {""name"": ""toasted sesame oil"", ""label"": ""Toasted sesame oil (10ml)"", ""in_box"": 1}, {""name"": ""fine egg noodle nests"", ""label"": ""Fine egg noodle nests (2pcs)"", ""in_box"": 1}, {""name"": ""roasted garlic paste"", ""label"": ""Roasted garlic paste (15g)"", ""in_box"": 1}, {""name"": ""cucumber"", ""label"": ""Cucumber (0.5pcs)"", ""in_box"": 1}, {""name"": ""Chinese rice wine"", ""label"": ""Chinese rice wine (15ml)"", ""in_box"": 1}, {""name"": ""soy sauce"", ""label"": ""Soy sauce (15ml)"", ""in_box"": 1}, {""name"": ""honey"", ""label"": ""Honey (25g)"", ""in_box"": 1}, {""name"": ""hoisin sauce"", ""label"": ""Hoisin sauce (20g)"", ""in_box"": 1}]"
2026-06-30,2026-06-19,244181d8-8f8b-4d57-b7ef-4224d8777f69,15943,"Hot Dog Sharer With Halloumi Fries, Sweet Potato Chips & Slaw",True,3.75,661,1233,35.9,67.6,20.5,125.9,31.2,11.8,4.67,186,5.4,10.2,3.1,19.1,4.7,1.8,0.71,3,35,full-prep,spicy,Ultimate Fakeaway,,0,0,True,"[{""name"": ""pork sausage"", ""label"": ""Pork sausage (200g)"", ""in_box"": 1}, {""name"": ""hot pepper sauce"", ""label"": ""Hot pepper sauce (20g) x2"", ""in_box"": 2}, {""name"": ""Brioche style hot dog buns"", ""label"": ""Brioche style hot dog buns (2pcs)"", ""in_box"": 1}, {""name"": ""spring onion"", ""label"": ""Spring onion"", ""in_box"": 1}, {""name"": ""carrot & cabbage slaw mix"", ""label"": ""Carrot & cabbage slaw mix (160g)"", ""in_box"": 1}, {""name"": ""ground smoked paprika"", ""label"": ""Ground smoked paprika (1tsp)"", ""in_box"": 1}, {""name"": ""mayonnaise"", ""label"": ""Mayonnaise (50ml)"", ""in_box"": 1}, {""name"": ""8 halloumi fries"", ""label"": ""8 halloumi fries (200g)"", ""in_box"": 1}, {""name"": ""mustard ketchup"", ""label"": ""Mustard ketchup (20g)"", ""in_box"": 1}, {""name"": ""brown onion"", ""label"": ""Brown onion"", ""in_box"": 1}, {""name"": ""sweet potato"", ""label"": ""Sweet potato x2"", ""in_box"": 2}]"
2026-06-30,2026-06-19,e8c82712-5a4e-4e54-9678-643b9487647c,6694,Indian-Style Cod 'N' Chips With Curry Sauce And Peas,True,1.0,475,440,29.2,11.8,8.6,56.7,13.7,11.9,1.96,92,6.1,2.5,1.8,11.9,2.9,2.5,0.41,2,35,full-prep,mild,Global Kitchen,Gluten Free; Dairy Free,4.26,161,True,"[{""name"": ""cornflour"", ""label"": ""Cornflour (1tsp)"", ""in_box"": 1}, {""name"": ""solid creamed coconut"", ""label"": ""Solid creamed coconut (25g)"", ""in_box"": 1}, {""name"": ""ground turmeric"", ""label"": ""Ground turmeric (0.5tsp)"", ""in_box"": 1}, {""name"": ""cod fillets"", ""label"": ""Cod fillets (2pcs)"", ""in_box"": 1}, {""name"": ""intense vegetable stock mix"", ""label"": ""Intense vegetable stock mix (5.5g)"", ""in_box"": 1}, {""name"": ""curry powder"", ""label"": ""Curry powder (0.5tbsp)"", ""in_box"": 1}, {""name"": ""garlic clove"", ""label"": ""Garlic clove"", ""in_box"": 1}, {""name"": ""fresh root ginger"", ""label"": ""Fresh root ginger (15g)"", ""in_box"": 1}, {""name"": ""blanched peas"", ""label"": ""Blanched peas (160g)"", ""in_box"": 1}, {""name"": ""coriander"", ""label"": ""Coriander (5g)"", ""in_box"": 1}, {""name"": ""black sesame seeds"", ""label"": ""Black sesame seeds (5g)"", ""in_box"": 1}, {""name"": ""lime"", ""label"": ""Lime"", ""in_box"": 1}, {""name"": ""white potato"", ""label"": ""White potato x2"", ""in_box"": 2}, {""name"": ""sweet potato"", ""label"": ""Sweet potato"", ""in_box"": 1}]"
2026-06-30,2026-06-19,4678d21e-d14b-46d0-90de-b2ebe67f5cf5,15942,Indian-Style Pea & Sweetcorn Fritters W. Sesame Egg & A Chicken Breast,True,1.5,580,534,48.1,16.8,3.8,49.6,23.3,9.1,0.73,92,8.3,2.9,0.7,8.6,4.0,1.6,0.12,3,25,full-prep,mild,20 minute meals,Dairy Free; Gluten Free,4.29,17,True,"[{""name"": ""ground coriander"", ""label"": ""Ground coriander (1tsp)"", ""in_box"": 1}, {""name"": ""free range egg"", ""label"": ""Free range egg x3"", ""in_box"": 3}, {""name"": ""ground turmeric"", ""label"": ""Ground turmeric (1tsp)"", ""in_box"": 1}, {""name"": ""chicken breast portions"", ""label"": ""Chicken breast portions (2pcs)"", ""in_box"": 1}, {""name"": ""ground cumin"", ""label"": ""Ground cumin (1tsp)"", ""in_box"": 1}, {""name"": ""Sweetcorn"", ""label"": ""Sweetcorn (150g)"", ""in_box"": 1}, {""name"": ""cornflour"", ""label"": ""Cornflour (4tbsp)"", ""in_box"": 1}, {""name"": ""red chilli relish"", ""label"": ""Red chilli relish (40g)"", ""in_box"": 1}, {""name"": ""baby leaf salad"", ""label"": ""Baby leaf salad (50g)"", ""in_box"": 1}, {""name"": ""blanched peas"", ""label"": ""Blanched peas (160g)"", ""in_box"": 1}, {""name"": ""lemon"", ""label"": ""Lemon"", ""in_box"": 1}, {""name"": ""ginger & garlic paste"", ""label"": ""Ginger & garlic paste (15g)"", ""in_box"": 1}, {""name"": ""cucumber"", ""label"": ""Cucumber (0.5pcs)"", ""in_box"": 1}, {""name"": ""black sesame seeds"", ""label"": ""Black sesame seeds (5g)"", ""in_box"": 1}]"
2026-06-30,2026-06-19,26fc25cb-f330-4c22-b112-0cc9480f500a,5571,Indian-Style Spiced Chicken Schnitzel With Spicy Potatoes,False,0.0,446,578,35.2,26.1,2.9,52.4,9.1,6.7,0.98,129,7.9,5.8,0.7,11.7,2.0,1.5,0.22,1,40,full-prep,spicy,Global Kitchen,Dairy Free,4.5,11965,True,"[{""name"": ""waxy potatoes"", ""label"": ""Waxy potatoes (350g)"", ""in_box"": 1}, {""name"": ""sriracha hot chilli sauce"", ""label"": ""Sriracha hot chilli sauce (8ml)"", ""in_box"": 1}, {""name"": ""carrot & cabbage slaw mix"", ""label"": ""Carrot & cabbage slaw mix (160g)"", ""in_box"": 1}, {""name"": ""chicken breast portions"", ""label"": ""Chicken breast portions (2pcs)"", ""in_box"": 1}, {""name"": ""mayonnaise"", ""label"": ""Mayonnaise (25ml) x2"", ""in_box"": 2}, {""name"": ""panko breadcrumbs"", ""label"": ""Panko breadcrumbs (40g)"", ""in_box"": 1}, {""name"": ""curry powder"", ""label"": ""Curry powder (1tbsp)"", ""in_box"": 1}, {""name"": ""garlic clove"", ""label"": ""Garlic clove"", ""in_box"": 1}, {""name"": ""black sesame seeds"", ""label"": ""Black sesame seeds (5g)"", ""in_box"": 1}, {""name"": ""white wine vinegar"", ""label"": ""White wine vinegar (15ml)"", ""in_box"": 1}]"
2026-06-30,2026-06-19,0b25ae54-2fab-4613-8285-b561477bebbe,7656,Irish-Style Spice Bag Chicken Burger With Chips And Curry Sauce,False,0.0,484,544,38.2,8.0,1.5,81.1,10.4,9.5,1.58,112,7.9,1.6,0.3,16.7,2.2,2.0,0.33,1,45,full-prep,mild,Takeaway Night,Dairy Free,4.28,2865,True,"[{""name"": ""chicken breast strips"", ""label"": ""Chicken breast strips (250g)"", ""in_box"": 1}, {""name"": ""red pepper"", ""label"": ""Red pepper"", ""in_box"": 1}, {""name"": ""spring onion"", ""label"": ""Spring onion x2"", ""in_box"": 2}, {""name"": ""cornflour"", ""label"": ""Cornflour (1tbsp)"", ""in_box"": 1}, {""name"": ""curry powder"", ""label"": ""Curry powder (0.5tbsp)"", ""in_box"": 1}, {""name"": ""five-spice mix"", ""label"": ""Five-spice mix (1tsp)"", ""in_box"": 1}, {""name"": ""brioche style buns"", ""label"": ""Brioche style buns (2pcs)"", ""in_box"": 1}, {""name"": ""ginger & garlic paste"", ""label"": ""Ginger & garlic paste (15g)"", ""in_box"": 1}, {""name"": ""chicken stock mix"", ""label"": ""Chicken stock mix (5.5g)"", ""in_box"": 1}, {""name"": ""white potato"", ""label"": ""White potato x4"", ""in_box"": 4}]"
2026-06-30,2026-06-19,1875908b-ec44-4f4e-a221-c5d8b3650a93,5589,Italian-Style Orzo Broth With Juicy Pork Meatballs,False,0.0,413,587,43.8,21.4,8.6,56.4,10.1,7.7,1.74,142,10.6,5.2,2.1,13.7,2.5,1.9,0.42,1,45,full-prep,no spice,Global Kitchen,,3.98,2481,True,"[{""name"": ""dried oregano"", ""label"": ""Dried oregano (1tsp)"", ""in_box"": 1}, {""name"": ""free range egg"", ""label"": ""Free range egg"", ""in_box"": 1}, {""name"": ""panko breadcrumbs"", ""label"": ""Panko breadcrumbs (20g)"", ""in_box"": 1}, {""name"": ""pork mince"", ""label"": ""Pork mince (250g)"", ""in_box"": 1}, {""name"": ""intense chicken stock mix"", ""label"": ""Intense chicken stock mix (5.5g)"", ""in_box"": 1}, {""name"": ""garlic clove"", ""label"": ""Garlic clove x2"", ""in_box"": 2}, {""name"": ""parsley"", ""label"": ""Parsley (5g)"", ""in_box"": 1}, {""name"": ""brown onion"", ""label"": ""Brown onion"", ""in_box"": 1}, {""name"": ""grated Italian hard cheese"", ""label"": ""Grated Italian hard cheese (30g)"", ""in_box"": 1}, {""name"": ""Chinese rice wine"", ""label"": ""Chinese rice wine (15ml)"", ""in_box"": 1}, {""name"": ""carrot"", ""label"": ""Carrot"", ""in_box"": 1}, {""name"": ""spring greens"", ""label"": ""Spring greens (150g)"", ""in_box"": 1}, {""name"": ""orzo"", ""label"": ""Orzo (100g)"", ""in_box"": 1}]"
2026-06-30,2026-06-19,25a0805f-3272-4774-bb46-2a2335a00c9d,14264,Jerk Gammon With Pineapple Salsa & Sweet Potato Wedges,True,3.0,642,550,43.9,12.0,4.1,68.2,34.3,6.5,5.77,85,6.8,1.9,0.6,10.6,5.3,1.0,0.9,4,55,full-prep,spicy,Gastropub,Dairy Free; Gluten Free,4.37,65,True,"[{""name"": ""cornflour"", ""label"": ""Cornflour (1tsp)"", ""in_box"": 1}, {""name"": ""pineapple slices"", ""label"": ""Pineapple slices (220g)"", ""in_box"": 1}, {""name"": ""gammon joint"", ""label"": ""Gammon joint"", ""in_box"": 1}, {""name"": ""red chilli"", ""label"": ""Red chilli"", ""in_box"": 1}, {""name"": ""ground paprika"", ""label"": ""Ground paprika (1tsp)"", ""in_box"": 1}, {""name"": ""tomato"", ""label"": ""Tomato"", ""in_box"": 1}, {""name"": ""shallot"", ""label"": ""Shallot"", ""in_box"": 1}, {""name"": ""jerk paste"", ""label"": ""Jerk paste (24g)"", ""in_box"": 1}, {""name"": ""coriander"", ""label"": ""Coriander (5g)"", ""in_box"": 1}, {""name"": ""lime"", ""label"": ""Lime"", ""in_box"": 1}, {""name"": ""sweet potato"", ""label"": ""Sweet potato x2"", ""in_box"": 2}]"
2026-06-30,2026-06-19,3fab4c0c-ddb1-4907-b126-8699a29197fa,9826,Korean-Style Pulled Pork Burger With Sesame Roast Sweet Potatoes,True,2.5,637,904,37.5,44.0,7.3,92.3,26.4,11.1,3.37,141,5.9,6.9,1.1,14.5,4.1,1.7,0.53,4,45,full-prep,spicy,Ultimate Fakeaway,Dairy Free,0,0,True,"[{""name"": ""BBQ pulled pork"", ""label"": ""BBQ pulled pork (308g)"", ""in_box"": 1}, {""name"": ""radishes"", ""label"": ""Radishes (125g)"", ""in_box"": 1}, {""name"": ""gochujang paste"", ""label"": ""Gochujang paste (30g)"", ""in_box"": 1}, {""name"": ""spring onion"", ""label"": ""Spring onion x2"", ""in_box"": 2}, {""name"": ""mayonnaise"", ""label"": ""Mayonnaise (50ml)"", ""in_box"": 1}, {""name"": ""brioche style buns"", ""label"": ""Brioche style buns (2pcs)"", ""in_box"": 1}, {""name"": ""toasted sesame oil"", ""label"": ""Toasted sesame oil (10ml)"", ""in_box"": 1}, {""name"": ""ginger & garlic paste"", ""label"": ""Ginger & garlic paste (15g)"", ""in_box"": 1}, {""name"": ""cucumber"", ""label"": ""Cucumber (0.5pcs)"", ""in_box"": 1}, {""name"": ""rice vinegar"", ""label"": ""Rice vinegar (15ml)"", ""in_box"": 1}, {""name"": ""black sesame seeds"", ""label"": ""Black sesame seeds (5g)"", ""in_box"": 1}, {""name"": ""sweet potato"", ""label"": ""Sweet potato x2"", ""in_box"": 2}]"
2026-06-30,2026-06-19,744149c6-e0db-4742-8480-02f6419cab1a,7428,Korean-Style Rose Chicken With Sesame Soy Spinach & Rice,False,0.0,331,654,36.1,25.9,11.7,70.9,10.2,3.3,1.71,197,10.9,7.8,3.5,21.4,3.1,1.0,0.52,2,25,full-prep,mild,20 minute meals,,4.3,3530,True,"[{""name"": ""white long grain rice"", ""label"": ""White long grain rice (130g)"", ""in_box"": 1}, {""name"": ""chicken breast strips"", ""label"": ""Chicken breast strips (250g)"", ""in_box"": 1}, {""name"": ""gochujang paste"", ""label"": ""Gochujang paste (30g)"", ""in_box"": 1}, {""name"": ""soy sauce"", ""label"": ""Soy sauce (8ml)"", ""in_box"": 1}, {""name"": ""Cornish clotted cream"", ""label"": ""Cornish clotted cream (40g)"", ""in_box"": 1}, {""name"": ""tomato paste"", ""label"": ""Tomato paste (32g)"", ""in_box"": 1}, {""name"": ""garlic clove"", ""label"": ""Garlic clove x2"", ""in_box"": 2}, {""name"": ""toasted sesame oil"", ""label"": ""Toasted sesame oil (10ml)"", ""in_box"": 1}, {""name"": ""crispy onions"", ""label"": ""Crispy onions (15g)"", ""in_box"": 1}, {""name"": ""Chinese rice wine"", ""label"": ""Chinese rice wine (15ml)"", ""in_box"": 1}, {""name"": ""spinach"", ""label"": ""Spinach (120g)"", ""in_box"": 1}]"
2026-06-30,2026-06-19,b4f04023-227c-479a-bef9-ba60a87c422d,2544,Lemon & Ginger Chicken With Brown Rice And Crispy Kale,False,0.0,336,489,36.0,11.8,2.3,59.7,11.5,4.2,2.0,145,10.7,3.5,0.7,17.7,3.4,1.2,0.59,1,45,full-prep,mild,Takeaway Night,Dairy Free,4.09,5211,True,"[{""name"": ""shredded kale"", ""label"": ""Shredded kale (120g)"", ""in_box"": 1}, {""name"": ""chicken breast portions"", ""label"": ""Chicken breast portions (2pcs)"", ""in_box"": 1}, {""name"": ""cornflour"", ""label"": ""Cornflour (1tbsp)"", ""in_box"": 1}, {""name"": ""garlic clove"", ""label"": ""Garlic clove x3"", ""in_box"": 3}, {""name"": ""fresh root ginger"", ""label"": ""Fresh root ginger (15g)"", ""in_box"": 1}, {""name"": ""toasted sesame seeds"", ""label"": ""Toasted sesame seeds (5g)"", ""in_box"": 1}, {""name"": ""toasted sesame oil"", ""label"": ""Toasted sesame oil (10ml)"", ""in_box"": 1}, {""name"": ""lemon"", ""label"": ""Lemon"", ""in_box"": 1}, {""name"": ""chicken stock mix"", ""label"": ""Chicken stock mix (5.5g)"", ""in_box"": 1}, {""name"": ""soy sauce"", ""label"": ""Soy sauce (15ml)"", ""in_box"": 1}, {""name"": ""honey"", ""label"": ""Honey (25g)"", ""in_box"": 1}, {""name"": ""brown long grain rice"", ""label"": ""Brown long grain rice (100g)"", ""in_box"": 1}]"
2026-06-30,2026-06-19,ea6f9668-2fda-45f8-a169-69bef0f3b9dd,326,Lemon Baked Basa With Spinach Mornay,False,0.0,420,308,27.5,4.9,2.8,40.6,2.9,4.6,0.18,73,6.5,1.2,0.7,9.7,0.7,1.1,0.04,1,45,full-prep,no spice,Modern Bistro,Gluten Free,4.24,24450,True,"[{""name"": ""basa fillets"", ""label"": ""Basa fillets (2pcs)"", ""in_box"": 1}, {""name"": ""lemon"", ""label"": ""Lemon"", ""in_box"": 1}, {""name"": ""Italian hard cheese"", ""label"": ""Italian hard cheese (20g)"", ""in_box"": 1}, {""name"": ""spinach"", ""label"": ""Spinach (120g)"", ""in_box"": 1}, {""name"": ""white potato"", ""label"": ""White potato x4"", ""in_box"": 4}]"
2026-06-30,2026-06-19,f54d2571-3049-4a8f-90b1-843e8955a48c,6316,Lemon-Crusted Cod With Pea Risotto And Crispy Prosciutto,True,2.75,387,570,42.5,9.2,4.0,79.3,7.0,6.6,2.74,147,11.0,2.4,1.0,20.5,1.8,1.7,0.71,1,50,full-prep,no spice,Fine Dine In,,4.46,5017,True,"[{""name"": ""cod fillets"", ""label"": ""Cod fillets (2pcs)"", ""in_box"": 1}, {""name"": ""panko breadcrumbs"", ""label"": ""Panko breadcrumbs (20g)"", ""in_box"": 1}, {""name"": ""sliced prosciutto"", ""label"": ""Sliced prosciutto (52g)"", ""in_box"": 1}, {""name"": ""intense chicken stock mix"", ""label"": ""Intense chicken stock mix (5.5g)"", ""in_box"": 1}, {""name"": ""garlic clove"", ""label"": ""Garlic clove x2"", ""in_box"": 2}, {""name"": ""parsley"", ""label"": ""Parsley (5g)"", ""in_box"": 1}, {""name"": ""shallot"", ""label"": ""Shallot"", ""in_box"": 1}, {""name"": ""blanched peas"", ""label"": ""Blanched peas (160g)"", ""in_box"": 1}, {""name"": ""lemon"", ""label"": ""Lemon"", ""in_box"": 1}, {""name"": ""arborio rice"", ""label"": ""Arborio rice (160g)"", ""in_box"": 1}, {""name"": ""Italian hard cheese"", ""label"": ""Italian hard cheese (20g)"", ""in_box"": 1}]"
2026-06-30,2026-06-19,cbb15c37-511e-4bdf-8342-0071c94c5edc,2035,Lemony Chicken Milanese With Wholewheat Spaghetti And Tomato Sauce,False,0.0,596,612,46.8,6.6,1.7,88.9,14.8,9.4,0.78,102,7.9,1.1,0.3,14.9,2.5,1.6,0.13,4,40,full-prep,no spice,Modern Bistro,Dairy Free,4.12,20900,True,"[{""name"": ""chicken breast portions"", ""label"": ""Chicken breast portions (2pcs)"", ""in_box"": 1}, {""name"": ""finely chopped tomatoes"", ""label"": ""Finely chopped tomatoes (390g)"", ""in_box"": 1}, {""name"": ""panko breadcrumbs"", ""label"": ""Panko breadcrumbs (40g)"", ""in_box"": 1}, {""name"": ""garlic clove"", ""label"": ""Garlic clove"", ""in_box"": 1}, {""name"": ""wholewheat spaghetti"", ""label"": ""Wholewheat spaghetti (190g)"", ""in_box"": 1}, {""name"": ""lemon"", ""label"": ""Lemon"", ""in_box"": 1}, {""name"": ""basil"", ""label"": ""Basil (10g)"", ""in_box"": 1}, {""name"": ""chicken stock mix"", ""label"": ""Chicken stock mix (5.5g)"", ""in_box"": 1}, {""name"": ""spinach"", ""label"": ""Spinach (120g)"", ""in_box"": 1}, {""name"": ""red onion"", ""label"": ""Red onion"", ""in_box"": 1}]"
2026-06-30,2026-06-19,28cd95ff-20c4-4f06-aa4c-c855e5a076d3,4966,Lentil Dal With Cumin Spiced Lamb,False,0.0,329,666,45.3,20.5,8.9,80.9,7.6,11.6,1.43,202,13.8,6.2,2.7,24.6,2.3,3.5,0.43,1,45,full-prep,mild,Global Kitchen,Gluten Free,4.22,1614,True,"[{""name"": ""white basmati rice"", ""label"": ""White basmati rice (100g)"", ""in_box"": 1}, {""name"": ""red lentils"", ""label"": ""Red lentils (100g)"", ""in_box"": 1}, {""name"": ""ground cumin"", ""label"": ""Ground cumin (1tbsp)"", ""in_box"": 1}, {""name"": ""curry powder"", ""label"": ""Curry powder (1tbsp)"", ""in_box"": 1}, {""name"": ""garlic clove"", ""label"": ""Garlic clove"", ""in_box"": 1}, {""name"": ""fresh root ginger"", ""label"": ""Fresh root ginger (15g)"", ""in_box"": 1}, {""name"": ""parsley"", ""label"": ""Parsley (5g)"", ""in_box"": 1}, {""name"": ""brown onion"", ""label"": ""Brown onion"", ""in_box"": 1}, {""name"": ""natural yoghurt"", ""label"": ""Natural yoghurt (80g)"", ""in_box"": 1}, {""name"": ""vegetable stock mix"", ""label"": ""Vegetable stock mix (5.5g)"", ""in_box"": 1}, {""name"": ""lamb mince"", ""label"": ""Lamb mince (250g)"", ""in_box"": 1}]"
2026-06-30,2026-06-19,0319480f-3328-41ce-bc0f-6fe14bbbfcf4,2839,Mediterranean-Style Basa Gyros With Tzatziki Mayo,False,0.0,505,568,29.3,25.9,2.5,53.2,7.3,5.8,1.6,112,5.8,5.1,0.5,10.5,1.4,1.2,0.32,3,10,full-prep,mild,10-Minute,Dairy Free,4.19,24080,True,"[{""name"": ""ground sumac"", ""label"": ""Ground sumac (1tsp)"", ""in_box"": 1}, {""name"": ""soy sauce"", ""label"": ""Soy sauce (8ml)"", ""in_box"": 1}, {""name"": ""basa fillets"", ""label"": ""Basa fillets (2pcs)"", ""in_box"": 1}, {""name"": ""ground smoked paprika"", ""label"": ""Ground smoked paprika (2tsp)"", ""in_box"": 1}, {""name"": ""mayonnaise"", ""label"": ""Mayonnaise (25ml) x2"", ""in_box"": 2}, {""name"": ""tomato"", ""label"": ""Tomato x2"", ""in_box"": 2}, {""name"": ""parsley"", ""label"": ""Parsley (5g)"", ""in_box"": 1}, {""name"": ""lemon"", ""label"": ""Lemon"", ""in_box"": 1}, {""name"": ""plain naan"", ""label"": ""Plain naan (2pcs)"", ""in_box"": 1}, {""name"": ""cucumber"", ""label"": ""Cucumber (0.5pcs)"", ""in_box"": 1}, {""name"": ""gem lettuce"", ""label"": ""Gem lettuce"", ""in_box"": 1}]"
2026-06-30,2026-06-19,54aa761f-0d78-40fc-9928-3b643feb8f02,16676,Mediterranean-Style Chicken Pasta,True,2.0,394,492,29.9,16.5,3.1,52.3,9.4,7.1,2.6,125,7.6,4.2,0.8,13.3,2.4,1.8,0.66,2,7,heat-only,no spice,Heat & Eat,,0,0,True,"[{""name"": ""mediterranean style chicken pasta"", ""label"": ""Mediterranean style chicken pasta (420g) x2"", ""in_box"": 2}]"
2026-06-30,2026-06-19,c2629d7d-0ca1-47af-8b77-80d54fefec0e,2310,Mediterranean-Style Vegetable Gnocchi With Basil,False,0.0,510,449,19.3,12.5,5.7,66.1,8.5,5.0,2.21,87,3.8,2.4,1.1,12.9,1.7,1.0,0.43,4,10,full-prep,no spice,10-Minute,Vegetarian,4.16,24094,True,"[{""name"": ""dried oregano"", ""label"": ""Dried oregano (1tsp)"", ""in_box"": 1}, {""name"": ""finely chopped tomatoes"", ""label"": ""Finely chopped tomatoes (200g)"", ""in_box"": 1}, {""name"": ""black olives"", ""label"": ""Black olives (40g)"", ""in_box"": 1}, {""name"": ""gnocchi"", ""label"": ""Gnocchi (350g)"", ""in_box"": 1}, {""name"": ""cheddar cheese"", ""label"": ""Cheddar cheese (40g)"", ""in_box"": 1}, {""name"": ""courgette"", ""label"": ""Courgette"", ""in_box"": 1}, {""name"": ""roasted garlic paste"", ""label"": ""Roasted garlic paste (15g)"", ""in_box"": 1}, {""name"": ""basil"", ""label"": ""Basil (10g)"", ""in_box"": 1}, {""name"": ""spinach"", ""label"": ""Spinach (80g)"", ""in_box"": 1}, {""name"": ""cherry tomatoes"", ""label"": ""Cherry tomatoes (125g)"", ""in_box"": 1}]"
2026-06-30,2026-06-19,1bd8c491-be40-46ed-bea6-a91d710cf9b5,1600,Mild Peanut & Pepper Chicken Curry,False,0.0,456,600,42.4,18.2,3.3,70.9,9.6,7.4,2.06,131,9.3,4.0,0.7,15.6,2.1,1.6,0.45,2,45,full-prep,mild,Global Kitchen,Dairy Free; Gluten Free,4.35,2594,True,"[{""name"": ""chicken breast strips"", ""label"": ""Chicken breast strips (250g)"", ""in_box"": 1}, {""name"": ""red pepper"", ""label"": ""Red pepper"", ""in_box"": 1}, {""name"": ""green pepper"", ""label"": ""Green pepper"", ""in_box"": 1}, {""name"": ""white basmati rice"", ""label"": ""White basmati rice (130g)"", ""in_box"": 1}, {""name"": ""ground turmeric"", ""label"": ""Ground turmeric (1tsp)"", ""in_box"": 1}, {""name"": ""ground paprika"", ""label"": ""Ground paprika (1tsp)"", ""in_box"": 1}, {""name"": ""intense chicken stock mix"", ""label"": ""Intense chicken stock mix (5.5g)"", ""in_box"": 1}, {""name"": ""curry powder"", ""label"": ""Curry powder (1tbsp)"", ""in_box"": 1}, {""name"": ""garlic clove"", ""label"": ""Garlic clove x2"", ""in_box"": 2}, {""name"": ""brown onion"", ""label"": ""Brown onion"", ""in_box"": 1}, {""name"": ""lime"", ""label"": ""Lime"", ""in_box"": 1}, {""name"": ""roasted peanuts"", ""label"": ""Roasted peanuts (25g)"", ""in_box"": 1}, {""name"": ""smooth peanut butter"", ""label"": ""Smooth peanut butter (26g)"", ""in_box"": 1}]"
2026-06-30,2026-06-19,e373e4d6-90c3-4ff6-a624-180ace470c0e,14281,New England-Style Prawn Roll With Buttery Potatoes,False,0.0,441,503,20.4,17.9,3.8,79.5,10.0,5.9,1.9,114,4.6,4.1,0.9,18.0,2.3,1.3,0.43,1,10,full-prep,no spice,No Cook,,0,0,True,"[{""name"": ""Brioche style hot dog buns"", ""label"": ""Brioche style hot dog buns (2pcs)"", ""in_box"": 1}, {""name"": ""waxy potatoes"", ""label"": ""Waxy potatoes (350g)"", ""in_box"": 1}, {""name"": ""ground smoked paprika"", ""label"": ""Ground smoked paprika (1tsp)"", ""in_box"": 1}, {""name"": ""mayonnaise"", ""label"": ""Mayonnaise (25ml)"", ""in_box"": 1}, {""name"": ""cooked prawns"", ""label"": ""Cooked prawns (150g)"", ""in_box"": 1}, {""name"": ""lemon"", ""label"": ""Lemon"", ""in_box"": 1}, {""name"": ""chives"", ""label"": ""Chives (5g)"", ""in_box"": 1}, {""name"": ""gem lettuce"", ""label"": ""Gem lettuce"", ""in_box"": 1}]"
2026-06-30,2026-06-19,f0f3fa60-ca2f-47c7-b272-504c5efd5a74,4035,Nutty Sweet Potato & Sweet Pea Pod Curry,False,0.0,431,521,13.5,23.2,10.3,66.0,28.0,12.9,2.58,120,3.1,5.4,2.4,15.3,6.5,3.0,0.6,4,35,full-prep,spicy,Veg Boost,Vegan; Vegetarian; Dairy Free; Gluten Free,4.41,7732,True,"[{""name"": ""mango chutney"", ""label"": ""Mango chutney (20g)"", ""in_box"": 1}, {""name"": ""yellow pepper"", ""label"": ""Yellow pepper"", ""in_box"": 1}, {""name"": ""solid creamed coconut"", ""label"": ""Solid creamed coconut (25g)"", ""in_box"": 1}, {""name"": ""red chilli"", ""label"": ""Red chilli"", ""in_box"": 1}, {""name"": ""intense vegetable stock mix"", ""label"": ""Intense vegetable stock mix (5.5g)"", ""in_box"": 1}, {""name"": ""curry powder"", ""label"": ""Curry powder (1tbsp)"", ""in_box"": 1}, {""name"": ""garlic clove"", ""label"": ""Garlic clove x2"", ""in_box"": 2}, {""name"": ""fresh root ginger"", ""label"": ""Fresh root ginger (15g)"", ""in_box"": 1}, {""name"": ""coriander"", ""label"": ""Coriander (10g)"", ""in_box"": 1}, {""name"": ""brown onion"", ""label"": ""Brown onion"", ""in_box"": 1}, {""name"": ""roasted peanuts"", ""label"": ""Roasted peanuts (25g)"", ""in_box"": 1}, {""name"": ""smooth peanut butter"", ""label"": ""Smooth peanut butter (26g)"", ""in_box"": 1}, {""name"": ""sweet potato"", ""label"": ""Sweet potato x2"", ""in_box"": 2}, {""name"": ""sweet pea pods"", ""label"": ""Sweet pea pods (80g)"", ""in_box"": 1}]"
2026-06-30,2026-06-19,6c800aaa-b1c1-4b5d-8a02-511a5e1f69e6,1476,One Pan Cheesy Chorizo & Pea Risotto,False,0.0,316,620,26.6,22.0,7.9,77.7,10.3,7.8,2.98,196,8.4,7.0,2.5,24.6,3.2,2.5,0.94,2,45,full-prep,no spice,Modern Bistro,Gluten Free,4.24,41837,True,"[{""name"": ""diced chorizo"", ""label"": ""Diced chorizo (100g)"", ""in_box"": 1}, {""name"": ""intense chicken stock mix"", ""label"": ""Intense chicken stock mix (5.5g)"", ""in_box"": 1}, {""name"": ""garlic clove"", ""label"": ""Garlic clove x2"", ""in_box"": 2}, {""name"": ""brown onion"", ""label"": ""Brown onion"", ""in_box"": 1}, {""name"": ""blanched peas"", ""label"": ""Blanched peas (160g)"", ""in_box"": 1}, {""name"": ""arborio rice"", ""label"": ""Arborio rice (160g)"", ""in_box"": 1}, {""name"": ""Italian hard cheese"", ""label"": ""Italian hard cheese (20g)"", ""in_box"": 1}, {""name"": ""Chinese rice wine"", ""label"": ""Chinese rice wine (15ml)"", ""in_box"": 1}, {""name"": ""sweet pea pods"", ""label"": ""Sweet pea pods (80g)"", ""in_box"": 1}]"
2026-06-30,2026-06-19,b50a2103-f4d2-4acf-ac52-d22399c82071,7659,One Pan Cherry Tomato & Mussel Orzo With Garlic Butter,False,0.0,346,441,31.4,3.4,0.8,70.5,9.5,6.1,2.67,127,9.1,1.0,0.2,20.4,2.7,1.8,0.77,2,30,full-prep,no spice,One Pan Wonders,Dairy Free,4.14,1613,True,"[{""name"": ""plain cooked mussels"", ""label"": ""Plain cooked mussels (500g)"", ""in_box"": 1}, {""name"": ""ground smoked paprika"", ""label"": ""Ground smoked paprika (1tsp)"", ""in_box"": 1}, {""name"": ""garlic clove"", ""label"": ""Garlic clove x2"", ""in_box"": 2}, {""name"": ""parsley"", ""label"": ""Parsley (5g)"", ""in_box"": 1}, {""name"": ""vegetable stock mix"", ""label"": ""Vegetable stock mix (5.5g)"", ""in_box"": 1}, {""name"": ""tomato paste"", ""label"": ""Tomato paste (16g) x2"", ""in_box"": 2}, {""name"": ""cherry tomatoes"", ""label"": ""Cherry tomatoes (125g)"", ""in_box"": 1}, {""name"": ""red onion"", ""label"": ""Red onion"", ""in_box"": 1}, {""name"": ""orzo"", ""label"": ""Orzo (150g)"", ""in_box"": 1}]"
2026-06-30,2026-06-19,1bac5ca0-6e8e-44af-ae13-d1159e6289c5,7177,"One Pan Creamy Sausage, Mushroom & Spinach Orzo",False,0.0,327,565,28.7,23.5,11.5,58.4,4.3,5.4,2.44,172,8.8,7.2,3.5,17.9,1.3,1.7,0.74,2,30,full-prep,no spice,One Pan Wonders,,4.42,13721,True,"[{""name"": ""Jolly Hog pork sausagemeat"", ""label"": ""Jolly Hog pork sausagemeat (150g)"", ""in_box"": 1}, {""name"": ""intense chicken stock mix"", ""label"": ""Intense chicken stock mix (5.5g)"", ""in_box"": 1}, {""name"": ""garlic clove"", ""label"": ""Garlic clove x3"", ""in_box"": 3}, {""name"": ""Italian hard cheese"", ""label"": ""Italian hard cheese (20g)"", ""in_box"": 1}, {""name"": ""soft cheese"", ""label"": ""Soft cheese (50g)"", ""in_box"": 1}, {""name"": ""Chinese rice wine"", ""label"": ""Chinese rice wine (15ml)"", ""in_box"": 1}, {""name"": ""white cup mushrooms"", ""label"": ""White cup mushrooms (160g)"", ""in_box"": 1}, {""name"": ""spinach"", ""label"": ""Spinach (80g)"", ""in_box"": 1}, {""name"": ""orzo"", ""label"": ""Orzo (150g)"", ""in_box"": 1}, {""name"": ""Dijon mustard"", ""label"": ""Dijon mustard (5.5g)"", ""in_box"": 1}]"
2026-06-30,2026-06-19,1497d295-86e1-4b73-a40c-4b048d5874e5,3263,One Pot Chicken Rogan Josh With Yoghurt,False,0.0,469,495,40.8,9.0,2.4,62.1,12.8,6.3,2.52,105,8.7,1.9,0.5,13.2,2.7,1.3,0.54,2,40,full-prep,spicy,Prepped in 5,,4.37,45730,True,"[{""name"": ""dried chilli flakes"", ""label"": ""Dried chilli flakes (0.5tsp)"", ""in_box"": 1}, {""name"": ""ground coriander"", ""label"": ""Ground coriander (1tsp)"", ""in_box"": 1}, {""name"": ""ground turmeric"", ""label"": ""Ground turmeric (1tsp)"", ""in_box"": 1}, {""name"": ""diced chicken breast"", ""label"": ""Diced chicken breast (250g)"", ""in_box"": 1}, {""name"": ""finely chopped tomatoes"", ""label"": ""Finely chopped tomatoes (200g)"", ""in_box"": 1}, {""name"": ""intense chicken stock mix"", ""label"": ""Intense chicken stock mix (5.5g)"", ""in_box"": 1}, {""name"": ""curry powder"", ""label"": ""Curry powder (1tbsp)"", ""in_box"": 1}, {""name"": ""garlic clove"", ""label"": ""Garlic clove x3"", ""in_box"": 3}, {""name"": ""tomato"", ""label"": ""Tomato"", ""in_box"": 1}, {""name"": ""brown onion"", ""label"": ""Brown onion"", ""in_box"": 1}, {""name"": ""natural yoghurt"", ""label"": ""Natural yoghurt (80g)"", ""in_box"": 1}, {""name"": ""plain naan"", ""label"": ""Plain naan (2pcs)"", ""in_box"": 1}, {""name"": ""cardamom pod"", ""label"": ""Cardamom pod x3"", ""in_box"": 3}]"
2026-06-30,2026-06-19,99032948-5c29-4cce-9343-332590867ee3,5728,One Pot Chilli & Miso Pork Udon Noodles,False,0.0,452,562,34.4,17.3,6.4,66.7,7.0,2.4,2.96,124,7.6,3.8,1.4,14.8,1.5,0.5,0.65,1,40,full-prep,spicy,Prepped in 5,Dairy Free,4.45,11137,True,"[{""name"": ""white miso paste"", ""label"": ""White miso paste (17g)"", ""in_box"": 1}, {""name"": ""dried chilli flakes"", ""label"": ""Dried chilli flakes (0.5tsp)"", ""in_box"": 1}, {""name"": ""spring onion"", ""label"": ""Spring onion"", ""in_box"": 1}, {""name"": ""red chilli"", ""label"": ""Red chilli"", ""in_box"": 1}, {""name"": ""pork mince"", ""label"": ""Pork mince (250g)"", ""in_box"": 1}, {""name"": ""brown onion"", ""label"": ""Brown onion"", ""in_box"": 1}, {""name"": ""gluten free soy sauce"", ""label"": ""Gluten free soy sauce (15ml)"", ""in_box"": 1}, {""name"": ""crispy onions"", ""label"": ""Crispy onions (15g)"", ""in_box"": 1}, {""name"": ""udon noodles"", ""label"": ""Udon noodles (200g) x2"", ""in_box"": 2}, {""name"": ""ginger & garlic paste"", ""label"": ""Ginger & garlic paste (15g)"", ""in_box"": 1}, {""name"": ""sweet pea pods"", ""label"": ""Sweet pea pods (80g)"", ""in_box"": 1}]"
2026-06-30,2026-06-19,49a0ae89-9fb3-4196-94c8-48ed427352de,7513,One Pot Creamy Pork Ragù And Spaghetti,False,0.0,374,730,42.8,25.4,12.1,80.7,11.4,6.0,2.36,195,11.5,6.8,3.2,21.6,3.1,1.6,0.63,1,40,full-prep,no spice,Prepped in 5,,4.28,2699,True,"[{""name"": ""dried oregano"", ""label"": ""Dried oregano (1tsp)"", ""in_box"": 1}, {""name"": ""soy sauce"", ""label"": ""Soy sauce (8ml)"", ""in_box"": 1}, {""name"": ""pork mince"", ""label"": ""Pork mince (250g)"", ""in_box"": 1}, {""name"": ""intense chicken stock mix"", ""label"": ""Intense chicken stock mix (5.5g)"", ""in_box"": 1}, {""name"": ""brown onion"", ""label"": ""Brown onion"", ""in_box"": 1}, {""name"": ""roasted garlic paste"", ""label"": ""Roasted garlic paste (15g)"", ""in_box"": 1}, {""name"": ""basil"", ""label"": ""Basil (5g)"", ""in_box"": 1}, {""name"": ""grated Italian hard cheese"", ""label"": ""Grated Italian hard cheese (30g)"", ""in_box"": 1}, {""name"": ""soft cheese"", ""label"": ""Soft cheese (50g)"", ""in_box"": 1}, {""name"": ""Chinese rice wine"", ""label"": ""Chinese rice wine (15ml)"", ""in_box"": 1}, {""name"": ""carrot"", ""label"": ""Carrot"", ""in_box"": 1}, {""name"": ""spaghetti"", ""label"": ""Spaghetti (190g)"", ""in_box"": 1}]"
2026-06-30,2026-06-19,5d2cd932-8795-4102-9671-ff4ba8187205,7487,One Pot Masala Basa Biryani With Yoghurt & Curry Mango Butter,False,0.0,366,468,30.4,4.5,1.5,72.6,20.8,4.4,2.16,128,8.3,1.2,0.4,19.9,5.7,1.2,0.59,2,30,full-prep,mild,One Pan Wonders,Gluten Free,4.51,788,True,"[{""name"": ""mango chutney"", ""label"": ""Mango chutney (20g)"", ""in_box"": 1}, {""name"": ""ground turmeric"", ""label"": ""Ground turmeric (1tsp)"", ""in_box"": 1}, {""name"": ""white basmati rice"", ""label"": ""White basmati rice (130g)"", ""in_box"": 1}, {""name"": ""basa fillets"", ""label"": ""Basa fillets (2pcs)"", ""in_box"": 1}, {""name"": ""garam masala"", ""label"": ""Garam masala (1tsp)"", ""in_box"": 1}, {""name"": ""intense vegetable stock mix"", ""label"": ""Intense vegetable stock mix (5.5g)"", ""in_box"": 1}, {""name"": ""curry powder"", ""label"": ""Curry powder (1tbsp)"", ""in_box"": 1}, {""name"": ""garlic clove"", ""label"": ""Garlic clove x2"", ""in_box"": 2}, {""name"": ""natural yoghurt"", ""label"": ""Natural yoghurt (80g)"", ""in_box"": 1}, {""name"": ""sultanas"", ""label"": ""Sultanas (30g)"", ""in_box"": 1}, {""name"": ""white cup mushrooms"", ""label"": ""White cup mushrooms (160g)"", ""in_box"": 1}, {""name"": ""spinach"", ""label"": ""Spinach (80g)"", ""in_box"": 1}]"
2026-06-30,2026-06-19,b4fb2473-e8be-45c6-9478-d64dfe301726,6044,One Pot Plant-Based Tortiglioni Puttanesca,False,0.0,339,447,15.9,5.6,0.9,88.0,11.3,7.7,2.08,131,4.7,1.6,0.3,26.0,3.3,2.3,0.61,3,30,full-prep,mild,Modern Bistro,Vegan; Vegetarian; Dairy Free,4.17,5400,True,"[{""name"": ""dried chilli flakes"", ""label"": ""Dried chilli flakes (0.5tsp)"", ""in_box"": 1}, {""name"": ""capers"", ""label"": ""Capers (20g)"", ""in_box"": 1}, {""name"": ""finely chopped tomatoes"", ""label"": ""Finely chopped tomatoes (200g)"", ""in_box"": 1}, {""name"": ""intense vegetable stock mix"", ""label"": ""Intense vegetable stock mix (5.5g)"", ""in_box"": 1}, {""name"": ""black olives"", ""label"": ""Black olives (40g)"", ""in_box"": 1}, {""name"": ""garlic clove"", ""label"": ""Garlic clove x2"", ""in_box"": 2}, {""name"": ""dried basil"", ""label"": ""Dried basil (1tsp)"", ""in_box"": 1}, {""name"": ""parsley"", ""label"": ""Parsley (5g)"", ""in_box"": 1}, {""name"": ""brown onion"", ""label"": ""Brown onion"", ""in_box"": 1}, {""name"": ""tomato paste"", ""label"": ""Tomato paste (16g) x2"", ""in_box"": 2}, {""name"": ""spinach"", ""label"": ""Spinach (80g)"", ""in_box"": 1}, {""name"": ""tortiglioni"", ""label"": ""Tortiglioni (200g)"", ""in_box"": 1}]"
2026-06-30,2026-06-19,1cc82780-b03f-43cb-91ba-6a1fa57acfa3,615,One Pot Plant-Based Vegetable Biryani,False,0.0,455,443,14.6,6.6,3.5,78.4,23.2,9.9,1.86,97,3.2,1.4,0.8,17.2,5.1,2.2,0.41,4,35,full-prep,mild,One Pan Wonders,Vegan; Vegetarian; Dairy Free; Gluten Free,4.13,15556,True,"[{""name"": ""cultured coconut"", ""label"": ""Cultured coconut (80g)"", ""in_box"": 1}, {""name"": ""white basmati rice"", ""label"": ""White basmati rice (130g)"", ""in_box"": 1}, {""name"": ""intense vegetable stock mix"", ""label"": ""Intense vegetable stock mix (5.5g)"", ""in_box"": 1}, {""name"": ""curry powder"", ""label"": ""Curry powder (1tbsp)"", ""in_box"": 1}, {""name"": ""tomato paste"", ""label"": ""Tomato paste (16g)"", ""in_box"": 1}, {""name"": ""sultanas"", ""label"": ""Sultanas (30g)"", ""in_box"": 1}, {""name"": ""fine green beans"", ""label"": ""Fine green beans (160g)"", ""in_box"": 1}, {""name"": ""cauliflower"", ""label"": ""Cauliflower"", ""in_box"": 1}, {""name"": ""red onion"", ""label"": ""Red onion"", ""in_box"": 1}]"
2026-06-30,2026-06-19,86f2543b-8298-4ca0-aa2e-b139039d43ac,5235,"One Pot Salmon, Pea & Spinach Pilaf With Lemon Yoghurt",False,0.0,378,469,26.2,10.3,2.1,66.6,12.4,7.8,2.31,124,6.9,2.7,0.5,17.6,3.3,2.1,0.61,2,40,full-prep,no spice,Modern Bistro,Gluten Free,3.95,9886,True,"[{""name"": ""ground coriander"", ""label"": ""Ground coriander (1tsp)"", ""in_box"": 1}, {""name"": ""white basmati rice"", ""label"": ""White basmati rice (130g)"", ""in_box"": 1}, {""name"": ""salmon flakes"", ""label"": ""Salmon flakes (100g)"", ""in_box"": 1}, {""name"": ""intense vegetable stock mix"", ""label"": ""Intense vegetable stock mix (5.5g)"", ""in_box"": 1}, {""name"": ""garlic clove"", ""label"": ""Garlic clove x2"", ""in_box"": 2}, {""name"": ""parsley"", ""label"": ""Parsley (5g)"", ""in_box"": 1}, {""name"": ""brown onion"", ""label"": ""Brown onion"", ""in_box"": 1}, {""name"": ""natural yoghurt"", ""label"": ""Natural yoghurt (80g)"", ""in_box"": 1}, {""name"": ""blanched peas"", ""label"": ""Blanched peas (160g)"", ""in_box"": 1}, {""name"": ""lemon"", ""label"": ""Lemon"", ""in_box"": 1}, {""name"": ""spinach"", ""label"": ""Spinach (80g)"", ""in_box"": 1}]"
2026-06-30,2026-06-19,aaa019a3-ac3d-4f31-b03d-b0a65fff0614,7396,One Pot Sun-Dried Tomato Pesto Orzo With Mozzarella,False,0.0,350,720,27.0,39.0,15.6,63.9,12.1,6.1,2.67,205,7.7,11.1,4.4,18.2,3.5,1.7,0.76,1,25,full-prep,no spice,One Pan Wonders,Vegetarian,4.28,3217,True,"[{""name"": ""red pepper"", ""label"": ""Red pepper"", ""in_box"": 1}, {""name"": ""intense vegetable stock mix"", ""label"": ""Intense vegetable stock mix (5.5g)"", ""in_box"": 1}, {""name"": ""sun-dried tomato pesto"", ""label"": ""Sun-dried tomato pesto (45g) x2"", ""in_box"": 2}, {""name"": ""pine nuts"", ""label"": ""Pine nuts (15g)"", ""in_box"": 1}, {""name"": ""basil"", ""label"": ""Basil (5g)"", ""in_box"": 1}, {""name"": ""mozzarella"", ""label"": ""Mozzarella (125g)"", ""in_box"": 1}, {""name"": ""soft cheese"", ""label"": ""Soft cheese (50g)"", ""in_box"": 1}, {""name"": ""cherry tomatoes"", ""label"": ""Cherry tomatoes (125g)"", ""in_box"": 1}, {""name"": ""orzo"", ""label"": ""Orzo (150g)"", ""in_box"": 1}]"
2026-06-30,2026-06-19,7848c53d-ee9d-4f30-b13d-23c180ed23f5,8721,One Tray Honey Roast Smoked Gammon With Waxy Potatoes,True,1.0,583,520,46.7,13.8,4.1,54.8,23.9,10.3,6.21,89,8.0,2.4,0.7,9.4,4.1,1.8,1.06,2,50,full-prep,no spice,Gastropub,Dairy Free; Gluten Free,4.39,1278,True,"[{""name"": ""waxy potatoes"", ""label"": ""Waxy potatoes (350g)"", ""in_box"": 1}, {""name"": ""gammon joint"", ""label"": ""Gammon joint"", ""in_box"": 1}, {""name"": ""gravy base"", ""label"": ""Gravy base (14g)"", ""in_box"": 1}, {""name"": ""carrot"", ""label"": ""Carrot x2"", ""in_box"": 2}, {""name"": ""wholegrain mustard"", ""label"": ""Wholegrain mustard (21g)"", ""in_box"": 1}, {""name"": ""fine green beans"", ""label"": ""Fine green beans (160g)"", ""in_box"": 1}, {""name"": ""honey"", ""label"": ""Honey (25g)"", ""in_box"": 1}]"
2026-06-30,2026-06-19,ec56d53a-15e0-4e7f-90d5-e340172f6379,7823,Orange Chicken Thigh Stir-Fry With Pickled Red Chilli,False,0.0,433,592,32.4,13.5,3.6,89.0,19.6,4.8,2.57,136,7.5,3.1,0.8,20.5,4.5,1.1,0.59,2,40,full-prep,spicy,Family Kitchen,Dairy Free,4.1,1955,True,"[{""name"": ""white long grain rice"", ""label"": ""White long grain rice (130g)"", ""in_box"": 1}, {""name"": ""shredded veg mix"", ""label"": ""Shredded veg mix (160g)"", ""in_box"": 1}, {""name"": ""red chilli"", ""label"": ""Red chilli"", ""in_box"": 1}, {""name"": ""diced chicken thigh"", ""label"": ""Diced chicken thigh (250g)"", ""in_box"": 1}, {""name"": ""cornflour"", ""label"": ""Cornflour (1tbsp) x2"", ""in_box"": 2}, {""name"": ""intense chicken stock mix"", ""label"": ""Intense chicken stock mix (5.5g)"", ""in_box"": 1}, {""name"": ""garlic clove"", ""label"": ""Garlic clove x2"", ""in_box"": 2}, {""name"": ""toasted sesame seeds"", ""label"": ""Toasted sesame seeds (5g)"", ""in_box"": 1}, {""name"": ""brown onion"", ""label"": ""Brown onion"", ""in_box"": 1}, {""name"": ""soy sauce"", ""label"": ""Soy sauce (15ml)"", ""in_box"": 1}, {""name"": ""orange"", ""label"": ""Orange"", ""in_box"": 1}, {""name"": ""white wine vinegar"", ""label"": ""White wine vinegar (15ml)"", ""in_box"": 1}, {""name"": ""honey"", ""label"": ""Honey (25g)"", ""in_box"": 1}]"
2026-06-30,2026-06-19,bbea35ea-0e94-4bde-abaa-c99a2ec79fb3,3188,Oven Baked Creamy Chorizo & Leek Pasta With Salad,False,0.0,338,645,26.8,31.1,14.0,66.0,8.0,5.6,3.06,190,7.9,9.2,4.2,19.5,2.4,1.6,0.91,1,35,full-prep,no spice,Prepped in 5,,4.23,54694,True,"[{""name"": ""crème fraîche"", ""label"": ""Crème fraîche (80g)"", ""in_box"": 1}, {""name"": ""leek"", ""label"": ""Leek"", ""in_box"": 1}, {""name"": ""diced chorizo"", ""label"": ""Diced chorizo (100g)"", ""in_box"": 1}, {""name"": ""intense chicken stock mix"", ""label"": ""Intense chicken stock mix (5.5g)"", ""in_box"": 1}, {""name"": ""Chinese rice wine"", ""label"": ""Chinese rice wine (30ml)"", ""in_box"": 1}, {""name"": ""lemon"", ""label"": ""Lemon"", ""in_box"": 1}, {""name"": ""grated Italian hard cheese"", ""label"": ""Grated Italian hard cheese (30g)"", ""in_box"": 1}, {""name"": ""rocket"", ""label"": ""Rocket (20g)"", ""in_box"": 1}, {""name"": ""tortiglioni"", ""label"": ""Tortiglioni (150g)"", ""in_box"": 1}]"
2026-06-30,2026-06-19,e04f5af6-10fb-4b74-be64-2b68457a7c0a,13182,Oven Baked Italian-Style Pork Stew With Buttery Potatoes,False,0.0,529,444,32.1,16.2,5.1,45.3,14.0,9.1,1.72,83,6.1,3.1,1.0,8.6,2.7,1.7,0.33,2,70,full-prep,spicy,Prepped in 5,Dairy Free; Gluten Free,4.44,1614,True,"[{""name"": ""dried oregano"", ""label"": ""Dried oregano (1tsp)"", ""in_box"": 1}, {""name"": ""dried chilli flakes"", ""label"": ""Dried chilli flakes (0.5tsp)"", ""in_box"": 1}, {""name"": ""diced pork"", ""label"": ""Diced pork (250g)"", ""in_box"": 1}, {""name"": ""finely chopped tomatoes"", ""label"": ""Finely chopped tomatoes (200g)"", ""in_box"": 1}, {""name"": ""intense chicken stock mix"", ""label"": ""Intense chicken stock mix (5.5g)"", ""in_box"": 1}, {""name"": ""garlic clove"", ""label"": ""Garlic clove x2"", ""in_box"": 2}, {""name"": ""brown onion"", ""label"": ""Brown onion"", ""in_box"": 1}, {""name"": ""balsamic sun-dried tomato paste"", ""label"": ""Balsamic sun-dried tomato paste (30g)"", ""in_box"": 1}, {""name"": ""fine green beans"", ""label"": ""Fine green beans (80g)"", ""in_box"": 1}, {""name"": ""carrot"", ""label"": ""Carrot"", ""in_box"": 1}, {""name"": ""white potato"", ""label"": ""White potato x3"", ""in_box"": 3}]"
2026-06-30,2026-06-19,65c9fcfc-7ae4-42af-ac57-41cbf18fee43,15235,Oven Baked Normandy-Style Chicken Breast & Apple Casserole,True,0.7,,490,38.7,12.9,,54.4,,5.7,2.43,,,,,,,,,1,45,full-prep,no spice,Prepped in 5,,4.6,504,True,
2026-06-30,2026-06-19,887c3fe3-1fdf-40e6-856d-61d347e84f14,13469,"Oven Baked Tarragon, Apple & Pork Hotpot",False,0.0,439,560,33.1,30.4,10.1,41.9,11.1,5.9,1.8,127,7.5,6.9,2.3,9.5,2.5,1.3,0.41,1,55,full-prep,no spice,Prepped in 5,,4.22,449,True,"[{""name"": ""apple"", ""label"": ""Apple"", ""in_box"": 1}, {""name"": ""diced pork"", ""label"": ""Diced pork (250g)"", ""in_box"": 1}, {""name"": ""intense chicken stock mix"", ""label"": ""Intense chicken stock mix (5.5g)"", ""in_box"": 1}, {""name"": ""garlic clove"", ""label"": ""Garlic clove x2"", ""in_box"": 2}, {""name"": ""parsley and tarragon pesto"", ""label"": ""Parsley and tarragon pesto (40g)"", ""in_box"": 1}, {""name"": ""soft cheese"", ""label"": ""Soft cheese (50g)"", ""in_box"": 1}, {""name"": ""shredded kale"", ""label"": ""Shredded kale (80g)"", ""in_box"": 1}, {""name"": ""white potato"", ""label"": ""White potato x3"", ""in_box"": 3}, {""name"": ""Dijon mustard"", ""label"": ""Dijon mustard (5.5g)"", ""in_box"": 1}]"
2026-06-30,2026-06-19,153ec059-6501-4aea-aba1-fdfcb4556c42,3195,Oven Baked Three Bean Chilli With Jacket Potatoes,False,0.0,640,485,25.1,2.6,0.5,82.7,10.3,28.6,1.94,75,3.9,0.4,0.1,12.9,1.6,4.5,0.3,2,55,full-prep,spicy,Prepped in 5,Vegan; Vegetarian; Dairy Free; Gluten Free,4.28,39266,True,"[{""name"": ""green chilli"", ""label"": ""Green chilli"", ""in_box"": 1}, {""name"": ""black beans"", ""label"": ""Black beans (380g)"", ""in_box"": 1}, {""name"": ""cumin seeds"", ""label"": ""Cumin seeds (1tsp)"", ""in_box"": 1}, {""name"": ""finely chopped tomatoes"", ""label"": ""Finely chopped tomatoes (200g)"", ""in_box"": 1}, {""name"": ""intense vegetable stock mix"", ""label"": ""Intense vegetable stock mix (5.5g)"", ""in_box"": 1}, {""name"": ""ground smoked paprika"", ""label"": ""Ground smoked paprika (2tsp)"", ""in_box"": 1}, {""name"": ""cannellini beans"", ""label"": ""Cannellini beans (390g)"", ""in_box"": 1}, {""name"": ""chipotle paste"", ""label"": ""Chipotle paste (20g)"", ""in_box"": 1}, {""name"": ""red kidney beans"", ""label"": ""Red kidney beans (390g)"", ""in_box"": 1}, {""name"": ""garlic clove"", ""label"": ""Garlic clove x3"", ""in_box"": 3}, {""name"": ""coriander"", ""label"": ""Coriander (10g) x2"", ""in_box"": 2}, {""name"": ""white wine vinegar"", ""label"": ""White wine vinegar (15ml)"", ""in_box"": 1}, {""name"": ""white potato"", ""label"": ""White potato x4"", ""in_box"": 4}]"
2026-06-30,2026-06-19,3cc7f991-d327-4981-ae80-fe0b65e95a75,16764,Pan-Fried Double Salmon With Mediterranean-Style Rice,True,3.5,424,804,50.5,38.7,7.7,65.0,6.7,5.1,2.27,189,11.9,9.1,1.8,15.3,1.6,1.2,0.54,1,25,full-prep,no spice,20 minute meals,Dairy Free; Gluten Free,0,0,True,"[{""name"": ""white long grain rice"", ""label"": ""White long grain rice (130g)"", ""in_box"": 1}, {""name"": ""skin on salmon fillets"", ""label"": ""Skin on salmon fillets (2pcs) x2"", ""in_box"": 2}, {""name"": ""capers"", ""label"": ""Capers (20g)"", ""in_box"": 1}, {""name"": ""intense vegetable stock mix"", ""label"": ""Intense vegetable stock mix (5.5g)"", ""in_box"": 1}, {""name"": ""garlic clove"", ""label"": ""Garlic clove x2"", ""in_box"": 2}, {""name"": ""parsley"", ""label"": ""Parsley (5g)"", ""in_box"": 1}, {""name"": ""brown onion"", ""label"": ""Brown onion"", ""in_box"": 1}, {""name"": ""balsamic sun-dried tomato paste"", ""label"": ""Balsamic sun-dried tomato paste (30g)"", ""in_box"": 1}, {""name"": ""cherry tomatoes"", ""label"": ""Cherry tomatoes (125g)"", ""in_box"": 1}]"
2026-06-30,2026-06-19,131782bb-02f3-4907-9fb4-a0017564cd85,2362,Pan-Fried Salmon And Avocado Salad With Orange-Miso Dressing,True,2.0,478,620,33.1,39.6,7.3,33.9,13.2,10.0,1.67,129,6.9,8.3,1.5,7.1,2.8,2.1,0.35,2,25,full-prep,no spice,Fine Dine In,Dairy Free,4.13,1470,True,"[{""name"": ""quinoa"", ""label"": ""Quinoa (70g)"", ""in_box"": 1}, {""name"": ""white miso paste"", ""label"": ""White miso paste (30g)"", ""in_box"": 1}, {""name"": ""spring onion"", ""label"": ""Spring onion x2"", ""in_box"": 2}, {""name"": ""skin-on salmon fillets"", ""label"": ""Skin-on salmon fillets (2pcs)"", ""in_box"": 1}, {""name"": ""toasted sesame seeds"", ""label"": ""Toasted sesame seeds (5g)"", ""in_box"": 1}, {""name"": ""avocado"", ""label"": ""Avocado"", ""in_box"": 1}, {""name"": ""coriander"", ""label"": ""Coriander (5g)"", ""in_box"": 1}, {""name"": ""rice vinegar"", ""label"": ""Rice vinegar (15ml)"", ""in_box"": 1}, {""name"": ""rocket"", ""label"": ""Rocket (50g)"", ""in_box"": 1}, {""name"": ""orange"", ""label"": ""Orange x2"", ""in_box"": 2}, {""name"": ""sweet pea pods"", ""label"": ""Sweet pea pods (80g)"", ""in_box"": 1}]"
2026-06-30,2026-06-19,18671559-1c41-45a7-99bc-56eb672f03eb,7825,Paneer Butter Masala With Rice,False,0.0,350,586,27.7,21.9,13.0,66.7,15.4,5.6,3.07,167,7.9,6.3,3.7,19.0,4.4,1.6,0.88,2,25,full-prep,mild,Global Kitchen,Gluten Free; Vegetarian,4.29,4203,True,"[{""name"": ""red pepper"", ""label"": ""Red pepper"", ""in_box"": 1}, {""name"": ""ground turmeric"", ""label"": ""Ground turmeric (0.5tsp)"", ""in_box"": 1}, {""name"": ""white basmati rice"", ""label"": ""White basmati rice (130g)"", ""in_box"": 1}, {""name"": ""spring onion"", ""label"": ""Spring onion"", ""in_box"": 1}, {""name"": ""garam masala"", ""label"": ""Garam masala (1tsp)"", ""in_box"": 1}, {""name"": ""intense vegetable stock mix"", ""label"": ""Intense vegetable stock mix (5.5g)"", ""in_box"": 1}, {""name"": ""curry powder"", ""label"": ""Curry powder (1tbsp)"", ""in_box"": 1}, {""name"": ""brown onion"", ""label"": ""Brown onion"", ""in_box"": 1}, {""name"": ""natural yoghurt"", ""label"": ""Natural yoghurt (80g)"", ""in_box"": 1}, {""name"": ""paneer"", ""label"": ""Paneer (200g)"", ""in_box"": 1}, {""name"": ""ginger & garlic paste"", ""label"": ""Ginger & garlic paste (15g)"", ""in_box"": 1}, {""name"": ""tomato paste"", ""label"": ""Tomato paste (16g) x2"", ""in_box"": 2}]"
2026-06-30,2026-06-19,67d80df5-47f4-413a-9ee5-32c0b807eaa3,4711,Pepper & Tomato Sauce With Tomato & Mozzarella Tortelloni,False,0.0,424,469,22.9,16.1,7.0,59.4,15.7,5.5,2.14,110,5.4,3.8,1.7,14.0,3.7,1.3,0.51,3,10,full-prep,no spice,Pasta Pronto,Vegetarian,4.25,20146,True,"[{""name"": ""dried oregano"", ""label"": ""Dried oregano (1tsp)"", ""in_box"": 1}, {""name"": ""green pepper"", ""label"": ""Green pepper"", ""in_box"": 1}, {""name"": ""finely chopped tomatoes"", ""label"": ""Finely chopped tomatoes (200g) x2"", ""in_box"": 2}, {""name"": ""garlic clove"", ""label"": ""Garlic clove"", ""in_box"": 1}, {""name"": ""tomato & mozzarella tortelloni"", ""label"": ""Tomato & mozzarella tortelloni (250g)"", ""in_box"": 1}, {""name"": ""basil"", ""label"": ""Basil (5g)"", ""in_box"": 1}, {""name"": ""grated Italian hard cheese"", ""label"": ""Grated Italian hard cheese (30g)"", ""in_box"": 1}, {""name"": ""vegetable stock mix"", ""label"": ""Vegetable stock mix (5.5g)"", ""in_box"": 1}, {""name"": ""balsamic vinegar"", ""label"": ""Balsamic vinegar (15ml)"", ""in_box"": 1}]"
2026-06-30,2026-06-19,c89b4d97-5ec8-4ae1-95a7-d6ef63269f46,807,Pepper Risotto With Herb-Rolled Goats' Cheese,False,0.0,395,464,15.9,9.9,6.5,75.6,13.1,6.7,1.78,117,4.0,2.5,1.6,19.2,3.3,1.7,0.45,4,50,full-prep,no spice,Modern Bistro,Vegetarian; Gluten Free,4.22,10037,True,"[{""name"": ""red pepper"", ""label"": ""Red pepper"", ""in_box"": 1}, {""name"": ""intense vegetable stock mix"", ""label"": ""Intense vegetable stock mix (5.5g)"", ""in_box"": 1}, {""name"": ""soft goats' cheese"", ""label"": ""Soft goats' cheese (75g)"", ""in_box"": 1}, {""name"": ""garlic clove"", ""label"": ""Garlic clove x2"", ""in_box"": 2}, {""name"": ""brown onion"", ""label"": ""Brown onion"", ""in_box"": 1}, {""name"": ""arborio rice"", ""label"": ""Arborio rice (160g)"", ""in_box"": 1}, {""name"": ""tomato paste"", ""label"": ""Tomato paste (16g) x2"", ""in_box"": 2}, {""name"": ""Chinese rice wine"", ""label"": ""Chinese rice wine (15ml)"", ""in_box"": 1}, {""name"": ""parsley"", ""label"": ""Parsley (10g)"", ""in_box"": 1}, {""name"": ""cherry tomatoes"", ""label"": ""Cherry tomatoes (250g)"", ""in_box"": 1}, {""name"": ""red wine vinegar"", ""label"": ""Red wine vinegar (15ml)"", ""in_box"": 1}]"
2026-06-30,2026-06-19,39fe44dd-30d4-472e-b5f1-464f73eb6d00,7960,Peppercorn Steak Kebabs With Béarnaise-Style Dip,True,3.0,442,728,36.8,46.6,9.6,41.9,10.3,5.3,2.08,164,8.3,10.5,2.2,9.5,2.3,1.2,0.47,1,40,full-prep,mild,Gastropub,,4.44,451,True,"[{""name"": ""rump pavé steak"", ""label"": ""Rump pavé steak (300g)"", ""in_box"": 1}, {""name"": ""mayonnaise"", ""label"": ""Mayonnaise (50ml)"", ""in_box"": 1}, {""name"": ""parsley and tarragon pesto"", ""label"": ""Parsley and tarragon pesto (40g)"", ""in_box"": 1}, {""name"": ""baby leaf salad"", ""label"": ""Baby leaf salad (50g)"", ""in_box"": 1}, {""name"": ""Henderson's Relish"", ""label"": ""Henderson's Relish (15ml)"", ""in_box"": 1}, {""name"": ""ketjap manis"", ""label"": ""Ketjap manis (20g)"", ""in_box"": 1}, {""name"": ""skewers"", ""label"": ""Skewers x6"", ""in_box"": 6}, {""name"": ""balsamic vinegar"", ""label"": ""Balsamic vinegar (15ml)"", ""in_box"": 1}, {""name"": ""red onion"", ""label"": ""Red onion"", ""in_box"": 1}, {""name"": ""white potato"", ""label"": ""White potato x3"", ""in_box"": 3}, {""name"": ""cracked black pepper"", ""label"": ""Cracked black pepper (2.5g)"", ""in_box"": 1}, {""name"": ""Dijon mustard"", ""label"": ""Dijon mustard (5.5g)"", ""in_box"": 1}]"
2026-06-30,2026-06-19,75dc3e7b-86a9-4c34-b581-42834ac86cad,1829,Pepperoni Pizza With Balsamic Salad,False,0.0,420,661,27.7,25.1,11.2,78.9,11.9,7.5,2.13,157,6.6,6.0,2.7,18.8,2.8,1.8,0.51,4,30,full-prep,mild,Takeaway Night,,4.38,17987,True,"[{""name"": ""dried oregano"", ""label"": ""Dried oregano (1tsp)"", ""in_box"": 1}, {""name"": ""flame-baked pizza bases"", ""label"": ""Flame-baked pizza bases (2pcs)"", ""in_box"": 1}, {""name"": ""sliced pepperoni"", ""label"": ""Sliced pepperoni (30g)"", ""in_box"": 1}, {""name"": ""tomato paste"", ""label"": ""Tomato paste (32g) x2"", ""in_box"": 2}, {""name"": ""garlic clove"", ""label"": ""Garlic clove"", ""in_box"": 1}, {""name"": ""mozzarella"", ""label"": ""Mozzarella (125g)"", ""in_box"": 1}, {""name"": ""rocket"", ""label"": ""Rocket (50g)"", ""in_box"": 1}, {""name"": ""cherry tomatoes"", ""label"": ""Cherry tomatoes (250g)"", ""in_box"": 1}, {""name"": ""balsamic vinegar"", ""label"": ""Balsamic vinegar (15ml)"", ""in_box"": 1}]"
2026-06-30,2026-06-19,41fa5e54-0003-4259-af9b-4ab1ed72c15b,7301,Pepperoni Pizza With Hot Honey,False,0.0,396,692,27.0,24.7,11.1,88.3,19.6,7.5,2.13,174,6.8,6.2,2.8,22.3,5.0,1.9,0.54,3,35,full-prep,spicy,Family Kitchen,,4.48,9818,True,"[{""name"": ""dried oregano"", ""label"": ""Dried oregano (1tsp)"", ""in_box"": 1}, {""name"": ""red pepper"", ""label"": ""Red pepper"", ""in_box"": 1}, {""name"": ""dried chilli flakes"", ""label"": ""Dried chilli flakes (0.5tsp)"", ""in_box"": 1}, {""name"": ""mini cosberg lettuce"", ""label"": ""Mini cosberg lettuce"", ""in_box"": 1}, {""name"": ""flame-baked pizza bases"", ""label"": ""Flame-baked pizza bases (2pcs)"", ""in_box"": 1}, {""name"": ""sliced pepperoni"", ""label"": ""Sliced pepperoni (30g)"", ""in_box"": 1}, {""name"": ""garlic clove"", ""label"": ""Garlic clove"", ""in_box"": 1}, {""name"": ""mozzarella"", ""label"": ""Mozzarella (125g)"", ""in_box"": 1}, {""name"": ""tomato paste"", ""label"": ""Tomato paste (16g) x4"", ""in_box"": 4}, {""name"": ""balsamic vinegar"", ""label"": ""Balsamic vinegar (15ml)"", ""in_box"": 1}, {""name"": ""honey"", ""label"": ""Honey (25g)"", ""in_box"": 1}]"
2026-06-30,2026-06-19,233a0f64-0bfd-4652-a2cf-99a257d246b1,1651,Peri Peri Chicken & Pepper Rice,False,0.0,410,404,33.2,8.2,1.7,49.5,6.9,4.0,1.59,98,8.1,2.0,0.4,12.1,1.7,1.0,0.39,1,10,full-prep,spicy,10-Minute,Dairy Free; Gluten Free,4.09,21413,True,"[{""name"": ""cooked white long grain rice"", ""label"": ""Cooked white long grain rice (280g)"", ""in_box"": 1}, {""name"": ""dried oregano"", ""label"": ""Dried oregano (1tsp)"", ""in_box"": 1}, {""name"": ""chicken breast strips"", ""label"": ""Chicken breast strips (250g)"", ""in_box"": 1}, {""name"": ""red pepper"", ""label"": ""Red pepper"", ""in_box"": 1}, {""name"": ""cayenne pepper"", ""label"": ""Cayenne pepper (0.5tsp)"", ""in_box"": 1}, {""name"": ""spring onion"", ""label"": ""Spring onion"", ""in_box"": 1}, {""name"": ""ground smoked paprika"", ""label"": ""Ground smoked paprika (1tsp)"", ""in_box"": 1}, {""name"": ""chipotle paste"", ""label"": ""Chipotle paste (20g)"", ""in_box"": 1}, {""name"": ""intense chicken stock mix"", ""label"": ""Intense chicken stock mix (5.5g)"", ""in_box"": 1}, {""name"": ""lemon"", ""label"": ""Lemon"", ""in_box"": 1}, {""name"": ""roasted garlic paste"", ""label"": ""Roasted garlic paste (15g)"", ""in_box"": 1}]"
2026-06-30,2026-06-19,bd77851b-2745-4f66-91b2-532f22b333cb,5794,Plant-Based Garlic & Coriander Butter Chickpea Burritos,False,0.0,419,788,25.3,18.0,7.9,125.3,9.1,12.9,2.11,188,6.0,4.3,1.9,29.9,2.2,3.1,0.5,3,35,full-prep,spicy,Global Kitchen,Vegan; Vegetarian; Dairy Free,4.19,5282,True,"[{""name"": ""cultured coconut"", ""label"": ""Cultured coconut (80g)"", ""in_box"": 1}, {""name"": ""plain tortillas"", ""label"": ""Plain tortillas (4pcs)"", ""in_box"": 1}, {""name"": ""white basmati rice"", ""label"": ""White basmati rice (100g)"", ""in_box"": 1}, {""name"": ""tomato paste"", ""label"": ""Tomato paste (32g)"", ""in_box"": 1}, {""name"": ""curry powder"", ""label"": ""Curry powder (1tbsp)"", ""in_box"": 1}, {""name"": ""garlic clove"", ""label"": ""Garlic clove"", ""in_box"": 1}, {""name"": ""garam masala"", ""label"": ""Garam masala (1tbsp)"", ""in_box"": 1}, {""name"": ""coriander"", ""label"": ""Coriander (10g)"", ""in_box"": 1}, {""name"": ""chickpeas"", ""label"": ""Chickpeas (390g)"", ""in_box"": 1}, {""name"": ""shallot"", ""label"": ""Shallot"", ""in_box"": 1}, {""name"": ""vegetable stock mix"", ""label"": ""Vegetable stock mix (5.5g)"", ""in_box"": 1}, {""name"": ""ginger & garlic paste"", ""label"": ""Ginger & garlic paste (15g)"", ""in_box"": 1}, {""name"": ""spinach"", ""label"": ""Spinach (80g)"", ""in_box"": 1}, {""name"": ""cardamom pod"", ""label"": ""Cardamom pod"", ""in_box"": 1}]"
2026-06-30,2026-06-19,633f161f-043e-4983-8794-008783c38dc0,4133,Popcorn Chicken Thigh Cobb Salad With Ranch-Style Dressing,False,0.0,504,579,31.8,36.6,5.5,32.5,10.9,5.8,0.55,114,6.3,7.2,1.1,6.4,2.2,1.1,0.11,4,40,full-prep,mild,Global Kitchen,Dairy Free; Gluten Free,4.2,4140,True,"[{""name"": ""dried oregano"", ""label"": ""Dried oregano (1tsp)"", ""in_box"": 1}, {""name"": ""ground turmeric"", ""label"": ""Ground turmeric (0.5tsp)"", ""in_box"": 1}, {""name"": ""free range egg"", ""label"": ""Free range egg"", ""in_box"": 1}, {""name"": ""diced chicken thigh"", ""label"": ""Diced chicken thigh (250g)"", ""in_box"": 1}, {""name"": ""mayonnaise"", ""label"": ""Mayonnaise (50ml)"", ""in_box"": 1}, {""name"": ""Sweetcorn"", ""label"": ""Sweetcorn (150g)"", ""in_box"": 1}, {""name"": ""cornflour"", ""label"": ""Cornflour (4tbsp)"", ""in_box"": 1}, {""name"": ""ground smoked paprika"", ""label"": ""Ground smoked paprika (2tsp)"", ""in_box"": 1}, {""name"": ""garlic clove"", ""label"": ""Garlic clove"", ""in_box"": 1}, {""name"": ""tomato"", ""label"": ""Tomato x2"", ""in_box"": 2}, {""name"": ""cucumber"", ""label"": ""Cucumber (0.5pcs)"", ""in_box"": 1}, {""name"": ""gem lettuce"", ""label"": ""Gem lettuce"", ""in_box"": 1}, {""name"": ""white wine vinegar"", ""label"": ""White wine vinegar (15ml)"", ""in_box"": 1}]"
2026-06-30,2026-06-19,5a759ce0-6cd8-4cb9-8dba-dacd54a8b074,15898,Puttanesca-Style Sauce W. Tomato Tortelloni & A Chicken Breast,True,1.5,392,549,44.3,18.2,5.3,51.9,9.0,3.9,2.08,140,11.3,4.6,1.4,13.2,2.3,1.0,0.53,1,25,full-prep,no spice,20 minute meals,,4.47,15,True,"[{""name"": ""chicken breast portions"", ""label"": ""Chicken breast portions (2pcs)"", ""in_box"": 1}, {""name"": ""capers"", ""label"": ""Capers (20g)"", ""in_box"": 1}, {""name"": ""finely chopped tomatoes"", ""label"": ""Finely chopped tomatoes (200g)"", ""in_box"": 1}, {""name"": ""black olives"", ""label"": ""Black olives (40g)"", ""in_box"": 1}, {""name"": ""garlic clove"", ""label"": ""Garlic clove x3"", ""in_box"": 3}, {""name"": ""tomato & mozzarella tortelloni"", ""label"": ""Tomato & mozzarella tortelloni (250g)"", ""in_box"": 1}, {""name"": ""parsley"", ""label"": ""Parsley (5g)"", ""in_box"": 1}]"
2026-06-30,2026-06-19,798e9279-4f23-4c80-926c-e19dcb8fb723,7003,Puttanesca-Style Sauce With Fresh Orecchiette,False,0.0,269,422,14.1,4.8,0.8,79.3,6.3,4.3,2.04,156,5.2,1.8,0.3,29.5,2.3,1.6,0.76,1,10,full-prep,no spice,Pasta Pronto,Vegan; Vegetarian; Dairy Free,4.25,5548,True,"[{""name"": ""capers"", ""label"": ""Capers (20g)"", ""in_box"": 1}, {""name"": ""finely chopped tomatoes"", ""label"": ""Finely chopped tomatoes (200g)"", ""in_box"": 1}, {""name"": ""intense vegetable stock mix"", ""label"": ""Intense vegetable stock mix (5.5g)"", ""in_box"": 1}, {""name"": ""black olives"", ""label"": ""Black olives (40g)"", ""in_box"": 1}, {""name"": ""garlic clove"", ""label"": ""Garlic clove x3"", ""in_box"": 3}, {""name"": ""parsley"", ""label"": ""Parsley (5g)"", ""in_box"": 1}, {""name"": ""fresh orecchiette"", ""label"": ""Fresh orecchiette (250g)"", ""in_box"": 1}]"
2026-06-30,2026-06-19,a9841fe9-34c3-4cbe-acf9-e3a85b0c0c96,13208,"Red Pepper, Sweet Potato & Pea Paella And Baked Halloumi Tapas Feast",True,2.0,724,991,37.6,38.8,17.6,127.1,27.3,14.9,4.31,136,5.2,5.4,2.4,17.6,3.8,2.1,0.59,4,50,full-prep,mild,Fine Dine In,Vegetarian; Gluten Free,0,0,True,"[{""name"": ""red pepper"", ""label"": ""Red pepper"", ""in_box"": 1}, {""name"": ""finely chopped tomatoes"", ""label"": ""Finely chopped tomatoes (200g)"", ""in_box"": 1}, {""name"": ""intense vegetable stock mix"", ""label"": ""Intense vegetable stock mix (5.5g)"", ""in_box"": 1}, {""name"": ""ground smoked paprika"", ""label"": ""Ground smoked paprika (2tsp)"", ""in_box"": 1}, {""name"": ""mayonnaise"", ""label"": ""Mayonnaise (25ml)"", ""in_box"": 1}, {""name"": ""garlic clove"", ""label"": ""Garlic clove x4"", ""in_box"": 4}, {""name"": ""parsley"", ""label"": ""Parsley (5g)"", ""in_box"": 1}, {""name"": ""blanched peas"", ""label"": ""Blanched peas (160g)"", ""in_box"": 1}, {""name"": ""lemon"", ""label"": ""Lemon"", ""in_box"": 1}, {""name"": ""arborio rice"", ""label"": ""Arborio rice (160g)"", ""in_box"": 1}, {""name"": ""balsamic sun-dried tomato paste"", ""label"": ""Balsamic sun-dried tomato paste (30g)"", ""in_box"": 1}, {""name"": ""halloumi"", ""label"": ""Halloumi (200g)"", ""in_box"": 1}, {""name"": ""sweet potato"", ""label"": ""Sweet potato x2"", ""in_box"": 2}]"
2026-06-30,2026-06-19,7f53d357-6ad7-4ead-a39d-67a093a8d6f6,15381,Red Thai Chicken Curry With Rice & Greens,False,0.0,330,475,37.3,20.6,10.3,33.3,4.9,7.5,1.66,144,11.3,6.2,3.1,10.1,1.5,2.3,0.5,2,20,full-prep,spicy,Nutrient Rich,Dairy Free,4.05,220,True,"[{""name"": ""solid creamed coconut"", ""label"": ""Solid creamed coconut (25g)"", ""in_box"": 1}, {""name"": ""soy sauce"", ""label"": ""Soy sauce (8ml)"", ""in_box"": 1}, {""name"": ""chicken breast portions"", ""label"": ""Chicken breast portions (2pcs)"", ""in_box"": 1}, {""name"": ""garlic clove"", ""label"": ""Garlic clove"", ""in_box"": 1}, {""name"": ""brown long grain rice"", ""label"": ""Brown long grain rice (65g)"", ""in_box"": 1}, {""name"": ""red Thai curry paste"", ""label"": ""Red Thai curry paste (40g)"", ""in_box"": 1}, {""name"": ""fine green beans"", ""label"": ""Fine green beans (160g)"", ""in_box"": 1}, {""name"": ""spinach"", ""label"": ""Spinach (80g)"", ""in_box"": 1}, {""name"": ""roasted peanuts"", ""label"": ""Roasted peanuts (25g)"", ""in_box"": 1}]"
2026-06-30,2026-06-19,698c99e2-3ca6-491e-884c-866b3d634509,2245,Roasted Heritage Tomato & Caramelised Onion Tart,False,0.0,410,537,13.8,23.7,11.7,68.7,10.8,6.8,0.5,130,3.4,5.8,2.9,16.8,2.6,1.7,0.12,2,45,full-prep,no spice,Modern Bistro,Vegetarian,4.46,6654,True,"[{""name"": ""puff pastry"", ""label"": ""Puff pastry (160g)"", ""in_box"": 1}, {""name"": ""grated Italian hard cheese"", ""label"": ""Grated Italian hard cheese (30g)"", ""in_box"": 1}, {""name"": ""basil"", ""label"": ""Basil (10g)"", ""in_box"": 1}, {""name"": ""rocket"", ""label"": ""Rocket (20g)"", ""in_box"": 1}, {""name"": ""cherry tomatoes"", ""label"": ""Cherry tomatoes (125g)"", ""in_box"": 1}, {""name"": ""balsamic vinegar"", ""label"": ""Balsamic vinegar (15ml)"", ""in_box"": 1}, {""name"": ""red onion"", ""label"": ""Red onion x2"", ""in_box"": 2}, {""name"": ""white potato"", ""label"": ""White potato x3"", ""in_box"": 3}]"
2026-06-30,2026-06-19,033b34e9-f4b2-42ed-ae82-91d016807ebc,9223,Rump Steak With Cowboy Butter Sauce & Sweet Potato Mash,True,1.75,496,652,36.5,37.2,8.3,46.8,13.4,6.7,0.65,131,7.4,7.5,1.7,9.4,2.7,1.4,0.13,3,25,full-prep,spicy,Protein Hit,Dairy Free,0,0,True,"[{""name"": ""dried chilli flakes"", ""label"": ""Dried chilli flakes (0.5tsp)"", ""in_box"": 1}, {""name"": ""rump pavé steak"", ""label"": ""Rump pavé steak (300g)"", ""in_box"": 1}, {""name"": ""mayonnaise"", ""label"": ""Mayonnaise (50ml)"", ""in_box"": 1}, {""name"": ""ground smoked paprika"", ""label"": ""Ground smoked paprika (2tsp)"", ""in_box"": 1}, {""name"": ""garlic clove"", ""label"": ""Garlic clove"", ""in_box"": 1}, {""name"": ""lemon"", ""label"": ""Lemon"", ""in_box"": 1}, {""name"": ""chives"", ""label"": ""Chives (5g)"", ""in_box"": 1}, {""name"": ""spinach"", ""label"": ""Spinach (120g)"", ""in_box"": 1}, {""name"": ""sweet potato"", ""label"": ""Sweet potato x2"", ""in_box"": 2}, {""name"": ""Dijon mustard"", ""label"": ""Dijon mustard (5.5g)"", ""in_box"": 1}]"
2026-06-30,2026-06-19,1e12b6fc-6585-4c61-b35f-6368bdf88df2,2888,Saag Aloo With Peas And Pitta,False,0.0,432,488,16.2,12.9,8.7,77.6,17.4,14.0,1.53,112,3.7,3.0,2.0,18.0,4.0,3.2,0.35,3,10,full-prep,mild,10-Minute,Vegan; Vegetarian; Dairy Free,4.31,38567,True,"[{""name"": ""mango chutney"", ""label"": ""Mango chutney (20g)"", ""in_box"": 1}, {""name"": ""solid creamed coconut"", ""label"": ""Solid creamed coconut (25g)"", ""in_box"": 1}, {""name"": ""ground turmeric"", ""label"": ""Ground turmeric (0.5tsp)"", ""in_box"": 1}, {""name"": ""waxy potatoes"", ""label"": ""Waxy potatoes (350g)"", ""in_box"": 1}, {""name"": ""cumin seeds"", ""label"": ""Cumin seeds (1tsp)"", ""in_box"": 1}, {""name"": ""red chilli"", ""label"": ""Red chilli"", ""in_box"": 1}, {""name"": ""wholemeal pittas"", ""label"": ""Wholemeal pittas (2pcs)"", ""in_box"": 1}, {""name"": ""curry powder"", ""label"": ""Curry powder (0.5tbsp)"", ""in_box"": 1}, {""name"": ""blanched peas"", ""label"": ""Blanched peas (160g)"", ""in_box"": 1}, {""name"": ""vegetable stock mix"", ""label"": ""Vegetable stock mix (5.5g)"", ""in_box"": 1}, {""name"": ""ginger & garlic paste"", ""label"": ""Ginger & garlic paste (15g)"", ""in_box"": 1}, {""name"": ""tomato paste"", ""label"": ""Tomato paste (16g)"", ""in_box"": 1}, {""name"": ""black sesame seeds"", ""label"": ""Black sesame seeds (5g)"", ""in_box"": 1}, {""name"": ""spinach"", ""label"": ""Spinach (120g)"", ""in_box"": 1}]"
2026-06-30,2026-06-19,8973d1f8-3c68-488d-b0db-6705db54b4d4,8197,Salmon With Spicy Sesame Noodles,True,2.75,,599,35.6,25.6,,57.3,,6.8,1.86,,,,,,,,,2,10,full-prep,spicy,Ultimate Fakeaway,Dairy Free,4.37,284,True,
2026-06-30,2026-06-19,091f92f1-f851-48a6-9455-12fe3576bcce,3153,Salt & Pepper Chicken Breast With Egg Fried Rice,True,0.7,366,589,41.4,12.4,2.7,81.8,6.0,6.0,1.5,161,11.3,3.4,0.7,22.4,1.6,1.6,0.41,1,40,full-prep,spicy,Takeaway Night,Dairy Free,4.39,40186,True,"[{""name"": ""white long grain rice"", ""label"": ""White long grain rice (130g)"", ""in_box"": 1}, {""name"": ""free range egg"", ""label"": ""Free range egg"", ""in_box"": 1}, {""name"": ""spring onion"", ""label"": ""Spring onion x3"", ""in_box"": 3}, {""name"": ""red chilli"", ""label"": ""Red chilli"", ""in_box"": 1}, {""name"": ""diced chicken breast"", ""label"": ""Diced chicken breast (250g)"", ""in_box"": 1}, {""name"": ""cornflour"", ""label"": ""Cornflour (4tbsp)"", ""in_box"": 1}, {""name"": ""five-spice mix"", ""label"": ""Five-spice mix (1tsp)"", ""in_box"": 1}, {""name"": ""garlic clove"", ""label"": ""Garlic clove"", ""in_box"": 1}, {""name"": ""fresh root ginger"", ""label"": ""Fresh root ginger (15g)"", ""in_box"": 1}, {""name"": ""toasted sesame oil"", ""label"": ""Toasted sesame oil (10ml)"", ""in_box"": 1}, {""name"": ""blanched peas"", ""label"": ""Blanched peas (160g)"", ""in_box"": 1}, {""name"": ""soy sauce"", ""label"": ""Soy sauce (15ml)"", ""in_box"": 1}]"
2026-06-30,2026-06-19,713a4b14-8f56-45db-a4b4-e136128cd9eb,5537,Salt & Pepper Duck With Egg Fried Rice,True,2.75,319,793,33.3,44.9,12.5,67.7,6.0,6.1,1.56,248,10.4,14.1,3.9,21.2,1.9,1.9,0.49,1,40,full-prep,spicy,Takeaway Night,Dairy Free,4.17,1869,True,"[{""name"": ""white long grain rice"", ""label"": ""White long grain rice (130g)"", ""in_box"": 1}, {""name"": ""free range egg"", ""label"": ""Free range egg"", ""in_box"": 1}, {""name"": ""spring onion"", ""label"": ""Spring onion x3"", ""in_box"": 3}, {""name"": ""red chilli"", ""label"": ""Red chilli"", ""in_box"": 1}, {""name"": ""five-spice mix"", ""label"": ""Five-spice mix (1tsp)"", ""in_box"": 1}, {""name"": ""garlic clove"", ""label"": ""Garlic clove"", ""in_box"": 1}, {""name"": ""fresh root ginger"", ""label"": ""Fresh root ginger (15g)"", ""in_box"": 1}, {""name"": ""slow cooked duck legs"", ""label"": ""Slow cooked duck legs (2pcs)"", ""in_box"": 1}, {""name"": ""toasted sesame oil"", ""label"": ""Toasted sesame oil (10ml)"", ""in_box"": 1}, {""name"": ""blanched peas"", ""label"": ""Blanched peas (160g)"", ""in_box"": 1}, {""name"": ""soy sauce"", ""label"": ""Soy sauce (15ml)"", ""in_box"": 1}]"
2026-06-30,2026-06-19,0565c252-2c63-4ea0-b598-2ca4edc32689,3462,Salt & Pepper King Prawns With Egg Fried Rice,False,0.0,326,500,25.9,9.2,1.8,81.9,6.1,6.4,2.08,153,7.9,2.8,0.6,25.1,1.9,2.0,0.64,1,35,full-prep,spicy,Takeaway Night,Dairy Free,4.3,18764,False,"[{""name"": ""white long grain rice"", ""label"": ""White long grain rice (130g)"", ""in_box"": 1}, {""name"": ""free range egg"", ""label"": ""Free range egg"", ""in_box"": 1}, {""name"": ""raw peeled king prawns"", ""label"": ""Raw peeled king prawns (171g)"", ""in_box"": 1}, {""name"": ""spring onion"", ""label"": ""Spring onion x3"", ""in_box"": 3}, {""name"": ""red chilli"", ""label"": ""Red chilli"", ""in_box"": 1}, {""name"": ""cornflour"", ""label"": ""Cornflour (4tbsp)"", ""in_box"": 1}, {""name"": ""five-spice mix"", ""label"": ""Five-spice mix (1tsp)"", ""in_box"": 1}, {""name"": ""garlic clove"", ""label"": ""Garlic clove"", ""in_box"": 1}, {""name"": ""fresh root ginger"", ""label"": ""Fresh root ginger (15g)"", ""in_box"": 1}, {""name"": ""toasted sesame oil"", ""label"": ""Toasted sesame oil (10ml)"", ""in_box"": 1}, {""name"": ""blanched peas"", ""label"": ""Blanched peas (160g)"", ""in_box"": 1}, {""name"": ""soy sauce"", ""label"": ""Soy sauce (15ml)"", ""in_box"": 1}]"
2026-06-30,2026-06-19,138d0199-aa31-4da0-a1d7-d3e15fc40acb,8541,Sambal Chicken Loaded Rotis,False,0.0,378,598,30.0,24.5,3.1,62.2,7.8,7.6,2.37,158,7.9,6.5,0.8,16.5,2.1,2.0,0.63,1,10,full-prep,spicy,No Cook,Dairy Free,3.96,388,True,"[{""name"": ""sriracha hot chilli sauce"", ""label"": ""Sriracha hot chilli sauce (8ml)"", ""in_box"": 1}, {""name"": ""mayonnaise"", ""label"": ""Mayonnaise (25ml)"", ""in_box"": 1}, {""name"": ""roti"", ""label"": ""Roti (4pcs)"", ""in_box"": 1}, {""name"": ""cooked shredded chicken thighs"", ""label"": ""Cooked shredded chicken thighs (160g)"", ""in_box"": 1}, {""name"": ""sambal oelek"", ""label"": ""Sambal oelek (20g)"", ""in_box"": 1}, {""name"": ""carrot"", ""label"": ""Carrot"", ""in_box"": 1}, {""name"": ""soy sauce"", ""label"": ""Soy sauce (15ml)"", ""in_box"": 1}, {""name"": ""gem lettuce"", ""label"": ""Gem lettuce"", ""in_box"": 1}, {""name"": ""lime"", ""label"": ""Lime"", ""in_box"": 1}]"
2026-06-30,2026-06-19,3874ff04-aaeb-48e0-adce-4265c439e714,2201,Satay Sweet Potato & Kale Curry,False,0.0,384,592,27.1,26.8,6.4,62.9,14.6,17.2,2.43,154,7.1,7.0,1.7,16.4,3.8,4.5,0.63,3,30,full-prep,spicy,Global Kitchen,Vegan; Vegetarian; Dairy Free; Gluten Free,4.24,24338,True,"[{""name"": ""cultured coconut"", ""label"": ""Cultured coconut (80g)"", ""in_box"": 1}, {""name"": ""dried chilli flakes"", ""label"": ""Dried chilli flakes (0.5tsp)"", ""in_box"": 1}, {""name"": ""red lentils"", ""label"": ""Red lentils (100g)"", ""in_box"": 1}, {""name"": ""intense vegetable stock mix"", ""label"": ""Intense vegetable stock mix (5.5g)"", ""in_box"": 1}, {""name"": ""curry powder"", ""label"": ""Curry powder (1tbsp)"", ""in_box"": 1}, {""name"": ""fresh root ginger"", ""label"": ""Fresh root ginger (15g)"", ""in_box"": 1}, {""name"": ""brown onion"", ""label"": ""Brown onion"", ""in_box"": 1}, {""name"": ""tomato paste"", ""label"": ""Tomato paste (16g)"", ""in_box"": 1}, {""name"": ""coriander"", ""label"": ""Coriander (5g)"", ""in_box"": 1}, {""name"": ""shredded kale"", ""label"": ""Shredded kale (80g)"", ""in_box"": 1}, {""name"": ""lime"", ""label"": ""Lime"", ""in_box"": 1}, {""name"": ""roasted peanuts"", ""label"": ""Roasted peanuts (25g)"", ""in_box"": 1}, {""name"": ""smooth peanut butter"", ""label"": ""Smooth peanut butter (26g) x2"", ""in_box"": 2}, {""name"": ""sweet potato"", ""label"": ""Sweet potato"", ""in_box"": 1}]"
2026-06-30,2026-06-19,8cc2125c-6e6d-413e-9eac-cce6e02a521f,11777,Sesame Hoisin Chicken With Wedges And Slaw,False,0.0,408,352,32.7,5.2,1.2,45.7,13.6,6.2,1.74,86,8.0,1.3,0.3,11.2,3.3,1.5,0.42,1,35,full-prep,no spice,Takeaway Night,Dairy Free,4.27,2306,True,"[{""name"": ""chicken breast strips"", ""label"": ""Chicken breast strips (250g)"", ""in_box"": 1}, {""name"": ""spring onion"", ""label"": ""Spring onion"", ""in_box"": 1}, {""name"": ""carrot & cabbage slaw mix"", ""label"": ""Carrot & cabbage slaw mix (160g)"", ""in_box"": 1}, {""name"": ""garlic clove"", ""label"": ""Garlic clove"", ""in_box"": 1}, {""name"": ""fresh root ginger"", ""label"": ""Fresh root ginger (15g)"", ""in_box"": 1}, {""name"": ""toasted sesame seeds"", ""label"": ""Toasted sesame seeds (5g)"", ""in_box"": 1}, {""name"": ""hoisin sauce"", ""label"": ""Hoisin sauce (40g)"", ""in_box"": 1}, {""name"": ""rice vinegar"", ""label"": ""Rice vinegar (15ml)"", ""in_box"": 1}, {""name"": ""soy sauce"", ""label"": ""Soy sauce (15ml)"", ""in_box"": 1}, {""name"": ""white potato"", ""label"": ""White potato x3"", ""in_box"": 3}]"
2026-06-30,2026-06-19,e0d6c2c3-6009-458b-9608-dab9a6b46798,2873,Sesame Pork & Egg Fried Rice,False,0.0,466,626,37.3,25.9,6.7,61.9,14.8,7.9,2.65,134,8.0,5.6,1.4,13.3,3.2,1.7,0.57,1,10,full-prep,mild,10-Minute,Dairy Free,4.39,24862,True,"[{""name"": ""cooked white long grain rice"", ""label"": ""Cooked white long grain rice (280g)"", ""in_box"": 1}, {""name"": ""free range egg"", ""label"": ""Free range egg"", ""in_box"": 1}, {""name"": ""spring onion"", ""label"": ""Spring onion"", ""in_box"": 1}, {""name"": ""soy sauce"", ""label"": ""Soy sauce (8ml)"", ""in_box"": 1}, {""name"": ""sriracha hot chilli sauce"", ""label"": ""Sriracha hot chilli sauce (8ml) x2"", ""in_box"": 2}, {""name"": ""pork mince"", ""label"": ""Pork mince (250g)"", ""in_box"": 1}, {""name"": ""toasted sesame seeds"", ""label"": ""Toasted sesame seeds (5g)"", ""in_box"": 1}, {""name"": ""toasted sesame oil"", ""label"": ""Toasted sesame oil (10ml)"", ""in_box"": 1}, {""name"": ""blanched peas"", ""label"": ""Blanched peas (160g)"", ""in_box"": 1}, {""name"": ""ginger & garlic paste"", ""label"": ""Ginger & garlic paste (15g)"", ""in_box"": 1}, {""name"": ""ketjap manis"", ""label"": ""Ketjap manis (20g)"", ""in_box"": 1}, {""name"": ""carrot"", ""label"": ""Carrot"", ""in_box"": 1}]"
2026-06-30,2026-06-19,631b18a5-57fd-4e2a-be24-dabcc2c4e23d,1279,Sesame-Crusted Basa With Sweet Chilli Noodles,False,0.0,344,413,33.6,6.4,1.3,52.8,10.7,8.8,2.37,120,9.8,1.9,0.4,15.4,3.1,2.6,0.69,1,25,full-prep,spicy,20 minute meals,Dairy Free,4.21,7189,True,"[{""name"": ""white miso paste"", ""label"": ""White miso paste (30g)"", ""in_box"": 1}, {""name"": ""dried chilli flakes"", ""label"": ""Dried chilli flakes (1tsp)"", ""in_box"": 1}, {""name"": ""spring onion"", ""label"": ""Spring onion x2"", ""in_box"": 2}, {""name"": ""basa fillets"", ""label"": ""Basa fillets (2pcs)"", ""in_box"": 1}, {""name"": ""wholewheat noodle nests"", ""label"": ""Wholewheat noodle nests (2pcs)"", ""in_box"": 1}, {""name"": ""fresh root ginger"", ""label"": ""Fresh root ginger (15g)"", ""in_box"": 1}, {""name"": ""toasted sesame seeds"", ""label"": ""Toasted sesame seeds (5g)"", ""in_box"": 1}, {""name"": ""red chilli relish"", ""label"": ""Red chilli relish (25g)"", ""in_box"": 1}, {""name"": ""black sesame seeds"", ""label"": ""Black sesame seeds (5g)"", ""in_box"": 1}, {""name"": ""soy sauce"", ""label"": ""Soy sauce (15ml)"", ""in_box"": 1}, {""name"": ""Tenderstem broccoli"", ""label"": ""Tenderstem broccoli (160g)"", ""in_box"": 1}, {""name"": ""lime"", ""label"": ""Lime"", ""in_box"": 1}]"
2026-06-30,2026-06-19,15b8a2a8-bf50-43f8-8806-dd160d4da1a5,5457,Slow Cooker Three Bean Chilli With Potatoes,False,0.0,583,419,20.5,2.1,0.4,75.4,9.9,21.6,1.77,71,3.5,0.4,0.1,12.9,1.7,3.7,0.3,2,190,full-prep,mild,Slow Cooker,Vegan; Vegetarian; Dairy Free; Gluten Free,4.15,1516,True,"[{""name"": ""green chilli"", ""label"": ""Green chilli"", ""in_box"": 1}, {""name"": ""cumin seeds"", ""label"": ""Cumin seeds (1tsp)"", ""in_box"": 1}, {""name"": ""finely chopped tomatoes"", ""label"": ""Finely chopped tomatoes (200g)"", ""in_box"": 1}, {""name"": ""cannellini beans"", ""label"": ""Cannellini beans (185g)"", ""in_box"": 1}, {""name"": ""intense vegetable stock mix"", ""label"": ""Intense vegetable stock mix (5.5g)"", ""in_box"": 1}, {""name"": ""ground smoked paprika"", ""label"": ""Ground smoked paprika (2tsp)"", ""in_box"": 1}, {""name"": ""chipotle paste"", ""label"": ""Chipotle paste (20g)"", ""in_box"": 1}, {""name"": ""red kidney beans"", ""label"": ""Red kidney beans (390g)"", ""in_box"": 1}, {""name"": ""garlic clove"", ""label"": ""Garlic clove x3"", ""in_box"": 3}, {""name"": ""coriander"", ""label"": ""Coriander (10g)"", ""in_box"": 1}, {""name"": ""black beans"", ""label"": ""Black beans (185g)"", ""in_box"": 1}, {""name"": ""white wine vinegar"", ""label"": ""White wine vinegar (15ml)"", ""in_box"": 1}, {""name"": ""white potato"", ""label"": ""White potato x4"", ""in_box"": 4}]"
2026-06-30,2026-06-19,00c51ee2-e605-421a-87c0-03a52e4127e3,2762,Smoked Basa & Spinach Pilau Rice,False,0.0,347,336,23.2,6.8,1.6,45.6,2.8,2.2,2.21,96,6.7,2.0,0.5,13.1,0.8,0.6,0.64,1,10,full-prep,mild,10-Minute,Dairy Free; Gluten Free,4.19,34259,True,"[{""name"": ""cooked white long grain rice"", ""label"": ""Cooked white long grain rice (280g)"", ""in_box"": 1}, {""name"": ""dried chilli flakes"", ""label"": ""Dried chilli flakes (0.5tsp)"", ""in_box"": 1}, {""name"": ""ground turmeric"", ""label"": ""Ground turmeric (1tsp)"", ""in_box"": 1}, {""name"": ""spring onion"", ""label"": ""Spring onion"", ""in_box"": 1}, {""name"": ""lemon"", ""label"": ""Lemon"", ""in_box"": 1}, {""name"": ""smoked basa fillets"", ""label"": ""Smoked basa fillets (2pcs)"", ""in_box"": 1}, {""name"": ""vegetable stock mix"", ""label"": ""Vegetable stock mix (5.5g)"", ""in_box"": 1}, {""name"": ""ginger & garlic paste"", ""label"": ""Ginger & garlic paste (15g)"", ""in_box"": 1}, {""name"": ""spinach"", ""label"": ""Spinach (80g)"", ""in_box"": 1}]"
2026-06-30,2026-06-19,b56bff23-2317-42a5-a6e7-d4c35f3b7875,920,Smoked Basa & Sweetcorn Curry,False,0.0,364,511,28.4,13.8,9.6,71.1,11.2,8.9,2.46,140,7.8,3.8,2.6,19.5,3.1,2.4,0.68,2,40,full-prep,mild,Global Kitchen,Gluten Free; Dairy Free,4.18,3044,True,"[{""name"": ""brown long grain rice"", ""label"": ""Brown long grain rice (130g)"", ""in_box"": 1}, {""name"": ""solid creamed coconut"", ""label"": ""Solid creamed coconut (25g)"", ""in_box"": 1}, {""name"": ""ground turmeric"", ""label"": ""Ground turmeric (1tsp)"", ""in_box"": 1}, {""name"": ""red chilli"", ""label"": ""Red chilli"", ""in_box"": 1}, {""name"": ""Sweetcorn"", ""label"": ""Sweetcorn (150g)"", ""in_box"": 1}, {""name"": ""curry powder"", ""label"": ""Curry powder (1tbsp)"", ""in_box"": 1}, {""name"": ""garlic clove"", ""label"": ""Garlic clove x2"", ""in_box"": 2}, {""name"": ""fresh root ginger"", ""label"": ""Fresh root ginger (15g)"", ""in_box"": 1}, {""name"": ""brown onion"", ""label"": ""Brown onion"", ""in_box"": 1}, {""name"": ""smoked basa fillets"", ""label"": ""Smoked basa fillets (2pcs)"", ""in_box"": 1}, {""name"": ""vegetable stock mix"", ""label"": ""Vegetable stock mix (5.5g)"", ""in_box"": 1}, {""name"": ""spinach"", ""label"": ""Spinach (80g)"", ""in_box"": 1}]"
2026-06-30,2026-06-19,f7abd55f-d963-46c8-b9ab-462ce87739fb,5776,Smoked Basa With Creamy Cannellini Beans & Ciabatta,False,0.0,336,370,30.1,10.2,5.3,35.5,3.7,10.5,2.68,110,9.0,3.0,1.6,10.6,1.1,3.1,0.8,1,10,full-prep,no spice,10-Minute,,4.21,7299,True,"[{""name"": ""ciabatta"", ""label"": ""Ciabatta"", ""in_box"": 1}, {""name"": ""cannellini beans"", ""label"": ""Cannellini beans (390g)"", ""in_box"": 1}, {""name"": ""shallot"", ""label"": ""Shallot"", ""in_box"": 1}, {""name"": ""smoked basa fillets"", ""label"": ""Smoked basa fillets (2pcs)"", ""in_box"": 1}, {""name"": ""vegetable stock mix"", ""label"": ""Vegetable stock mix (5.5g)"", ""in_box"": 1}, {""name"": ""soft cheese"", ""label"": ""Soft cheese (50g)"", ""in_box"": 1}, {""name"": ""fine green beans"", ""label"": ""Fine green beans (80g)"", ""in_box"": 1}, {""name"": ""Dijon mustard"", ""label"": ""Dijon mustard (5.5g)"", ""in_box"": 1}]"
2026-06-30,2026-06-19,be86632a-0c3d-41fc-98c0-ce4b084aeb73,9757,Smoky Basa & Sweet Potato Bake With Green Veg,True,0.25,512,347,26.5,3.8,1.3,55.2,19.0,12.0,1.51,67,5.2,0.8,0.3,10.8,3.7,2.3,0.29,4,40,full-prep,no spice,Modern Bistro,Dairy Free; Gluten Free,0,0,True,"[{""name"": ""blanched peas"", ""label"": ""Blanched peas (160g)"", ""in_box"": 1}, {""name"": ""lemon"", ""label"": ""Lemon"", ""in_box"": 1}, {""name"": ""smoked basa fillets"", ""label"": ""Smoked basa fillets (2pcs)"", ""in_box"": 1}, {""name"": ""fine green beans"", ""label"": ""Fine green beans (160g)"", ""in_box"": 1}, {""name"": ""chives"", ""label"": ""Chives (5g)"", ""in_box"": 1}, {""name"": ""sweet potato"", ""label"": ""Sweet potato x2"", ""in_box"": 2}]"
2026-06-30,2026-06-19,fe8dbc94-c9b5-4180-a458-bce2ca76ae43,4861,Smoky Chicken & Pepper Pasta Bake,False,0.0,381,704,46.5,20.2,11.3,83.5,8.7,6.0,1.14,184,12.2,5.3,3.0,21.9,2.3,1.6,0.3,1,35,full-prep,spicy,Modern Bistro,,4.29,7267,True,"[{""name"": ""crème fraîche"", ""label"": ""Crème fraîche (80g)"", ""in_box"": 1}, {""name"": ""red pepper"", ""label"": ""Red pepper"", ""in_box"": 1}, {""name"": ""cayenne pepper"", ""label"": ""Cayenne pepper (0.5tsp)"", ""in_box"": 1}, {""name"": ""diced chicken breast"", ""label"": ""Diced chicken breast (250g)"", ""in_box"": 1}, {""name"": ""ground smoked paprika"", ""label"": ""Ground smoked paprika (1tsp)"", ""in_box"": 1}, {""name"": ""cheddar cheese"", ""label"": ""Cheddar cheese (40g)"", ""in_box"": 1}, {""name"": ""garlic clove"", ""label"": ""Garlic clove x2"", ""in_box"": 2}, {""name"": ""shallot"", ""label"": ""Shallot"", ""in_box"": 1}, {""name"": ""tomato paste"", ""label"": ""Tomato paste (16g)"", ""in_box"": 1}, {""name"": ""chicken stock mix"", ""label"": ""Chicken stock mix (5.5g)"", ""in_box"": 1}, {""name"": ""conchiglie"", ""label"": ""Conchiglie (200g)"", ""in_box"": 1}]"
2026-06-30,2026-06-19,66c03a5f-0203-4c36-a402-5dc9fd80e4fb,4302,Smoky Chipotle Fishcakes With Chilli Corn And Zingy Lime Mayo,False,0.0,552,480,27.0,14.6,2.2,63.2,15.0,8.0,1.58,87,4.9,2.6,0.4,11.5,2.7,1.5,0.29,2,50,full-prep,spicy,Global Kitchen,Dairy Free,4.29,19487,True,"[{""name"": ""dried chilli flakes"", ""label"": ""Dried chilli flakes (0.5tsp)"", ""in_box"": 1}, {""name"": ""ground smoked paprika"", ""label"": ""Ground smoked paprika (1tsp)"", ""in_box"": 1}, {""name"": ""Sweetcorn"", ""label"": ""Sweetcorn (150g)"", ""in_box"": 1}, {""name"": ""mayonnaise"", ""label"": ""Mayonnaise (25ml)"", ""in_box"": 1}, {""name"": ""panko breadcrumbs"", ""label"": ""Panko breadcrumbs (40g)"", ""in_box"": 1}, {""name"": ""chipotle paste"", ""label"": ""Chipotle paste (20g)"", ""in_box"": 1}, {""name"": ""tomato"", ""label"": ""Tomato x2"", ""in_box"": 2}, {""name"": ""smoked basa fillets"", ""label"": ""Smoked basa fillets (2pcs)"", ""in_box"": 1}, {""name"": ""coriander"", ""label"": ""Coriander (5g)"", ""in_box"": 1}, {""name"": ""lime"", ""label"": ""Lime"", ""in_box"": 1}, {""name"": ""red onion"", ""label"": ""Red onion"", ""in_box"": 1}, {""name"": ""white potato"", ""label"": ""White potato x3"", ""in_box"": 3}]"
2026-06-30,2026-06-19,b496b758-c800-433e-8627-b5f2dcb6d399,8542,Smoky Garlic Jumbo King Prawn & Pea Spaghetti,True,0.75,357,547,32.5,9.1,4.6,83.1,9.7,8.7,2.45,153,9.1,2.6,1.3,23.3,2.7,2.4,0.69,2,10,full-prep,mild,10-Minute,,4.05,152,True,"[{""name"": ""jumbo king prawns"", ""label"": ""Jumbo king prawns (212g)"", ""in_box"": 1}, {""name"": ""intense vegetable stock mix"", ""label"": ""Intense vegetable stock mix (5.5g)"", ""in_box"": 1}, {""name"": ""ground smoked paprika"", ""label"": ""Ground smoked paprika (2tsp)"", ""in_box"": 1}, {""name"": ""garlic clove"", ""label"": ""Garlic clove x2"", ""in_box"": 2}, {""name"": ""blanched peas"", ""label"": ""Blanched peas (160g)"", ""in_box"": 1}, {""name"": ""soft cheese"", ""label"": ""Soft cheese (50g)"", ""in_box"": 1}, {""name"": ""spinach"", ""label"": ""Spinach (80g)"", ""in_box"": 1}, {""name"": ""spaghetti"", ""label"": ""Spaghetti (190g)"", ""in_box"": 1}]"
2026-06-30,2026-06-19,c73c5ed1-0620-40ac-9c50-061c572804a8,7968,Southern Fried Chicken Schnitzel With Warm Green Chilli Potato Salad,False,0.0,489,458,35.5,15.0,2.0,46.2,5.4,5.4,0.32,93,7.3,3.1,0.4,9.5,1.1,1.1,0.06,2,35,full-prep,mild,Modern Bistro,Dairy Free,4.43,674,True,"[{""name"": ""green chilli"", ""label"": ""Green chilli"", ""in_box"": 1}, {""name"": ""waxy potatoes"", ""label"": ""Waxy potatoes (350g)"", ""in_box"": 1}, {""name"": ""spring onion"", ""label"": ""Spring onion"", ""in_box"": 1}, {""name"": ""chicken breast portions"", ""label"": ""Chicken breast portions (2pcs)"", ""in_box"": 1}, {""name"": ""mayonnaise"", ""label"": ""Mayonnaise (25ml)"", ""in_box"": 1}, {""name"": ""panko breadcrumbs"", ""label"": ""Panko breadcrumbs (40g)"", ""in_box"": 1}, {""name"": ""southern fried seasoning"", ""label"": ""Southern fried seasoning (1tbsp)"", ""in_box"": 1}, {""name"": ""cucumber"", ""label"": ""Cucumber (0.5pcs)"", ""in_box"": 1}, {""name"": ""gem lettuce"", ""label"": ""Gem lettuce"", ""in_box"": 1}, {""name"": ""white wine vinegar"", ""label"": ""White wine vinegar (15ml)"", ""in_box"": 1}]"
2026-06-30,2026-06-19,f2c46344-16eb-4c54-b25e-64213635189a,14895,"Southern Fried Chicken Thigh With Creamy Slaw, Chips & Gravy",False,0.0,429,620,35.3,36.2,5.6,40.8,7.2,6.8,1.14,144,8.2,8.4,1.3,9.5,1.7,1.6,0.27,1,35,full-prep,spicy,Classic Fakeaways,Dairy Free; Gluten Free,4.49,215,True,"[{""name"": ""carrot & cabbage slaw mix"", ""label"": ""Carrot & cabbage slaw mix (160g)"", ""in_box"": 1}, {""name"": ""skinless chicken thighs"", ""label"": ""Skinless chicken thighs (320g)"", ""in_box"": 1}, {""name"": ""mayonnaise"", ""label"": ""Mayonnaise (50ml)"", ""in_box"": 1}, {""name"": ""southern fried seasoning"", ""label"": ""Southern fried seasoning (1tbsp)"", ""in_box"": 1}, {""name"": ""garlic clove"", ""label"": ""Garlic clove"", ""in_box"": 1}, {""name"": ""gravy base"", ""label"": ""Gravy base (14g)"", ""in_box"": 1}, {""name"": ""white potato"", ""label"": ""White potato x3"", ""in_box"": 3}]"
2026-06-30,2026-06-19,69e24332-1e03-49f1-a8e9-c92a00aff1c4,7376,Spanish-Style Chorizo Orzo With Lemon Aioli,False,0.0,396,678,28.1,29.6,6.7,75.3,16.2,10.4,2.44,171,7.1,7.5,1.7,19.0,4.1,2.6,0.62,3,35,full-prep,no spice,Family Kitchen,,4.31,5235,True,"[{""name"": ""red pepper"", ""label"": ""Red pepper"", ""in_box"": 1}, {""name"": ""ground smoked paprika"", ""label"": ""Ground smoked paprika (2tsp)"", ""in_box"": 1}, {""name"": ""mayonnaise"", ""label"": ""Mayonnaise (25ml)"", ""in_box"": 1}, {""name"": ""diced chorizo"", ""label"": ""Diced chorizo (100g)"", ""in_box"": 1}, {""name"": ""garlic clove"", ""label"": ""Garlic clove x2"", ""in_box"": 2}, {""name"": ""parsley"", ""label"": ""Parsley (5g)"", ""in_box"": 1}, {""name"": ""brown onion"", ""label"": ""Brown onion"", ""in_box"": 1}, {""name"": ""blanched peas"", ""label"": ""Blanched peas (160g)"", ""in_box"": 1}, {""name"": ""lemon"", ""label"": ""Lemon"", ""in_box"": 1}, {""name"": ""tomato paste"", ""label"": ""Tomato paste (16g)"", ""in_box"": 1}, {""name"": ""chicken stock mix"", ""label"": ""Chicken stock mix (5.5g)"", ""in_box"": 1}, {""name"": ""orzo"", ""label"": ""Orzo (150g)"", ""in_box"": 1}]"
2026-06-30,2026-06-19,967a704d-ad0e-4eee-8f9f-a2049bd69c04,7299,Spanish-Style Pork & Beef Burger With Potatoes And Garlic Aioli,False,0.0,491,930,37.8,57.0,16.7,67.8,11.0,9.6,1.29,189,7.7,11.6,3.4,13.8,2.2,2.0,0.26,1,35,full-prep,no spice,Modern Bistro,,4.38,1162,True,"[{""name"": ""pork & beef mince"", ""label"": ""Pork & beef mince (250g)"", ""in_box"": 1}, {""name"": ""mayonnaise"", ""label"": ""Mayonnaise (50ml)"", ""in_box"": 1}, {""name"": ""ground smoked paprika"", ""label"": ""Ground smoked paprika (2tsp)"", ""in_box"": 1}, {""name"": ""cheddar cheese"", ""label"": ""Cheddar cheese (40g)"", ""in_box"": 1}, {""name"": ""garlic clove"", ""label"": ""Garlic clove x2"", ""in_box"": 2}, {""name"": ""brioche style buns"", ""label"": ""Brioche style buns (2pcs)"", ""in_box"": 1}, {""name"": ""sweet pointed pepper"", ""label"": ""Sweet pointed pepper"", ""in_box"": 1}, {""name"": ""rocket"", ""label"": ""Rocket (20g)"", ""in_box"": 1}, {""name"": ""red onion"", ""label"": ""Red onion"", ""in_box"": 1}, {""name"": ""white potato"", ""label"": ""White potato x3"", ""in_box"": 3}]"
2026-06-30,2026-06-19,37383b40-03c8-4b1f-84d7-3032700f19b5,8305,Speedy Caprese Glorious Grain Salad With Pesto Dressing,False,0.0,455,729,24.2,47.9,14.6,47.4,5.7,10.4,1.25,160,5.3,10.5,3.2,10.4,1.3,2.3,0.27,3,10,full-prep,no spice,No Cook,Vegetarian,4.42,620,True,"[{""name"": ""glorious grains"", ""label"": ""Glorious grains (250g)"", ""in_box"": 1}, {""name"": ""tomato"", ""label"": ""Tomato x2"", ""in_box"": 2}, {""name"": ""pumpkin seeds"", ""label"": ""Pumpkin seeds (15g)"", ""in_box"": 1}, {""name"": ""avocado"", ""label"": ""Avocado"", ""in_box"": 1}, {""name"": ""mozzarella"", ""label"": ""Mozzarella (125g)"", ""in_box"": 1}, {""name"": ""traditional Italian pesto"", ""label"": ""Traditional Italian pesto (45g)"", ""in_box"": 1}, {""name"": ""spinach"", ""label"": ""Spinach (80g)"", ""in_box"": 1}, {""name"": ""balsamic vinegar"", ""label"": ""Balsamic vinegar (15ml)"", ""in_box"": 1}]"
2026-06-30,2026-06-19,1faac000-f851-476a-a547-d0c8ef77ea7c,5265,Spiced Chicken Thigh & Chimichurri-Style Salad With Brown Rice,False,0.0,422,453,32.3,14.6,4.1,48.3,7.3,4.6,0.3,107,7.7,3.5,1.0,11.4,1.7,1.1,0.07,2,25,full-prep,spicy,20 minute meals,Gluten Free,4.2,11629,True,"[{""name"": ""dried oregano"", ""label"": ""Dried oregano (1tsp)"", ""in_box"": 1}, {""name"": ""dried chilli flakes"", ""label"": ""Dried chilli flakes (0.5tsp)"", ""in_box"": 1}, {""name"": ""diced chicken thigh"", ""label"": ""Diced chicken thigh (250g)"", ""in_box"": 1}, {""name"": ""ground cumin"", ""label"": ""Ground cumin (1tsp)"", ""in_box"": 1}, {""name"": ""ground smoked paprika"", ""label"": ""Ground smoked paprika (1tsp)"", ""in_box"": 1}, {""name"": ""garlic clove"", ""label"": ""Garlic clove x2"", ""in_box"": 2}, {""name"": ""tomato"", ""label"": ""Tomato"", ""in_box"": 1}, {""name"": ""shallot"", ""label"": ""Shallot"", ""in_box"": 1}, {""name"": ""natural yoghurt"", ""label"": ""Natural yoghurt (80g)"", ""in_box"": 1}, {""name"": ""cucumber"", ""label"": ""Cucumber (0.5pcs)"", ""in_box"": 1}, {""name"": ""gem lettuce"", ""label"": ""Gem lettuce"", ""in_box"": 1}, {""name"": ""red wine vinegar"", ""label"": ""Red wine vinegar (15ml)"", ""in_box"": 1}, {""name"": ""coriander & parsley"", ""label"": ""Coriander & parsley (10g)"", ""in_box"": 1}, {""name"": ""brown long grain rice"", ""label"": ""Brown long grain rice (100g)"", ""in_box"": 1}]"
2026-06-30,2026-06-19,450e1c2d-c6a5-4ac4-b3a3-f5504d50ed77,329,Spiced Lamb & Sweet Potato Curry,False,0.0,388,629,34.9,20.0,9.0,82.5,12.7,6.4,1.94,162,9.0,5.2,2.3,21.3,3.3,1.7,0.5,1,40,full-prep,mild,Global Kitchen,Gluten Free,4.23,14481,True,"[{""name"": ""brown long grain rice"", ""label"": ""Brown long grain rice (130g)"", ""in_box"": 1}, {""name"": ""ground cumin"", ""label"": ""Ground cumin (1tsp)"", ""in_box"": 1}, {""name"": ""intense chicken stock mix"", ""label"": ""Intense chicken stock mix (5.5g)"", ""in_box"": 1}, {""name"": ""curry powder"", ""label"": ""Curry powder (1tbsp)"", ""in_box"": 1}, {""name"": ""ground cinnamon"", ""label"": ""Ground cinnamon (0.5tsp)"", ""in_box"": 1}, {""name"": ""garlic clove"", ""label"": ""Garlic clove x2"", ""in_box"": 2}, {""name"": ""brown onion"", ""label"": ""Brown onion"", ""in_box"": 1}, {""name"": ""natural yoghurt"", ""label"": ""Natural yoghurt (80g)"", ""in_box"": 1}, {""name"": ""lamb mince"", ""label"": ""Lamb mince (250g)"", ""in_box"": 1}, {""name"": ""coriander"", ""label"": ""Coriander (5g)"", ""in_box"": 1}, {""name"": ""sweet potato"", ""label"": ""Sweet potato"", ""in_box"": 1}]"
2026-06-30,2026-06-19,e138ecfb-f543-402b-bf62-0ae2158eb38f,16756,Spicy Arrabbiata Sauce With Fresh Tagliatelle & A Chicken Breast,True,1.5,420,586,45.5,8.6,3.5,81.4,8.1,6.0,1.66,139,10.8,2.0,0.8,19.4,1.9,1.4,0.39,2,20,full-prep,spicy,20 minute meals,,0,0,True,"[{""name"": ""dried chilli flakes"", ""label"": ""Dried chilli flakes (1tsp)"", ""in_box"": 1}, {""name"": ""chicken breast portions"", ""label"": ""Chicken breast portions (2pcs)"", ""in_box"": 1}, {""name"": ""finely chopped tomatoes"", ""label"": ""Finely chopped tomatoes (200g)"", ""in_box"": 1}, {""name"": ""Tenderstem broccoli"", ""label"": ""Tenderstem broccoli (80g)"", ""in_box"": 1}, {""name"": ""fresh tagliatelle"", ""label"": ""Fresh tagliatelle (250g)"", ""in_box"": 1}, {""name"": ""intense vegetable stock mix"", ""label"": ""Intense vegetable stock mix (5.5g)"", ""in_box"": 1}, {""name"": ""garlic clove"", ""label"": ""Garlic clove x2"", ""in_box"": 2}, {""name"": ""basil"", ""label"": ""Basil (5g)"", ""in_box"": 1}, {""name"": ""Italian hard cheese"", ""label"": ""Italian hard cheese (20g)"", ""in_box"": 1}, {""name"": ""tomato paste"", ""label"": ""Tomato paste (16g)"", ""in_box"": 1}]"
2026-06-30,2026-06-19,b6f09bd2-b001-4e48-8d77-528bcc35d3ec,6400,Spicy Dan Dan-Style Tofu Udon,False,0.0,481,643,42.8,16.4,2.6,78.9,12.8,9.8,2.38,133,8.9,3.4,0.5,16.4,2.7,2.0,0.49,1,25,full-prep,spicy,20 minute meals,Vegan; Vegetarian; Dairy Free,4.13,2349,True,"[{""name"": ""cornflour"", ""label"": ""Cornflour (1tsp)"", ""in_box"": 1}, {""name"": ""dried chilli flakes"", ""label"": ""Dried chilli flakes (1tsp)"", ""in_box"": 1}, {""name"": ""plain tofu"", ""label"": ""Plain tofu (280g)"", ""in_box"": 1}, {""name"": ""spring onion"", ""label"": ""Spring onion"", ""in_box"": 1}, {""name"": ""umami seasoning"", ""label"": ""Umami seasoning (1tbsp)"", ""in_box"": 1}, {""name"": ""five-spice mix"", ""label"": ""Five-spice mix (1tsp)"", ""in_box"": 1}, {""name"": ""blanched peas"", ""label"": ""Blanched peas (160g)"", ""in_box"": 1}, {""name"": ""udon noodles"", ""label"": ""Udon noodles (200g) x2"", ""in_box"": 2}, {""name"": ""hoisin sauce"", ""label"": ""Hoisin sauce (40g)"", ""in_box"": 1}, {""name"": ""rice vinegar"", ""label"": ""Rice vinegar (15ml)"", ""in_box"": 1}, {""name"": ""soy sauce"", ""label"": ""Soy sauce (15ml)"", ""in_box"": 1}, {""name"": ""tahini"", ""label"": ""Tahini (15g)"", ""in_box"": 1}]"
2026-06-30,2026-06-19,8c93d81c-3994-46ea-b20c-2060cef6e88d,3772,Spicy Harissa Butternut Squash & Cannellini Bean Stew With Mash,False,0.0,481,323,10.5,3.2,0.4,64.2,14.0,13.3,1.74,67,2.2,0.7,0.1,13.3,2.9,2.8,0.36,3,40,full-prep,spicy,Modern Bistro,Vegan; Vegetarian; Dairy Free; Gluten Free,4.14,3202,True,"[{""name"": ""red pepper"", ""label"": ""Red pepper"", ""in_box"": 1}, {""name"": ""cannellini beans"", ""label"": ""Cannellini beans (185g)"", ""in_box"": 1}, {""name"": ""intense vegetable stock mix"", ""label"": ""Intense vegetable stock mix (5.5g)"", ""in_box"": 1}, {""name"": ""ground smoked paprika"", ""label"": ""Ground smoked paprika (2tsp)"", ""in_box"": 1}, {""name"": ""garlic clove"", ""label"": ""Garlic clove x2"", ""in_box"": 2}, {""name"": ""parsley"", ""label"": ""Parsley (5g)"", ""in_box"": 1}, {""name"": ""harissa paste"", ""label"": ""Harissa paste (40g)"", ""in_box"": 1}, {""name"": ""butternut squash cubes"", ""label"": ""Butternut squash cubes (160g)"", ""in_box"": 1}, {""name"": ""red onion"", ""label"": ""Red onion"", ""in_box"": 1}, {""name"": ""white potato"", ""label"": ""White potato x4"", ""in_box"": 4}]"
2026-06-30,2026-06-19,cc41be46-0df6-4bc6-910f-ac72402deb44,5489,Sriracha Hot Dog With Fiery Sesame Fries And Pickled Slaw,False,0.0,460,829,23.4,44.7,14.3,86.5,15.3,7.6,2.5,180,5.1,9.7,3.1,18.8,3.3,1.7,0.54,1,35,full-prep,spicy,Global Kitchen,,4.49,5692,True,"[{""name"": ""pork sausage"", ""label"": ""Pork sausage (200g)"", ""in_box"": 1}, {""name"": ""Brioche style hot dog buns"", ""label"": ""Brioche style hot dog buns (2pcs)"", ""in_box"": 1}, {""name"": ""spring onion"", ""label"": ""Spring onion"", ""in_box"": 1}, {""name"": ""sriracha hot chilli sauce"", ""label"": ""Sriracha hot chilli sauce (8ml) x2"", ""in_box"": 2}, {""name"": ""carrot & cabbage slaw mix"", ""label"": ""Carrot & cabbage slaw mix (160g)"", ""in_box"": 1}, {""name"": ""mayonnaise"", ""label"": ""Mayonnaise (25ml)"", ""in_box"": 1}, {""name"": ""toasted sesame seeds"", ""label"": ""Toasted sesame seeds (5g)"", ""in_box"": 1}, {""name"": ""crispy onions"", ""label"": ""Crispy onions (15g)"", ""in_box"": 1}, {""name"": ""rice vinegar"", ""label"": ""Rice vinegar (30ml)"", ""in_box"": 1}, {""name"": ""white potato"", ""label"": ""White potato x3"", ""in_box"": 3}]"
2026-06-30,2026-06-19,e28285c6-d4a8-46fe-a326-8104d03b7707,4563,Sticky Orange Meat-Free Chick'n With Cooked Rice,False,0.0,381,418,21.9,6.1,0.9,64.2,7.1,8.3,3.92,109,5.8,1.6,0.2,16.9,1.9,2.2,1.03,1,10,full-prep,no spice,10-Minute,Vegan; Vegetarian; Dairy Free,3.97,2068,True,"[{""name"": ""cooked white long grain rice"", ""label"": ""Cooked white long grain rice (280g)"", ""in_box"": 1}, {""name"": ""meat-free chick'n"", ""label"": ""Meat-free chick'n (160g)"", ""in_box"": 1}, {""name"": ""cornflour"", ""label"": ""Cornflour (4tbsp)"", ""in_box"": 1}, {""name"": ""ginger & garlic paste"", ""label"": ""Ginger & garlic paste (15g)"", ""in_box"": 1}, {""name"": ""rice vinegar"", ""label"": ""Rice vinegar (15ml)"", ""in_box"": 1}, {""name"": ""soy sauce"", ""label"": ""Soy sauce (30ml)"", ""in_box"": 1}, {""name"": ""sweet pointed pepper"", ""label"": ""Sweet pointed pepper"", ""in_box"": 1}, {""name"": ""orange"", ""label"": ""Orange"", ""in_box"": 1}]"
2026-06-30,2026-06-19,5f8a9966-4107-4c13-9b2e-c6031477c46b,8359,Sticky Sweet Chilli Pork With Rice,False,0.0,440,521,34.1,13.1,4.7,69.7,11.9,5.4,2.67,118,7.7,3.0,1.1,15.8,2.7,1.2,0.61,2,25,full-prep,mild,Protein Hit,Dairy Free,4.34,3016,True,"[{""name"": ""red pepper"", ""label"": ""Red pepper"", ""in_box"": 1}, {""name"": ""white basmati rice"", ""label"": ""White basmati rice (130g)"", ""in_box"": 1}, {""name"": ""spring onion"", ""label"": ""Spring onion"", ""in_box"": 1}, {""name"": ""pork mince"", ""label"": ""Pork mince (250g)"", ""in_box"": 1}, {""name"": ""garlic clove"", ""label"": ""Garlic clove"", ""in_box"": 1}, {""name"": ""fresh root ginger"", ""label"": ""Fresh root ginger (15g)"", ""in_box"": 1}, {""name"": ""coriander"", ""label"": ""Coriander (5g)"", ""in_box"": 1}, {""name"": ""red chilli relish"", ""label"": ""Red chilli relish (25g)"", ""in_box"": 1}, {""name"": ""Chinese rice wine"", ""label"": ""Chinese rice wine (15ml)"", ""in_box"": 1}, {""name"": ""fine green beans"", ""label"": ""Fine green beans (160g)"", ""in_box"": 1}, {""name"": ""soy sauce"", ""label"": ""Soy sauce (30ml)"", ""in_box"": 1}, {""name"": ""lime"", ""label"": ""Lime"", ""in_box"": 1}]"
2026-06-30,2026-06-19,ea398b42-3262-41eb-afd2-10f4c4a6be3b,6893,Sun-Dried Tomato & Goats' Cheese Fresh Orecchiette,False,0.0,241,533,21.5,14.3,6.7,76.7,4.0,5.3,2.09,220,8.9,5.9,2.8,31.8,1.7,2.2,0.86,1,10,full-prep,no spice,Pasta Pronto,Vegetarian,4.2,5073,True,"[{""name"": ""sun-dried tomatoes"", ""label"": ""Sun-dried tomatoes (30g)"", ""in_box"": 1}, {""name"": ""intense vegetable stock mix"", ""label"": ""Intense vegetable stock mix (5.5g)"", ""in_box"": 1}, {""name"": ""soft goats' cheese"", ""label"": ""Soft goats' cheese (75g)"", ""in_box"": 1}, {""name"": ""garlic clove"", ""label"": ""Garlic clove x2"", ""in_box"": 2}, {""name"": ""fresh orecchiette"", ""label"": ""Fresh orecchiette (250g)"", ""in_box"": 1}, {""name"": ""Chinese rice wine"", ""label"": ""Chinese rice wine (15ml)"", ""in_box"": 1}, {""name"": ""spinach"", ""label"": ""Spinach (80g)"", ""in_box"": 1}, {""name"": ""flaked almonds"", ""label"": ""Flaked almonds (15g)"", ""in_box"": 1}]"
2026-06-30,2026-06-19,d33bb106-182b-4c26-9387-1fe65b7c7297,5993,Sweet 'N' Smoky BBQ Chicken Fajitas,False,0.0,,633,45.4,20.4,,68.4,,6.8,1.13,,,,,,,,,2,25,full-prep,mild,20 minute meals,,4.27,10498,True,
2026-06-30,2026-06-19,141d073c-8750-4d74-86d7-e7dce9b7477d,6156,Sweet 'N' Smoky BBQ Meat-Free Chick'n Fajitas,False,0.0,,595,33.9,18.7,,69.8,,11.8,2.19,,,,,,,,,2,25,full-prep,mild,20 minute meals,Vegetarian,4.34,1488,True,
2026-06-30,2026-06-19,f709c95e-831d-465d-b735-2f23c9d6c5c2,3364,Sweet Chilli & Sesame Meat-Free Chick’n Udon,False,0.0,369,503,24.1,11.4,2.9,71.0,11.7,6.0,2.7,136,6.5,3.1,0.8,19.2,3.2,1.6,0.73,1,10,full-prep,mild,10-Minute,Vegan; Vegetarian; Dairy Free,4.3,23046,True,"[{""name"": ""spring onion"", ""label"": ""Spring onion"", ""in_box"": 1}, {""name"": ""soy sauce"", ""label"": ""Soy sauce (8ml)"", ""in_box"": 1}, {""name"": ""meat-free chick'n"", ""label"": ""Meat-free chick'n (160g)"", ""in_box"": 1}, {""name"": ""red chilli relish"", ""label"": ""Red chilli relish (40g)"", ""in_box"": 1}, {""name"": ""toasted sesame oil"", ""label"": ""Toasted sesame oil (10ml)"", ""in_box"": 1}, {""name"": ""crispy onions"", ""label"": ""Crispy onions (15g)"", ""in_box"": 1}, {""name"": ""udon noodles"", ""label"": ""Udon noodles (200g) x2"", ""in_box"": 2}, {""name"": ""ginger & garlic paste"", ""label"": ""Ginger & garlic paste (15g)"", ""in_box"": 1}, {""name"": ""spinach"", ""label"": ""Spinach (80g)"", ""in_box"": 1}]"
2026-06-30,2026-06-19,6c0d4cda-41f6-4621-a25a-127563f71db2,2353,Sweet Chilli Halloumi Burger With Quick-Pickled Cucumber,False,0.0,426,550,29.8,26.8,16.2,46.3,20.2,5.7,2.77,129,7.0,6.3,3.8,10.9,4.8,1.4,0.65,3,10,full-prep,mild,10-Minute,Vegetarian,4.25,19853,True,"[{""name"": ""brioche style buns"", ""label"": ""Brioche style buns (2pcs)"", ""in_box"": 1}, {""name"": ""red chilli relish"", ""label"": ""Red chilli relish (40g)"", ""in_box"": 1}, {""name"": ""baby leaf salad"", ""label"": ""Baby leaf salad (50g)"", ""in_box"": 1}, {""name"": ""halloumi"", ""label"": ""Halloumi (200g)"", ""in_box"": 1}, {""name"": ""cucumber"", ""label"": ""Cucumber (0.5pcs)"", ""in_box"": 1}, {""name"": ""cherry tomatoes"", ""label"": ""Cherry tomatoes (250g)"", ""in_box"": 1}, {""name"": ""white wine vinegar"", ""label"": ""White wine vinegar (15ml)"", ""in_box"": 1}]"
2026-06-30,2026-06-19,a90f3d23-fa14-4b70-a989-e5f453ce42b5,4034,Sweet Potato And Black Bean Stew With Chilli-Orange Salsa,False,0.0,658,546,20.2,4.7,1.4,107.8,25.5,20.2,1.81,83,3.1,0.7,0.2,16.4,3.9,3.1,0.28,5,30,full-prep,mild,Veg Boost,Gluten Free; Vegetarian,4.28,7461,True,"[{""name"": ""brown long grain rice"", ""label"": ""Brown long grain rice (130g)"", ""in_box"": 1}, {""name"": ""black beans"", ""label"": ""Black beans (390g)"", ""in_box"": 1}, {""name"": ""red pepper"", ""label"": ""Red pepper"", ""in_box"": 1}, {""name"": ""red chilli"", ""label"": ""Red chilli"", ""in_box"": 1}, {""name"": ""finely chopped tomatoes"", ""label"": ""Finely chopped tomatoes (200g)"", ""in_box"": 1}, {""name"": ""intense vegetable stock mix"", ""label"": ""Intense vegetable stock mix (5.5g)"", ""in_box"": 1}, {""name"": ""ground smoked paprika"", ""label"": ""Ground smoked paprika (2tsp)"", ""in_box"": 1}, {""name"": ""ground cumin"", ""label"": ""Ground cumin (2tsp)"", ""in_box"": 1}, {""name"": ""tomato"", ""label"": ""Tomato"", ""in_box"": 1}, {""name"": ""natural yoghurt"", ""label"": ""Natural yoghurt (80g)"", ""in_box"": 1}, {""name"": ""coriander"", ""label"": ""Coriander (5g)"", ""in_box"": 1}, {""name"": ""orange"", ""label"": ""Orange"", ""in_box"": 1}, {""name"": ""red onion"", ""label"": ""Red onion"", ""in_box"": 1}, {""name"": ""sweet potato"", ""label"": ""Sweet potato"", ""in_box"": 1}]"
2026-06-30,2026-06-19,00e84dbf-54f9-4933-b146-4317194d54e4,16711,Tandoori Vegetable Biryani,True,1.0,,621,19.7,23.9,,71.7,,19.7,2.47,,,,,,,,,2,7,heat-only,mild,Heat & Eat,Vegan; Vegetarian,0,0,True,
2026-06-30,2026-06-19,49240dfb-11fa-4160-8927-5e509d360953,16675,Thai Red Chicken Curry With Jasmine Rice,True,2.0,394,421,28.4,14.6,7.1,41.8,11.0,5.9,2.32,106,7.2,3.7,1.8,10.6,2.8,1.5,0.59,2,7,heat-only,mild,Heat & Eat,,0,0,True,"[{""name"": ""thai red chicken curry with jasmine rice"", ""label"": ""Thai red chicken curry with jasmine rice (420g) x2"", ""in_box"": 2}]"
2026-06-30,2026-06-19,b493e732-b43c-40af-87d9-ce610418416c,11961,Thai-Style Pork Larb Brown Rice Salad With Heritage Tomatoes,False,0.0,404,439,18.2,15.0,5.6,63.0,9.5,7.2,2.69,108,4.5,3.7,1.4,15.6,2.4,1.8,0.67,3,35,full-prep,spicy,Global Kitchen,Dairy Free,0,0,True,"[{""name"": ""brown long grain rice"", ""label"": ""Brown long grain rice (130g)"", ""in_box"": 1}, {""name"": ""heritage tomatoes"", ""label"": ""Heritage tomatoes (160g)"", ""in_box"": 1}, {""name"": ""fish sauce"", ""label"": ""Fish sauce (8ml)"", ""in_box"": 1}, {""name"": ""Jolly Hog pork sausagemeat"", ""label"": ""Jolly Hog pork sausagemeat (150g)"", ""in_box"": 1}, {""name"": ""soy sauce"", ""label"": ""Soy sauce (8ml)"", ""in_box"": 1}, {""name"": ""red chilli"", ""label"": ""Red chilli"", ""in_box"": 1}, {""name"": ""shallot"", ""label"": ""Shallot"", ""in_box"": 1}, {""name"": ""ginger & garlic paste"", ""label"": ""Ginger & garlic paste (15g)"", ""in_box"": 1}, {""name"": ""carrot"", ""label"": ""Carrot"", ""in_box"": 1}, {""name"": ""gem lettuce"", ""label"": ""Gem lettuce"", ""in_box"": 1}, {""name"": ""lime"", ""label"": ""Lime"", ""in_box"": 1}, {""name"": ""coriander & mint"", ""label"": ""Coriander & mint (10g)"", ""in_box"": 1}]"
2026-06-30,2026-06-19,c18bc0ce-1418-4032-9eac-6036a4d54d09,14259,The Ultimate Red Wine Beef Brisket Ragù,True,0.88,571,901,54.3,33.6,15.1,94.5,16.2,8.4,3.67,157,9.5,5.9,2.7,16.5,2.8,1.5,0.64,4,25,full-prep,no spice,Fine Dine In,,4.33,82,True,"[{""name"": ""intense beef stock mix"", ""label"": ""Intense beef stock mix (5.5g)"", ""in_box"": 1}, {""name"": ""dried oregano"", ""label"": ""Dried oregano (1tsp)"", ""in_box"": 1}, {""name"": ""red wine paste"", ""label"": ""Red wine paste (10g)"", ""in_box"": 1}, {""name"": ""slow cooked beef brisket"", ""label"": ""Slow cooked beef brisket (350g)"", ""in_box"": 1}, {""name"": ""finely chopped tomatoes"", ""label"": ""Finely chopped tomatoes (200g)"", ""in_box"": 1}, {""name"": ""tomato paste"", ""label"": ""Tomato paste (32g)"", ""in_box"": 1}, {""name"": ""fresh tagliatelle"", ""label"": ""Fresh tagliatelle (250g)"", ""in_box"": 1}, {""name"": ""garlic clove"", ""label"": ""Garlic clove x2"", ""in_box"": 2}, {""name"": ""Dried bay leaf"", ""label"": ""Dried bay leaf"", ""in_box"": 1}, {""name"": ""baby leaf salad"", ""label"": ""Baby leaf salad (50g)"", ""in_box"": 1}, {""name"": ""brown onion"", ""label"": ""Brown onion"", ""in_box"": 1}, {""name"": ""grated Italian hard cheese"", ""label"": ""Grated Italian hard cheese (30g)"", ""in_box"": 1}, {""name"": ""carrot"", ""label"": ""Carrot"", ""in_box"": 1}, {""name"": ""Marmite"", ""label"": ""Marmite (8g)"", ""in_box"": 1}, {""name"": ""balsamic vinegar"", ""label"": ""Balsamic vinegar (15ml)"", ""in_box"": 1}]"
2026-06-30,2026-06-19,a27282ff-ea85-40c7-bcbd-8159ce0fe3f5,7503,Tteokbokki-Style Gnocchi With Sesame Broccoli,False,0.0,356,490,20.3,14.9,6.0,70.2,11.2,7.6,2.67,137,5.7,4.2,1.7,19.8,3.2,2.1,0.75,3,10,full-prep,spicy,10-Minute,Vegetarian,4.38,5424,True,"[{""name"": ""gochujang paste"", ""label"": ""Gochujang paste (30g)"", ""in_box"": 1}, {""name"": ""spring onion"", ""label"": ""Spring onion"", ""in_box"": 1}, {""name"": ""gnocchi"", ""label"": ""Gnocchi (350g)"", ""in_box"": 1}, {""name"": ""cheddar cheese"", ""label"": ""Cheddar cheese (40g)"", ""in_box"": 1}, {""name"": ""toasted sesame oil"", ""label"": ""Toasted sesame oil (10ml)"", ""in_box"": 1}, {""name"": ""roasted garlic paste"", ""label"": ""Roasted garlic paste (15g)"", ""in_box"": 1}, {""name"": ""tomato paste"", ""label"": ""Tomato paste (16g)"", ""in_box"": 1}, {""name"": ""fine green beans"", ""label"": ""Fine green beans (80g)"", ""in_box"": 1}, {""name"": ""Tenderstem broccoli"", ""label"": ""Tenderstem broccoli (160g)"", ""in_box"": 1}]"
2026-06-30,2026-06-19,d9230975-be33-4602-978d-0236e6e0a0fd,13983,Ultimate Slow Cooked Beef Brisket & Red Wine Cottage Pie,True,3.5,593,754,45.0,38.8,18.2,59.2,13.0,10.7,3.48,127,7.6,6.5,3.1,10.0,2.2,1.8,0.59,2,40,full-prep,no spice,Gastropub,,4.56,96,True,"[{""name"": ""intense beef stock mix"", ""label"": ""Intense beef stock mix (5.5g)"", ""in_box"": 1}, {""name"": ""red wine paste"", ""label"": ""Red wine paste (10g)"", ""in_box"": 1}, {""name"": ""slow cooked beef brisket"", ""label"": ""Slow cooked beef brisket (350g)"", ""in_box"": 1}, {""name"": ""cheddar cheese"", ""label"": ""Cheddar cheese (40g)"", ""in_box"": 1}, {""name"": ""garlic clove"", ""label"": ""Garlic clove x2"", ""in_box"": 2}, {""name"": ""brown onion"", ""label"": ""Brown onion"", ""in_box"": 1}, {""name"": ""crispy onions"", ""label"": ""Crispy onions (15g)"", ""in_box"": 1}, {""name"": ""tomato paste"", ""label"": ""Tomato paste (16g)"", ""in_box"": 1}, {""name"": ""carrot"", ""label"": ""Carrot"", ""in_box"": 1}, {""name"": ""fine green beans"", ""label"": ""Fine green beans (160g)"", ""in_box"": 1}, {""name"": ""white potato"", ""label"": ""White potato x4"", ""in_box"": 4}]"
2026-06-30,2026-06-19,d6c2f4b6-03a7-4c4d-a4e8-cdb92893c825,6366,Upside Down Shallot Tart With Bacon Lardon Potatoes,False,0.0,482,647,19.4,34.5,15.9,65.3,10.7,6.3,2.09,134,4.0,7.1,3.3,13.5,2.2,1.3,0.43,1,50,full-prep,no spice,Modern Bistro,,4.01,734,True,"[{""name"": ""waxy potatoes"", ""label"": ""Waxy potatoes (350g)"", ""in_box"": 1}, {""name"": ""bacon lardons"", ""label"": ""Bacon lardons (100g)"", ""in_box"": 1}, {""name"": ""puff pastry"", ""label"": ""Puff pastry (160g)"", ""in_box"": 1}, {""name"": ""thyme"", ""label"": ""Thyme (5g)"", ""in_box"": 1}, {""name"": ""baby leaf salad"", ""label"": ""Baby leaf salad (50g)"", ""in_box"": 1}, {""name"": ""shallot"", ""label"": ""Shallot x4"", ""in_box"": 4}, {""name"": ""roasted garlic paste"", ""label"": ""Roasted garlic paste (15g)"", ""in_box"": 1}, {""name"": ""soft cheese"", ""label"": ""Soft cheese (50g)"", ""in_box"": 1}, {""name"": ""cherry tomatoes"", ""label"": ""Cherry tomatoes (125g)"", ""in_box"": 1}, {""name"": ""balsamic vinegar"", ""label"": ""Balsamic vinegar (15ml) x2"", ""in_box"": 2}]"
2026-06-30,2026-06-19,2c34865b-dc5f-4b07-a0ab-8349f0a38e5f,2880,Veggie Udon Stir-Fry With Sesame Fried Egg,False,0.0,472,528,21.4,13.9,2.4,73.7,12.4,7.8,2.43,111,4.5,2.9,0.5,15.6,2.6,1.6,0.51,2,10,full-prep,mild,10-Minute,Vegetarian; Dairy Free,4.12,5829,True,"[{""name"": ""cornflour"", ""label"": ""Cornflour (1tsp)"", ""in_box"": 1}, {""name"": ""free range egg"", ""label"": ""Free range egg x2"", ""in_box"": 2}, {""name"": ""blanched edamame beans"", ""label"": ""Blanched edamame beans (160g)"", ""in_box"": 1}, {""name"": ""sriracha hot chilli sauce"", ""label"": ""Sriracha hot chilli sauce (8ml)"", ""in_box"": 1}, {""name"": ""udon noodles"", ""label"": ""Udon noodles (200g) x2"", ""in_box"": 2}, {""name"": ""ginger & garlic paste"", ""label"": ""Ginger & garlic paste (15g)"", ""in_box"": 1}, {""name"": ""coriander"", ""label"": ""Coriander (5g)"", ""in_box"": 1}, {""name"": ""mirin"", ""label"": ""Mirin (30ml)"", ""in_box"": 1}, {""name"": ""carrot"", ""label"": ""Carrot"", ""in_box"": 1}, {""name"": ""black sesame seeds"", ""label"": ""Black sesame seeds (5g)"", ""in_box"": 1}, {""name"": ""soy sauce"", ""label"": ""Soy sauce (15ml)"", ""in_box"": 1}, {""name"": ""sweet pointed pepper"", ""label"": ""Sweet pointed pepper"", ""in_box"": 1}]"
2026-06-30,2026-06-19,0665de6d-8f8f-4786-98f3-a8bffc42ceca,15664,"Vietnamese-Style Prawn Patty Burger, Sweet Potato Fries And Spicy Mayo",False,0.0,449,625,20.3,24.3,2.1,82.8,20.4,10.4,1.87,139,4.5,5.4,0.5,18.4,4.5,2.3,0.42,2,30,full-prep,spicy,Global Kitchen,Dairy Free,0,0,False,"[{""name"": ""raw peeled king prawns"", ""label"": ""Raw peeled king prawns (171g)"", ""in_box"": 1}, {""name"": ""spring onion"", ""label"": ""Spring onion"", ""in_box"": 1}, {""name"": ""sriracha hot chilli sauce"", ""label"": ""Sriracha hot chilli sauce (8ml)"", ""in_box"": 1}, {""name"": ""cornflour"", ""label"": ""Cornflour (1tbsp)"", ""in_box"": 1}, {""name"": ""mayonnaise"", ""label"": ""Mayonnaise (50ml)"", ""in_box"": 1}, {""name"": ""garlic clove"", ""label"": ""Garlic clove"", ""in_box"": 1}, {""name"": ""brioche style buns"", ""label"": ""Brioche style buns (2pcs)"", ""in_box"": 1}, {""name"": ""coriander"", ""label"": ""Coriander (5g)"", ""in_box"": 1}, {""name"": ""rice vinegar"", ""label"": ""Rice vinegar (15ml)"", ""in_box"": 1}, {""name"": ""carrot"", ""label"": ""Carrot"", ""in_box"": 1}, {""name"": ""sweet potato"", ""label"": ""Sweet potato x2"", ""in_box"": 2}]"
2026-06-30,2026-06-19,b9356460-73fb-4fb8-9b37-5ae57ffaf5c8,16768,White Chilli Double Chicken Breast With Rice & Salsa Roja,True,2.2,528,690,64.4,15.9,6.5,77.0,12.5,6.3,1.68,130,12.2,3.0,1.2,14.6,2.4,1.2,0.32,2,25,full-prep,mild,20 minute meals,Gluten Free,0,0,True,"[{""name"": ""white long grain rice"", ""label"": ""White long grain rice (130g)"", ""in_box"": 1}, {""name"": ""ground coriander"", ""label"": ""Ground coriander (1tsp)"", ""in_box"": 1}, {""name"": ""spring onion"", ""label"": ""Spring onion"", ""in_box"": 1}, {""name"": ""chicken breast portions"", ""label"": ""Chicken breast portions (2pcs) x2"", ""in_box"": 2}, {""name"": ""ground cumin"", ""label"": ""Ground cumin (1tsp)"", ""in_box"": 1}, {""name"": ""Sweetcorn"", ""label"": ""Sweetcorn (150g)"", ""in_box"": 1}, {""name"": ""ground smoked paprika"", ""label"": ""Ground smoked paprika (2tsp)"", ""in_box"": 1}, {""name"": ""chipotle paste"", ""label"": ""Chipotle paste (20g)"", ""in_box"": 1}, {""name"": ""intense chicken stock mix"", ""label"": ""Intense chicken stock mix (5.5g)"", ""in_box"": 1}, {""name"": ""garlic clove"", ""label"": ""Garlic clove x2"", ""in_box"": 2}, {""name"": ""tomato"", ""label"": ""Tomato"", ""in_box"": 1}, {""name"": ""brown onion"", ""label"": ""Brown onion"", ""in_box"": 1}, {""name"": ""soft cheese"", ""label"": ""Soft cheese (50g)"", ""in_box"": 1}]"
2026-06-30,2026-06-19,3e094cc4-b3d8-4ec1-9967-8c2d1f8b08e1,15640,Zesty Salmon & Chive Sandwich With Shallot Potatoes & Tomato Salad,False,0.0,455,530,23.2,16.6,6.6,73.3,5.6,6.9,1.62,116,5.1,3.7,1.5,16.1,1.2,1.5,0.36,1,10,full-prep,no spice,No Cook,,0,0,True,"[{""name"": ""crème fraîche"", ""label"": ""Crème fraîche (80g)"", ""in_box"": 1}, {""name"": ""salmon flakes"", ""label"": ""Salmon flakes (100g)"", ""in_box"": 1}, {""name"": ""ciabatta"", ""label"": ""Ciabatta x2"", ""in_box"": 2}, {""name"": ""tomato"", ""label"": ""Tomato"", ""in_box"": 1}, {""name"": ""shallot"", ""label"": ""Shallot"", ""in_box"": 1}, {""name"": ""lemon"", ""label"": ""Lemon"", ""in_box"": 1}, {""name"": ""chives"", ""label"": ""Chives (5g)"", ""in_box"": 1}, {""name"": ""rocket"", ""label"": ""Rocket (50g)"", ""in_box"": 1}, {""name"": ""white potato"", ""label"": ""White potato x3"", ""in_box"": 3}, {""name"": ""Dijon mustard"", ""label"": ""Dijon mustard (5.5g)"", ""in_box"": 1}]"
2026-06-30,2026-06-19,9e1d5e64-4385-45aa-8ed3-fceaf0a8866c,2622,Zingy Basa With Lime & Chilli Noodles,False,0.0,334,406,30.8,9.1,1.5,47.3,5.8,8.0,2.26,121,9.2,2.7,0.5,14.2,1.7,2.4,0.68,1,10,full-prep,spicy,10-Minute,Dairy Free,4.19,21020,True,"[{""name"": ""dried chilli flakes"", ""label"": ""Dried chilli flakes (0.5tsp)"", ""in_box"": 1}, {""name"": ""spring onion"", ""label"": ""Spring onion"", ""in_box"": 1}, {""name"": ""sriracha hot chilli sauce"", ""label"": ""Sriracha hot chilli sauce (8ml)"", ""in_box"": 1}, {""name"": ""basa fillets"", ""label"": ""Basa fillets (2pcs)"", ""in_box"": 1}, {""name"": ""wholewheat noodle nests"", ""label"": ""Wholewheat noodle nests (2pcs)"", ""in_box"": 1}, {""name"": ""toasted sesame oil"", ""label"": ""Toasted sesame oil (10ml)"", ""in_box"": 1}, {""name"": ""red Thai curry paste"", ""label"": ""Red Thai curry paste (20g)"", ""in_box"": 1}, {""name"": ""ginger & garlic paste"", ""label"": ""Ginger & garlic paste (15g)"", ""in_box"": 1}, {""name"": ""coriander"", ""label"": ""Coriander (5g)"", ""in_box"": 1}, {""name"": ""fine green beans"", ""label"": ""Fine green beans (160g)"", ""in_box"": 1}, {""name"": ""soy sauce"", ""label"": ""Soy sauce (15ml)"", ""in_box"": 1}, {""name"": ""lime"", ""label"": ""Lime"", ""in_box"": 1}]"
